t,phase,rms,b0,b1,b2,b3,b4,b5,b6,b7,b8,b9,b10,b11,b12,b13,b14,b15,b16,b17,b18,b19,b20,b21,b22,b23,b24,b25,b26,b27,b28,b29,b30,b31
0.247,A,0.002072,4,90,165,239,0,0,0,0,0,0,0,0,0,0,0,0,0,0,255,255,1,0,255,255,6,0,8,0,4,16,0,0
0.247,A,0.001582,4,90,165,239,0,0,0,0,0,0,0,0,0,0,0,0,0,0,255,255,1,0,255,255,6,0,8,0,4,16,0,0
0.276,A,0.001597,4,90,165,239,0,0,0,0,0,0,0,0,0,0,0,0,0,0,1,0,2,0,254,255,254,255,1,0,3,16,0,0
0.291,A,0.001583,4,90,165,239,0,0,0,0,0,0,0,0,0,0,0,0,0,0,255,255,255,255,254,255,0,0,0,0,252,15,0,0
0.322,A,0.001542,4,90,165,239,0,0,0,0,0,0,0,0,0,0,0,0,0,0,0,0,1,0,0,0,250,255,18,0,0,16,0,0
0.338,A,0.001819,4,90,165,239,0,0,0,0,0,0,0,0,0,0,0,0,0,0,0,0,2,0,255,255,249,255,6,0,11,16,0,0
0.353,A,0.001547,4,90,165,239,0,0,0,0,0,0,0,0,0,0,0,0,0,0,0,0,0,0,0,0,0,0,6,0,7,16,0,0
0.369,A,0.001473,4,90,165,239,0,0,0,0,0,0,0,0,0,0,0,0,0,0,0,0,1,0,254,255,0,0,6,0,248,15,0,0
0.399,A,0.001503,4,90,165,239,0,0,0,0,0,0,0,0,0,0,0,0,0,0,255,255,255,255,254,255,255,255,10,0,253,15,0,0
0.415,A,0.001664,4,90,165,239,0,0,0,0,0,0,0,0,0,0,0,0,0,0,255,255,0,0,254,255,246,255,5,0,248,15,0,0
0.431,A,0.001575,4,90,165,239,0,0,0,0,0,0,0,0,0,0,0,0,0,0,255,255,1,0,255,255,251,255,255,255,1,16,0,0
0.462,A,0.001267,4,90,165,239,0,0,0,0,0,0,0,0,0,0,0,0,0,0,255,255,255,255,0,0,6,0,10,0,7,16,0,0
0.477,A,0.0017,4,90,165,239,0,0,0,0,0,0,0,0,0,0,0,0,0,0,255,255,1,0,253,255,5,0,5,0,2,16,0,0
0.494,A,0.002025,4,90,165,239,0,0,0,0,0,0,0,0,0,0,0,0,0,0,255,255,1,0,0,0,252,255,8,0,255,15,0,0
0.509,A,0.001925,4,90,165,239,0,0,0,0,0,0,0,0,0,0,0,0,0,0,255,255,1,0,255,255,254,255,14,0,7,16,0,0
0.539,A,0.00163,4,90,165,239,0,0,0,0,0,0,0,0,0,0,0,0,0,0,255,255,0,0,255,255,2,0,4,0,5,16,0,0
0.555,A,0.001537,4,90,165,239,0,0,0,0,0,0,0,0,0,0,0,0,0,0,0,0,0,0,255,255,247,255,3,0,255,15,0,0
0.57,A,0.002006,4,90,165,239,0,0,0,0,0,0,0,0,0,0,0,0,0,0,255,255,0,0,255,255,11,0,9,0,253,15,0,0
0.602,A,0.001523,4,90,165,239,0,0,0,0,0,0,0,0,0,0,0,0,0,0,0,0,2,0,0,0,252,255,15,0,253,15,0,0
0.618,A,0.001844,4,90,165,239,0,0,0,0,0,0,0,0,0,0,0,0,0,0,0,0,1,0,254,255,10,0,11,0,5,16,0,0
0.634,A,0.002034,4,90,165,239,0,0,0,0,0,0,0,0,0,0,0,0,0,0,255,255,2,0,0,0,6,0,8,0,248,15,0,0
0.649,A,0.002221,4,90,165,239,0,0,0,0,0,0,0,0,0,0,0,0,0,0,254,255,3,0,255,255,245,255,13,0,255,15,0,0
0.68,A,0.003218,4,90,165,239,0,0,0,0,0,0,0,0,0,0,0,0,0,0,0,0,2,0,0,0,7,0,11,0,0,16,0,0
0.695,A,0.001834,4,90,165,239,0,0,0,0,0,0,0,0,0,0,0,0,0,0,255,255,3,0,254,255,8,0,13,0,2,16,0,0
0.711,A,0.001999,4,90,165,239,0,0,0,0,0,0,0,0,0,0,0,0,0,0,0,0,3,0,255,255,4,0,12,0,251,15,0,0
0.742,A,0.002402,4,90,165,239,0,0,0,0,0,0,0,0,0,0,0,0,0,0,255,255,1,0,0,0,252,255,8,0,252,15,0,0
0.759,A,0.002049,4,90,165,239,0,0,0,0,0,0,0,0,0,0,0,0,0,0,254,255,3,0,254,255,6,0,6,0,4,16,0,0
0.774,A,0.001852,4,90,165,239,0,0,0,0,0,0,0,0,0,0,0,0,0,0,255,255,1,0,254,255,252,255,9,0,9,16,0,0
0.79,A,0.002234,4,90,165,239,0,0,0,0,0,0,0,0,0,0,0,0,0,0,255,255,2,0,255,255,250,255,3,0,253,15,0,0
0.821,A,0.001902,4,90,165,239,0,0,0,0,0,0,0,0,0,0,0,0,0,0,254,255,1,0,0,0,254,255,1,0,5,16,0,0
0.837,A,0.001675,4,90,165,239,0,0,0,0,0,0,0,0,0,0,0,0,0,0,254,255,0,0,253,255,252,255,3,0,248,15,0,0
0.852,A,0.0013,4,90,165,239,0,0,0,0,0,0,0,0,0,0,0,0,0,0,255,255,254,255,254,255,3,0,4,0,250,15,0,0
0.883,A,0.001278,4,90,165,239,0,0,0,0,0,0,0,0,0,0,0,0,0,0,255,255,1,0,254,255,7,0,253,255,3,16,0,0
0.883,A,0.001598,4,90,165,239,0,0,0,0,0,0,0,0,0,0,0,0,0,0,255,255,2,0,0,0,6,0,2,0,255,15,0,0
0.914,A,0.001326,4,90,165,239,0,0,0,0,0,0,0,0,0,0,0,0,0,0,255,255,0,0,0,0,4,0,14,0,254,15,0,0
0.929,A,0.001509,4,90,165,239,0,0,0,0,0,0,0,0,0,0,0,0,0,0,252,255,0,0,255,255,0,0,16,0,7,16,0,0
0.96,A,0.002325,4,90,165,239,0,0,0,0,0,0,0,0,0,0,0,0,0,0,255,255,0,0,255,255,247,255,17,0,247,15,0,0
0.976,A,0.002069,4,90,165,239,0,0,0,0,0,0,0,0,0,0,0,0,0,0,254,255,1,0,0,0,6,0,16,0,250,15,0,0
0.991,A,0.001374,4,90,165,239,0,0,0,0,0,0,0,0,0,0,0,0,0,0,255,255,3,0,255,255,1,0,18,0,253,15,0,0
1.022,A,0.0016,4,90,165,239,0,0,0,0,0,0,0,0,0,0,0,0,0,0,255,255,1,0,0,0,10,0,5,0,255,15,0,0
1.037,A,0.00119,4,90,165,239,0,0,0,0,0,0,0,0,0,0,0,0,0,0,0,0,3,0,254,255,251,255,3,0,3,16,0,0
1.054,A,0.001358,4,90,165,239,0,0,0,0,0,0,0,0,0,0,0,0,0,0,254,255,2,0,254,255,2,0,10,0,252,15,0,0
1.07,A,0.001347,4,90,165,239,0,0,0,0,0,0,0,0,0,0,0,0,0,0,0,0,2,0,254,255,2,0,253,255,1,16,0,0
1.1,A,0.001518,4,90,165,239,0,0,0,0,0,0,0,0,0,0,0,0,0,0,254,255,2,0,255,255,3,0,10,0,249,15,0,0
1.115,A,0.001659,4,90,165,239,0,0,0,0,0,0,0,0,0,0,0,0,0,0,0,0,3,0,0,0,7,0,14,0,2,16,0,0
1.131,A,0.001886,4,90,165,239,0,0,0,0,0,0,0,0,0,0,0,0,0,0,254,255,1,0,255,255,1,0,14,0,252,15,0,0
1.162,A,0.001748,4,90,165,239,0,0,0,0,0,0,0,0,0,0,0,0,0,0,255,255,2,0,253,255,5,0,3,0,9,16,0,0
1.177,A,0.001684,4,90,165,239,0,0,0,0,0,0,0,0,0,0,0,0,0,0,0,0,1,0,0,0,253,255,5,0,249,15,0,0
1.193,A,0.001472,4,90,165,239,0,0,0,0,0,0,0,0,0,0,0,0,0,0,255,255,0,0,255,255,2,0,9,0,250,15,0,0
1.209,A,0.001628,4,90,165,239,0,0,0,0,0,0,0,0,0,0,0,0,0,0,255,255,1,0,255,255,7,0,11,0,253,15,0,0
1.24,A,0.001628,4,90,165,239,0,0,0,0,0,0,0,0,0,0,0,0,0,0,255,255,1,0,255,255,244,255,7,0,255,15,0,0
1.255,A,0.001998,4,90,165,239,0,0,0,0,0,0,0,0,0,0,0,0,0,0,253,255,0,0,254,255,251,255,8,0,1,16,0,0
1.27,A,0.001623,4,90,165,239,0,0,0,0,0,0,0,0,0,0,0,0,0,0,255,255,0,0,0,0,8,0,8,0,255,15,0,0
1.301,A,0.001651,4,90,165,239,0,0,0,0,0,0,0,0,0,0,0,0,0,0,0,0,3,0,255,255,5,0,255,255,0,16,0,0
1.316,A,0.00182,4,90,165,239,0,0,0,0,0,0,0,0,0,0,0,0,0,0,0,0,0,0,0,0,3,0,0,0,255,15,0,0
1.332,A,0.00152,4,90,165,239,0,0,0,0,0,0,0,0,0,0,0,0,0,0,0,0,0,0,255,255,10,0,9,0,2,16,0,0
1.363,A,0.001643,4,90,165,239,0,0,0,0,0,0,0,0,0,0,0,0,0,0,254,255,1,0,0,0,3,0,1,0,252,15,0,0
1.378,A,0.001621,4,90,165,239,0,0,0,0,0,0,0,0,0,0,0,0,0,0,255,255,1,0,254,255,8,0,5,0,4,16,0,0
1.394,A,0.001611,4,90,165,239,0,0,0,0,0,0,0,0,0,0,0,0,0,0,0,0,1,0,0,0,3,0,1,0,253,15,0,0
1.409,A,0.001743,4,90,165,239,0,0,0,0,0,0,0,0,0,0,0,0,0,0,255,255,2,0,255,255,2,0,7,0,253,15,0,0
1.44,A,0.001762,4,90,165,239,0,0,0,0,0,0,0,0,0,0,0,0,0,0,255,255,0,0,0,0,255,255,9,0,3,16,0,0
1.456,A,0.001713,4,90,165,239,0,0,0,0,0,0,0,0,0,0,0,0,0,0,254,255,5,0,253,255,5,0,12,0,0,16,0,0
1.472,A,0.001438,4,90,165,239,0,0,0,0,0,0,0,0,0,0,0,0,0,0,255,255,2,0,0,0,7,0,12,0,1,16,0,0
1.502,A,0.00159,4,90,165,239,0,0,0,0,0,0,0,0,0,0,0,0,0,0,0,0,2,0,255,255,2,0,252,255,7,16,0,0
1.518,A,0.001771,4,90,165,239,0,0,0,0,0,0,0,0,0,0,0,0,0,0,253,255,2,0,254,255,10,0,2,0,255,15,0,0
1.533,A,0.001918,4,90,165,239,0,0,0,0,0,0,0,0,0,0,0,0,0,0,0,0,3,0,255,255,9,0,3,0,5,16,0,0
1.549,A,0.001882,4,90,165,239,0,0,0,0,0,0,0,0,0,0,0,0,0,0,255,255,1,0,255,255,245,255,5,0,243,15,0,0
1.58,A,0.001682,4,90,165,239,0,0,0,0,0,0,0,0,0,0,0,0,0,0,0,0,2,0,254,255,253,255,4,0,251,15,0,0
1.595,A,0.001665,4,90,165,239,0,0,0,0,0,0,0,0,0,0,0,0,0,0,0,0,2,0,255,255,7,0,6,0,252,15,0,0
1.61,A,0.00158,4,90,165,239,0,0,0,0,0,0,0,0,0,0,0,0,0,0,253,255,2,0,254,255,17,0,8,0,1,16,0,0
1.642,A,0.002472,4,90,165,239,0,0,0,0,0,0,0,0,0,0,0,0,0,0,255,255,1,0,0,0,255,255,4,0,254,15,0,0
1.658,A,0.002525,4,90,165,239,0,0,0,0,0,0,0,0,0,0,0,0,0,0,255,255,1,0,254,255,247,255,10,0,252,15,0,0
1.673,A,0.002088,4,90,165,239,0,0,0,0,0,0,0,0,0,0,0,0,0,0,254,255,2,0,255,255,244,255,5,0,255,15,0,0
1.689,A,0.002277,4,90,165,239,0,0,0,0,0,0,0,0,0,0,0,0,0,0,254,255,255,255,255,255,254,255,3,0,2,16,0,0
1.72,A,0.002577,4,90,165,239,0,0,0,0,0,0,0,0,0,0,0,0,0,0,0,0,1,0,253,255,2,0,11,0,255,15,0,0
1.736,A,0.002291,4,90,165,239,0,0,0,0,0,0,0,0,0,0,0,0,0,0,0,0,255,255,1,0,9,0,10,0,1,16,0,0
1.752,A,0.001655,4,90,165,239,0,0,0,0,0,0,0,0,0,0,0,0,0,0,0,0,2,0,255,255,2,0,7,0,0,16,0,0
1.782,A,0.001307,4,90,165,239,0,0,0,0,0,0,0,0,0,0,0,0,0,0,255,255,255,255,255,255,2,0,6,0,0,16,0,0
1.798,A,0.001785,4,90,165,239,0,0,0,0,0,0,0,0,0,0,0,0,0,0,0,0,254,255,255,255,251,255,12,0,250,15,0,0
1.812,A,0.001836,4,90,165,239,0,0,0,0,0,0,0,0,0,0,0,0,0,0,254,255,0,0,255,255,248,255,9,0,255,15,0,0
1.844,A,0.001986,4,90,165,239,0,0,0,0,0,0,0,0,0,0,0,0,0,0,255,255,3,0,254,255,253,255,253,255,3,16,0,0
1.844,A,0.002321,4,90,165,239,0,0,0,0,0,0,0,0,0,0,0,0,0,0,255,255,3,0,254,255,253,255,253,255,3,16,0,0
1.874,A,0.002449,4,90,165,239,0,0,0,0,0,0,0,0,0,0,0,0,0,0,253,255,3,0,254,255,245,255,248,255,250,15,0,0
1.89,A,0.002146,4,90,165,239,0,0,0,0,0,0,0,0,0,0,0,0,0,0,252,255,2,0,254,255,7,0,249,255,11,16,0,0
1.922,A,0.003207,4,90,165,239,0,0,0,0,0,0,0,0,0,0,0,0,0,0,251,255,3,0,253,255,11,0,6,0,254,15,0,0
1.937,A,0.002832,4,90,165,239,0,0,0,0,0,0,0,0,0,0,0,0,0,0,250,255,3,0,0,0,2,0,12,0,28,16,0,0
1.953,A,0.002961,4,90,165,239,0,0,0,0,0,0,0,0,0,0,0,0,0,0,252,255,3,0,1,0,254,255,19,0,225,15,0,0
1.969,A,0.003308,4,90,165,239,0,0,0,0,0,0,0,0,0,0,0,0,0,0,251,255,0,0,254,255,3,0,29,0,8,16,0,0
2.001,A,0.002779,4,90,165,239,0,0,0,0,0,0,0,0,0,0,0,0,0,0,252,255,1,0,253,255,224,255,16,0,234,15,0,0
2.016,A,0.002685,4,90,165,239,0,0,0,0,0,0,0,0,0,0,0,0,0,0,254,255,1,0,255,255,247,255,3,0,14,16,0,0
2.032,A,0.002763,4,90,165,239,0,0,0,0,0,0,0,0,0,0,0,0,0,0,255,255,2,0,253,255,11,0,251,255,246,15,0,0
2.063,A,0.00297,4,90,165,239,0,0,0,0,0,0,0,0,0,0,0,0,0,0,1,0,2,0,254,255,37,0,0,0,253,15,0,0
2.079,A,0.003048,4,90,165,239,0,0,0,0,0,0,0,0,0,0,0,0,0,0,0,0,1,0,0,0,31,0,249,255,10,16,0,0
2.095,A,0.002648,4,90,165,239,0,0,0,0,0,0,0,0,0,0,0,0,0,0,0,0,1,0,0,0,8,0,1,0,3,16,0,0
2.111,A,0.003183,4,90,165,239,0,0,0,0,0,0,0,0,0,0,0,0,0,0,0,0,255,255,253,255,239,255,9,0,252,15,0,0
2.141,A,0.002607,4,90,165,239,0,0,0,0,0,0,0,0,0,0,0,0,0,0,254,255,2,0,254,255,241,255,13,0,255,15,0,0
2.157,A,0.002349,4,90,165,239,0,0,0,0,0,0,0,0,0,0,0,0,0,0,255,255,1,0,254,255,235,255,253,255,8,16,0,0
2.173,A,0.002273,4,90,165,239,0,0,0,0,0,0,0,0,0,0,0,0,0,0,0,0,3,0,253,255,252,255,248,255,254,15,0,0
2.189,A,0.002288,4,90,165,239,0,0,0,0,0,0,0,0,0,0,0,0,0,0,255,255,3,0,254,255,16,0,251,255,2,16,0,0
2.219,A,0.002009,4,90,165,239,0,0,0,0,0,0,0,0,0,0,0,0,0,0,0,0,2,0,254,255,21,0,13,0,0,16,0,0
2.235,A,0.001932,4,90,165,239,0,0,0,0,0,0,0,0,0,0,0,0,0,0,0,0,2,0,1,0,10,0,11,0,243,15,0,0
2.25,A,0.002002,4,90,165,239,0,0,0,0,0,0,0,0,0,0,0,0,0,0,254,255,1,0,255,255,0,0,9,0,255,15,0,0
2.281,A,0.001586,4,90,165,239,0,0,0,0,0,0,0,0,0,0,0,0,0,0,0,0,2,0,253,255,247,255,241,255,0,16,0,0
2.296,A,0.001706,4,90,165,239,0,0,0,0,0,0,0,0,0,0,0,0,0,0,255,255,1,0,253,255,243,255,244,255,8,16,0,0
2.312,A,0.001575,4,90,165,239,0,0,0,0,0,0,0,0,0,0,0,0,0,0,255,255,2,0,255,255,249,255,253,255,1,16,0,0
2.344,A,0.001349,4,90,165,239,0,0,0,0,0,0,0,0,0,0,0,0,0,0,255,255,1,0,253,255,6,0,17,0,2,16,0,0
2.344,A,0.001463,4,90,165,239,0,0,0,0,0,0,0,0,0,0,0,0,0,0,255,255,1,0,253,255,6,0,17,0,2,16,0,0
2.375,A,0.001498,4,90,165,239,0,0,0,0,0,0,0,0,0,0,0,0,0,0,255,255,255,255,255,255,6,0,22,0,248,15,0,0
2.391,A,0.001521,4,90,165,239,0,0,0,0,0,0,0,0,0,0,0,0,0,0,254,255,0,0,0,0,8,0,9,0,0,16,0,0
2.422,A,0.001569,4,90,165,239,0,0,0,0,0,0,0,0,0,0,0,0,0,0,0,0,1,0,254,255,0,0,254,255,4,16,0,0
2.438,A,0.001422,4,90,165,239,0,0,0,0,0,0,0,0,0,0,0,0,0,0,0,0,255,255,1,0,251,255,3,0,255,15,0,0
2.453,A,0.001238,4,90,165,239,0,0,0,0,0,0,0,0,0,0,0,0,0,0,255,255,0,0,253,255,250,255,249,255,254,15,0,0
2.469,A,0.001296,4,90,165,239,0,0,0,0,0,0,0,0,0,0,0,0,0,0,255,255,1,0,253,255,244,255,6,0,4,16,0,0
2.5,A,0.001708,4,90,165,239,0,0,0,0,0,0,0,0,0,0,0,0,0,0,0,0,2,0,254,255,15,0,14,0,253,15,0,0
2.517,A,0.001736,4,90,165,239,0,0,0,0,0,0,0,0,0,0,0,0,0,0,254,255,2,0,255,255,18,0,23,0,246,15,0,0
2.532,A,0.003147,4,90,165,239,0,0,0,0,0,0,0,0,0,0,0,0,0,0,3,0,2,0,1,0,24,0,27,0,5,16,0,0
2.563,A,0.001841,4,90,165,239,0,0,0,0,0,0,0,0,0,0,0,0,0,0,253,255,1,0,255,255,250,255,250,255,47,16,0,0
2.563,A,0.001937,4,90,165,239,0,0,0,0,0,0,0,0,0,0,0,0,0,0,253,255,1,0,255,255,250,255,250,255,47,16,0,0
2.594,A,0.001697,4,90,165,239,0,0,0,0,0,0,0,0,0,0,0,0,0,0,255,255,2,0,254,255,227,255,224,255,246,15,0,0
2.611,A,0.001525,4,90,165,239,0,0,0,0,0,0,0,0,0,0,0,0,0,0,0,0,3,0,253,255,233,255,0,0,10,16,0,0
2.641,A,0.0017,4,90,165,239,0,0,0,0,0,0,0,0,0,0,0,0,0,0,0,0,2,0,255,255,10,0,23,0,33,16,0,0
2.656,A,0.001583,4,90,165,239,0,0,0,0,0,0,0,0,0,0,0,0,0,0,0,0,2,0,254,255,16,0,17,0,224,15,0,0
2.672,A,0.001476,4,90,165,239,0,0,0,0,0,0,0,0,0,0,0,0,0,0,255,255,2,0,255,255,32,0,15,0,14,16,0,0
2.703,A,0.001262,4,90,165,239,0,0,0,0,0,0,0,0,0,0,0,0,0,0,0,0,0,0,0,0,17,0,251,255,4,16,0,0
2.703,A,0.001359,4,90,165,239,0,0,0,0,0,0,0,0,0,0,0,0,0,0,0,0,0,0,0,0,17,0,251,255,4,16,0,0
2.735,A,0.001533,4,90,165,239,0,0,0,0,0,0,0,0,0,0,0,0,0,0,0,0,0,0,255,255,253,255,2,0,250,15,0,0
2.75,A,0.001578,4,90,165,239,0,0,0,0,0,0,0,0,0,0,0,0,0,0,0,0,0,0,1,0,233,255,4,0,244,15,0,0
2.781,A,0.001672,4,90,165,239,0,0,0,0,0,0,0,0,0,0,0,0,0,0,255,255,1,0,253,255,236,255,8,0,234,15,0,0
2.796,A,0.001576,4,90,165,239,0,0,0,0,0,0,0,0,0,0,0,0,0,0,252,255,0,0,252,255,7,0,253,255,11,16,0,0
2.811,A,0.001535,4,90,165,239,0,0,0,0,0,0,0,0,0,0,0,0,0,0,255,255,1,0,254,255,24,0,3,0,8,16,0,0
2.843,A,0.001336,4,90,165,239,0,0,0,0,0,0,0,0,0,0,0,0,0,0,254,255,0,0,0,0,19,0,7,0,247,15,0,0
2.858,A,0.001408,4,90,165,239,0,0,0,0,0,0,0,0,0,0,0,0,0,0,255,255,2,0,1,0,1,0,11,0,11,16,0,0
2.873,A,0.001934,4,90,165,239,0,0,0,0,0,0,0,0,0,0,0,0,0,0,255,255,3,0,0,0,235,255,10,0,9,16,0,0
2.889,A,0.001525,4,90,165,239,0,0,0,0,0,0,0,0,0,0,0,0,0,0,0,0,0,0,255,255,226,255,16,0,253,15,0,0
2.919,A,0.001679,4,90,165,239,0,0,0,0,0,0,0,0,0,0,0,0,0,0,254,255,0,0,254,255,237,255,9,0,245,15,0,0
2.936,A,0.00139,4,90,165,239,0,0,0,0,0,0,0,0,0,0,0,0,0,0,255,255,2,0,255,255,12,0,252,255,4,16,0,0
2.952,A,0.001463,4,90,165,239,0,0,0,0,0,0,0,0,0,0,0,0,0,0,253,255,0,0,0,0,8,0,239,255,248,15,0,0
2.983,A,0.001499,4,90,165,239,0,0,0,0,0,0,0,0,0,0,0,0,0,0,0,0,3,0,255,255,247,255,9,0,246,15,0,0
2.983,A,0.001721,4,90,165,239,0,0,0,0,0,0,0,0,0,0,0,0,0,0,0,0,3,0,255,255,247,255,9,0,246,15,0,0
3.014,A,0.001427,4,90,165,239,0,0,0,0,0,0,0,0,0,0,0,0,0,0,255,255,2,0,254,255,4,0,16,0,216,15,0,0
3.03,A,0.00155,4,90,165,239,0,0,0,0,0,0,0,0,0,0,0,0,0,0,0,0,4,0,0,0,7,0,15,0,18,16,0,0
3.061,A,0.001538,4,90,165,239,0,0,0,0,0,0,0,0,0,0,0,0,0,0,0,0,255,255,255,255,248,255,5,0,244,15,0,0
3.076,A,0.001697,4,90,165,239,0,0,0,0,0,0,0,0,0,0,0,0,0,0,254,255,3,0,254,255,247,255,249,255,14,16,0,0
3.092,A,0.001646,4,90,165,239,0,0,0,0,0,0,0,0,0,0,0,0,0,0,255,255,0,0,255,255,237,255,251,255,240,15,0,0
3.124,A,0.001421,4,90,165,239,0,0,0,0,0,0,0,0,0,0,0,0,0,0,254,255,0,0,255,255,3,0,14,0,242,15,0,0
3.124,A,0.001271,4,90,165,239,0,0,0,0,0,0,0,0,0,0,0,0,0,0,254,255,0,0,255,255,3,0,14,0,242,15,0,0
3.155,A,0.001362,4,90,165,239,0,0,0,0,0,0,0,0,0,0,0,0,0,0,254,255,0,0,1,0,6,0,6,0,247,15,0,0
3.171,A,0.001677,4,90,165,239,0,0,0,0,0,0,0,0,0,0,0,0,0,0,0,0,2,0,0,0,17,0,250,255,254,15,0,0
3.203,A,0.001778,4,90,165,239,0,0,0,0,0,0,0,0,0,0,0,0,0,0,3,0,3,0,255,255,252,255,242,255,24,16,0,0
3.218,A,0.001759,4,90,165,239,0,0,0,0,0,0,0,0,0,0,0,0,0,0,4,0,254,255,2,0,236,255,4,0,203,15,0,0
3.235,A,0.001518,4,90,165,239,0,0,0,0,0,0,0,0,0,0,0,0,0,0,0,0,2,0,2,0,246,255,1,0,61,16,0,0
3.25,A,0.001271,4,90,165,239,0,0,0,0,0,0,0,0,0,0,0,0,0,0,255,255,255,255,2,0,237,255,15,0,213,15,0,0
3.282,A,0.001625,4,90,165,239,0,0,0,0,0,0,0,0,0,0,0,0,0,0,255,255,2,0,255,255,255,255,248,255,227,15,0,0
3.298,A,0.001778,4,90,165,239,0,0,0,0,0,0,0,0,0,0,0,0,0,0,255,255,254,255,255,255,14,0,254,255,3,16,0,0
3.314,A,0.001643,4,90,165,239,0,0,0,0,0,0,0,0,0,0,0,0,0,0,255,255,3,0,255,255,17,0,11,0,249,15,0,0
3.33,A,0.001391,4,90,165,239,0,0,0,0,0,0,0,0,0,0,0,0,0,0,0,0,0,0,1,0,14,0,16,0,254,15,0,0
3.36,A,0.001675,4,90,165,239,0,0,0,0,0,0,0,0,0,0,0,0,0,0,255,255,255,255,2,0,246,255,255,255,237,15,0,0
3.376,A,0.001624,4,90,165,239,0,0,0,0,0,0,0,0,0,0,0,0,0,0,0,0,1,0,1,0,240,255,248,255,13,16,0,0
3.391,A,0.001354,4,90,165,239,0,0,0,0,0,0,0,0,0,0,0,0,0,0,0,0,2,0,255,255,241,255,248,255,235,15,0,0
3.422,A,0.001338,4,90,165,239,0,0,0,0,0,0,0,0,0,0,0,0,0,0,255,255,3,0,253,255,12,0,255,255,243,15,0,0
3.437,A,0.001577,4,90,165,239,0,0,0,0,0,0,0,0,0,0,0,0,0,0,254,255,3,0,255,255,16,0,10,0,252,15,0,0
3.453,A,0.001604,4,90,165,239,0,0,0,0,0,0,0,0,0,0,0,0,0,0,0,0,2,0,255,255,17,0,11,0,253,15,0,0
3.468,A,0.001601,4,90,165,239,0,0,0,0,0,0,0,0,0,0,0,0,0,0,254,255,2,0,255,255,22,0,20,0,255,15,0,0
3.499,A,0.00166,4,90,165,239,0,0,0,0,0,0,0,0,0,0,0,0,0,0,255,255,1,0,0,0,250,255,4,0,254,15,0,0
3.515,A,0.001535,4,90,165,239,0,0,0,0,0,0,0,0,0,0,0,0,0,0,255,255,1,0,255,255,236,255,249,255,3,16,0,0
3.53,A,0.001565,4,90,165,239,0,0,0,0,0,0,0,0,0,0,0,0,0,0,255,255,2,0,255,255,242,255,254,255,251,15,0,0
3.561,A,0.001468,4,90,165,239,0,0,0,0,0,0,0,0,0,0,0,0,0,0,255,255,0,0,1,0,244,255,6,0,4,16,0,0
3.577,A,0.001709,4,90,165,239,0,0,0,0,0,0,0,0,0,0,0,0,0,0,253,255,255,255,1,0,11,0,9,0,0,16,0,0
3.592,A,0.001934,4,90,165,239,0,0,0,0,0,0,0,0,0,0,0,0,0,0,255,255,255,255,0,0,9,0,18,0,249,15,0,0
3.623,A,0.001645,4,90,165,239,0,0,0,0,0,0,0,0,0,0,0,0,0,0,255,255,3,0,1,0,6,0,1,0,3,16,0,0
3.623,A,0.001576,4,90,165,239,0,0,0,0,0,0,0,0,0,0,0,0,0,0,255,255,3,0,1,0,6,0,1,0,3,16,0,0
3.655,A,0.001703,4,90,165,239,0,0,0,0,0,0,0,0,0,0,0,0,0,0,255,255,1,0,1,0,254,255,3,0,252,15,0,0
3.67,A,0.00174,4,90,165,239,0,0,0,0,0,0,0,0,0,0,0,0,0,0,254,255,2,0,0,0,253,255,3,0,244,15,0,0
3.701,A,0.001361,4,90,165,239,0,0,0,0,0,0,0,0,0,0,0,0,0,0,254,255,255,255,255,255,243,255,248,255,254,15,0,0
3.716,A,0.001418,4,90,165,239,0,0,0,0,0,0,0,0,0,0,0,0,0,0,254,255,1,0,253,255,250,255,4,0,251,15,0,0
3.731,A,0.001491,4,90,165,239,0,0,0,0,0,0,0,0,0,0,0,0,0,0,253,255,2,0,1,0,1,0,23,0,4,16,0,0
3.763,A,0.001572,4,90,165,239,0,0,0,0,0,0,0,0,0,0,0,0,0,0,254,255,1,0,255,255,1,0,1,0,1,16,0,0
3.763,A,0.001661,4,90,165,239,0,0,0,0,0,0,0,0,0,0,0,0,0,0,254,255,1,0,255,255,1,0,1,0,1,16,0,0
3.794,A,0.001703,4,90,165,239,0,0,0,0,0,0,0,0,0,0,0,0,0,0,0,0,1,0,0,0,255,255,17,0,10,16,0,0
3.81,A,0.001713,4,90,165,239,0,0,0,0,0,0,0,0,0,0,0,0,0,0,0,0,1,0,0,0,251,255,20,0,253,15,0,0
3.842,A,0.001566,4,90,165,239,0,0,0,0,0,0,0,0,0,0,0,0,0,0,254,255,3,0,0,0,248,255,0,0,244,15,0,0
3.858,A,0.001529,4,90,165,239,0,0,0,0,0,0,0,0,0,0,0,0,0,0,254,255,2,0,254,255,251,255,4,0,10,16,0,0
3.874,A,0.001488,4,90,165,239,0,0,0,0,0,0,0,0,0,0,0,0,0,0,255,255,2,0,0,0,4,0,252,255,246,15,0,0
3.89,A,0.001376,4,90,165,239,0,0,0,0,0,0,0,0,0,0,0,0,0,0,0,0,2,0,255,255,253,255,4,0,238,15,0,0
3.922,A,0.001627,4,90,165,239,0,0,0,0,0,0,0,0,0,0,0,0,0,0,255,255,2,0,255,255,249,255,5,0,241,15,0,0
3.937,A,0.001955,4,90,165,239,0,0,0,0,0,0,0,0,0,0,0,0,0,0,254,255,2,0,254,255,1,0,8,0,21,16,0,0
3.953,A,0.001921,4,90,165,239,0,0,0,0,0,0,0,0,0,0,0,0,0,0,1,0,1,0,0,0,5,0,254,255,234,15,0,0
3.983,A,0.001625,4,90,165,239,0,0,0,0,0,0,0,0,0,0,0,0,0,0,255,255,1,0,1,0,253,255,0,0,240,15,0,0
3.983,A,0.001506,4,90,165,239,0,0,0,0,0,0,0,0,0,0,0,0,0,0,255,255,1,0,1,0,253,255,0,0,240,15,0,0
4.015,A,0.001368,4,90,165,239,0,0,0,0,0,0,0,0,0,0,0,0,0,0,255,255,2,0,0,0,253,255,15,0,13,16,0,0
4.03,A,0.001293,4,90,165,239,0,0,0,0,0,0,0,0,0,0,0,0,0,0,255,255,255,255,255,255,249,255,16,0,233,15,0,0
4.062,A,0.001564,4,90,165,239,0,0,0,0,0,0,0,0,0,0,0,0,0,0,0,0,0,0,254,255,4,0,0,0,243,15,0,0
4.078,A,0.001419,4,90,165,239,0,0,0,0,0,0,0,0,0,0,0,0,0,0,255,255,2,0,0,0,0,0,249,255,11,16,0,0
4.093,A,0.001527,4,90,165,239,0,0,0,0,0,0,0,0,0,0,0,0,0,0,0,0,2,0,255,255,249,255,253,255,242,15,0,0
4.109,A,0.001569,4,90,165,239,0,0,0,0,0,0,0,0,0,0,0,0,0,0,0,0,0,0,255,255,7,0,1,0,4,16,0,0
4.141,A,0.001525,4,90,165,239,0,0,0,0,0,0,0,0,0,0,0,0,0,0,254,255,255,255,254,255,253,255,12,0,254,15,0,0
4.156,A,0.001856,4,90,165,239,0,0,0,0,0,0,0,0,0,0,0,0,0,0,0,0,255,255,255,255,249,255,10,0,8,16,0,0
4.171,A,0.001799,4,90,165,239,0,0,0,0,0,0,0,0,0,0,0,0,0,0,254,255,1,0,255,255,4,0,0,0,251,15,0,0
4.202,A,0.001542,4,90,165,239,0,0,0,0,0,0,0,0,0,0,0,0,0,0,0,0,1,0,0,0,8,0,7,0,244,15,0,0
4.218,A,0.001919,4,90,165,239,0,0,0,0,0,0,0,0,0,0,0,0,0,0,0,0,2,0,254,255,255,255,5,0,254,15,0,0
4.233,A,0.002012,4,90,165,239,0,0,0,0,0,0,0,0,0,0,0,0,0,0,255,255,1,0,254,255,8,0,4,0,251,15,0,0
4.249,A,0.00163,4,90,165,239,0,0,0,0,0,0,0,0,0,0,0,0,0,0,254,255,0,0,253,255,254,255,6,0,6,16,0,0
4.281,A,0.001706,4,90,165,239,0,0,0,0,0,0,0,0,0,0,0,0,0,0,0,0,3,0,255,255,247,255,10,0,2,16,0,0
4.296,A,0.001716,4,90,165,239,0,0,0,0,0,0,0,0,0,0,0,0,0,0,255,255,3,0,255,255,2,0,7,0,254,15,0,0
4.312,A,0.001564,4,90,165,239,0,0,0,0,0,0,0,0,0,0,0,0,0,0,255,255,1,0,255,255,8,0,6,0,248,15,0,0
4.344,A,0.001757,4,90,165,239,0,0,0,0,0,0,0,0,0,0,0,0,0,0,0,0,3,0,254,255,17,0,11,0,5,16,0,0
4.344,A,0.002206,4,90,165,239,0,0,0,0,0,0,0,0,0,0,0,0,0,0,0,0,3,0,254,255,17,0,11,0,5,16,0,0
4.375,A,0.001873,4,90,165,239,0,0,0,0,0,0,0,0,0,0,0,0,0,0,255,255,1,0,255,255,4,0,3,0,4,16,0,0
4.392,A,0.001696,4,90,165,239,0,0,0,0,0,0,0,0,0,0,0,0,0,0,255,255,2,0,255,255,247,255,4,0,6,16,0,0
4.422,A,0.001478,4,90,165,239,0,0,0,0,0,0,0,0,0,0,0,0,0,0,255,255,0,0,253,255,252,255,7,0,254,15,0,0
4.438,A,0.001489,4,90,165,239,0,0,0,0,0,0,0,0,0,0,0,0,0,0,0,0,2,0,0,0,251,255,11,0,1,16,0,0
4.453,A,0.001472,4,90,165,239,0,0,0,0,0,0,0,0,0,0,0,0,0,0,0,0,1,0,255,255,1,0,255,255,255,15,0,0
4.469,A,0.001579,4,90,165,239,0,0,0,0,0,0,0,0,0,0,0,0,0,0,254,255,1,0,254,255,3,0,13,0,2,16,0,0
4.499,A,0.001647,4,90,165,239,0,0,0,0,0,0,0,0,0,0,0,0,0,0,255,255,0,0,255,255,9,0,9,0,253,15,0,0
4.514,A,0.001805,4,90,165,239,0,0,0,0,0,0,0,0,0,0,0,0,0,0,0,0,0,0,0,0,5,0,19,0,254,15,0,0
4.53,A,0.001696,4,90,165,239,0,0,0,0,0,0,0,0,0,0,0,0,0,0,255,255,1,0,254,255,253,255,11,0,1,16,0,0
4.56,A,0.001573,4,90,165,239,0,0,0,0,0,0,0,0,0,0,0,0,0,0,254,255,1,0,255,255,255,255,3,0,0,16,0,0
4.575,A,0.001527,4,90,165,239,0,0,0,0,0,0,0,0,0,0,0,0,0,0,255,255,1,0,254,255,2,0,1,0,2,16,0,0
4.59,A,0.001894,4,90,165,239,0,0,0,0,0,0,0,0,0,0,0,0,0,0,0,0,2,0,253,255,3,0,3,0,6,16,0,0
4.621,A,0.001405,4,90,165,239,0,0,0,0,0,0,0,0,0,0,0,0,0,0,254,255,2,0,255,255,3,0,12,0,252,15,0,0
4.636,A,0.001362,4,90,165,239,0,0,0,0,0,0,0,0,0,0,0,0,0,0,254,255,2,0,253,255,255,255,0,0,3,16,0,0
4.652,A,0.001492,4,90,165,239,0,0,0,0,0,0,0,0,0,0,0,0,0,0,253,255,2,0,255,255,255,255,1,0,3,16,0,0
4.683,A,0.001399,4,90,165,239,0,0,0,0,0,0,0,0,0,0,0,0,0,0,255,255,3,0,255,255,7,0,5,0,0,16,0,0
4.683,A,0.001509,4,90,165,239,0,0,0,0,0,0,0,0,0,0,0,0,0,0,255,255,3,0,255,255,7,0,5,0,0,16,0,0
4.715,A,0.001522,4,90,165,239,0,0,0,0,0,0,0,0,0,0,0,0,0,0,254,255,3,0,0,0,248,255,16,0,252,15,0,0
4.73,A,0.001677,4,90,165,239,0,0,0,0,0,0,0,0,0,0,0,0,0,0,254,255,2,0,254,255,7,0,18,0,254,15,0,0
4.762,A,0.001633,4,90,165,239,0,0,0,0,0,0,0,0,0,0,0,0,0,0,254,255,1,0,255,255,6,0,2,0,10,16,0,0
4.778,A,0.001591,4,90,165,239,0,0,0,0,0,0,0,0,0,0,0,0,0,0,0,0,1,0,254,255,253,255,252,255,253,15,0,0
4.793,A,0.001662,4,90,165,239,0,0,0,0,0,0,0,0,0,0,0,0,0,0,0,0,0,0,254,255,1,0,253,255,0,16,0,0
4.809,A,0.001472,4,90,165,239,0,0,0,0,0,0,0,0,0,0,0,0,0,0,255,255,0,0,255,255,2,0,1,0,250,15,0,0
4.841,A,0.001722,4,90,165,239,0,0,0,0,0,0,0,0,0,0,0,0,0,0,255,255,255,255,255,255,5,0,8,0,253,15,0,0
4.856,A,0.001594,4,90,165,239,0,0,0,0,0,0,0,0,0,0,0,0,0,0,255,255,254,255,255,255,11,0,18,0,250,15,0,0
4.872,A,0.001647,4,90,165,239,0,0,0,0,0,0,0,0,0,0,0,0,0,0,0,0,0,0,255,255,0,0,11,0,253,15,0,0
4.903,A,0.001651,4,90,165,239,0,0,0,0,0,0,0,0,0,0,0,0,0,0,255,255,0,0,255,255,10,0,3,0,1,16,0,0
4.919,A,0.001591,4,90,165,239,0,0,0,0,0,0,0,0,0,0,0,0,0,0,255,255,0,0,255,255,250,255,2,0,255,15,0,0
4.934,A,0.001695,4,90,165,239,0,0,0,0,0,0,0,0,0,0,0,0,0,0,255,255,2,0,255,255,245,255,249,255,249,15,0,0
4.949,A,0.002158,4,90,165,239,0,0,0,0,0,0,0,0,0,0,0,0,0,0,0,0,1,0,254,255,244,255,246,255,250,15,0,0
4.98,A,0.001782,4,90,165,239,0,0,0,0,0,0,0,0,0,0,0,0,0,0,0,0,3,0,254,255,251,255,3,0,251,15,0,0
4.996,A,0.001628,4,90,165,239,0,0,0,0,0,0,0,0,0,0,0,0,0,0,0,0,1,0,255,255,253,255,12,0,1,16,0,0
5.012,A,0.001717,4,90,165,239,0,0,0,0,0,0,0,0,0,0,0,0,0,0,254,255,2,0,253,255,254,255,16,0,3,16,0,0
5.044,A,0.001656,4,90,165,239,0,0,0,0,0,0,0,0,0,0,0,0,0,0,0,0,3,0,254,255,5,0,18,0,253,15,0,0
5.044,A,0.001602,4,90,165,239,0,0,0,0,0,0,0,0,0,0,0,0,0,0,0,0,3,0,254,255,7,0,19,0,247,15,0,0
5.075,A,0.001843,4,90,165,239,0,0,0,0,0,0,0,0,0,0,0,0,0,0,252,255,2,0,252,255,244,255,2,0,248,15,0,0
5.091,A,0.001892,4,90,165,239,0,0,0,0,0,0,0,0,0,0,0,0,0,0,252,255,1,0,1,0,242,255,2,0,254,15,0,0
5.122,A,0.001516,4,90,165,239,0,0,0,0,0,0,0,0,0,0,0,0,0,0,1,0,4,0,255,255,245,255,254,255,19,16,0,0
5.138,A,0.001481,4,90,165,239,0,0,0,0,0,0,0,0,0,0,0,0,0,0,3,0,4,0,254,255,1,0,14,0,10,16,0,0
5.153,A,0.001554,4,90,165,239,0,0,0,0,0,0,0,0,0,0,0,0,0,0,2,0,1,0,254,255,0,0,32,0,249,15,0,0
5.17,A,0.001408,4,90,165,239,0,0,0,0,0,0,0,0,0,0,0,0,0,0,0,0,1,0,255,255,13,0,15,0,7,16,0,0
5.2,A,0.001575,4,90,165,239,0,0,0,0,0,0,0,0,0,0,0,0,0,0,1,0,1,0,253,255,255,255,252,255,254,15,0,0
5.216,A,0.001563,4,90,165,239,0,0,0,0,0,0,0,0,0,0,0,0,0,0,2,0,1,0,255,255,248,255,246,255,7,16,0,0
5.231,A,0.001671,4,90,165,239,0,0,0,0,0,0,0,0,0,0,0,0,0,0,7,0,4,0,1,0,236,255,236,255,2,16,0,0
5.261,A,0.001911,4,90,165,239,0,0,0,0,0,0,0,0,0,0,0,0,0,0,11,0,6,0,7,0,253,255,9,0,0,16,0,0
5.277,A,0.001659,4,90,165,239,0,0,0,0,0,0,0,0,0,0,0,0,0,0,9,0,6,0,5,0,2,0,28,0,255,15,0,0
5.294,A,0.001891,4,90,165,239,0,0,0,0,0,0,0,0,0,0,0,0,0,0,6,0,5,0,3,0,4,0,18,0,7,16,0,0
5.31,A,0.001959,4,90,165,239,0,0,0,0,0,0,0,0,0,0,0,0,0,0,6,0,16,0,20,0,233,255,223,255,24,16,0,0
5.341,A,0.002812,4,90,165,239,0,0,0,0,0,0,0,0,0,0,0,0,0,0,39,0,3,0,58,1,110,255,76,255,35,16,0,0
5.356,A,0.002902,4,90,165,239,0,0,0,0,0,0,0,0,0,0,0,0,0,0,9,0,87,0,87,1,134,0,70,0,126,16,0,0
5.372,A,0.001938,4,90,165,239,0,0,0,0,0,0,0,0,0,0,0,0,0,0,20,0,185,0,32,1,207,0,117,0,164,16,0,0
5.403,A,0.001502,4,90,165,239,0,0,0,0,0,0,0,0,0,0,0,0,0,0,199,0,128,0,186,0,67,255,61,255,130,16,0,0
5.403,A,0.001394,4,90,165,239,0,0,0,0,0,0,0,0,0,0,0,0,0,0,235,0,113,0,183,0,47,255,19,255,152,16,0,0
5.434,A,0.001556,4,90,165,239,0,0,0,0,0,0,0,0,0,0,0,0,0,0,220,2,215,255,143,0,26,255,177,254,37,17,0,0
5.449,A,0.001737,4,90,165,239,0,0,0,0,0,0,0,0,0,0,0,0,0,0,207,3,214,255,76,0,168,254,25,255,124,17,0,0
5.48,A,0.001646,4,90,165,239,0,0,0,0,0,0,0,0,0,0,0,0,0,0,219,5,136,0,125,255,70,0,50,0,73,18,0,0
5.497,A,0.001668,4,90,165,239,0,0,0,0,0,0,0,0,0,0,0,0,0,0,224,6,181,0,49,255,12,0,96,0,197,17,0,0
5.512,A,0.001836,4,90,165,239,0,0,0,0,0,0,0,0,0,0,0,0,0,0,152,7,195,0,2,255,81,255,252,0,240,16,0,0
5.543,A,0.002272,4,90,165,239,0,0,0,0,0,0,0,0,0,0,0,0,0,0,222,7,193,0,202,254,121,255,30,3,163,15,0,0
5.543,A,0.002262,4,90,165,239,0,0,0,0,0,0,0,0,0,0,0,0,0,0,222,7,193,0,202,254,121,255,30,3,163,15,0,0
5.574,A,0.002116,4,90,165,239,0,0,0,0,0,0,0,0,0,0,0,0,0,0,71,7,153,0,205,254,0,255,255,3,254,14,0,0
5.589,A,0.001854,4,90,165,239,0,0,0,0,0,0,0,0,0,0,0,0,0,0,226,6,128,0,24,255,2,255,64,4,226,14,0,0
5.62,A,0.001588,4,90,165,239,0,0,0,0,0,0,0,0,0,0,0,0,0,0,251,5,217,255,83,255,74,255,192,5,55,14,0,0
5.635,A,0.002264,4,90,165,239,0,0,0,0,0,0,0,0,0,0,0,0,0,0,129,5,152,255,85,255,187,254,72,6,34,14,0,0
5.65,A,0.001817,4,90,165,239,0,0,0,0,0,0,0,0,0,0,0,0,0,0,1,5,137,255,101,255,104,254,133,6,241,13,0,0
5.682,A,0.001488,4,90,165,239,0,0,0,0,0,0,0,0,0,0,0,0,0,0,134,3,194,255,252,255,178,255,141,7,172,14,0,0
5.697,A,0.001352,4,90,165,239,0,0,0,0,0,0,0,0,0,0,0,0,0,0,60,3,231,255,18,0,29,0,138,7,231,14,0,0
5.713,A,0.001876,4,90,165,239,0,0,0,0,0,0,0,0,0,0,0,0,0,0,35,3,253,255,4,0,203,255,106,7,22,15,0,0
5.729,A,0.001702,4,90,165,239,0,0,0,0,0,0,0,0,0,0,0,0,0,0,80,3,3,0,228,255,120,255,109,7,95,15,0,0
5.76,A,0.001483,4,90,165,239,0,0,0,0,0,0,0,0,0,0,0,0,0,0,7,4,218,255,89,255,160,255,228,7,10,15,0,0
5.776,A,0.002352,4,90,165,239,0,0,0,0,0,0,0,0,0,0,0,0,0,0,4,4,144,255,74,255,89,255,41,8,6,14,0,0
5.792,A,0.001835,4,90,165,239,0,0,0,0,0,0,0,0,0,0,0,0,0,0,177,3,70,255,102,255,82,255,150,8,92,13,0,0
5.824,A,0.00212,4,90,165,239,0,0,0,0,0,0,0,0,0,0,0,0,0,0,119,2,222,254,92,255,7,0,227,9,58,13,0,0
5.824,A,0.001745,4,90,165,239,0,0,0,0,0,0,0,0,0,0,0,0,0,0,119,2,222,254,92,255,7,0,227,9,58,13,0,0
5.855,A,0.001877,4,90,165,239,0,0,0,0,0,0,0,0,0,0,0,0,0,0,97,1,96,255,104,255,42,0,163,9,241,13,0,0
5.87,A,0.00157,4,90,165,239,0,0,0,0,0,0,0,0,0,0,0,0,0,0,217,0,206,255,215,255,186,255,72,9,232,13,0,0
5.902,A,0.001777,4,90,165,239,0,0,0,0,0,0,0,0,0,0,0,0,0,0,144,255,143,0,146,0,105,1,237,9,153,13,0,0
5.917,A,0.002093,4,90,165,239,0,0,0,0,0,0,0,0,0,0,0,0,0,0,65,255,154,0,161,0,243,0,140,9,194,13,0,0
5.933,A,0.002242,4,90,165,239,0,0,0,0,0,0,0,0,0,0,0,0,0,0,30,255,88,0,170,0,24,0,88,9,126,13,0,0
5.964,A,0.002216,4,90,165,239,0,0,0,0,0,0,0,0,0,0,0,0,0,0,34,254,249,255,213,0,193,255,206,9,235,12,0,0
5.965,A,0.002044,4,90,165,239,0,0,0,0,0,0,0,0,0,0,0,0,0,0,34,254,249,255,213,0,193,255,206,9,235,12,0,0
5.995,A,0.002222,4,90,165,239,0,0,0,0,0,0,0,0,0,0,0,0,0,0,44,252,211,0,49,1,147,0,210,9,166,13,0,0
6.01,A,0.002523,4,90,165,239,0,0,0,0,0,0,0,0,0,0,0,0,0,0,13,252,208,0,40,1,249,255,132,8,132,14,0,0
6.04,A,0.001785,4,90,165,239,0,0,0,0,0,0,0,0,0,0,0,0,0,0,179,252,86,0,192,0,118,255,243,7,191,14,0,0
6.057,A,0.001731,4,90,165,239,0,0,0,0,0,0,0,0,0,0,0,0,0,0,62,252,101,0,244,0,132,255,16,8,248,13,0,0
6.073,A,0.001533,4,90,165,239,0,0,0,0,0,0,0,0,0,0,0,0,0,0,180,251,126,0,39,1,54,255,169,7,51,14,0,0
6.088,A,0.002127,4,90,165,239,0,0,0,0,0,0,0,0,0,0,0,0,0,0,64,251,139,0,86,1,61,255,49,7,126,14,0,0
6.119,A,0.001632,4,90,165,239,0,0,0,0,0,0,0,0,0,0,0,0,0,0,198,250,241,0,123,1,44,0,187,6,118,15,0,0
6.134,A,0.001325,4,90,165,239,0,0,0,0,0,0,0,0,0,0,0,0,0,0,203,250,228,0,101,1,167,255,12,6,83,15,0,0
6.15,A,0.001467,4,90,165,239,0,0,0,0,0,0,0,0,0,0,0,0,0,0,212,250,191,0,90,1,122,255,199,5,64,15,0,0
6.18,A,0.001742,4,90,165,239,0,0,0,0,0,0,0,0,0,0,0,0,0,0,193,251,102,0,185,0,229,255,133,4,206,16,0,0
6.197,A,0.0016,4,90,165,239,0,0,0,0,0,0,0,0,0,0,0,0,0,0,227,252,23,0,50,0,25,0,46,4,38,17,0,0
6.212,A,0.001786,4,90,165,239,0,0,0,0,0,0,0,0,0,0,0,0,0,0,156,253,214,255,184,255,159,255,85,4,112,16,0,0
6.244,A,0.001716,4,90,165,239,0,0,0,0,0,0,0,0,0,0,0,0,0,0,78,253,158,255,241,255,43,255,132,4,0,15,0,0
6.244,A,0.001759,4,90,165,239,0,0,0,0,0,0,0,0,0,0,0,0,0,0,78,253,158,255,241,255,43,255,132,4,0,15,0,0
6.275,A,0.001977,4,90,165,239,0,0,0,0,0,0,0,0,0,0,0,0,0,0,32,253,161,255,44,0,136,255,49,4,23,16,0,0
6.29,A,0.002059,4,90,165,239,0,0,0,0,0,0,0,0,0,0,0,0,0,0,122,253,148,255,52,0,124,255,141,3,104,16,0,0
6.322,A,0.001776,4,90,165,239,0,0,0,0,0,0,0,0,0,0,0,0,0,0,142,254,8,255,2,0,173,255,39,3,93,16,0,0
6.337,A,0.001861,4,90,165,239,0,0,0,0,0,0,0,0,0,0,0,0,0,0,242,254,4,255,211,255,31,0,92,3,171,16,0,0
6.354,A,0.001582,4,90,165,239,0,0,0,0,0,0,0,0,0,0,0,0,0,0,67,255,23,255,175,255,64,0,54,3,203,16,0,0
6.369,A,0.001584,4,90,165,239,0,0,0,0,0,0,0,0,0,0,0,0,0,0,221,255,233,254,94,255,232,255,49,3,130,16,0,0
6.401,A,0.001425,4,90,165,239,0,0,0,0,0,0,0,0,0,0,0,0,0,0,73,254,2,0,228,255,190,0,18,5,203,14,0,0
6.416,A,0.001546,4,90,165,239,0,0,0,0,0,0,0,0,0,0,0,0,0,0,216,253,236,255,199,255,233,255,126,3,169,15,0,0
6.432,A,0.001569,4,90,165,239,0,0,0,0,0,0,0,0,0,0,0,0,0,0,68,254,243,255,201,255,222,255,52,2,251,16,0,0
6.463,A,0.001394,4,90,165,239,0,0,0,0,0,0,0,0,0,0,0,0,0,0,127,255,237,255,150,255,240,255,80,2,182,16,0,0
6.463,A,0.001456,4,90,165,239,0,0,0,0,0,0,0,0,0,0,0,0,0,0,127,255,237,255,150,255,240,255,80,2,182,16,0,0
6.495,A,0.001711,4,90,165,239,0,0,0,0,0,0,0,0,0,0,0,0,0,0,49,255,253,255,237,255,240,255,244,2,173,15,0,0
6.51,A,0.001461,4,90,165,239,0,0,0,0,0,0,0,0,0,0,0,0,0,0,208,254,244,255,229,255,0,0,153,3,84,15,0,0
6.542,A,0.001381,4,90,165,239,0,0,0,0,0,0,0,0,0,0,0,0,0,0,227,252,248,255,187,255,54,0,55,4,32,14,0,0
6.558,A,0.001585,4,90,165,239,0,0,0,0,0,0,0,0,0,0,0,0,0,0,199,251,252,255,234,255,184,255,30,3,167,14,0,0
6.574,A,0.002103,4,90,165,239,0,0,0,0,0,0,0,0,0,0,0,0,0,0,72,251,253,255,36,0,131,255,24,2,49,15,0,0
6.589,A,0.001935,4,90,165,239,0,0,0,0,0,0,0,0,0,0,0,0,0,0,103,251,252,255,57,0,243,255,22,1,154,16,0,0
6.622,A,0.001433,4,90,165,239,0,0,0,0,0,0,0,0,0,0,0,0,0,0,141,253,22,0,3,0,30,0,246,254,129,18,0,0
6.637,A,0.001403,4,90,165,239,0,0,0,0,0,0,0,0,0,0,0,0,0,0,68,255,7,0,201,255,12,0,189,254,156,18,0,0
6.653,A,0.001642,4,90,165,239,0,0,0,0,0,0,0,0,0,0,0,0,0,0,115,0,248,255,195,255,191,255,101,255,141,17,0,0
6.669,A,0.001515,4,90,165,239,0,0,0,0,0,0,0,0,0,0,0,0,0,0,197,0,246,255,254,255,133,255,101,0,48,16,0,0
6.7,A,0.00198,4,90,165,239,0,0,0,0,0,0,0,0,0,0,0,0,0,0,245,255,254,255,47,0,5,0,181,1,97,15,0,0
6.715,A,0.00166,4,90,165,239,0,0,0,0,0,0,0,0,0,0,0,0,0,0,130,255,9,0,29,0,51,0,202,1,123,15,0,0
6.731,A,0.001807,4,90,165,239,0,0,0,0,0,0,0,0,0,0,0,0,0,0,58,255,20,0,50,0,229,255,67,1,165,15,0,0
6.762,A,0.001623,4,90,165,239,0,0,0,0,0,0,0,0,0,0,0,0,0,0,58,255,254,255,77,0,249,255,123,0,56,16,0,0
6.777,A,0.001846,4,90,165,239,0,0,0,0,0,0,0,0,0,0,0,0,0,0,88,255,229,255,31,0,57,0,108,0,8,16,0,0
6.793,A,0.001669,4,90,165,239,0,0,0,0,0,0,0,0,0,0,0,0,0,0,250,254,241,255,217,255,101,0,8,1,94,15,0,0
6.809,A,0.001779,4,90,165,239,0,0,0,0,0,0,0,0,0,0,0,0,0,0,57,254,17,0,182,255,111,0,89,1,239,14,0,0
6.84,A,0.00177,4,90,165,239,0,0,0,0,0,0,0,0,0,0,0,0,0,0,112,254,17,0,106,0,66,255,212,255,145,17,0,0
6.856,A,0.002088,4,90,165,239,0,0,0,0,0,0,0,0,0,0,0,0,0,0,230,255,233,255,37,0,238,255,127,255,178,17,0,0
6.872,A,0.002039,4,90,165,239,0,0,0,0,0,0,0,0,0,0,0,0,0,0,67,0,208,255,228,255,94,0,21,0,12,16,0,0
6.902,A,0.001755,4,90,165,239,0,0,0,0,0,0,0,0,0,0,0,0,0,0,223,255,229,255,179,255,194,255,4,1,180,15,0,0
6.918,A,0.002346,4,90,165,239,0,0,0,0,0,0,0,0,0,0,0,0,0,0,40,255,5,0,214,255,5,0,68,1,231,14,0,0
6.934,A,0.002041,4,90,165,239,0,0,0,0,0,0,0,0,0,0,0,0,0,0,161,254,7,0,219,255,236,255,248,0,99,15,0,0
6.948,A,0.002088,4,90,165,239,0,0,0,0,0,0,0,0,0,0,0,0,0,0,230,254,5,0,2,0,183,255,214,255,205,16,0,0
6.979,A,0.002204,4,90,165,239,0,0,0,0,0,0,0,0,0,0,0,0,0,0,3,0,250,255,241,255,249,255,124,255,144,16,0,0
6.994,A,0.001988,4,90,165,239,0,0,0,0,0,0,0,0,0,0,0,0,0,0,239,255,254,255,254,255,246,255,62,0,206,15,0,0
7.009,A,0.001793,4,90,165,239,0,0,0,0,0,0,0,0,0,0,0,0,0,0,3,0,254,255,253,255,254,255,252,255,20,16,0,0
7.04,A,0.001917,4,90,165,239,0,0,0,0,0,0,0,0,0,0,0,0,0,0,247,255,251,255,0,0,248,255,31,0,0,16,0,0
7.055,A,0.001277,4,90,165,239,0,0,0,0,0,0,0,0,0,0,0,0,0,0,240,255,253,255,1,0,7,0,47,0,6,16,0,0
7.071,A,0.001471,4,90,165,239,0,0,0,0,0,0,0,0,0,0,0,0,0,0,234,255,0,0,251,255,9,0,33,0,248,15,0,0
7.102,A,0.001602,4,90,165,239,0,0,0,0,0,0,0,0,0,0,0,0,0,0,222,255,252,255,248,255,252,255,35,0,249,15,0,0
7.118,A,0.001764,4,90,165,239,0,0,0,0,0,0,0,0,0,0,0,0,0,0,228,255,0,0,246,255,22,0,7,0,27,16,0,0
7.133,A,0.001301,4,90,165,239,0,0,0,0,0,0,0,0,0,0,0,0,0,0,230,255,2,0,227,255,31,0,250,255,1,16,0,0
7.148,A,0.002342,4,90,165,239,0,0,0,0,0,0,0,0,0,0,0,0,0,0,239,255,8,0,202,255,29,0,224,255,16,16,0,0
7.179,A,0.001684,4,90,165,239,0,0,0,0,0,0,0,0,0,0,0,0,0,0,247,255,5,0,184,255,223,255,24,0,242,15,0,0
7.195,A,0.00175,4,90,165,239,0,0,0,0,0,0,0,0,0,0,0,0,0,0,244,255,3,0,200,255,223,255,20,0,2,16,0,0
7.211,A,0.001825,4,90,165,239,0,0,0,0,0,0,0,0,0,0,0,0,0,0,250,255,2,0,226,255,224,255,23,0,3,16,0,0
7.242,A,0.001803,4,90,165,239,0,0,0,0,0,0,0,0,0,0,0,0,0,0,4,0,1,0,0,0,251,255,8,0,1,16,0,0
7.257,A,0.001579,4,90,165,239,0,0,0,0,0,0,0,0,0,0,0,0,0,0,4,0,0,0,254,255,253,255,17,0,10,16,0,0
7.272,A,0.001596,4,90,165,239,0,0,0,0,0,0,0,0,0,0,0,0,0,0,0,0,0,0,0,0,6,0,28,0,247,15,0,0
7.303,A,0.001618,4,90,165,239,0,0,0,0,0,0,0,0,0,0,0,0,0,0,1,0,3,0,0,0,8,0,15,0,1,16,0,0
7.303,A,0.001648,4,90,165,239,0,0,0,0,0,0,0,0,0,0,0,0,0,0,1,0,3,0,0,0,8,0,15,0,1,16,0,0
7.335,A,0.002266,4,90,165,239,0,0,0,0,0,0,0,0,0,0,0,0,0,0,0,0,1,0,2,0,0,0,17,0,6,16,0,0
7.35,A,0.002091,4,90,165,239,0,0,0,0,0,0,0,0,0,0,0,0,0,0,255,255,2,0,1,0,252,255,4,0,3,16,0,0
7.38,A,0.002196,4,90,165,239,0,0,0,0,0,0,0,0,0,0,0,0,0,0,0,0,255,255,1,0,5,0,10,0,16,16,0,0
7.396,A,0.001722,4,90,165,239,0,0,0,0,0,0,0,0,0,0,0,0,0,0,2,0,1,0,255,255,4,0,11,0,5,16,0,0
7.412,A,0.002124,4,90,165,239,0,0,0,0,0,0,0,0,0,0,0,0,0,0,8,0,5,0,3,0,251,255,246,255,9,16,0,0
7.442,A,0.001953,4,90,165,239,0,0,0,0,0,0,0,0,0,0,0,0,0,0,15,0,3,0,19,0,248,255,17,0,244,15,0,0
7.458,A,0.001682,4,90,165,239,0,0,0,0,0,0,0,0,0,0,0,0,0,0,8,0,1,0,11,0,16,0,47,0,242,15,0,0
7.473,A,0.001926,4,90,165,239,0,0,0,0,0,0,0,0,0,0,0,0,0,0,159,255,248,255,241,255,36,0,245,0,134,15,0,0
7.489,A,0.001504,4,90,165,239,0,0,0,0,0,0,0,0,0,0,0,0,0,0,43,0,3,0,0,0,230,255,36,255,153,16,0,0
7.521,A,0.00177,4,90,165,239,0,0,0,0,0,0,0,0,0,0,0,0,0,0,248,255,6,0,1,0,10,0,5,0,254,15,0,0
7.536,A,0.001588,4,90,165,239,0,0,0,0,0,0,0,0,0,0,0,0,0,0,251,255,6,0,1,0,11,0,7,0,250,15,0,0
7.552,A,0.001497,4,90,165,239,0,0,0,0,0,0,0,0,0,0,0,0,0,0,0,0,3,0,255,255,249,255,0,0,15,16,0,0
7.584,A,0.00158,4,90,165,239,0,0,0,0,0,0,0,0,0,0,0,0,0,0,253,255,1,0,0,0,254,255,26,0,251,15,0,0
7.584,A,0.001835,4,90,165,239,0,0,0,0,0,0,0,0,0,0,0,0,0,0,255,255,2,0,255,255,254,255,19,0,1,16,0,0
7.614,A,0.001493,4,90,165,239,0,0,0,0,0,0,0,0,0,0,0,0,0,0,255,255,3,0,0,0,1,0,20,0,246,15,0,0
7.629,A,0.001263,4,90,165,239,0,0,0,0,0,0,0,0,0,0,0,0,0,0,254,255,3,0,0,0,2,0,12,0,2,16,0,0
7.661,A,0.001327,4,90,165,239,0,0,0,0,0,0,0,0,0,0,0,0,0,0,255,255,0,0,255,255,2,0,3,0,5,16,0,0
7.677,A,0.001783,4,90,165,239,0,0,0,0,0,0,0,0,0,0,0,0,0,0,0,0,0,0,255,255,0,0,1,0,242,15,0,0
7.693,A,0.001829,4,90,165,239,0,0,0,0,0,0,0,0,0,0,0,0,0,0,254,255,1,0,253,255,1,0,11,0,1,16,0,0
7.708,A,0.001897,4,90,165,239,0,0,0,0,0,0,0,0,0,0,0,0,0,0,0,0,0,0,255,255,253,255,21,0,19,16,0,0
7.74,A,0.001433,4,90,165,239,0,0,0,0,0,0,0,0,0,0,0,0,0,0,0,0,2,0,253,255,4,0,3,0,2,16,0,0
7.755,A,0.001716,4,90,165,239,0,0,0,0,0,0,0,0,0,0,0,0,0,0,255,255,1,0,254,255,7,0,0,0,246,15,0,0
7.771,A,0.001525,4,90,165,239,0,0,0,0,0,0,0,0,0,0,0,0,0,0,0,0,1,0,252,255,6,0,11,0,3,16,0,0
7.802,A,0.00174,4,90,165,239,0,0,0,0,0,0,0,0,0,0,0,0,0,0,254,255,0,0,255,255,253,255,21,0,11,16,0,0
7.818,A,0.001404,4,90,165,239,0,0,0,0,0,0,0,0,0,0,0,0,0,0,255,255,0,0,0,0,5,0,18,0,255,15,0,0
7.834,A,0.001523,4,90,165,239,0,0,0,0,0,0,0,0,0,0,0,0,0,0,254,255,1,0,255,255,244,255,14,0,7,16,0,0
7.849,A,0.001538,4,90,165,239,0,0,0,0,0,0,0,0,0,0,0,0,0,0,255,255,1,0,254,255,230,255,2,0,253,15,0,0
7.881,A,0.001227,4,90,165,239,0,0,0,0,0,0,0,0,0,0,0,0,0,0,0,0,2,0,254,255,243,255,255,255,1,16,0,0
7.896,A,0.001442,4,90,165,239,0,0,0,0,0,0,0,0,0,0,0,0,0,0,254,255,1,0,254,255,249,255,2,0,6,16,0,0
7.912,A,0.001884,4,90,165,239,0,0,0,0,0,0,0,0,0,0,0,0,0,0,255,255,1,0,255,255,0,0,12,0,250,15,0,0
7.943,A,0.001406,4,90,165,239,0,0,0,0,0,0,0,0,0,0,0,0,0,0,255,255,3,0,0,0,249,255,8,0,9,16,0,0
7.944,A,0.001181,4,90,165,239,0,0,0,0,0,0,0,0,0,0,0,0,0,0,255,255,3,0,0,0,249,255,8,0,9,16,0,0
7.974,A,0.001391,4,90,165,239,0,0,0,0,0,0,0,0,0,0,0,0,0,0,254,255,2,0,255,255,0,0,21,0,0,16,0,0
7.989,A,0.001336,4,90,165,239,0,0,0,0,0,0,0,0,0,0,0,0,0,0,254,255,1,0,254,255,5,0,6,0,249,15,0,0
8.02,A,0.001791,4,90,165,239,0,0,0,0,0,0,0,0,0,0,0,0,0,0,255,255,1,0,253,255,241,255,15,0,7,16,0,0
8.035,A,0.001659,4,90,165,239,0,0,0,0,0,0,0,0,0,0,0,0,0,0,255,255,2,0,255,255,0,0,21,0,255,15,0,0
8.052,A,0.001491,4,90,165,239,0,0,0,0,0,0,0,0,0,0,0,0,0,0,253,255,2,0,255,255,3,0,21,0,250,15,0,0
8.083,A,0.001526,4,90,165,239,0,0,0,0,0,0,0,0,0,0,0,0,0,0,255,255,0,0,254,255,252,255,4,0,255,15,0,0
8.098,A,0.001428,4,90,165,239,0,0,0,0,0,0,0,0,0,0,0,0,0,0,255,255,1,0,253,255,7,0,5,0,1,16,0,0
8.114,A,0.001542,4,90,165,239,0,0,0,0,0,0,0,0,0,0,0,0,0,0,255,255,0,0,253,255,254,255,10,0,247,15,0,0
8.129,A,0.001612,4,90,165,239,0,0,0,0,0,0,0,0,0,0,0,0,0,0,255,255,255,255,255,255,3,0,11,0,250,15,0,0
8.161,A,0.001424,4,90,165,239,0,0,0,0,0,0,0,0,0,0,0,0,0,0,0,0,0,0,254,255,5,0,20,0,1,16,0,0
8.176,A,0.001426,4,90,165,239,0,0,0,0,0,0,0,0,0,0,0,0,0,0,0,0,1,0,255,255,2,0,14,0,1,16,0,0
8.192,A,0.001573,4,90,165,239,0,0,0,0,0,0,0,0,0,0,0,0,0,0,254,255,2,0,255,255,248,255,11,0,3,16,0,0
8.224,A,0.001543,4,90,165,239,0,0,0,0,0,0,0,0,0,0,0,0,0,0,254,255,0,0,253,255,0,0,10,0,250,15,0,0
8.224,A,0.0016,4,90,165,239,0,0,0,0,0,0,0,0,0,0,0,0,0,0,254,255,0,0,253,255,0,0,10,0,250,15,0,0
8.254,A,0.001753,4,90,165,239,0,0,0,0,0,0,0,0,0,0,0,0,0,0,255,255,0,0,0,0,1,0,12,0,0,16,0,0
8.269,A,0.001201,4,90,165,239,0,0,0,0,0,0,0,0,0,0,0,0,0,0,255,255,0,0,255,255,5,0,14,0,8,16,0,0
8.3,A,0.001385,4,90,165,239,0,0,0,0,0,0,0,0,0,0,0,0,0,0,0,0,255,255,0,0,253,255,16,0,243,15,0,0
8.316,A,0.001816,4,90,165,239,0,0,0,0,0,0,0,0,0,0,0,0,0,0,255,255,2,0,255,255,253,255,10,0,0,16,0,0
8.331,A,0.001962,4,90,165,239,0,0,0,0,0,0,0,0,0,0,0,0,0,0,254,255,2,0,254,255,253,255,13,0,4,16,0,0
8.362,A,0.001475,4,90,165,239,0,0,0,0,0,0,0,0,0,0,0,0,0,0,255,255,3,0,255,255,253,255,15,0,0,16,0,0
8.379,A,0.001312,4,90,165,239,0,0,0,0,0,0,0,0,0,0,0,0,0,0,0,0,3,0,0,0,252,255,12,0,249,15,0,0
8.393,A,0.001427,4,90,165,239,0,0,0,0,0,0,0,0,0,0,0,0,0,0,0,0,1,0,255,255,4,0,12,0,7,16,0,0
8.409,A,0.001331,4,90,165,239,0,0,0,0,0,0,0,0,0,0,0,0,0,0,254,255,1,0,1,0,4,0,16,0,254,15,0,0
8.439,A,0.001573,4,90,165,239,0,0,0,0,0,0,0,0,0,0,0,0,0,0,255,255,3,0,0,0,243,255,6,0,4,16,0,0
8.455,A,0.001279,4,90,165,239,0,0,0,0,0,0,0,0,0,0,0,0,0,0,255,255,4,0,255,255,238,255,1,0,255,15,0,0
8.47,A,0.001284,4,90,165,239,0,0,0,0,0,0,0,0,0,0,0,0,0,0,255,255,2,0,254,255,251,255,6,0,6,16,0,0
8.501,A,0.00094,4,90,165,239,0,0,0,0,0,0,0,0,0,0,0,0,0,0,253,255,0,0,255,255,1,0,13,0,254,15,0,0
8.516,A,0.001259,4,90,165,239,0,0,0,0,0,0,0,0,0,0,0,0,0,0,255,255,1,0,253,255,254,255,16,0,251,15,0,0
8.532,A,0.001176,4,90,165,239,0,0,0,0,0,0,0,0,0,0,0,0,0,0,0,0,2,0,254,255,3,0,2,0,254,15,0,0
8.563,A,0.001122,4,90,165,239,0,0,0,0,0,0,0,0,0,0,0,0,0,0,0,0,2,0,1,0,255,255,17,0,247,15,0,0
8.563,A,0.001388,4,90,165,239,0,0,0,0,0,0,0,0,0,0,0,0,0,0,0,0,2,0,1,0,255,255,17,0,247,15,0,0
8.594,A,0.001387,4,90,165,239,0,0,0,0,0,0,0,0,0,0,0,0,0,0,255,255,0,0,255,255,0,0,10,0,7,16,0,0
8.61,A,0.001309,4,90,165,239,0,0,0,0,0,0,0,0,0,0,0,0,0,0,254,255,1,0,254,255,7,0,12,0,0,16,0,0
8.642,A,0.001101,4,90,165,239,0,0,0,0,0,0,0,0,0,0,0,0,0,0,0,0,1,0,254,255,3,0,6,0,254,15,0,0
8.657,A,0.001491,4,90,165,239,0,0,0,0,0,0,0,0,0,0,0,0,0,0,255,255,2,0,254,255,255,255,12,0,1,16,0,0
8.673,A,0.001325,4,90,165,239,0,0,0,0,0,0,0,0,0,0,0,0,0,0,254,255,0,0,253,255,8,0,9,0,2,16,0,0
8.689,A,0.001142,4,90,165,239,0,0,0,0,0,0,0,0,0,0,0,0,0,0,254,255,0,0,253,255,2,0,6,0,244,15,0,0
8.72,A,0.001436,4,90,165,239,0,0,0,0,0,0,0,0,0,0,0,0,0,0,255,255,0,0,1,0,253,255,22,0,252,15,0,0
8.735,A,0.001257,4,90,165,239,0,0,0,0,0,0,0,0,0,0,0,0,0,0,254,255,2,0,254,255,254,255,26,0,5,16,0,0
8.75,A,0.000931,4,90,165,239,0,0,0,0,0,0,0,0,0,0,0,0,0,0,254,255,2,0,255,255,6,0,16,0,248,15,0,0
8.78,A,0.001406,4,90,165,239,0,0,0,0,0,0,0,0,0,0,0,0,0,0,253,255,2,0,253,255,6,0,10,0,1,16,0,0
8.796,A,0.001719,4,90,165,239,0,0,0,0,0,0,0,0,0,0,0,0,0,0,0,0,2,0,0,0,4,0,10,0,2,16,0,0
8.812,A,0.001685,4,90,165,239,0,0,0,0,0,0,0,0,0,0,0,0,0,0,254,255,2,0,253,255,1,0,22,0,1,16,0,0
8.843,A,0.00143,4,90,165,239,0,0,0,0,0,0,0,0,0,0,0,0,0,0,255,255,2,0,254,255,255,255,4,0,254,15,0,0
8.858,A,0.001637,4,90,165,239,0,0,0,0,0,0,0,0,0,0,0,0,0,0,254,255,2,0,253,255,8,0,17,0,250,15,0,0
8.873,A,0.001422,4,90,165,239,0,0,0,0,0,0,0,0,0,0,0,0,0,0,0,0,2,0,254,255,253,255,17,0,251,15,0,0
8.889,A,0.001644,4,90,165,239,0,0,0,0,0,0,0,0,0,0,0,0,0,0,255,255,0,0,1,0,250,255,8,0,255,15,0,0
8.92,A,0.001397,4,90,165,239,0,0,0,0,0,0,0,0,0,0,0,0,0,0,255,255,0,0,0,0,254,255,7,0,255,15,0,0
8.935,A,0.001787,4,90,165,239,0,0,0,0,0,0,0,0,0,0,0,0,0,0,255,255,3,0,0,0,250,255,6,0,253,15,0,0
8.951,A,0.001482,4,90,165,239,0,0,0,0,0,0,0,0,0,0,0,0,0,0,254,255,0,0,255,255,246,255,15,0,252,15,0,0
8.983,A,0.001439,4,90,165,239,0,0,0,0,0,0,0,0,0,0,0,0,0,0,255,255,1,0,254,255,247,255,20,0,254,15,0,0
8.998,A,0.001491,4,90,165,239,0,0,0,0,0,0,0,0,0,0,0,0,0,0,0,0,1,0,255,255,249,255,17,0,2,16,0,0
9.014,A,0.001417,4,90,165,239,0,0,0,0,0,0,0,0,0,0,0,0,0,0,254,255,1,0,0,0,3,0,1,0,246,15,0,0
9.029,A,0.001391,4,90,165,239,0,0,0,0,0,0,0,0,0,0,0,0,0,0,253,255,2,0,1,0,246,255,4,0,4,16,0,0
9.059,A,0.001336,4,90,165,239,0,0,0,0,0,0,0,0,0,0,0,0,0,0,0,0,0,0,253,255,252,255,10,0,0,16,0,0
9.076,A,0.00155,4,90,165,239,0,0,0,0,0,0,0,0,0,0,0,0,0,0,0,0,1,0,255,255,4,0,11,0,0,16,0,0
9.091,A,0.001457,4,90,165,239,0,0,0,0,0,0,0,0,0,0,0,0,0,0,0,0,1,0,0,0,5,0,11,0,4,16,0,0
9.122,A,0.001396,4,90,165,239,0,0,0,0,0,0,0,0,0,0,0,0,0,0,255,255,2,0,254,255,249,255,15,0,0,16,0,0
9.138,A,0.001547,4,90,165,239,0,0,0,0,0,0,0,0,0,0,0,0,0,0,255,255,1,0,1,0,2,0,5,0,248,15,0,0
9.153,A,0.001588,4,90,165,239,0,0,0,0,0,0,0,0,0,0,0,0,0,0,254,255,255,255,0,0,3,0,15,0,253,15,0,0
9.168,A,0.001803,4,90,165,239,0,0,0,0,0,0,0,0,0,0,0,0,0,0,0,0,0,0,254,255,1,0,15,0,252,15,0,0
9.2,A,0.001969,4,90,165,239,0,0,0,0,0,0,0,0,0,0,0,0,0,0,254,255,3,0,254,255,252,255,7,0,254,15,0,0
9.215,A,0.002004,4,90,165,239,0,0,0,0,0,0,0,0,0,0,0,0,0,0,0,0,1,0,255,255,255,255,5,0,3,16,0,0
9.231,A,0.001852,4,90,165,239,0,0,0,0,0,0,0,0,0,0,0,0,0,0,254,255,3,0,255,255,2,0,15,0,1,16,0,0
9.261,A,0.001317,4,90,165,239,0,0,0,0,0,0,0,0,0,0,0,0,0,0,255,255,1,0,255,255,0,0,13,0,1,16,0,0
9.276,A,0.001392,4,90,165,239,0,0,0,0,0,0,0,0,0,0,0,0,0,0,255,255,2,0,0,0,2,0,16,0,252,15,0,0
9.291,A,0.001393,4,90,165,239,0,0,0,0,0,0,0,0,0,0,0,0,0,0,255,255,2,0,253,255,5,0,12,0,252,15,0,0
9.322,A,0.001508,4,90,165,239,0,0,0,0,0,0,0,0,0,0,0,0,0,0,254,255,3,0,255,255,4,0,10,0,1,16,0,0
9.338,A,0.001581,4,90,165,239,0,0,0,0,0,0,0,0,0,0,0,0,0,0,0,0,1,0,0,0,3,0,4,0,0,16,0,0
9.354,A,0.001621,4,90,165,239,0,0,0,0,0,0,0,0,0,0,0,0,0,0,254,255,2,0,0,0,6,0,14,0,2,16,0,0
9.369,A,0.001471,4,90,165,239,0,0,0,0,0,0,0,0,0,0,0,0,0,0,254,255,0,0,254,255,7,0,16,0,246,15,0,0
9.401,A,0.001402,4,90,165,239,0,0,0,0,0,0,0,0,0,0,0,0,0,0,1,0,1,0,255,255,1,0,4,0,8,16,0,0
9.415,A,0.001668,4,90,165,239,0,0,0,0,0,0,0,0,0,0,0,0,0,0,253,255,255,255,252,255,249,255,11,0,1,16,0,0
9.431,A,0.001592,4,90,165,239,0,0,0,0,0,0,0,0,0,0,0,0,0,0,254,255,1,0,254,255,245,255,10,0,1,16,0,0
9.461,A,0.001848,4,90,165,239,0,0,0,0,0,0,0,0,0,0,0,0,0,0,255,255,1,0,255,255,3,0,9,0,249,15,0,0
9.477,A,0.001805,4,90,165,239,0,0,0,0,0,0,0,0,0,0,0,0,0,0,255,255,1,0,0,0,244,255,16,0,254,15,0,0
9.493,A,0.001824,4,90,165,239,0,0,0,0,0,0,0,0,0,0,0,0,0,0,0,0,2,0,0,0,254,255,19,0,7,16,0,0
9.523,A,0.001872,4,90,165,239,0,0,0,0,0,0,0,0,0,0,0,0,0,0,255,255,0,0,255,255,248,255,18,0,253,15,0,0
9.523,A,0.001697,4,90,165,239,0,0,0,0,0,0,0,0,0,0,0,0,0,0,255,255,0,0,255,255,248,255,18,0,253,15,0,0
9.554,A,0.001722,4,90,165,239,0,0,0,0,0,0,0,0,0,0,0,0,0,0,255,255,0,0,253,255,252,255,18,0,252,15,0,0
9.569,A,0.001524,4,90,165,239,0,0,0,0,0,0,0,0,0,0,0,0,0,0,254,255,0,0,254,255,4,0,17,0,254,15,0,0
9.599,A,0.001193,4,90,165,239,0,0,0,0,0,0,0,0,0,0,0,0,0,0,255,255,3,0,255,255,253,255,10,0,2,16,0,0
9.615,A,0.001118,4,90,165,239,0,0,0,0,0,0,0,0,0,0,0,0,0,0,255,255,2,0,254,255,250,255,17,0,4,16,0,0
9.63,A,0.001209,4,90,165,239,0,0,0,0,0,0,0,0,0,0,0,0,0,0,254,255,2,0,253,255,5,0,14,0,255,15,0,0
9.66,A,0.0013,4,90,165,239,0,0,0,0,0,0,0,0,0,0,0,0,0,0,0,0,1,0,0,0,11,0,13,0,6,16,0,0
9.676,A,0.001345,4,90,165,239,0,0,0,0,0,0,0,0,0,0,0,0,0,0,255,255,3,0,254,255,254,255,18,0,250,15,0,0
9.692,A,0.001243,4,90,165,239,0,0,0,0,0,0,0,0,0,0,0,0,0,0,255,255,3,0,0,0,1,0,7,0,254,15,0,0
9.723,A,0.001481,4,90,165,239,0,0,0,0,0,0,0,0,0,0,0,0,0,0,255,255,3,0,254,255,6,0,14,0,5,16,0,0
9.723,A,0.001383,4,90,165,239,0,0,0,0,0,0,0,0,0,0,0,0,0,0,255,255,3,0,255,255,2,0,17,0,5,16,0,0
9.754,A,0.001362,4,90,165,239,0,0,0,0,0,0,0,0,0,0,0,0,0,0,0,0,2,0,255,255,255,255,7,0,8,16,0,0
9.769,A,0.001218,4,90,165,239,0,0,0,0,0,0,0,0,0,0,0,0,0,0,254,255,1,0,255,255,0,0,6,0,2,16,0,0
9.802,A,0.001202,4,90,165,239,0,0,0,0,0,0,0,0,0,0,0,0,0,0,255,255,1,0,251,255,251,255,10,0,2,16,0,0
9.818,A,0.001237,4,90,165,239,0,0,0,0,0,0,0,0,0,0,0,0,0,0,0,0,255,255,0,0,254,255,11,0,0,16,0,0
9.834,A,0.001395,4,90,165,239,0,0,0,0,0,0,0,0,0,0,0,0,0,0,255,255,255,255,255,255,2,0,9,0,255,15,0,0
9.849,A,0.001188,4,90,165,239,0,0,0,0,0,0,0,0,0,0,0,0,0,0,255,255,255,255,255,255,252,255,15,0,254,15,0,0
9.88,A,0.001139,4,90,165,239,0,0,0,0,0,0,0,0,0,0,0,0,0,0,255,255,255,255,0,0,3,0,11,0,251,15,0,0
9.896,A,0.00112,4,90,165,239,0,0,0,0,0,0,0,0,0,0,0,0,0,0,255,255,0,0,253,255,251,255,16,0,4,16,0,0
9.912,A,0.001173,4,90,165,239,0,0,0,0,0,0,0,0,0,0,0,0,0,0,255,255,1,0,255,255,253,255,16,0,252,15,0,0
9.942,A,0.001126,4,90,165,239,0,0,0,0,0,0,0,0,0,0,0,0,0,0,255,255,2,0,254,255,251,255,15,0,250,15,0,0
9.958,A,0.001123,4,90,165,239,0,0,0,0,0,0,0,0,0,0,0,0,0,0,0,0,2,0,255,255,247,255,12,0,2,16,0,0
9.974,A,0.001255,4,90,165,239,0,0,0,0,0,0,0,0,0,0,0,0,0,0,255,255,3,0,254,255,0,0,8,0,8,16,0,0
9.989,A,0.001174,4,90,165,239,0,0,0,0,0,0,0,0,0,0,0,0,0,0,255,255,2,0,255,255,2,0,4,0,254,15,0,0
10.019,A,0.00135,4,90,165,239,0,0,0,0,0,0,0,0,0,0,0,0,0,0,255,255,1,0,253,255,4,0,11,0,250,15,0,0
10.036,A,0.00116,4,90,165,239,0,0,0,0,0,0,0,0,0,0,0,0,0,0,0,0,3,0,254,255,1,0,13,0,1,16,0,0
10.051,A,0.001191,4,90,165,239,0,0,0,0,0,0,0,0,0,0,0,0,0,0,255,255,3,0,255,255,10,0,15,0,252,15,0,0
10.082,A,0.001268,4,90,165,239,0,0,0,0,0,0,0,0,0,0,0,0,0,0,0,0,3,0,255,255,252,255,15,0,255,15,0,0
10.097,A,0.001122,4,90,165,239,0,0,0,0,0,0,0,0,0,0,0,0,0,0,255,255,2,0,0,0,250,255,16,0,253,15,0,0
10.114,A,0.00116,4,90,165,239,0,0,0,0,0,0,0,0,0,0,0,0,0,0,254,255,0,0,254,255,255,255,10,0,251,15,0,0
10.128,A,0.001419,4,90,165,239,0,0,0,0,0,0,0,0,0,0,0,0,0,0,254,255,2,0,0,0,253,255,5,0,253,15,0,0
10.16,A,0.000949,4,90,165,239,0,0,0,0,0,0,0,0,0,0,0,0,0,0,255,255,1,0,254,255,9,0,14,0,3,16,0,0
10.175,A,0.001134,4,90,165,239,0,0,0,0,0,0,0,0,0,0,0,0,0,0,253,255,2,0,0,0,252,255,11,0,255,15,0,0
10.191,A,0.00117,4,90,165,239,0,0,0,0,0,0,0,0,0,0,0,0,0,0,255,255,1,0,255,255,0,0,18,0,5,16,0,0
10.223,A,0.00125,4,90,165,239,0,0,0,0,0,0,0,0,0,0,0,0,0,0,254,255,0,0,254,255,4,0,12,0,1,16,0,0
10.223,A,0.001121,4,90,165,239,0,0,0,0,0,0,0,0,0,0,0,0,0,0,253,255,255,255,253,255,6,0,10,0,255,15,0,0
10.254,A,0.001256,4,90,165,239,0,0,0,0,0,0,0,0,0,0,0,0,0,0,253,255,1,0,0,0,255,255,6,0,8,16,0,0
10.27,A,0.001404,4,90,165,239,0,0,0,0,0,0,0,0,0,0,0,0,0,0,255,255,1,0,253,255,251,255,11,0,8,16,0,0
10.3,A,0.001409,4,90,165,239,0,0,0,0,0,0,0,0,0,0,0,0,0,0,255,255,255,255,254,255,2,0,13,0,250,15,0,0
10.317,A,0.000913,4,90,165,239,0,0,0,0,0,0,0,0,0,0,0,0,0,0,254,255,1,0,255,255,0,0,17,0,1,16,0,0
10.333,A,0.001103,4,90,165,239,0,0,0,0,0,0,0,0,0,0,0,0,0,0,255,255,0,0,254,255,0,0,7,0,2,16,0,0
10.364,A,0.001188,4,90,165,239,0,0,0,0,0,0,0,0,0,0,0,0,0,0,255,255,1,0,254,255,254,255,14,0,9,16,0,0
10.364,A,0.001227,4,90,165,239,0,0,0,0,0,0,0,0,0,0,0,0,0,0,255,255,2,0,254,255,252,255,14,0,7,16,0,0
10.395,A,0.001348,4,90,165,239,0,0,0,0,0,0,0,0,0,0,0,0,0,0,254,255,3,0,255,255,10,0,16,0,0,16,0,0
10.411,A,0.001548,4,90,165,239,0,0,0,0,0,0,0,0,0,0,0,0,0,0,0,0,3,0,255,255,255,255,10,0,2,16,0,0
10.442,A,0.00157,4,90,165,239,0,0,0,0,0,0,0,0,0,0,0,0,0,0,253,255,2,0,255,255,250,255,23,0,255,15,0,0
10.457,A,0.001227,4,90,165,239,0,0,0,0,0,0,0,0,0,0,0,0,0,0,0,0,3,0,255,255,5,0,13,0,8,16,0,0
10.472,A,0.00109,4,90,165,239,0,0,0,0,0,0,0,0,0,0,0,0,0,0,254,255,1,0,0,0,255,255,13,0,1,16,0,0
10.503,A,0.001164,4,90,165,239,0,0,0,0,0,0,0,0,0,0,0,0,0,0,255,255,3,0,254,255,249,255,8,0,255,15,0,0
10.503,A,0.001288,4,90,165,239,0,0,0,0,0,0,0,0,0,0,0,0,0,0,255,255,3,0,254,255,249,255,8,0,255,15,0,0
10.534,A,0.001429,4,90,165,239,0,0,0,0,0,0,0,0,0,0,0,0,0,0,0,0,1,0,0,0,5,0,14,0,254,15,0,0
10.549,A,0.001349,4,90,165,239,0,0,0,0,0,0,0,0,0,0,0,0,0,0,255,255,0,0,255,255,255,255,13,0,254,15,0,0
10.582,A,0.001361,4,90,165,239,0,0,0,0,0,0,0,0,0,0,0,0,0,0,255,255,1,0,253,255,254,255,9,0,2,16,0,0
10.597,A,0.001382,4,90,165,239,0,0,0,0,0,0,0,0,0,0,0,0,0,0,255,255,1,0,253,255,251,255,7,0,8,16,0,0
10.614,A,0.001308,4,90,165,239,0,0,0,0,0,0,0,0,0,0,0,0,0,0,0,0,0,0,254,255,248,255,8,0,246,15,0,0
10.629,A,0.001241,4,90,165,239,0,0,0,0,0,0,0,0,0,0,0,0,0,0,0,0,0,0,254,255,0,0,17,0,253,15,0,0
10.66,A,0.001116,4,90,165,239,0,0,0,0,0,0,0,0,0,0,0,0,0,0,254,255,2,0,254,255,249,255,22,0,254,15,0,0
10.675,A,0.001348,4,90,165,239,0,0,0,0,0,0,0,0,0,0,0,0,0,0,0,0,255,255,255,255,3,0,15,0,2,16,0,0
10.691,A,0.00164,4,90,165,239,0,0,0,0,0,0,0,0,0,0,0,0,0,0,255,255,0,0,254,255,0,0,10,0,251,15,0,0
10.722,A,0.001403,4,90,165,239,0,0,0,0,0,0,0,0,0,0,0,0,0,0,254,255,0,0,254,255,9,0,19,0,253,15,0,0
10.737,A,0.001442,4,90,165,239,0,0,0,0,0,0,0,0,0,0,0,0,0,0,254,255,3,0,255,255,5,0,12,0,251,15,0,0
10.753,A,0.001395,4,90,165,239,0,0,0,0,0,0,0,0,0,0,0,0,0,0,0,0,1,0,255,255,245,255,7,0,2,16,0,0
10.768,A,0.00157,4,90,165,239,0,0,0,0,0,0,0,0,0,0,0,0,0,0,0,0,3,0,255,255,1,0,8,0,7,16,0,0
10.799,A,0.001301,4,90,165,239,0,0,0,0,0,0,0,0,0,0,0,0,0,0,0,0,1,0,254,255,4,0,22,0,249,15,0,0
10.815,A,0.001307,4,90,165,239,0,0,0,0,0,0,0,0,0,0,0,0,0,0,255,255,4,0,0,0,6,0,14,0,248,15,0,0
10.831,A,0.00127,4,90,165,239,0,0,0,0,0,0,0,0,0,0,0,0,0,0,0,0,2,0,254,255,253,255,11,0,254,15,0,0
10.864,A,0.001302,4,90,165,239,0,0,0,0,0,0,0,0,0,0,0,0,0,0,254,255,2,0,254,255,9,0,9,0,251,15,0,0
10.864,A,0.001519,4,90,165,239,0,0,0,0,0,0,0,0,0,0,0,0,0,0,254,255,2,0,254,255,9,0,9,0,251,15,0,0
10.894,A,0.001648,4,90,165,239,0,0,0,0,0,0,0,0,0,0,0,0,0,0,255,255,2,0,252,255,247,255,15,0,1,16,0,0
10.91,A,0.001502,4,90,165,239,0,0,0,0,0,0,0,0,0,0,0,0,0,0,255,255,2,0,1,0,253,255,12,0,4,16,0,0
10.942,A,0.001233,4,90,165,239,0,0,0,0,0,0,0,0,0,0,0,0,0,0,0,0,1,0,253,255,0,0,9,0,1,16,0,0
10.957,A,0.002057,4,90,165,239,0,0,0,0,0,0,0,0,0,0,0,0,0,0,255,255,1,0,254,255,255,255,13,0,254,15,0,0
10.972,A,0.001304,4,90,165,239,0,0,0,0,0,0,0,0,0,0,0,0,0,0,254,255,0,0,255,255,254,255,13,0,249,15,0,0
11.004,A,0.001153,4,90,165,239,0,0,0,0,0,0,0,0,0,0,0,0,0,0,255,255,0,0,254,255,254,255,16,0,254,15,0,0
11.004,A,0.001305,4,90,165,239,0,0,0,0,0,0,0,0,0,0,0,0,0,0,255,255,0,0,254,255,254,255,16,0,254,15,0,0
11.035,A,0.001412,4,90,165,239,0,0,0,0,0,0,0,0,0,0,0,0,0,0,255,255,1,0,254,255,5,0,17,0,251,15,0,0
11.05,A,0.001426,4,90,165,239,0,0,0,0,0,0,0,0,0,0,0,0,0,0,255,255,0,0,253,255,254,255,9,0,255,15,0,0
11.082,A,0.00209,4,90,165,239,0,0,0,0,0,0,0,0,0,0,0,0,0,0,255,255,255,255,253,255,252,255,11,0,4,16,0,0
11.096,A,0.001175,4,90,165,239,0,0,0,0,0,0,0,0,0,0,0,0,0,0,255,255,1,0,255,255,255,255,16,0,5,16,0,0
11.112,A,0.001335,4,90,165,239,0,0,0,0,0,0,0,0,0,0,0,0,0,0,0,0,0,0,254,255,255,255,10,0,3,16,0,0
11.143,A,0.001628,4,90,165,239,0,0,0,0,0,0,0,0,0,0,0,0,0,0,255,255,1,0,255,255,5,0,10,0,2,16,0,0
11.143,A,0.001463,4,90,165,239,0,0,0,0,0,0,0,0,0,0,0,0,0,0,255,255,1,0,255,255,5,0,10,0,2,16,0,0
11.174,A,0.001691,4,90,165,239,0,0,0,0,0,0,0,0,0,0,0,0,0,0,0,0,1,0,253,255,4,0,9,0,8,16,0,0
11.189,A,0.001559,4,90,165,239,0,0,0,0,0,0,0,0,0,0,0,0,0,0,0,0,1,0,253,255,4,0,7,0,254,15,0,0
11.22,A,0.001943,4,90,165,239,0,0,0,0,0,0,0,0,0,0,0,0,0,0,255,255,3,0,255,255,251,255,14,0,6,16,0,0
11.236,A,0.001429,4,90,165,239,0,0,0,0,0,0,0,0,0,0,0,0,0,0,0,0,1,0,255,255,3,0,12,0,2,16,0,0
11.252,A,0.001421,4,90,165,239,0,0,0,0,0,0,0,0,0,0,0,0,0,0,0,0,3,0,253,255,248,255,8,0,255,15,0,0
11.283,A,0.00168,4,90,165,239,0,0,0,0,0,0,0,0,0,0,0,0,0,0,254,255,3,0,252,255,11,0,10,0,252,15,0,0
11.283,A,0.001421,4,90,165,239,0,0,0,0,0,0,0,0,0,0,0,0,0,0,254,255,3,0,252,255,11,0,10,0,252,15,0,0
11.316,A,0.001455,4,90,165,239,0,0,0,0,0,0,0,0,0,0,0,0,0,0,0,0,3,0,255,255,2,0,12,0,255,15,0,0
11.332,A,0.001418,4,90,165,239,0,0,0,0,0,0,0,0,0,0,0,0,0,0,255,255,3,0,255,255,251,255,22,0,252,15,0,0
11.363,A,0.001535,4,90,165,239,0,0,0,0,0,0,0,0,0,0,0,0,0,0,254,255,1,0,0,0,3,0,22,0,254,15,0,0
11.363,A,0.001831,4,90,165,239,0,0,0,0,0,0,0,0,0,0,0,0,0,0,254,255,1,0,0,0,3,0,22,0,254,15,0,0
11.394,A,0.002064,4,90,165,239,0,0,0,0,0,0,0,0,0,0,0,0,0,0,253,255,0,0,255,255,3,0,13,0,3,16,0,0
11.409,A,0.002015,4,90,165,239,0,0,0,0,0,0,0,0,0,0,0,0,0,0,0,0,0,0,255,255,251,255,16,0,6,16,0,0
11.441,A,0.00146,4,90,165,239,0,0,0,0,0,0,0,0,0,0,0,0,0,0,255,255,0,0,255,255,10,0,6,0,7,16,0,0
11.457,A,0.001735,4,90,165,239,0,0,0,0,0,0,0,0,0,0,0,0,0,0,255,255,3,0,255,255,255,255,11,0,255,15,0,0
11.472,A,0.001537,4,90,165,239,0,0,0,0,0,0,0,0,0,0,0,0,0,0,0,0,2,0,0,0,249,255,15,0,249,15,0,0
11.504,A,0.001548,4,90,165,239,0,0,0,0,0,0,0,0,0,0,0,0,0,0,254,255,2,0,255,255,3,0,12,0,255,15,0,0
11.504,A,0.001619,4,90,165,239,0,0,0,0,0,0,0,0,0,0,0,0,0,0,254,255,2,0,255,255,3,0,12,0,255,15,0,0
11.535,A,0.001701,4,90,165,239,0,0,0,0,0,0,0,0,0,0,0,0,0,0,255,255,1,0,255,255,0,0,15,0,5,16,0,0
11.55,A,0.001632,4,90,165,239,0,0,0,0,0,0,0,0,0,0,0,0,0,0,0,0,3,0,255,255,4,0,16,0,10,16,0,0
11.582,A,0.001508,4,90,165,239,0,0,0,0,0,0,0,0,0,0,0,0,0,0,0,0,2,0,254,255,254,255,18,0,1,16,0,0
11.597,A,0.001703,4,90,165,239,0,0,0,0,0,0,0,0,0,0,0,0,0,0,255,255,2,0,255,255,7,0,12,0,251,15,0,0
11.613,A,0.001627,4,90,165,239,0,0,0,0,0,0,0,0,0,0,0,0,0,0,255,255,3,0,255,255,248,255,14,0,250,15,0,0
11.628,A,0.001528,4,90,165,239,0,0,0,0,0,0,0,0,0,0,0,0,0,0,0,0,2,0,255,255,3,0,12,0,253,15,0,0
11.658,A,0.00177,4,90,165,239,0,0,0,0,0,0,0,0,0,0,0,0,0,0,255,255,1,0,1,0,252,255,12,0,255,15,0,0
11.674,A,0.001648,4,90,165,239,0,0,0,0,0,0,0,0,0,0,0,0,0,0,255,255,1,0,0,0,1,0,10,0,253,15,0,0
11.69,A,0.00171,4,90,165,239,0,0,0,0,0,0,0,0,0,0,0,0,0,0,0,0,2,0,254,255,5,0,1,0,1,16,0,0
11.723,A,0.001756,4,90,165,239,0,0,0,0,0,0,0,0,0,0,0,0,0,0,254,255,1,0,255,255,1,0,15,0,1,16,0,0
11.738,A,0.00231,4,90,165,239,0,0,0,0,0,0,0,0,0,0,0,0,0,0,0,0,0,0,255,255,7,0,7,0,7,16,0,0
11.754,A,0.002307,4,90,165,239,0,0,0,0,0,0,0,0,0,0,0,0,0,0,255,255,1,0,255,255,3,0,15,0,1,16,0,0
11.77,A,0.002111,4,90,165,239,0,0,0,0,0,0,0,0,0,0,0,0,0,0,0,0,1,0,255,255,247,255,13,0,7,16,0,0
11.802,A,0.001876,4,90,165,239,0,0,0,0,0,0,0,0,0,0,0,0,0,0,253,255,3,0,1,0,10,0,7,0,252,15,0,0
11.817,A,0.001669,4,90,165,239,0,0,0,0,0,0,0,0,0,0,0,0,0,0,255,255,1,0,0,0,4,0,10,0,255,15,0,0
11.833,A,0.001382,4,90,165,239,0,0,0,0,0,0,0,0,0,0,0,0,0,0,0,0,1,0,0,0,5,0,14,0,255,15,0,0
11.848,A,0.001783,4,90,165,239,0,0,0,0,0,0,0,0,0,0,0,0,0,0,0,0,1,0,254,255,249,255,7,0,255,15,0,0
11.881,A,0.001411,4,90,165,239,0,0,0,0,0,0,0,0,0,0,0,0,0,0,252,255,1,0,255,255,247,255,7,0,3,16,0,0
11.896,A,0.001567,4,90,165,239,0,0,0,0,0,0,0,0,0,0,0,0,0,0,254,255,1,0,0,0,252,255,2,0,254,15,0,0
11.912,A,0.001631,4,90,165,239,0,0,0,0,0,0,0,0,0,0,0,0,0,0,255,255,2,0,255,255,254,255,12,0,245,15,0,0
11.943,A,0.002003,4,90,165,239,0,0,0,0,0,0,0,0,0,0,0,0,0,0,255,255,3,0,255,255,0,0,12,0,250,15,0,0
11.943,A,0.002046,4,90,165,239,0,0,0,0,0,0,0,0,0,0,0,0,0,0,255,255,3,0,0,0,255,255,12,0,250,15,0,0
11.975,A,0.001477,4,90,165,239,0,0,0,0,0,0,0,0,0,0,0,0,0,0,255,255,1,0,0,0,2,0,12,0,3,16,0,0
11.991,A,0.001462,4,90,165,239,0,0,0,0,0,0,0,0,0,0,0,0,0,0,255,255,2,0,254,255,248,255,17,0,2,16,0,0
12.022,A,0.001585,4,90,165,239,0,0,0,0,0,0,0,0,0,0,0,0,0,0,0,0,2,0,255,255,252,255,10,0,250,15,0,0
12.493,B,0.001688,4,90,165,239,0,0,0,0,0,0,0,0,0,0,0,0,0,0,253,255,1,0,0,0,4,0,11,0,252,15,0,0
12.493,B,0.001712,4,90,165,239,0,0,0,0,0,0,0,0,0,0,0,0,0,0,253,255,1,0,0,0,4,0,11,0,252,15,0,0
12.519,B,0.002537,4,90,165,239,0,0,0,0,0,0,0,0,0,0,0,0,0,0,255,255,0,0,255,255,2,0,13,0,5,16,0,0
12.551,B,0.002523,4,90,165,239,0,0,0,0,0,0,0,0,0,0,0,0,0,0,254,255,1,0,255,255,13,0,16,0,254,15,0,0
12.566,B,0.00295,4,90,165,239,0,0,0,0,0,0,0,0,0,0,0,0,0,0,254,255,2,0,254,255,14,0,8,0,254,15,0,0
12.581,B,0.002723,4,90,165,239,0,0,0,0,0,0,0,0,0,0,0,0,0,0,254,255,2,0,255,255,254,255,1,0,0,16,0,0
12.612,B,0.002667,4,90,165,239,0,0,0,0,0,0,0,0,0,0,0,0,0,0,0,0,2,0,255,255,248,255,11,0,5,16,0,0
12.628,B,0.002609,4,90,165,239,0,0,0,0,0,0,0,0,0,0,0,0,0,0,255,255,1,0,255,255,1,0,18,0,254,15,0,0
12.644,B,0.002738,4,90,165,239,0,0,0,0,0,0,0,0,0,0,0,0,0,0,255,255,1,0,0,0,7,0,6,0,255,15,0,0
12.659,B,0.002277,4,90,165,239,0,0,0,0,0,0,0,0,0,0,0,0,0,0,254,255,3,0,0,0,247,255,13,0,254,15,0,0
12.69,B,0.002648,4,90,165,239,0,0,0,0,0,0,0,0,0,0,0,0,0,0,246,255,1,0,253,255,4,0,39,0,242,15,0,0
12.706,B,0.002534,4,90,165,239,0,0,0,0,0,0,0,0,0,0,0,0,0,0,245,255,3,0,254,255,255,255,5,0,25,16,0,0
12.722,B,0.002242,4,90,165,239,0,0,0,0,0,0,0,0,0,0,0,0,0,0,5,0,3,0,1,0,247,255,237,255,7,16,0,0
12.753,B,0.002151,4,90,165,239,0,0,0,0,0,0,0,0,0,0,0,0,0,0,9,0,4,0,0,0,238,255,243,255,5,16,0,0
12.753,B,0.002056,4,90,165,239,0,0,0,0,0,0,0,0,0,0,0,0,0,0,9,0,4,0,0,0,238,255,243,255,5,16,0,0
12.786,B,0.002365,4,90,165,239,0,0,0,0,0,0,0,0,0,0,0,0,0,0,26,0,15,0,47,0,137,255,153,255,24,16,0,0
12.801,B,0.002715,4,90,165,239,0,0,0,0,0,0,0,0,0,0,0,0,0,0,13,0,9,0,84,1,53,254,248,253,12,16,0,0
12.832,B,0.002546,4,90,165,239,0,0,0,0,0,0,0,0,0,0,0,0,0,0,212,255,250,0,164,2,137,1,87,0,108,17,0,0
12.848,B,0.002614,4,90,165,239,0,0,0,0,0,0,0,0,0,0,0,0,0,0,139,255,169,2,228,1,157,2,137,1,240,17,0,0
12.863,B,0.00235,4,90,165,239,0,0,0,0,0,0,0,0,0,0,0,0,0,0,168,255,54,3,135,1,76,1,217,0,170,17,0,0
12.878,B,0.002026,4,90,165,239,0,0,0,0,0,0,0,0,0,0,0,0,0,0,240,0,61,3,2,1,135,255,134,254,251,17,0,0
12.91,B,0.001862,4,90,165,239,0,0,0,0,0,0,0,0,0,0,0,0,0,0,194,5,85,2,128,255,134,254,69,253,100,19,0,0
12.925,B,0.002109,4,90,165,239,0,0,0,0,0,0,0,0,0,0,0,0,0,0,205,8,62,1,139,254,130,254,155,253,110,18,0,0
12.94,B,0.002117,4,90,165,239,0,0,0,0,0,0,0,0,0,0,0,0,0,0,92,11,132,255,251,253,240,254,155,254,40,16,0,0
12.973,B,0.002097,4,90,165,239,0,0,0,0,0,0,0,0,0,0,0,0,0,0,156,11,105,255,222,254,230,254,30,2,24,16,0,0
12.973,B,0.001847,4,90,165,239,0,0,0,0,0,0,0,0,0,0,0,0,0,0,156,11,105,255,222,254,230,254,30,2,24,16,0,0
13.004,B,0.002524,4,90,165,239,0,0,0,0,0,0,0,0,0,0,0,0,0,0,11,10,11,1,132,254,211,0,234,5,58,15,0,0
13.019,B,0.002505,4,90,165,239,0,0,0,0,0,0,0,0,0,0,0,0,0,0,21,9,166,1,64,254,31,0,142,6,142,14,0,0
13.052,B,0.002456,4,90,165,239,0,0,0,0,0,0,0,0,0,0,0,0,0,0,110,6,31,2,145,254,96,254,193,7,156,12,0,0
13.067,B,0.002263,4,90,165,239,0,0,0,0,0,0,0,0,0,0,0,0,0,0,177,4,47,2,254,254,41,254,112,8,197,11,0,0
13.083,B,0.002347,4,90,165,239,0,0,0,0,0,0,0,0,0,0,0,0,0,0,225,2,39,2,94,255,58,254,3,9,166,11,0,0
13.098,B,0.002208,4,90,165,239,0,0,0,0,0,0,0,0,0,0,0,0,0,0,187,1,43,2,132,255,98,254,219,8,188,12,0,0
13.13,B,0.002067,4,90,165,239,0,0,0,0,0,0,0,0,0,0,0,0,0,0,145,1,168,1,73,255,199,253,216,6,218,14,0,0
13.145,B,0.001819,4,90,165,239,0,0,0,0,0,0,0,0,0,0,0,0,0,0,76,2,143,0,50,255,17,253,125,6,75,14,0,0
13.161,B,0.001871,4,90,165,239,0,0,0,0,0,0,0,0,0,0,0,0,0,0,136,2,101,255,122,255,14,253,125,7,6,13,0,0
13.192,B,0.00218,4,90,165,239,0,0,0,0,0,0,0,0,0,0,0,0,0,0,23,2,128,254,178,255,211,251,170,7,89,14,0,0
13.207,B,0.002471,4,90,165,239,0,0,0,0,0,0,0,0,0,0,0,0,0,0,240,2,76,254,128,255,254,251,69,7,148,15,0,0
13.223,B,0.002542,4,90,165,239,0,0,0,0,0,0,0,0,0,0,0,0,0,0,26,3,93,254,79,255,198,254,108,8,218,14,0,0
13.238,B,0.002166,4,90,165,239,0,0,0,0,0,0,0,0,0,0,0,0,0,0,231,2,148,254,48,255,215,254,190,8,101,14,0,0
13.269,B,0.001916,4,90,165,239,0,0,0,0,0,0,0,0,0,0,0,0,0,0,254,2,88,254,53,255,26,254,199,8,211,13,0,0
13.285,B,0.002542,4,90,165,239,0,0,0,0,0,0,0,0,0,0,0,0,0,0,204,2,4,254,28,255,79,254,147,9,27,13,0,0
13.3,B,0.002899,4,90,165,239,0,0,0,0,0,0,0,0,0,0,0,0,0,0,134,2,179,253,7,255,92,254,189,9,35,13,0,0
13.332,B,0.002931,4,90,165,239,0,0,0,0,0,0,0,0,0,0,0,0,0,0,213,1,8,254,193,254,163,255,115,10,255,13,0,0
13.348,B,0.00281,4,90,165,239,0,0,0,0,0,0,0,0,0,0,0,0,0,0,118,1,100,254,167,254,30,255,252,9,220,13,0,0
13.363,B,0.002704,4,90,165,239,0,0,0,0,0,0,0,0,0,0,0,0,0,0,167,0,143,254,142,255,42,253,251,8,128,12,0,0
13.379,B,0.002193,4,90,165,239,0,0,0,0,0,0,0,0,0,0,0,0,0,0,88,0,139,254,242,255,92,253,96,9,207,12,0,0
13.409,B,0.00188,4,90,165,239,0,0,0,0,20,249,56,253,0,0,0,0,0,0,253,255,132,254,221,255,36,255,248,9,160,13,0,0
13.424,B,0.002145,4,90,165,239,0,0,0,0,176,245,56,253,0,0,0,0,0,0,228,255,160,254,226,255,74,255,185,9,25,14,0,0
13.439,B,0.002326,4,90,165,239,0,0,0,0,100,241,252,252,0,0,0,0,0,0,231,255,198,254,212,255,178,255,199,9,102,14,0,0
13.47,B,0.002394,4,90,165,239,0,0,0,0,36,238,76,252,0,0,0,0,0,0,254,0,110,254,214,255,207,254,190,8,182,14,0,0
13.486,B,0.002397,4,90,165,239,0,0,0,0,40,234,216,251,0,0,0,0,0,0,10,1,171,254,52,0,50,255,35,9,114,14,0,0
13.502,B,0.00227,4,90,165,239,0,0,0,0,48,221,12,251,0,0,0,0,0,0,169,0,161,255,76,0,231,0,145,10,201,14,0,0
13.533,B,0.001886,4,90,165,239,0,0,0,0,144,190,204,249,0,0,0,0,0,0,4,0,129,0,250,255,98,255,12,10,191,13,0,0
13.548,B,0.002384,4,90,165,239,0,0,0,0,92,179,124,253,0,0,0,0,0,0,119,0,250,255,5,0,102,254,200,8,191,13,0,0
13.565,B,0.00223,4,90,165,239,0,0,0,0,16,171,208,4,0,0,0,0,0,0,0,1,83,255,76,0,195,253,24,8,189,13,0,0
13.58,B,0.001792,4,90,165,239,0,0,0,0,164,163,52,17,0,0,0,0,0,0,173,1,161,254,130,0,65,254,226,8,21,14,0,0
13.612,B,0.001609,4,90,165,239,0,0,0,0,140,140,252,47,0,0,0,0,0,0,72,2,137,255,6,0,169,1,138,10,199,14,0,0
13.627,B,0.001583,4,90,165,239,0,0,0,0,76,153,84,48,0,0,0,0,0,0,37,2,143,255,137,255,243,255,62,11,235,12,0,0
13.643,B,0.00164,4,90,165,239,0,0,0,0,152,189,24,26,0,0,0,0,0,0,90,1,221,255,216,255,207,254,0,11,136,12,0,0
13.658,B,0.001879,4,90,165,239,0,0,0,0,248,1,96,248,0,0,0,0,0,0,163,0,44,0,30,0,24,254,197,10,168,12,0,0
13.689,B,0.002587,4,90,165,239,0,0,0,0,156,254,204,243,0,0,0,0,0,0,64,255,104,1,42,0,102,255,8,12,221,12,0,0
13.705,B,0.002502,4,90,165,239,0,0,0,0,28,0,228,248,0,0,0,0,0,0,74,254,55,2,87,0,114,0,43,11,33,13,0,0
13.721,B,0.002195,4,90,165,239,0,0,0,0,208,4,108,253,0,0,0,0,0,0,189,254,23,2,121,0,51,1,187,9,14,14,0,0
13.752,B,0.001774,4,90,165,239,0,0,0,0,108,0,4,0,0,0,0,0,0,0,160,0,22,1,80,0,210,255,38,9,134,14,0,0
13.768,B,0.001916,4,90,165,239,0,0,0,0,16,0,0,0,0,0,0,0,0,0,248,0,10,1,80,0,49,255,211,9,67,14,0,0
13.783,B,0.002125,4,90,165,239,0,0,0,0,16,0,0,0,0,0,0,0,0,0,236,0,3,1,60,0,21,255,253,10,116,12,0,0
13.799,B,0.002373,4,90,165,239,0,0,0,0,16,0,0,0,0,1,0,0,0,0,5,255,91,1,202,0,36,255,120,12,195,10,0,0
13.83,B,0.001772,4,90,165,239,0,0,0,0,16,0,0,0,0,1,0,0,0,0,187,254,194,0,137,0,170,254,90,10,247,12,0,0
13.846,B,0.001839,4,90,165,239,0,0,0,0,16,0,0,0,0,1,0,0,0,0,1,255,122,0,95,0,75,255,54,10,221,13,0,0
13.862,B,0.002106,4,90,165,239,0,0,0,0,16,0,0,0,0,1,0,0,0,0,222,255,104,0,45,0,65,255,168,9,130,15,0,0
13.893,B,0.002553,4,90,165,239,0,0,0,0,16,0,0,0,0,1,0,0,0,0,88,2,99,0,159,255,99,254,4,9,172,15,0,0
13.893,B,0.002682,4,90,165,239,0,0,0,0,16,0,0,0,0,1,0,0,0,0,88,2,99,0,159,255,99,254,4,9,172,15,0,0
13.924,B,0.002255,4,90,165,239,0,0,0,0,16,0,0,0,0,0,0,0,0,0,73,1,120,0,244,255,41,255,254,11,10,11,0,0
13.94,B,0.001931,4,90,165,239,0,0,0,0,16,0,0,0,0,0,0,0,0,0,149,0,23,0,188,255,100,254,233,11,83,11,0,0
13.972,B,0.001927,4,90,165,239,0,0,0,0,16,0,0,0,0,0,0,0,0,0,164,254,59,0,190,255,11,255,60,11,221,12,0,0
13.987,B,0.002019,4,90,165,239,0,0,0,0,16,0,0,0,0,0,0,0,0,0,230,254,110,0,218,255,103,255,139,10,2,14,0,0
14.003,B,0.002498,4,90,165,239,0,0,0,0,16,0,0,0,0,0,0,0,0,0,94,255,135,0,240,255,113,255,200,9,95,14,0,0
14.019,B,0.002962,4,90,165,239,0,0,0,0,16,0,0,0,0,0,0,0,0,0,136,255,116,0,244,255,110,255,142,9,28,14,0,0
14.05,B,0.002642,4,90,165,239,0,0,0,0,16,0,0,0,0,0,0,0,0,0,67,255,22,0,8,0,30,255,131,10,10,13,0,0
14.065,B,0.002261,4,90,165,239,0,0,0,0,16,0,0,0,0,0,0,0,0,0,51,255,19,0,11,0,240,254,77,10,179,13,0,0
14.081,B,0.001887,4,90,165,239,0,0,0,0,16,0,0,0,0,0,0,0,0,0,113,255,9,0,6,0,188,254,222,9,42,14,0,0
14.113,B,0.002085,4,90,165,239,0,0,0,0,16,0,0,0,0,0,0,0,0,0,48,0,240,255,239,255,185,254,234,9,22,14,0,0
14.113,B,0.002041,4,90,165,239,0,0,0,0,16,0,0,0,0,0,0,0,0,0,48,0,240,255,239,255,185,254,234,9,22,14,0,0
14.144,B,0.001675,4,90,165,239,0,0,0,0,16,0,0,0,0,0,0,0,0,0,80,0,232,255,3,0,213,254,94,10,87,13,0,0
14.159,B,0.001669,4,90,165,239,0,0,0,0,16,2,184,253,0,0,0,0,0,0,45,0,231,255,15,0,198,254,110,10,42,13,0,0
14.19,B,0.001887,4,90,165,239,0,0,0,0,244,24,88,246,0,0,0,0,0,0,131,255,245,255,23,0,14,255,221,10,21,13,0,0
14.205,B,0.001743,4,90,165,239,0,0,0,0,144,44,40,250,0,0,0,0,0,0,79,255,1,0,19,0,248,254,138,10,89,13,0,0
14.221,B,0.005264,4,90,165,239,0,0,0,0,80,61,112,0,0,0,0,0,0,0,82,255,246,255,4,0,208,254,74,10,144,13,0,0
14.253,B,0.003236,4,90,165,239,0,0,0,0,52,92,156,14,0,0,0,0,0,0,172,255,190,255,203,255,238,254,62,10,168,13,0,0
14.253,B,0.003639,4,90,165,239,0,0,0,0,64,93,32,15,0,0,0,0,0,0,173,255,189,255,202,255,231,254,61,10,159,13,0,0
14.284,B,0.002571,4,90,165,239,0,0,0,0,140,115,4,27,0,0,0,0,0,0,191,255,186,255,204,255,219,254,19,10,215,13,0,0
14.3,B,0.003205,4,90,165,239,0,0,0,0,255,127,60,35,0,0,0,0,0,0,228,255,196,255,191,255,4,255,8,10,242,13,0,0
14.331,B,0.002604,4,90,165,239,0,0,0,0,255,127,84,45,0,0,0,0,0,0,202,255,211,255,188,255,220,254,71,10,138,13,0,0
14.346,B,0.00304,4,90,165,239,0,0,0,0,255,127,152,44,0,0,0,0,0,0,182,255,223,255,191,255,236,254,38,10,145,13,0,0
14.362,B,0.002501,4,90,165,239,0,0,0,0,255,127,64,44,0,0,0,0,0,0,188,255,226,255,224,255,150,254,201,9,210,13,0,0
14.393,B,0.002801,4,90,165,239,0,0,0,0,255,127,28,45,0,0,0,0,0,0,224,255,231,255,246,255,243,254,59,10,185,13,0,0
14.393,B,0.003464,4,90,165,239,0,0,0,0,255,127,136,45,0,0,0,0,0,0,224,255,231,255,246,255,243,254,59,10,185,13,0,0
14.424,B,0.003615,4,90,165,239,0,0,0,0,255,127,212,52,0,0,0,0,0,0,193,255,245,255,27,0,182,254,221,9,188,13,0,0
14.44,B,0.002936,4,90,165,239,0,0,0,0,255,127,156,56,0,0,0,0,0,0,203,255,247,255,25,0,241,254,0,10,236,13,0,0
14.47,B,0.002803,4,90,165,239,0,0,0,0,255,127,72,65,0,0,0,0,0,0,216,255,3,0,39,0,219,254,244,9,202,13,0,0
14.485,B,0.002577,4,90,165,239,0,0,0,0,255,127,252,68,0,0,0,0,0,0,227,255,4,0,56,0,207,254,229,9,198,13,0,0
14.502,B,0.003078,4,90,165,239,0,0,0,0,255,127,204,72,0,0,0,0,0,0,220,255,12,0,63,0,233,254,2,10,188,13,0,0
14.533,B,0.003564,4,90,165,239,0,0,0,0,255,127,156,81,0,0,0,0,0,0,209,255,10,0,73,0,212,254,217,9,209,13,0,0
14.533,B,0.004238,4,90,165,239,0,0,0,0,204,127,152,82,0,0,0,0,0,0,209,255,10,0,73,0,212,254,217,9,209,13,0,0
14.564,B,0.003869,4,90,165,239,0,0,0,0,196,122,240,89,0,0,0,0,0,0,16,0,5,0,32,0,14,255,231,9,22,14,0,0
14.579,B,0.005026,4,90,165,239,0,0,0,0,228,121,24,91,0,0,0,0,0,0,26,0,2,0,24,0,227,254,245,9,208,13,0,0
14.61,B,0.004723,4,90,165,239,0,0,0,0,172,118,56,85,0,0,0,0,0,0,74,0,241,255,8,0,30,255,5,10,217,13,0,0
14.626,B,0.003877,4,90,165,239,0,0,0,0,156,85,24,54,0,0,0,0,0,0,35,0,254,255,249,255,48,255,116,10,102,13,0,0
14.642,B,0.003587,4,90,165,239,0,0,0,0,32,45,244,21,0,0,0,0,0,0,215,255,2,0,0,0,216,254,96,10,35,13,0,0
14.674,B,0.004322,4,90,165,239,0,0,0,0,176,5,60,248,0,0,0,0,0,0,189,255,5,0,240,255,90,255,152,10,126,13,0,0
14.674,B,0.002758,4,90,165,239,0,0,0,0,176,5,60,248,0,0,0,0,0,0,189,255,5,0,240,255,90,255,152,10,126,13,0,0
14.705,B,0.00468,4,90,165,239,0,0,0,0,184,10,56,253,0,0,0,0,0,0,236,255,228,255,238,255,226,254,186,9,45,14,0,0
14.721,B,0.006516,4,90,165,239,0,0,0,0,204,253,200,0,0,0,0,0,0,0,35,0,244,255,248,255,251,254,142,9,85,14,0,0
14.751,B,0.003273,4,90,165,239,0,0,0,0,64,0,224,255,0,0,0,0,0,0,87,0,245,255,1,0,251,254,249,9,185,13,0,0
14.767,B,0.004096,4,90,165,239,0,0,0,0,8,0,244,255,0,0,0,0,0,0,86,0,236,255,3,0,234,254,19,10,179,13,0,0
14.783,B,0.003363,4,90,165,239,0,0,0,0,8,0,244,255,0,0,0,0,0,0,76,0,237,255,5,0,21,255,35,10,171,13,0,0
14.798,B,0.005745,4,90,165,239,0,0,0,0,8,0,244,255,0,0,0,0,0,0,69,0,235,255,252,255,17,255,45,10,165,13,0,0
14.829,B,0.003383,4,90,165,239,0,0,0,0,8,0,244,255,0,0,0,0,0,0,0,0,244,255,255,255,244,254,98,10,72,13,0,0
14.844,B,0.004399,4,90,165,239,0,0,0,0,8,0,244,255,0,0,0,0,0,0,189,255,253,255,8,0,247,254,90,10,105,13,0,0
14.859,B,0.003635,4,90,165,239,0,0,0,0,8,0,244,255,0,0,0,0,0,0,183,255,5,0,8,0,22,255,14,10,188,13,0,0
14.89,B,0.003183,4,90,165,239,0,0,0,0,8,0,244,255,0,0,0,0,0,0,29,255,27,0,44,0,218,254,79,10,26,13,0,0
14.906,B,0.004364,4,90,165,239,0,0,0,0,8,0,244,255,32,0,0,0,0,0,26,255,17,0,40,0,26,255,223,9,241,13,0,0
14.921,B,0.0036,4,90,165,239,0,0,0,0,8,0,244,255,32,0,0,0,0,0,23,255,23,0,36,0,15,255,27,10,180,13,0,0
14.953,B,0.00316,4,90,165,239,0,0,0,0,8,0,244,255,32,0,0,0,0,0,109,255,234,255,244,255,5,255,65,9,208,14,0,0
14.953,B,0.005852,4,90,165,239,0,0,0,0,8,0,244,255,32,0,0,0,0,0,109,255,234,255,244,255,5,255,65,9,208,14,0,0
14.984,B,0.003176,4,90,165,239,0,0,0,0,8,0,244,255,32,0,0,0,0,0,186,0,190,255,188,255,25,255,78,9,170,14,0,0
15.0,B,0.004133,4,90,165,239,44,254,88,0,8,0,244,255,0,0,0,0,0,0,157,0,201,255,200,255,242,254,40,10,102,13,0,0
15.032,B,0.004181,4,90,165,239,236,242,216,0,8,0,244,255,0,0,0,0,0,0,78,0,179,255,191,255,133,255,135,9,4,14,0,0
15.048,B,0.004445,4,90,165,239,228,232,168,253,8,0,244,255,0,0,0,0,0,0,34,0,229,255,204,255,113,255,130,10,65,13,0,0
15.063,B,0.005021,4,90,165,239,80,224,32,246,8,0,244,255,0,0,0,0,0,0,179,255,0,0,251,255,152,254,241,10,196,12,0,0
15.079,B,0.005307,4,90,165,239,64,216,16,237,8,0,244,255,0,0,0,0,0,0,116,255,16,0,21,0,102,254,248,9,184,13,0,0
15.11,B,0.005009,4,90,165,239,92,200,24,220,220,255,252,255,0,0,0,0,0,0,224,255,16,0,19,0,244,254,149,9,8,14,0,0
15.126,B,0.003321,4,90,165,239,196,197,176,209,220,255,252,255,0,0,0,0,0,0,216,255,17,0,28,0,1,255,228,9,188,13,0,0
15.141,B,0.003073,4,90,165,239,136,196,12,195,220,255,252,255,0,0,0,0,0,0,200,255,10,0,21,0,28,255,231,9,201,13,0,0
15.173,B,0.003619,4,90,165,239,116,195,16,176,220,255,252,255,0,0,0,0,0,0,169,255,22,0,30,0,10,255,204,9,231,13,0,0
15.173,B,0.003999,4,90,165,239,116,195,16,176,220,255,252,255,0,0,0,0,0,0,169,255,22,0,30,0,10,255,204,9,231,13,0,0
15.205,B,0.003168,4,90,165,239,60,190,232,169,220,255,252,255,0,0,0,0,0,0,235,255,13,0,23,0,34,255,175,9,52,14,0,0
15.22,B,0.003076,4,90,165,239,92,185,92,164,220,255,252,255,0,0,0,0,0,0,21,0,6,0,6,0,10,255,172,9,41,14,0,0
15.252,B,0.002553,4,90,165,239,212,177,120,153,220,255,252,255,0,0,0,0,0,0,221,255,10,0,24,0,9,255,5,10,136,13,0,0
15.268,B,0.003202,4,90,165,239,112,173,12,148,220,255,252,255,0,0,0,0,0,0,163,255,20,0,40,0,4,255,254,9,143,13,0,0
15.284,B,0.004065,4,90,165,239,120,169,192,142,220,255,252,255,0,0,0,0,0,0,128,255,27,0,40,0,28,255,226,9,192,13,0,0
15.299,B,0.002892,4,90,165,239,248,166,140,139,220,255,252,255,0,0,0,0,0,0,158,255,21,0,32,0,10,255,143,9,64,14,0,0
15.331,B,0.003159,4,90,165,239,208,166,152,139,220,255,252,255,0,0,0,0,0,0,242,255,14,0,38,0,16,255,148,9,37,14,0,0
15.347,B,0.002516,4,90,165,239,212,164,112,141,220,255,252,255,0,0,0,0,0,0,217,255,20,0,30,0,24,255,229,9,193,13,0,0
15.362,B,0.003059,4,90,165,239,196,159,0,146,220,255,252,255,0,0,0,0,0,0,220,255,10,0,36,0,236,254,147,9,228,13,0,0
15.394,B,0.002809,4,90,165,239,132,153,152,152,220,255,252,255,0,0,0,0,0,0,203,255,13,0,34,0,22,255,177,9,249,13,0,0
15.394,B,0.003073,4,90,165,239,132,153,152,152,220,255,252,255,0,0,0,0,0,0,203,255,13,0,34,0,22,255,177,9,249,13,0,0
15.425,B,0.002788,4,90,165,239,32,147,40,160,220,255,252,255,0,0,0,0,0,0,33,0,255,255,8,0,22,255,113,9,92,14,0,0
15.44,B,0.003161,4,90,165,239,60,144,244,163,220,255,252,255,0,0,0,0,0,0,83,0,246,255,250,255,14,255,123,9,66,14,0,0
15.472,B,0.003191,4,90,165,239,244,139,188,169,220,255,252,255,0,0,0,0,0,0,83,0,244,255,253,255,7,255,210,9,183,13,0,0
15.487,B,0.003298,4,90,165,239,196,138,136,171,220,255,252,255,0,0,0,0,0,0,31,0,248,255,2,0,4,255,247,9,150,13,0,0
15.503,B,0.003853,4,90,165,239,56,137,32,174,220,255,252,255,0,0,0,0,0,0,6,0,255,255,8,0,8,255,209,9,205,13,0,0
15.518,B,0.003428,4,90,165,239,208,135,36,176,220,255,252,255,0,0,0,0,0,0,17,0,246,255,7,0,3,255,158,9,19,14,0,0
15.549,B,0.002747,4,90,165,239,244,130,36,184,220,255,252,255,0,0,0,0,0,0,55,0,251,255,253,255,38,255,194,9,254,13,0,0
15.564,B,0.003777,4,90,165,239,56,128,216,188,220,255,252,255,0,0,0,0,0,0,44,0,254,255,253,255,37,255,219,9,207,13,0,0
15.58,B,0.003416,4,90,165,239,0,128,252,192,220,255,252,255,0,0,0,0,0,0,32,0,253,255,252,255,24,255,219,9,206,13,0,0
15.611,B,0.003243,4,90,165,239,0,128,240,192,220,255,252,255,0,0,0,0,0,0,2,0,254,255,11,0,4,255,198,9,187,13,0,0
15.627,B,0.003969,4,90,165,239,0,128,240,192,220,255,252,255,0,0,0,0,0,0,8,0,1,0,12,0,22,255,206,9,0,14,0,0
15.643,B,0.003094,4,90,165,239,0,128,200,192,220,255,252,255,0,0,0,0,0,0,6,0,254,255,7,0,17,255,211,9,210,13,0,0
15.659,B,0.00305,4,90,165,239,0,128,200,192,220,255,252,255,0,0,0,0,0,0,254,255,254,255,4,0,22,255,218,9,200,13,0,0
15.69,B,0.003467,4,90,165,239,0,128,156,192,220,255,252,255,0,0,0,0,0,0,255,255,0,0,2,0,25,255,183,9,15,14,0,0
15.706,B,0.003946,4,90,165,239,0,128,116,192,220,255,252,255,0,0,0,0,0,0,3,0,2,0,253,255,29,255,196,9,247,13,0,0
15.722,B,0.003068,4,90,165,239,0,128,36,193,220,255,252,255,0,0,0,0,0,0,254,255,0,0,252,255,22,255,215,9,213,13,0,0
15.753,B,0.003644,4,90,165,239,220,129,32,203,220,255,252,255,0,0,0,0,0,0,3,0,246,255,0,0,6,255,173,9,253,13,0,0
15.753,B,0.003352,4,90,165,239,84,130,40,204,220,255,252,255,0,0,0,0,0,0,10,0,246,255,255,255,11,255,169,9,14,14,0,0
15.784,B,0.003284,4,90,165,239,212,142,172,225,220,255,252,255,0,0,0,0,0,0,10,0,245,255,1,0,25,255,218,9,182,13,0,0
15.8,B,0.005779,4,90,165,239,120,157,60,238,0,0,28,0,0,0,0,0,0,0,243,255,241,255,254,255,24,255,226,9,188,13,0,0
15.83,B,0.004411,4,90,165,239,144,202,156,252,0,0,28,0,0,0,0,0,0,0,7,0,241,255,248,255,25,255,182,9,19,14,0,0
15.846,B,0.004591,4,90,165,239,76,227,136,253,0,0,28,0,0,0,0,0,0,0,7,0,5,0,237,255,115,255,219,9,9,14,0,0
15.862,B,0.003819,4,90,165,239,88,250,164,251,0,0,28,0,0,0,0,0,0,0,13,0,248,255,247,255,201,254,177,9,215,13,0,0
15.892,B,0.007813,4,90,165,239,156,0,144,4,0,0,28,0,0,0,0,0,0,0,241,255,3,0,241,255,32,255,220,9,210,13,0,0
15.893,B,0.009428,4,90,165,239,204,0,56,4,0,0,28,0,0,0,0,0,0,0,241,255,3,0,241,255,32,255,220,9,210,13,0,0
15.923,B,0.005521,4,90,165,239,172,255,72,255,0,0,28,0,0,0,0,0,0,0,6,0,253,255,243,255,252,254,181,9,246,13,0,0
15.938,B,0.006772,4,90,165,239,16,0,224,255,0,0,28,0,0,0,0,0,0,0,0,0,245,255,247,255,251,254,221,9,183,13,0,0
15.97,B,0.006758,4,90,165,239,16,0,224,255,0,0,28,0,0,0,0,0,0,0,240,255,250,255,246,255,22,255,191,9,238,13,0,0
15.986,B,0.004692,4,90,165,239,16,0,224,255,0,0,28,0,0,0,0,0,0,0,248,255,244,255,248,255,16,255,189,9,227,13,0,0
16.001,B,0.00485,4,90,165,239,16,0,224,255,0,0,28,0,0,0,0,0,0,0,244,255,238,255,249,255,23,255,205,9,219,13,0,0
16.033,B,0.005136,4,90,165,239,16,0,224,255,0,0,28,0,0,0,0,0,0,0,14,0,239,255,247,255,50,255,172,9,25,14,0,0
16.033,B,0.005494,4,90,165,239,16,0,224,255,0,0,28,0,0,0,0,0,0,0,14,0,239,255,247,255,50,255,172,9,25,14,0,0
16.064,B,0.00638,4,90,165,239,16,0,224,255,0,0,28,0,0,0,0,0,0,0,89,0,254,255,234,255,33,255,162,9,54,14,0,0
16.079,B,0.004222,4,90,165,239,16,0,224,255,0,0,28,0,0,0,0,0,0,0,77,0,249,255,244,255,250,254,209,9,164,13,0,0
16.11,B,0.004666,4,90,165,239,16,0,224,255,0,0,28,0,0,0,0,0,0,0,43,0,250,255,3,0,26,255,210,9,232,13,0,0
16.126,B,0.005387,4,90,165,239,16,0,224,255,0,0,28,0,0,0,0,0,0,0,46,0,252,255,10,0,20,255,189,9,224,13,0,0
16.141,B,0.004222,4,90,165,239,16,0,224,255,0,0,28,0,0,0,0,0,0,0,11,0,7,0,14,0,32,255,7,10,151,13,0,0
16.172,B,0.005513,4,90,165,239,16,0,224,255,0,0,28,0,0,1,0,0,0,0,193,255,24,0,22,0,41,255,62,10,80,13,0,0
16.188,B,0.006653,4,90,165,239,16,0,224,255,0,0,28,0,0,1,0,0,0,0,235,255,0,0,13,0,14,255,127,9,75,14,0,0
16.204,B,0.0052,4,90,165,239,16,0,224,255,0,0,28,0,0,1,0,0,0,0,54,0,248,255,9,0,26,255,123,9,120,14,0,0
16.219,B,0.005137,4,90,165,239,16,0,224,255,0,0,28,0,0,0,0,0,0,0,123,0,234,255,250,255,23,255,154,9,84,14,0,0
16.251,B,0.004727,4,90,165,239,16,0,224,255,0,0,28,0,0,0,0,0,0,0,147,0,228,255,236,255,88,255,209,9,7,14,0,0
16.267,B,0.00511,4,90,165,239,16,0,224,255,0,0,28,0,0,0,0,0,0,0,119,0,239,255,239,255,44,255,51,10,141,13,0,0
16.283,B,0.006074,4,90,165,239,16,0,224,255,0,0,28,0,0,0,0,0,0,0,71,0,234,255,244,255,31,255,58,10,92,13,0,0
16.298,B,0.006055,4,90,165,239,152,255,244,255,0,0,28,0,0,0,0,0,0,0,33,0,252,255,243,255,78,255,50,10,165,13,0,0
16.331,B,0.004492,4,90,165,239,0,255,28,0,0,0,28,0,0,0,0,0,0,0,245,255,1,0,245,255,12,255,20,10,148,13,0,0
16.346,B,0.006583,4,90,165,239,0,255,28,0,0,0,28,0,0,0,0,0,0,0,199,255,254,255,1,0,20,255,26,10,112,13,0,0
16.362,B,0.006224,4,90,165,239,64,255,76,0,0,0,28,0,0,0,0,0,0,0,219,255,252,255,3,0,43,255,203,9,13,14,0,0
16.392,B,0.006593,4,90,165,239,184,2,24,2,0,0,28,0,0,0,0,0,0,0,63,0,224,255,232,255,48,255,247,9,2,14,0,0
16.407,B,0.005053,4,90,165,239,184,15,136,6,0,0,28,0,0,0,0,0,0,0,68,0,200,255,219,255,18,255,25,10,134,13,0,0
16.423,B,0.006206,4,90,165,239,188,31,100,12,0,0,28,0,0,0,0,0,0,0,61,0,186,255,211,255,28,255,31,10,139,13,0,0
16.438,B,0.003808,4,90,165,239,228,50,168,21,0,0,28,0,0,0,0,0,0,0,132,0,167,255,181,255,72,255,204,9,60,14,0,0
16.469,B,0.006567,4,90,165,239,8,72,232,41,0,0,28,0,0,0,0,0,0,0,202,0,189,255,197,255,64,255,169,9,39,14,0,0
16.484,B,0.005039,4,90,165,239,108,80,84,54,0,0,28,0,0,0,0,0,0,0,204,0,172,255,200,255,18,255,60,10,111,13,0,0
16.5,B,0.004677,4,90,165,239,224,80,152,64,0,0,28,0,0,0,0,0,0,0,162,0,181,255,206,255,48,255,133,10,81,13,0,0
16.531,B,0.005367,4,90,165,239,140,70,184,96,0,0,28,0,0,0,0,0,0,0,92,0,188,255,225,255,64,255,133,10,86,13,0,0
16.546,B,0.004247,4,90,165,239,208,63,216,108,0,0,28,0,0,0,0,0,0,0,58,0,187,255,212,255,102,255,169,10,89,13,0,0
16.561,B,0.005562,4,90,165,239,128,51,204,125,0,0,28,0,0,0,0,0,0,0,64,0,176,255,183,255,106,255,93,10,169,13,0,0
16.592,B,0.004411,4,90,165,239,8,27,255,127,0,0,28,0,0,0,0,0,0,0,18,0,204,255,204,255,112,255,143,10,72,13,0,0
16.607,B,0.005309,4,90,165,239,136,25,255,127,0,0,28,0,0,0,0,0,0,0,233,255,233,255,209,255,114,255,102,10,146,13,0,0
16.623,B,0.004276,4,90,165,239,12,25,255,127,0,0,28,0,0,0,0,0,0,0,33,0,227,255,206,255,39,255,255,9,20,14,0,0
16.638,B,0.004307,4,90,165,239,168,24,255,127,0,0,28,0,0,0,0,0,0,0,59,0,233,255,210,255,54,255,57,10,181,13,0,0
16.669,B,0.004844,4,90,165,239,168,24,255,127,0,0,28,0,0,0,0,0,0,0,48,0,249,255,228,255,58,255,76,10,160,13,0,0
16.685,B,0.003555,4,90,165,239,100,24,255,127,0,0,28,0,0,0,0,0,0,0,51,0,253,255,236,255,49,255,73,10,169,13,0,0
16.701,B,0.00426,4,90,165,239,28,24,255,127,0,0,28,0,0,0,0,0,0,0,22,0,4,0,250,255,62,255,125,10,89,13,0,0
16.732,B,0.003187,4,90,165,239,152,7,16,37,0,0,28,0,0,0,0,0,0,0,173,255,40,0,29,0,63,255,68,10,155,13,0,0
16.747,B,0.004674,4,90,165,239,200,253,140,243,0,0,28,0,0,0,0,0,0,0,46,0,9,0,25,0,31,255,200,9,101,14,0,0
16.762,B,0.004609,4,90,165,239,180,5,32,232,0,0,28,0,0,0,0,0,0,0,14,0,40,0,249,255,167,255,187,10,95,13,0,0
16.794,B,0.003587,4,90,165,239,84,1,220,250,0,0,28,0,0,0,0,0,0,0,5,0,21,0,12,0,83,255,137,10,55,13,0,0
16.794,B,0.003365,4,90,165,239,84,1,220,250,0,0,28,0,0,0,0,0,0,0,5,0,21,0,12,0,83,255,137,10,55,13,0,0
16.825,B,0.005812,4,90,165,239,164,248,68,2,0,0,28,0,0,0,0,0,0,0,232,255,18,0,19,0,48,255,103,10,108,13,0,0
16.841,B,0.005222,4,90,165,239,132,2,116,255,0,0,28,0,0,0,0,0,0,0,212,255,22,0,24,0,69,255,94,10,124,13,0,0
16.872,B,0.004365,4,90,165,239,248,255,244,255,0,0,28,0,0,0,0,0,0,0,255,255,15,0,16,0,55,255,68,10,197,13,0,0
16.888,B,0.00471,4,90,165,239,248,255,244,255,0,0,28,0,0,0,0,0,0,0,8,0,7,0,9,0,64,255,102,10,139,13,0,0
16.905,B,0.005671,4,90,165,239,248,255,244,255,0,0,28,0,0,0,0,0,0,0,244,255,9,0,9,0,63,255,115,10,114,13,0,0
16.92,B,0.005927,4,90,165,239,248,255,244,255,0,0,28,0,0,0,0,0,0,0,239,255,12,0,12,0,50,255,101,10,128,13,0,0
16.953,B,0.004253,4,90,165,239,248,255,244,255,0,0,28,0,0,0,0,0,0,0,143,255,20,0,27,0,79,255,125,10,72,13,0,0
16.953,B,0.006413,4,90,165,239,248,255,244,255,0,0,28,0,0,0,0,0,0,0,143,255,20,0,27,0,79,255,125,10,72,13,0,0
16.983,B,0.007047,4,90,165,239,248,255,244,255,0,0,28,0,0,1,0,0,0,0,220,255,6,0,12,0,50,255,6,10,247,13,0,0
16.999,B,0.006309,4,90,165,239,248,255,244,255,0,0,28,0,0,1,0,0,0,0,34,0,0,0,3,0,58,255,253,9,10,14,0,0
17.029,B,0.006877,4,90,165,239,248,255,244,255,0,0,28,0,0,1,0,0,0,0,5,0,9,0,6,0,55,255,101,10,124,13,0,0
17.046,B,0.011659,4,90,165,239,248,255,244,255,0,0,28,0,0,1,0,0,0,0,13,0,3,0,3,0,40,255,59,10,169,13,0,0
17.06,B,0.009199,4,90,165,239,248,255,244,255,0,0,28,0,0,0,0,0,0,0,0,0,8,0,8,0,64,255,96,10,131,13,0,0
17.091,B,0.016613,4,90,165,239,248,255,244,255,0,0,28,0,0,0,0,0,0,0,24,0,3,0,0,0,61,255,77,10,161,13,0,0
17.107,B,0.016216,4,90,165,239,248,255,244,255,0,0,28,0,0,0,0,0,0,0,11,0,3,0,0,0,68,255,113,10,117,13,0,0
17.122,B,0.009493,4,90,165,239,248,255,244,255,0,0,28,0,0,0,0,0,0,0,20,0,254,255,249,255,66,255,71,10,146,13,0,0
17.153,B,0.016466,4,90,165,239,248,255,244,255,0,0,28,0,0,0,0,0,0,0,224,255,6,0,6,0,57,255,115,10,97,13,0,0
17.153,B,0.006607,4,90,165,239,248,255,244,255,0,0,28,0,0,0,0,0,0,0,224,255,6,0,6,0,57,255,115,10,97,13,0,0
17.185,B,0.009057,4,90,165,239,248,255,244,255,0,0,28,0,0,0,0,0,0,0,189,255,8,0,18,0,37,255,53,10,182,13,0,0
17.199,B,0.011425,4,90,165,239,248,255,244,255,0,0,28,0,0,0,0,0,0,0,219,255,8,0,12,0,75,255,41,10,218,13,0,0
17.231,B,0.012815,4,90,165,239,248,255,244,255,0,0,28,0,0,0,0,0,0,0,219,255,9,0,12,0,38,255,64,10,137,13,0,0
17.247,B,0.011453,4,90,165,239,248,255,244,255,0,0,28,0,0,0,0,0,0,0,214,255,6,0,15,0,52,255,76,10,150,13,0,0
17.264,B,0.008964,4,90,165,239,248,255,244,255,0,0,28,0,0,0,0,0,0,0,221,255,8,0,4,0,85,255,57,10,188,13,0,0
17.279,B,0.009746,4,90,165,239,248,255,244,255,0,0,28,0,0,0,0,0,0,0,225,255,11,0,3,0,62,255,52,10,165,13,0,0
17.31,B,0.004598,4,90,165,239,248,255,244,255,0,0,28,0,0,0,0,0,0,0,214,255,8,0,9,0,57,255,69,10,143,13,0,0
17.326,B,0.003884,4,90,165,239,248,255,244,255,0,0,28,0,0,0,0,0,0,0,200,255,11,0,11,0,55,255,82,10,124,13,0,0
17.342,B,0.004946,4,90,165,239,248,255,244,255,0,0,28,0,0,0,0,0,0,0,171,255,10,0,14,0,58,255,86,10,112,13,0,0
17.374,B,0.005285,4,90,165,239,248,255,244,255,0,0,28,0,0,0,0,0,0,0,106,255,21,0,25,0,48,255,48,10,167,13,0,0
17.374,B,0.008181,4,90,165,239,248,255,244,255,0,0,28,0,0,0,0,0,0,0,106,255,21,0,25,0,48,255,48,10,167,13,0,0
17.405,B,0.004751,4,90,165,239,248,255,244,255,0,0,28,0,0,0,0,0,0,0,165,255,11,0,15,0,65,255,225,9,7,14,0,0
17.421,B,0.004294,4,90,165,239,248,255,244,255,0,0,28,0,0,0,0,0,0,0,197,255,7,0,4,0,75,255,243,9,246,13,0,0
17.452,B,0.005198,4,90,165,239,248,255,244,255,0,0,28,0,0,0,0,0,0,0,245,255,2,0,2,0,61,255,214,9,246,13,0,0
17.468,B,0.005742,4,90,165,239,248,255,244,255,0,0,28,0,0,0,0,0,0,0,10,0,5,0,253,255,58,255,247,9,227,13,0,0
17.483,B,0.004148,4,90,165,239,248,255,244,255,0,0,28,0,0,0,0,0,0,0,29,0,5,0,4,0,31,255,223,9,235,13,0,0
17.499,B,0.006299,4,90,165,239,248,255,244,255,112,3,176,253,0,0,0,0,0,0,47,0,5,0,9,0,56,255,241,9,214,13,0,0
17.53,B,0.00382,4,90,165,239,248,255,244,255,168,30,64,249,0,0,0,0,0,0,147,255,20,0,37,0,7,255,131,10,16,13,0,0
17.546,B,0.005947,4,90,165,239,248,255,244,255,116,55,236,10,0,0,0,0,0,0,126,255,14,0,38,0,68,255,16,10,184,13,0,0
17.562,B,0.0061,4,90,165,239,248,255,244,255,52,75,224,34,0,0,0,0,0,0,156,255,20,0,23,0,82,255,215,9,43,14,0,0
17.593,B,0.006628,4,90,165,239,248,255,244,255,164,103,224,70,0,0,0,0,0,0,11,0,9,0,14,0,40,255,171,9,41,14,0,0
17.593,B,0.010886,4,90,165,239,248,255,244,255,100,104,164,71,0,0,0,0,0,0,20,0,8,0,16,0,39,255,195,9,9,14,0,0
17.625,B,0.011072,4,90,165,239,248,255,244,255,24,120,0,93,0,0,0,0,0,0,27,0,14,0,20,0,51,255,236,9,219,13,0,0
17.64,B,0.010015,4,90,165,239,248,255,244,255,24,120,236,92,0,0,0,0,0,0,14,0,16,0,26,0,65,255,26,10,180,13,0,0
17.672,B,0.010006,4,90,165,239,248,255,244,255,172,120,76,92,0,0,0,0,0,0,250,255,20,0,23,0,71,255,7,10,215,13,0,0
17.688,B,0.006411,4,90,165,239,248,255,244,255,24,121,4,92,0,0,0,0,0,0,2,0,14,0,16,0,52,255,235,9,215,13,0,0
17.704,B,0.007664,4,90,165,239,248,255,244,255,144,121,72,91,0,0,0,0,0,0,35,0,7,0,15,0,41,255,204,9,246,13,0,0
17.72,B,0.006983,4,90,165,239,248,255,244,255,56,122,104,90,0,0,0,0,0,0,41,0,12,0,19,0,68,255,252,9,213,13,0,0
17.752,B,0.00531,4,90,165,239,248,255,244,255,76,123,0,89,0,0,0,0,0,0,36,0,10,0,33,0,49,255,3,10,170,13,0,0
17.768,B,0.00497,4,90,165,239,60,0,212,255,232,123,12,88,0,0,0,0,0,0,17,0,13,0,24,0,74,255,53,10,162,13,0,0
17.784,B,0.007257,4,90,165,239,60,0,212,255,108,124,108,87,0,0,0,0,0,0,0,0,17,0,26,0,71,255,23,10,171,13,0,0
17.799,B,0.005323,4,90,165,239,60,0,212,255,124,124,48,87,0,0,0,0,0,0,243,255,17,0,28,0,46,255,22,10,173,13,0,0
17.83,B,0.006211,4,90,165,239,4,0,220,255,160,124,32,87,0,0,0,0,0,0,215,255,20,0,37,0,58,255,18,10,191,13,0,0
17.846,B,0.009854,4,90,165,239,4,0,220,255,160,124,32,87,0,0,0,0,0,0,227,255,11,0,30,0,59,255,254,9,211,13,0,0
17.862,B,0.008283,4,90,165,239,4,0,220,255,160,124,32,87,0,0,0,0,0,0,232,255,11,0,28,0,74,255,11,10,193,13,0,0
17.892,B,0.015048,4,90,165,239,4,0,220,255,96,124,96,87,0,0,0,0,0,0,219,255,7,0,14,0,54,255,10,10,182,13,0,0
17.908,B,0.007606,4,90,165,239,4,0,220,255,252,123,160,87,0,0,0,0,0,0,246,255,254,255,1,0,67,255,233,9,12,14,0,0
17.924,B,0.00717,4,90,165,239,4,0,220,255,60,118,156,86,0,0,0,0,0,0,52,0,243,255,239,255,74,255,206,9,55,14,0,0
17.94,B,0.01131,4,90,165,239,4,0,220,255,40,75,88,54,0,0,0,0,0,0,40,0,251,255,247,255,66,255,19,10,152,13,0,0
17.972,B,0.009204,4,90,165,239,4,0,220,255,52,7,128,35,0,0,0,0,0,0,24,0,3,0,1,0,188,255,71,10,242,13,0,0
17.987,B,0.012402,4,90,165,239,4,0,220,255,88,7,80,220,0,0,0,0,0,0,201,255,253,255,238,255,27,255,76,10,31,13,0,0
18.003,B,0.010582,4,90,165,239,4,0,220,255,8,4,204,243,0,0,0,0,0,0,223,255,17,0,15,0,45,255,225,9,39,14,0,0
18.019,B,0.014309,4,90,165,239,4,0,220,255,32,255,36,0,0,0,0,0,0,0,226,255,246,255,252,255,90,255,241,9,204,13,0,0
18.05,B,0.02361,4,90,165,239,4,0,220,255,200,7,140,246,0,0,0,0,0,0,7,0,252,255,251,255,73,255,253,9,226,13,0,0
18.065,B,0.014703,4,90,165,239,4,0,220,255,28,7,36,252,0,0,0,0,0,0,252,255,255,255,250,255,80,255,5,10,176,13,0,0
18.08,B,0.014392,4,90,165,239,4,0,220,255,72,253,212,1,0,0,0,0,0,0,236,255,0,0,251,255,67,255,19,10,175,13,0,0
18.112,B,0.006758,4,90,165,239,4,0,220,255,164,0,220,255,0,0,0,0,0,0,220,255,6,0,2,0,58,255,248,9,207,13,0,0
18.127,B,0.009309,4,90,165,239,4,0,220,255,164,0,220,255,0,0,0,0,0,0,233,255,6,0,6,0,51,255,215,9,235,13,0,0
18.143,B,0.004902,4,90,165,239,4,0,220,255,164,0,220,255,0,0,0,0,0,0,254,255,6,0,4,0,65,255,222,9,3,14,0,0
18.158,B,0.006167,4,90,165,239,4,0,220,255,164,0,220,255,0,0,0,0,0,0,5,0,7,0,7,0,56,255,236,9,208,13,0,0
18.19,B,0.004493,4,90,165,239,4,0,220,255,140,0,16,0,0,0,0,0,0,0,246,255,9,0,12,0,52,255,255,9,204,13,0,0
18.207,B,0.004268,4,90,165,239,4,0,220,255,88,0,28,0,0,0,0,0,0,0,251,255,7,0,12,0,50,255,228,9,218,13,0,0
18.222,B,0.003179,4,90,165,239,4,0,220,255,88,0,28,0,0,0,0,0,0,0,252,255,8,0,15,0,53,255,238,9,211,13,0,0
18.254,B,0.003923,4,90,165,239,4,0,220,255,104,255,72,0,0,0,0,0,0,0,249,255,6,0,12,0,75,255,251,9,209,13,0,0
18.254,B,0.005004,4,90,165,239,4,0,220,255,104,255,72,0,0,0,0,0,0,0,251,255,6,0,12,0,75,255,248,9,216,13,0,0
18.284,B,0.002872,4,90,165,239,4,0,220,255,204,253,88,0,0,0,0,0,0,0,247,255,3,0,9,0,53,255,6,10,179,13,0,0
18.3,B,0.003567,4,90,165,239,4,0,220,255,4,251,192,0,0,0,0,0,0,0,234,255,4,0,6,0,62,255,10,10,190,13,0,0
18.332,B,0.003291,4,90,165,239,4,0,220,255,68,242,164,1,0,0,0,0,0,0,8,0,5,0,2,0,49,255,227,9,235,13,0,0
18.347,B,0.002492,4,90,165,239,4,0,220,255,176,235,8,1,0,0,0,0,0,0,251,255,9,0,5,0,67,255,7,10,171,13,0,0
18.363,B,0.002319,4,90,165,239,4,0,220,255,160,224,124,253,0,0,0,0,0,0,236,255,7,0,6,0,57,255,11,10,170,13,0,0
18.378,B,0.002799,4,90,165,239,4,0,220,255,228,210,152,249,0,0,0,0,0,0,212,255,8,0,14,0,41,255,8,10,165,13,0,0
18.409,B,0.002258,4,90,165,239,4,0,220,255,72,191,76,243,0,0,0,0,0,0,186,255,11,0,15,0,59,255,253,9,184,13,0,0
18.424,B,0.002692,4,90,165,239,4,0,220,255,28,179,124,235,0,0,0,0,0,0,185,255,9,0,16,0,68,255,222,9,215,13,0,0
18.44,B,0.002213,4,90,165,239,4,0,220,255,128,168,24,228,0,0,0,0,0,0,188,255,9,0,16,0,56,255,227,9,215,13,0,0
18.47,B,0.002541,4,90,165,239,4,0,220,255,252,154,68,220,0,0,0,0,0,0,6,0,2,0,7,0,64,255,166,9,58,14,0,0
18.486,B,0.00257,4,90,165,239,4,0,220,255,180,152,180,219,0,0,0,0,0,0,32,0,0,0,5,0,60,255,195,9,249,13,0,0
18.501,B,0.002032,4,90,165,239,4,0,220,255,28,152,188,219,0,0,0,0,0,0,35,0,0,0,9,0,71,255,231,9,208,13,0,0
18.532,B,0.003237,4,90,165,239,4,0,220,255,32,154,152,222,0,0,0,0,0,0,26,0,3,0,5,0,57,255,221,9,241,13,0,0
18.548,B,0.00474,4,90,165,239,4,0,220,255,224,163,128,233,0,0,0,0,0,0,60,0,253,255,254,255,76,255,205,9,16,14,0,0
18.564,B,0.004273,4,90,165,239,4,0,220,255,172,201,52,245,0,0,0,0,0,0,58,0,251,255,252,255,68,255,0,10,174,13,0,0
18.58,B,0.004561,4,90,165,239,4,0,220,255,244,227,152,250,0,0,0,0,0,0,247,255,22,0,254,255,121,255,75,10,128,13,0,0
18.611,B,0.00766,4,90,165,239,4,0,220,255,184,2,204,0,0,0,0,0,0,0,7,0,253,255,242,255,111,255,16,10,193,13,0,0
18.627,B,0.006166,4,90,165,239,4,0,220,255,68,255,248,0,0,0,0,0,0,0,2,0,250,255,244,255,51,255,232,9,206,13,0,0
18.643,B,0.008603,4,90,165,239,4,0,220,255,140,1,244,255,0,0,0,0,0,0,12,0,251,255,247,255,49,255,231,9,214,13,0,0
18.658,B,0.006762,4,90,165,239,4,0,220,255,52,0,0,0,0,0,0,0,0,0,7,0,250,255,248,255,59,255,249,9,211,13,0,0
18.69,B,0.003071,4,90,165,239,4,0,220,255,248,255,4,0,0,0,0,0,0,0,250,255,3,0,250,255,75,255,0,10,189,13,0,0
18.706,B,0.002804,4,90,165,239,4,0,220,255,248,255,4,0,0,0,0,0,0,0,239,255,3,0,249,255,64,255,255,9,184,13,0,0
18.721,B,0.002437,4,90,165,239,4,0,220,255,248,255,4,0,0,0,0,0,0,0,235,255,255,255,252,255,62,255,246,9,213,13,0,0
18.752,B,0.004415,4,90,165,239,4,0,220,255,248,255,4,0,0,0,0,0,0,0,246,255,254,255,249,255,58,255,229,9,213,13,0,0
18.768,B,0.004383,4,90,165,239,4,0,220,255,248,255,4,0,0,0,0,0,0,0,241,255,0,0,251,255,59,255,238,9,197,13,0,0
18.783,B,0.003344,4,90,165,239,4,0,220,255,248,255,4,0,0,0,0,0,0,0,233,255,255,255,251,255,60,255,246,9,199,13,0,0
18.8,B,0.00279,4,90,165,239,4,0,220,255,248,255,4,0,0,0,0,0,0,0,241,255,254,255,0,0,43,255,219,9,220,13,0,0
18.832,B,0.002609,4,90,165,239,4,0,220,255,248,255,4,0,0,0,0,0,0,0,254,255,0,0,255,255,61,255,211,9,237,13,0,0
18.847,B,0.002539,4,90,165,239,4,0,220,255,248,255,4,0,0,0,0,0,0,0,6,0,0,0,1,0,62,255,217,9,229,13,0,0
18.862,B,0.002339,4,90,165,239,4,0,220,255,248,255,4,0,0,0,0,0,0,0,250,255,3,0,0,0,74,255,246,9,202,13,0,0
18.878,B,0.00288,4,90,165,239,4,0,220,255,248,255,4,0,0,0,0,0,0,0,251,255,3,0,255,255,54,255,236,9,209,13,0,0
18.91,B,0.003312,4,90,165,239,4,0,220,255,248,255,4,0,0,0,0,0,0,0,244,255,3,0,2,0,70,255,0,10,184,13,0,0
18.926,B,0.0036,4,90,165,239,4,0,220,255,248,255,4,0,0,0,0,0,0,0,229,255,254,255,255,255,69,255,9,10,180,13,0,0
18.941,B,0.002214,4,90,165,239,4,0,220,255,248,255,4,0,0,32,0,0,0,54,240,255,251,255,248,255,75,255,227,9,244,13,0,0
18.973,B,0.002241,4,90,165,239,4,0,220,255,248,255,4,0,0,32,0,0,0,183,9,0,246,255,246,255,71,255,206,9,247,13,0,0
18.973,B,0.001901,4,90,165,239,4,0,220,255,248,255,4,0,0,32,0,0,0,183,9,0,246,255,246,255,71,255,206,9,247,13,0,0
19.004,B,0.001606,4,90,165,239,4,0,220,255,188,255,180,255,0,48,0,0,83,255,53,0,233,255,7,0,38,255,176,9,34,14,0,0
19.02,B,0.002003,4,90,165,239,4,0,220,255,188,255,180,255,0,48,0,0,168,255,79,0,212,255,252,255,84,255,183,9,245,13,0,0
19.051,B,0.001848,4,90,165,239,4,0,220,255,188,255,180,255,0,48,0,0,255,255,12,0,234,255,0,0,47,255,49,10,65,13,0,0
19.067,B,0.001895,4,90,165,239,4,0,220,255,188,255,180,255,0,48,0,0,255,255,190,255,245,255,16,0,83,255,67,10,59,13,0,0
19.083,B,0.002391,4,90,165,239,4,0,220,255,188,255,180,255,0,48,0,0,255,255,149,255,5,0,23,0,100,255,35,10,199,13,0,0
19.099,B,0.006662,4,90,165,239,4,0,220,255,188,255,180,255,0,48,0,0,255,255,200,255,241,255,255,255,92,255,207,9,33,14,0,0
19.131,B,0.008677,4,90,165,239,4,0,220,255,188,255,180,255,0,48,0,0,255,255,237,255,241,255,242,255,118,255,243,9,251,13,0,0
19.147,B,0.009063,4,90,165,239,4,0,220,255,188,255,180,255,0,48,0,0,255,255,229,255,243,255,243,255,86,255,2,10,198,13,0,0
19.163,B,0.010315,4,90,165,239,4,0,220,255,188,255,180,255,0,48,0,0,255,255,231,255,251,255,243,255,72,255,209,9,239,13,0,0
19.179,B,0.011221,4,90,165,239,4,0,220,255,188,255,180,255,0,48,0,0,252,255,12,0,249,255,248,255,79,255,163,9,33,14,0,0
19.211,B,0.007756,4,90,165,239,4,0,220,255,188,255,180,255,0,48,0,0,228,236,241,255,1,0,14,0,103,255,3,10,201,13,0,0
19.226,B,0.007616,4,90,165,239,4,0,220,255,220,255,240,255,0,48,0,0,220,219,223,255,9,0,27,0,56,255,216,9,192,13,0,0
19.241,B,0.008951,4,90,165,239,4,0,220,255,220,255,240,255,0,48,0,0,216,208,237,255,253,255,25,0,70,255,212,9,245,13,0,0
19.272,B,0.007538,4,90,165,239,4,0,220,255,220,255,240,255,0,48,0,0,208,192,248,255,250,255,8,0,89,255,225,9,203,13,0,0
19.272,B,0.006343,4,90,165,239,4,0,220,255,220,255,240,255,0,48,0,0,208,192,248,255,250,255,8,0,89,255,225,9,203,13,0,0
19.304,B,0.0077,4,90,165,239,4,0,220,255,220,255,240,255,0,48,0,0,204,175,228,255,242,255,244,255,91,255,231,9,252,13,0,0
19.319,B,0.007698,4,90,165,239,4,0,220,255,220,255,240,255,0,48,0,0,199,166,235,255,245,255,243,255,98,255,227,9,241,13,0,0
19.352,B,0.006686,4,90,165,239,4,0,220,255,220,255,240,255,0,48,0,0,180,154,218,255,244,255,238,255,82,255,207,9,227,13,0,0
19.367,B,0.009855,4,90,165,239,4,0,220,255,220,255,240,255,0,48,0,0,170,152,209,255,238,255,224,255,90,255,163,9,251,13,0,0
19.382,B,0.008815,4,90,165,239,4,0,220,255,220,255,240,255,0,48,0,0,156,148,208,255,240,255,234,255,66,255,205,9,232,13,0,0
19.414,B,0.010621,4,90,165,239,4,0,220,255,220,255,240,255,0,48,0,0,141,140,218,255,236,255,238,255,87,255,197,9,206,13,0,0
19.414,B,0.006035,4,90,165,239,4,0,220,255,220,255,240,255,0,48,0,0,141,140,203,255,234,255,235,255,90,255,188,9,191,13,0,0
19.445,B,0.005708,4,90,165,239,4,0,220,255,220,255,240,255,0,48,0,0,135,125,191,255,217,255,205,255,113,255,204,9,17,14,0,0
19.461,B,0.006616,4,90,165,239,4,0,220,255,220,255,240,255,0,48,0,0,128,115,229,255,234,255,225,255,66,255,215,9,10,14,0,0
19.492,B,0.00744,4,90,165,239,4,0,220,255,220,255,240,255,0,48,0,0,119,103,238,255,254,255,255,255,95,255,241,9,186,13,0,0
19.508,B,0.006775,4,90,165,239,4,0,220,255,220,255,240,255,0,48,0,0,113,86,219,255,5,0,255,255,104,255,213,9,224,13,0,0
19.524,B,0.007349,4,90,165,239,4,0,220,255,220,255,240,255,0,48,0,0,110,77,243,255,4,0,253,255,90,255,165,9,33,14,0,0
19.54,B,0.006278,4,90,165,239,4,0,220,255,220,255,240,255,0,48,0,0,107,72,253,255,0,0,2,0,64,255,133,9,12,14,0,0
19.571,B,0.011198,4,90,165,239,4,0,220,255,220,255,240,255,0,48,0,0,101,61,0,0,6,0,10,0,111,255,218,9,234,13,0,0
19.586,B,0.00892,4,90,165,239,4,0,220,255,220,255,240,255,0,48,0,0,101,59,246,255,4,0,7,0,83,255,207,9,219,13,0,0
19.601,B,0.005785,4,90,165,239,4,0,220,255,220,255,240,255,0,48,0,0,101,56,242,255,2,0,3,0,96,255,210,9,230,13,0,0
19.632,B,0.003887,4,90,165,239,4,0,220,255,4,0,16,0,0,48,0,0,101,49,217,255,5,0,5,0,86,255,176,9,244,13,0,0
19.648,B,0.005631,4,90,165,239,4,0,220,255,4,0,16,0,0,48,0,0,99,47,225,255,5,0,6,0,89,255,166,9,4,14,0,0
19.664,B,0.004682,4,90,165,239,4,0,220,255,4,0,16,0,0,48,0,0,97,37,223,255,5,0,7,0,91,255,189,9,235,13,0,0
19.679,B,0.005064,4,90,165,239,4,0,220,255,4,0,16,0,0,48,0,0,93,29,223,255,3,0,4,0,100,255,188,9,255,13,0,0
19.711,B,0.005454,4,90,165,239,4,0,220,255,4,0,16,0,0,48,0,0,80,22,6,0,252,255,250,255,84,255,148,9,32,14,0,0
19.726,B,0.008185,4,90,165,239,4,0,220,255,4,0,16,0,0,48,0,0,74,22,248,255,3,0,1,0,79,255,181,9,228,13,0,0
19.742,B,0.005144,4,90,165,239,4,0,220,255,4,0,16,0,0,48,0,0,65,22,246,255,1,0,255,255,86,255,174,9,246,13,0,0
19.773,B,0.005708,4,90,165,239,4,0,220,255,4,0,16,0,0,48,0,0,56,24,243,255,3,0,12,0,65,255,158,9,1,14,0,0
19.773,B,0.006085,4,90,165,239,4,0,220,255,4,0,16,0,0,48,0,0,56,24,243,255,3,0,12,0,65,255,158,9,1,14,0,0
19.804,B,0.006301,4,90,165,239,4,0,220,255,4,0,16,0,0,48,0,0,52,24,241,255,3,0,255,255,96,255,181,9,245,13,0,0
19.82,B,0.005131,4,90,165,239,4,0,220,255,4,0,16,0,0,48,0,0,52,24,243,255,3,0,0,0,88,255,172,9,255,13,0,0
19.853,B,0.00656,4,90,165,239,4,0,220,255,4,0,16,0,0,48,0,0,46,24,11,0,255,255,253,255,75,255,150,9,21,14,0,0
19.853,B,0.004793,4,90,165,239,4,0,220,255,4,0,16,0,0,48,0,0,46,24,11,0,255,255,253,255,75,255,150,9,21,14,0,0
19.882,B,0.0045,4,90,165,239,4,0,220,255,4,0,16,0,0,48,0,0,40,24,15,0,2,0,254,255,96,255,172,9,253,13,0,0
19.913,B,0.004266,4,90,165,239,4,0,220,255,4,0,16,0,0,48,0,0,35,24,245,255,1,0,252,255,93,255,188,9,228,13,0,0
19.913,B,0.004278,4,90,165,239,4,0,220,255,4,0,16,0,0,48,0,0,35,24,245,255,1,0,252,255,93,255,188,9,228,13,0,0
19.945,B,0.003897,4,90,165,239,4,0,220,255,4,0,16,0,0,48,0,0,18,24,242,255,3,0,3,0,80,255,156,9,10,14,0,0
19.96,B,0.005514,4,90,165,239,4,0,220,255,4,0,16,0,0,48,0,0,15,24,253,255,0,0,3,0,76,255,169,9,9,14,0,0
19.991,B,0.003916,4,90,165,239,4,0,220,255,4,0,16,0,0,48,0,0,15,24,243,255,0,0,255,255,92,255,180,9,245,13,0,0
20.007,B,0.006461,4,90,165,239,4,0,220,255,4,0,16,0,0,48,0,0,15,24,242,255,1,0,254,255,82,255,156,9,254,13,0,0
20.023,B,0.005415,4,90,165,239,4,0,220,255,4,0,16,0,0,48,0,0,15,24,9,0,252,255,252,255,90,255,128,9,51,14,0,0
20.039,B,0.004761,4,90,165,239,4,0,220,255,4,0,16,0,0,48,0,0,15,24,26,0,252,255,248,255,90,255,156,9,25,14,0,0
20.069,B,0.003102,4,90,165,239,4,0,220,255,4,0,16,0,0,48,0,0,15,24,14,0,253,255,254,255,89,255,166,9,0,14,0,0
20.085,B,0.00427,4,90,165,239,4,0,220,255,4,0,16,0,0,48,0,0,15,24,29,0,251,255,253,255,79,255,158,9,22,14,0,0
20.101,B,0.005988,4,90,165,239,4,0,220,255,4,0,16,0,0,48,0,0,15,24,27,0,251,255,1,0,80,255,158,9,248,13,0,0
20.133,B,0.006134,4,90,165,239,4,0,220,255,4,0,16,0,0,48,0,0,15,24,41,0,252,255,4,0,93,255,193,9,243,13,0,0
20.147,B,0.004138,4,90,165,239,4,0,220,255,4,0,16,0,0,48,0,0,18,25,9,0,3,0,12,0,86,255,224,9,176,13,0,0
20.162,B,0.004457,4,90,165,239,4,0,220,255,4,0,16,0,0,48,0,0,18,25,244,255,2,0,13,0,88,255,210,9,216,13,0,0
20.193,B,0.004707,4,90,165,239,212,255,224,255,4,0,16,0,0,48,0,0,18,25,247,255,3,0,8,0,92,255,165,9,252,13,0,0
20.193,B,0.005076,4,90,165,239,212,255,224,255,4,0,16,0,0,48,0,0,18,25,247,255,3,0,8,0,92,255,165,9,252,13,0,0
20.225,B,0.005495,4,90,165,239,212,255,224,255,4,0,16,0,0,48,0,0,20,28,254,255,4,0,13,0,84,255,175,9,11,14,0,0
20.24,B,0.004933,4,90,165,239,212,255,224,255,4,0,16,0,0,48,0,0,20,28,247,255,7,0,16,0,91,255,192,9,234,13,0,0
20.272,B,0.005084,4,90,165,239,212,255,224,255,4,0,16,0,0,48,0,0,20,32,252,255,3,0,11,0,89,255,162,9,13,14,0,0
20.287,B,0.005144,4,90,165,239,212,255,224,255,4,0,16,0,0,48,0,0,20,37,5,0,2,0,9,0,87,255,156,9,26,14,0,0
20.302,B,0.003905,4,90,165,239,212,255,224,255,4,0,16,0,0,48,0,0,20,37,21,0,6,0,15,0,79,255,144,9,25,14,0,0
20.318,B,0.003469,4,90,165,239,212,255,224,255,4,0,16,0,0,48,0,0,20,40,21,0,4,0,14,0,90,255,191,9,234,13,0,0
20.35,B,0.00362,4,90,165,239,212,255,224,255,4,0,16,0,0,48,0,0,33,47,6,0,255,255,6,0,107,255,220,9,207,13,0,0
20.365,B,0.003867,4,90,165,239,212,255,224,255,4,0,16,0,0,48,0,0,44,52,255,255,254,255,6,0,99,255,191,9,226,13,0,0
20.381,B,0.00446,4,90,165,239,212,255,224,255,4,0,16,0,0,48,0,0,53,56,254,255,253,255,1,0,88,255,194,9,242,13,0,0
20.413,B,0.005067,4,90,165,239,212,255,224,255,4,0,16,0,0,48,0,0,69,59,6,0,254,255,0,0,92,255,164,9,10,14,0,0
20.413,B,0.004269,4,90,165,239,4,0,244,255,4,0,16,0,0,48,0,0,71,59,6,0,254,255,0,0,92,255,164,9,10,14,0,0
20.444,B,0.004113,4,90,165,239,4,0,244,255,4,0,16,0,0,48,0,0,90,64,9,0,3,0,5,0,105,255,204,9,232,13,0,0
20.459,B,0.003986,4,90,165,239,4,0,244,255,4,0,16,0,0,48,0,0,98,68,251,255,4,0,12,0,103,255,194,9,216,13,0,0
20.49,B,0.004761,4,90,165,239,4,0,244,255,4,0,16,0,0,48,0,0,115,75,250,255,2,0,255,255,113,255,195,9,251,13,0,0
20.505,B,0.004337,4,90,165,239,4,0,244,255,200,255,252,255,0,48,0,0,119,78,250,255,253,255,251,255,99,255,190,9,246,13,0,0
20.521,B,0.00506,4,90,165,239,4,0,244,255,200,255,252,255,0,48,0,0,123,81,1,0,1,0,253,255,105,255,174,9,8,14,0,0
20.552,B,0.004991,4,90,165,239,4,0,244,255,200,255,252,255,0,48,0,0,125,88,16,0,2,0,6,0,111,255,183,9,245,13,0,0
20.568,B,0.004819,4,90,165,239,4,0,244,255,200,255,252,255,0,48,0,0,127,92,253,255,1,0,6,0,99,255,210,9,199,13,0,0
20.584,B,0.003759,4,90,165,239,4,0,244,255,200,255,252,255,0,48,0,0,127,99,246,255,2,0,1,0,97,255,201,9,225,13,0,0
20.599,B,0.0038,4,90,165,239,4,0,244,255,200,255,252,255,0,48,0,0,127,103,247,255,0,0,2,0,99,255,190,9,249,13,0,0
20.632,B,0.00538,4,90,165,239,4,0,244,255,200,255,252,255,0,48,0,0,127,109,243,255,0,0,1,0,100,255,178,9,236,13,0,0
20.647,B,0.004061,4,90,165,239,4,0,244,255,200,255,252,255,0,48,0,0,125,113,251,255,254,255,252,255,96,255,167,9,5,14,0,0
20.662,B,0.004449,4,90,165,239,4,0,244,255,200,255,252,255,0,48,0,0,125,116,2,0,251,255,254,255,103,255,171,9,7,14,0,0
20.678,B,0.003969,4,90,165,239,4,0,244,255,200,255,252,255,0,48,0,0,125,118,1,0,255,255,253,255,98,255,184,9,249,13,0,0
20.709,B,0.004178,4,90,165,239,4,0,244,255,200,255,252,255,0,48,0,0,125,120,253,255,0,0,253,255,105,255,189,9,239,13,0,0
20.724,B,0.004108,4,90,165,239,4,0,244,255,200,255,252,255,0,48,0,0,125,120,253,255,254,255,251,255,100,255,181,9,236,13,0,0
20.74,B,0.003881,4,90,165,239,4,0,244,255,200,255,252,255,0,48,0,0,125,120,249,255,255,255,248,255,105,255,187,9,242,13,0,0
20.771,B,0.003986,4,90,165,239,4,0,244,255,200,255,252,255,0,48,0,0,125,118,239,255,255,255,250,255,115,255,208,9,243,13,0,0
20.786,B,0.004326,4,90,165,239,4,0,244,255,200,255,252,255,0,48,0,0,124,118,236,255,2,0,248,255,104,255,193,9,250,13,0,0
20.802,B,0.003784,4,90,165,239,4,0,244,255,200,255,252,255,0,48,0,0,124,118,241,255,255,255,251,255,89,255,163,9,7,14,0,0
20.818,B,0.002885,4,90,165,239,4,0,244,255,200,255,252,255,0,48,0,0,122,118,247,255,1,0,255,255,95,255,167,9,11,14,0,0
20.849,B,0.003678,4,90,165,239,4,0,244,255,200,255,252,255,0,48,0,0,122,115,251,255,1,0,1,0,100,255,169,9,240,13,0,0
20.864,B,0.003248,4,90,165,239,4,0,244,255,200,255,252,255,0,48,0,0,122,115,247,255,1,0,255,255,107,255,185,9,242,13,0,0
20.88,B,0.003822,4,90,165,239,4,0,244,255,200,255,252,255,0,48,0,0,122,115,245,255,0,0,0,0,100,255,184,9,249,13,0,0
20.911,B,0.003893,4,90,165,239,4,0,244,255,200,255,252,255,0,48,0,0,122,113,0,0,252,255,251,255,106,255,180,9,249,13,0,0
20.926,B,0.003917,4,90,165,239,4,0,244,255,200,255,252,255,0,48,0,0,122,113,255,255,254,255,250,255,109,255,183,9,237,13,0,0
20.941,B,0.003912,4,90,165,239,4,0,244,255,200,255,252,255,0,48,0,0,122,111,253,255,255,255,254,255,93,255,174,9,245,13,0,0
20.972,B,0.003899,4,90,165,239,4,0,244,255,200,255,252,255,0,48,0,0,122,106,0,0,0,0,0,0,92,255,183,9,250,13,0,0
20.988,B,0.003746,4,90,165,239,4,0,244,255,200,255,252,255,0,48,0,0,122,106,255,255,1,0,255,255,96,255,188,9,247,13,0,0
21.004,B,0.003695,4,90,165,239,4,0,244,255,200,255,252,255,0,48,0,0,122,106,255,255,3,0,1,0,91,255,188,9,248,13,0,0
21.019,B,0.003786,4,90,165,239,4,0,244,255,200,255,252,255,0,48,0,0,122,106,254,255,0,0,254,255,105,255,181,9,249,13,0,0
21.052,B,0.003649,4,90,165,239,4,0,244,255,200,255,252,255,0,48,0,0,122,106,252,255,1,0,0,0,108,255,180,9,240,13,0,0
21.067,B,0.002846,4,90,165,239,4,0,244,255,200,255,252,255,0,48,0,0,122,106,249,255,2,0,255,255,104,255,193,9,243,13,0,0
21.082,B,0.003194,4,90,165,239,4,0,244,255,200,255,252,255,0,48,0,0,122,106,247,255,1,0,253,255,97,255,177,9,249,13,0,0
21.098,B,0.003231,4,90,165,239,4,0,244,255,200,255,252,255,0,48,0,0,122,106,250,255,2,0,1,0,105,255,162,9,252,13,0,0
21.129,B,0.004772,4,90,165,239,4,0,244,255,200,255,252,255,0,48,0,0,122,106,252,255,0,0,255,255,94,255,176,9,250,13,0,0
21.144,B,0.00327,4,90,165,239,4,0,244,255,200,255,252,255,0,48,0,0,122,106,252,255,1,0,251,255,114,255,177,9,254,13,0,0
21.161,B,0.003649,4,90,165,239,4,0,244,255,200,255,252,255,0,48,0,0,122,106,253,255,1,0,251,255,99,255,180,9,245,13,0,0
21.191,B,0.003687,4,90,165,239,4,0,244,255,200,255,252,255,0,48,0,0,122,106,250,255,4,0,0,0,99,255,183,9,253,13,0,0
21.207,B,0.003163,4,90,165,239,4,0,244,255,200,255,252,255,0,48,0,0,122,106,250,255,1,0,255,255,111,255,173,9,6,14,0,0
21.222,B,0.003802,4,90,165,239,4,0,244,255,200,255,252,255,0,48,0,0,122,106,253,255,2,0,1,0,98,255,170,9,247,13,0,0
21.238,B,0.003225,4,90,165,239,4,0,244,255,200,255,252,255,0,48,0,0,122,106,252,255,2,0,0,0,94,255,175,9,243,13,0,0
21.271,B,0.003397,4,90,165,239,4,0,244,255,200,255,252,255,0,48,0,0,120,106,253,255,0,0,1,0,106,255,168,9,243,13,0,0
21.287,B,0.003472,4,90,165,239,4,0,244,255,200,255,252,255,0,48,0,0,120,106,254,255,0,0,1,0,105,255,163,9,254,13,0,0
21.303,B,0.002341,4,90,165,239,4,0,244,255,200,255,252,255,0,48,0,0,120,106,8,0,2,0,5,0,86,255,162,9,3,14,0,0
21.318,B,0.002912,4,90,165,239,4,0,244,255,200,255,252,255,0,48,0,0,120,106,9,0,2,0,3,0,97,255,177,9,255,13,0,0
21.35,B,0.002802,4,90,165,239,4,0,244,255,200,255,252,255,0,48,0,0,120,106,4,0,3,0,3,0,107,255,191,9,237,13,0,0
21.366,B,0.002993,4,90,165,239,4,0,244,255,200,255,252,255,0,48,0,0,120,106,3,0,3,0,1,0,97,255,186,9,240,13,0,0
21.382,B,0.002669,4,90,165,239,4,0,244,255,200,255,252,255,0,48,0,0,120,106,3,0,3,0,1,0,105,255,193,9,247,13,0,0
21.413,B,0.002376,4,90,165,239,4,0,244,255,200,255,252,255,0,48,0,0,115,106,6,0,2,0,252,255,93,255,160,9,1,14,0,0
21.413,B,0.002226,4,90,165,239,4,0,244,255,200,255,252,255,0,48,0,0,115,106,6,0,2,0,252,255,93,255,160,9,1,14,0,0
21.444,B,0.002902,4,90,165,239,4,0,244,255,200,255,252,255,0,48,0,0,112,106,14,0,2,0,1,0,108,255,181,9,1,14,0,0
21.459,B,0.002752,4,90,165,239,4,0,244,255,200,255,252,255,0,48,0,0,111,106,13,0,2,0,3,0,105,255,179,9,253,13,0,0
21.49,B,0.002381,4,90,165,239,4,0,244,255,200,255,252,255,0,48,0,0,111,106,255,255,1,0,1,0,109,255,201,9,229,13,0,0
21.505,B,0.002469,4,90,165,239,4,0,244,255,200,255,252,255,0,48,0,0,111,106,255,255,0,0,254,255,104,255,189,9,252,13,0,0
21.52,B,0.002418,4,90,165,239,4,0,244,255,200,255,252,255,0,48,0,0,111,106,251,255,1,0,255,255,102,255,184,9,234,13,0,0
21.55,B,0.00238,4,90,165,239,4,0,244,255,200,255,252,255,0,48,0,0,112,106,248,255,3,0,255,255,108,255,183,9,247,13,0,0
21.566,B,0.002678,4,90,165,239,4,0,244,255,200,255,252,255,0,48,0,0,112,106,248,255,253,255,252,255,106,255,182,9,250,13,0,0
21.581,B,0.00243,4,90,165,239,4,0,244,255,200,255,252,255,0,48,0,0,112,106,250,255,3,0,252,255,105,255,184,9,254,13,0,0
21.613,B,0.002359,4,90,165,239,4,0,244,255,200,255,252,255,0,48,0,0,111,106,253,255,0,0,1,0,98,255,173,9,241,13,0,0
21.613,B,0.002468,4,90,165,239,4,0,244,255,200,255,252,255,0,48,0,0,111,106,253,255,0,0,1,0,98,255,173,9,241,13,0,0
21.644,B,0.002168,4,90,165,239,4,0,244,255,200,255,252,255,0,48,0,0,109,106,241,255,2,0,3,0,103,255,177,9,238,13,0,0
21.659,B,0.002782,4,90,165,239,4,0,244,255,200,255,252,255,0,48,0,0,109,106,245,255,254,255,3,0,105,255,179,9,250,13,0,0
21.691,B,0.002645,4,90,165,239,4,0,244,255,200,255,252,255,0,48,0,0,109,106,233,255,1,0,5,0,91,255,177,9,238,13,0,0
21.706,B,0.002876,4,90,165,239,4,0,244,255,200,255,252,255,0,48,0,0,109,106,239,255,1,0,7,0,101,255,174,9,5,14,0,0
21.721,B,0.003091,4,90,165,239,4,0,244,255,200,255,252,255,0,48,0,0,109,106,247,255,2,0,8,0,102,255,165,9,8,14,0,0
21.753,B,0.002443,4,90,165,239,4,0,244,255,200,255,252,255,0,48,0,0,111,106,2,0,2,0,2,0,113,255,177,9,2,14,0,0
21.753,B,0.002929,4,90,165,239,4,0,244,255,200,255,252,255,0,48,0,0,111,106,2,0,2,0,2,0,113,255,177,9,2,14,0,0
21.784,B,0.003301,4,90,165,239,4,0,244,255,200,255,252,255,0,48,0,0,111,106,10,0,255,255,253,255,107,255,166,9,0,14,0,0
21.8,B,0.002678,4,90,165,239,4,0,244,255,200,255,252,255,0,48,0,0,111,106,10,0,0,0,0,0,108,255,175,9,246,13,0,0
21.832,B,0.002652,4,90,165,239,4,0,244,255,200,255,252,255,0,48,0,0,111,106,8,0,2,0,1,0,101,255,178,9,242,13,0,0
21.847,B,0.002476,4,90,165,239,4,0,244,255,200,255,252,255,0,48,0,0,111,106,0,0,1,0,253,255,107,255,193,9,235,13,0,0
21.862,B,0.003156,4,90,165,239,4,0,244,255,200,255,252,255,0,48,0,0,111,105,254,255,3,0,0,0,104,255,180,9,243,13,0,0
21.878,B,0.002797,4,90,165,239,4,0,244,255,200,255,252,255,0,48,0,0,111,101,2,0,2,0,1,0,104,255,169,9,8,14,0,0
21.91,B,0.002811,4,90,165,239,4,0,244,255,200,255,252,255,0,48,0,0,111,94,252,255,3,0,4,0,105,255,182,9,246,13,0,0
21.926,B,0.002624,4,90,165,239,4,0,244,255,200,255,252,255,0,48,0,0,111,90,251,255,6,0,6,0,110,255,179,9,251,13,0,0
21.941,B,0.002816,4,90,165,239,4,0,244,255,200,255,252,255,0,48,0,0,111,87,253,255,6,0,5,0,113,255,170,9,251,13,0,0
21.973,B,0.003647,4,90,165,239,4,0,244,255,200,255,252,255,0,48,0,0,111,85,251,255,4,0,2,0,109,255,190,9,248,13,0,0
21.973,B,0.003327,4,90,165,239,4,0,244,255,200,255,252,255,0,48,0,0,111,85,251,255,4,0,2,0,109,255,190,9,248,13,0,0
22.004,B,0.002725,4,90,165,239,4,0,244,255,200,255,252,255,0,48,0,0,111,85,249,255,4,0,0,0,108,255,180,9,251,13,0,0
22.019,B,0.002524,4,90,165,239,4,0,244,255,200,255,252,255,0,48,0,0,109,85,247,255,5,0,2,0,113,255,160,9,250,13,0,0
22.05,B,0.002867,4,90,165,239,4,0,244,255,200,255,252,255,0,48,0,0,109,85,253,255,8,0,3,0,113,255,175,9,250,13,0,0
22.067,B,0.003104,4,90,165,239,4,0,244,255,200,255,252,255,0,48,0,0,107,85,253,255,3,0,3,0,106,255,180,9,247,13,0,0
22.081,B,0.002697,4,90,165,239,4,0,244,255,200,255,252,255,0,48,0,0,107,85,247,255,3,0,3,0,114,255,183,9,245,13,0,0
22.113,B,0.003297,4,90,165,239,4,0,244,255,200,255,252,255,0,48,0,0,107,85,254,255,2,0,1,0,96,255,166,9,1,14,0,0
22.113,B,0.00263,4,90,165,239,4,0,244,255,200,255,252,255,0,48,0,0,107,85,254,255,2,0,1,0,96,255,166,9,1,14,0,0
22.144,B,0.002599,4,90,165,239,4,0,244,255,200,255,252,255,0,48,0,0,107,85,253,255,2,0,255,255,106,255,188,9,249,13,0,0
22.159,B,0.002453,4,90,165,239,4,0,244,255,200,255,252,255,0,48,0,0,107,85,248,255,2,0,253,255,111,255,177,9,248,13,0,0
22.192,B,0.002614,4,90,165,239,4,0,244,255,200,255,252,255,0,48,0,0,103,85,239,255,3,0,0,0,102,255,168,9,247,13,0,0
22.207,B,0.002756,4,90,165,239,4,0,244,255,200,255,252,255,0,48,0,0,100,85,242,255,3,0,1,0,98,255,158,9,13,14,0,0
22.222,B,0.003767,4,90,165,239,4,0,244,255,200,255,252,255,0,48,0,0,97,85,250,255,0,0,255,255,118,255,158,9,4,14,0,0
22.253,B,0.002961,4,90,165,239,4,0,244,255,200,255,252,255,0,48,0,0,90,85,244,255,0,0,1,0,94,255,176,9,251,13,0,0
22.253,B,0.003365,4,90,165,239,4,0,244,255,200,255,252,255,0,48,0,0,90,85,243,255,0,0,1,0,94,255,175,9,254,13,0,0
22.285,B,0.004459,4,90,165,239,4,0,244,255,200,255,252,255,0,48,0,0,88,85,250,255,0,0,254,255,102,255,165,9,5,14,0,0
22.301,B,0.003101,4,90,165,239,4,0,244,255,200,255,252,255,0,48,0,0,88,85,250,255,4,0,0,0,101,255,155,9,4,14,0,0
22.333,B,0.003577,4,90,165,239,4,0,244,255,200,255,252,255,0,48,0,0,86,85,0,0,1,0,1,0,97,255,177,9,238,13,0,0
22.333,B,0.004178,4,90,165,239,4,0,244,255,200,255,252,255,0,48,0,0,86,85,0,0,1,0,1,0,97,255,177,9,238,13,0,0
22.364,B,0.004722,4,90,165,239,4,0,244,255,200,255,252,255,0,48,0,0,86,85,251,255,1,0,1,0,96,255,168,9,253,13,0,0
22.379,B,0.003893,4,90,165,239,4,0,244,255,200,255,252,255,0,48,0,0,86,85,255,255,3,0,2,0,107,255,161,9,5,14,0,0
22.411,B,0.004829,4,90,165,239,4,0,244,255,200,255,252,255,0,48,0,0,86,85,249,255,3,0,255,255,109,255,176,9,248,13,0,0
22.427,B,0.004267,4,90,165,239,4,0,244,255,200,255,252,255,0,48,0,0,86,85,249,255,3,0,254,255,105,255,168,9,4,14,0,0
22.443,B,0.003111,4,90,165,239,4,0,244,255,200,255,252,255,0,48,0,0,86,85,250,255,3,0,254,255,110,255,164,9,2,14,0,0
22.458,B,0.003086,4,90,165,239,4,0,244,255,200,255,252,255,0,48,0,0,86,85,0,0,1,0,254,255,100,255,147,9,10,14,0,0
22.489,B,0.003834,4,90,165,239,4,0,244,255,200,255,252,255,0,48,0,0,86,85,2,0,1,0,0,0,112,255,169,9,7,14,0,0
22.504,B,0.004699,4,90,165,239,4,0,244,255,200,255,252,255,0,48,0,0,86,85,4,0,0,0,1,0,98,255,165,9,6,14,0,0
22.519,B,0.003771,4,90,165,239,4,0,244,255,200,255,252,255,0,48,0,0,86,85,8,0,2,0,0,0,106,255,166,9,252,13,0,0
22.55,B,0.00347,4,90,165,239,4,0,244,255,200,255,252,255,0,48,0,0,86,85,1,0,0,0,255,255,101,255,183,9,3,14,0,0
22.566,B,0.003188,4,90,165,239,4,0,244,255,200,255,252,255,0,48,0,0,86,85,2,0,1,0,255,255,99,255,160,9,6,14,0,0
22.581,B,0.003376,4,90,165,239,4,0,244,255,200,255,252,255,0,48,0,0,86,85,3,0,3,0,255,255,102,255,162,9,6,14,0,0
22.612,B,0.003106,4,90,165,239,4,0,244,255,200,255,252,255,0,48,0,0,86,85,0,0,3,0,1,0,106,255,182,9,242,13,0,0
22.628,B,0.003391,4,90,165,239,4,0,244,255,200,255,252,255,0,48,0,0,86,85,253,255,2,0,0,0,111,255,173,9,246,13,0,0
22.642,B,0.003051,4,90,165,239,4,0,244,255,200,255,252,255,0,48,0,0,86,85,250,255,3,0,0,0,105,255,178,9,242,13,0,0
22.658,B,0.002865,4,90,165,239,4,0,244,255,200,255,252,255,0,48,0,0,86,85,248,255,6,0,255,255,113,255,180,9,1,14,0,0
22.69,B,0.003674,4,90,165,239,4,0,244,255,200,255,252,255,0,48,0,0,86,85,250,255,2,0,3,0,106,255,166,9,6,14,0,0
22.706,B,0.003596,4,90,165,239,4,0,244,255,200,255,252,255,0,48,0,0,86,85,251,255,6,0,2,0,98,255,174,9,249,13,0,0
22.721,B,0.003899,4,90,165,239,4,0,244,255,200,255,252,255,0,48,0,0,85,85,0,0,3,0,2,0,100,255,172,9,254,13,0,0
22.753,B,0.003548,4,90,165,239,4,0,244,255,200,255,252,255,0,48,0,0,85,85,254,255,1,0,254,255,108,255,175,9,246,13,0,0
22.753,B,0.004206,4,90,165,239,4,0,244,255,200,255,252,255,0,48,0,0,85,85,254,255,1,0,254,255,108,255,175,9,246,13,0,0
22.784,B,0.003511,4,90,165,239,4,0,244,255,200,255,252,255,0,48,0,0,85,85,248,255,254,255,252,255,107,255,170,9,245,13,0,0
22.799,B,0.003541,4,90,165,239,4,0,244,255,200,255,252,255,0,48,0,0,85,85,246,255,1,0,252,255,96,255,173,9,245,13,0,0
22.831,B,0.003031,4,90,165,239,4,0,244,255,200,255,252,255,0,48,0,0,85,85,245,255,255,255,252,255,108,255,160,9,4,14,0,0
22.846,B,0.003047,4,90,165,239,4,0,244,255,200,255,252,255,0,48,0,0,83,85,246,255,0,0,254,255,109,255,153,9,5,14,0,0
22.863,B,0.003772,4,90,165,239,4,0,244,255,200,255,252,255,0,48,0,0,83,85,252,255,1,0,253,255,105,255,167,9,14,14,0,0
22.878,B,0.003668,4,90,165,239,4,0,244,255,0,0,36,0,0,48,0,0,83,85,1,0,2,0,0,0,99,255,150,9,16,14,0,0
22.909,B,0.003422,4,90,165,239,4,0,244,255,0,0,36,0,0,48,0,0,83,85,11,0,254,255,1,0,100,255,166,9,3,14,0,0
22.925,B,0.003135,4,90,165,239,4,0,244,255,0,0,36,0,0,48,0,0,83,85,4,0,0,0,0,0,101,255,176,9,241,13,0,0
22.94,B,0.003848,4,90,165,239,4,0,244,255,0,0,36,0,0,48,0,0,83,85,246,255,1,0,2,0,110,255,181,9,234,13,0,0
22.972,B,0.00398,4,90,165,239,4,0,244,255,0,0,36,0,0,48,0,0,83,85,242,255,3,0,3,0,111,255,174,9,10,14,0,0
22.987,B,0.004081,4,90,165,239,4,0,244,255,0,0,36,0,0,48,0,0,83,85,248,255,2,0,0,0,113,255,166,9,10,14,0,0
23.003,B,0.00339,4,90,165,239,4,0,244,255,0,0,36,0,0,48,0,0,83,85,251,255,1,0,253,255,111,255,169,9,2,14,0,0
23.019,B,0.003227,4,90,165,239,4,0,244,255,0,0,36,0,0,48,0,0,83,85,244,255,1,0,250,255,112,255,169,9,246,13,0,0
23.05,B,0.003515,4,90,165,239,4,0,244,255,0,0,36,0,0,48,0,0,83,85,254,255,253,255,244,255,112,255,151,9,12,14,0,0
23.066,B,0.003466,4,90,165,239,4,0,244,255,0,0,36,0,0,48,0,0,83,85,0,0,252,255,248,255,98,255,152,9,11,14,0,0
23.08,B,0.003395,4,90,165,239,4,0,244,255,0,0,36,0,0,48,0,0,83,85,3,0,254,255,251,255,102,255,151,9,18,14,0,0
23.111,B,0.003582,4,90,165,239,4,0,244,255,0,0,36,0,0,48,0,0,83,85,8,0,0,0,255,255,99,255,164,9,248,13,0,0
23.126,B,0.003614,4,90,165,239,4,0,244,255,0,0,36,0,0,48,0,0,83,85,3,0,2,0,1,0,99,255,174,9,241,13,0,0
23.142,B,0.003568,4,90,165,239,4,0,244,255,0,0,36,0,0,48,0,0,83,85,0,0,3,0,1,0,107,255,173,9,252,13,0,0
23.173,B,0.00404,4,90,165,239,4,0,244,255,224,255,252,255,0,48,0,0,83,85,0,0,2,0,0,0,110,255,170,9,255,13,0,0
23.173,B,0.004099,4,90,165,239,4,0,244,255,224,255,252,255,0,48,0,0,83,85,0,0,2,0,0,0,110,255,170,9,255,13,0,0
23.204,B,0.003894,4,90,165,239,4,0,244,255,224,255,252,255,0,48,0,0,83,85,253,255,1,0,254,255,103,255,173,9,6,14,0,0
23.22,B,0.004525,4,90,165,239,4,0,244,255,224,255,252,255,0,48,0,0,83,85,251,255,1,0,252,255,108,255,157,9,249,13,0,0
23.251,B,0.003839,4,90,165,239,4,0,244,255,224,255,252,255,0,48,0,0,83,85,248,255,2,0,252,255,95,255,150,9,254,13,0,0
23.267,B,0.003113,4,90,165,239,4,0,244,255,224,255,252,255,0,48,0,0,83,85,249,255,5,0,0,0,106,255,150,9,2,14,0,0
23.283,B,0.004841,4,90,165,239,4,0,244,255,224,255,252,255,0,48,0,0,83,85,251,255,4,0,1,0,103,255,154,9,8,14,0,0
23.299,B,0.004213,4,90,165,239,4,0,244,255,224,255,252,255,0,48,0,0,83,85,249,255,3,0,2,0,109,255,170,9,255,13,0,0
23.331,B,0.004274,4,90,165,239,4,0,244,255,224,255,252,255,0,48,0,0,83,85,252,255,3,0,1,0,100,255,155,9,5,14,0,0
23.346,B,0.003844,4,90,165,239,4,0,244,255,224,255,252,255,0,48,0,0,83,85,250,255,1,0,253,255,109,255,171,9,2,14,0,0
23.361,B,0.003444,4,90,165,239,4,0,244,255,224,255,252,255,0,48,0,0,83,85,246,255,2,0,254,255,106,255,174,9,251,13,0,0
23.393,B,0.003628,4,90,165,239,4,0,244,255,224,255,252,255,0,48,0,0,83,85,249,255,255,255,252,255,112,255,156,9,5,14,0,0
23.394,B,0.003645,4,90,165,239,4,0,244,255,224,255,252,255,0,48,0,0,83,85,250,255,255,255,252,255,113,255,155,9,6,14,0,0
23.425,B,0.003866,4,90,165,239,4,0,244,255,224,255,252,255,0,48,0,0,83,85,255,255,254,255,245,255,108,255,166,9,241,13,0,0
23.44,B,0.003881,4,90,165,239,4,0,244,255,224,255,252,255,0,48,0,0,83,85,251,255,250,255,243,255,104,255,172,9,252,13,0,0
23.471,B,0.004374,4,90,165,239,4,0,244,255,224,255,252,255,0,48,0,0,78,85,249,255,252,255,244,255,105,255,154,9,13,14,0,0
23.487,B,0.003785,4,90,165,239,4,0,244,255,224,255,252,255,0,48,0,0,76,85,252,255,255,255,248,255,100,255,145,9,5,14,0,0
23.503,B,0.003482,4,90,165,239,4,0,244,255,224,255,252,255,0,48,0,0,76,85,253,255,255,255,248,255,96,255,153,9,7,14,0,0
23.518,B,0.003334,4,90,165,239,4,0,244,255,224,255,252,255,0,48,0,0,74,85,255,255,0,0,250,255,100,255,161,9,6,14,0,0
23.55,B,0.003831,4,90,165,239,4,0,244,255,224,255,252,255,0,48,0,0,74,85,249,255,254,255,246,255,105,255,170,9,251,13,0,0
23.565,B,0.003297,4,90,165,239,4,0,244,255,224,255,252,255,0,48,0,0,72,85,247,255,252,255,246,255,108,255,170,9,6,14,0,0
23.581,B,0.003315,4,90,165,239,4,0,244,255,224,255,252,255,0,48,0,0,72,85,248,255,253,255,247,255,103,255,157,9,14,14,0,0
23.612,B,0.003646,4,90,165,239,4,0,244,255,224,255,252,255,0,48,0,0,72,85,3,0,254,255,255,255,96,255,133,9,27,14,0,0
23.613,B,0.003021,4,90,165,239,4,0,244,255,224,255,252,255,0,48,0,0,72,85,3,0,254,255,255,255,96,255,133,9,27,14,0,0
23.643,B,0.003131,4,90,165,239,4,0,244,255,224,255,252,255,0,48,0,0,72,85,1,0,2,0,255,255,96,255,163,9,3,14,0,0
23.659,B,0.003113,4,90,165,239,4,0,244,255,224,255,252,255,0,48,0,0,68,85,0,0,3,0,1,0,94,255,151,9,9,14,0,0
23.69,B,0.003575,4,90,165,239,4,0,244,255,224,255,252,255,0,48,0,0,65,85,252,255,2,0,4,0,100,255,168,9,250,13,0,0
23.705,B,0.00304,4,90,165,239,4,0,244,255,224,255,252,255,0,48,0,0,65,85,253,255,2,0,1,0,100,255,158,9,5,14,0,0
23.72,B,0.003196,4,90,165,239,4,0,244,255,224,255,252,255,0,48,0,0,65,85,252,255,2,0,1,0,97,255,157,9,4,14,0,0
23.751,B,0.002896,4,90,165,239,4,0,244,255,224,255,252,255,0,48,0,0,65,85,253,255,4,0,2,0,109,255,149,9,18,14,0,0
23.767,B,0.002812,4,90,165,239,4,0,244,255,224,255,252,255,0,48,0,0,64,85,1,0,3,0,1,0,104,255,146,9,11,14,0,0
23.782,B,0.002923,4,90,165,239,4,0,244,255,224,255,252,255,0,48,0,0,64,85,2,0,2,0,1,0,99,255,150,9,4,14,0,0
23.798,B,0.002973,4,90,165,239,4,0,244,255,224,255,252,255,0,48,0,0,64,85,5,0,3,0,0,0,110,255,155,9,6,14,0,0
23.829,B,0.003323,4,90,165,239,4,0,244,255,224,255,252,255,0,48,0,0,64,85,249,255,1,0,250,255,102,255,171,9,251,13,0,0
23.845,B,0.003124,4,90,165,239,4,0,244,255,224,255,252,255,0,48,0,0,66,85,252,255,2,0,253,255,110,255,157,9,0,14,0,0
23.861,B,0.00292,4,90,165,239,4,0,244,255,224,255,252,255,0,48,0,0,66,85,252,255,3,0,252,255,100,255,159,9,9,14,0,0
23.892,B,0.003381,4,90,165,239,4,0,244,255,224,255,252,255,0,48,0,0,66,85,3,0,3,0,0,0,99,255,150,9,15,14,0,0
23.893,B,0.002447,4,90,165,239,4,0,244,255,224,255,252,255,0,48,0,0,66,85,3,0,3,0,0,0,99,255,150,9,15,14,0,0
23.924,B,0.0028,4,90,165,239,4,0,244,255,224,255,252,255,0,48,0,0,66,85,2,0,1,0,255,255,105,255,167,9,251,13,0,0
23.939,B,0.002805,4,90,165,239,4,0,244,255,224,255,252,255,0,48,0,0,66,85,1,0,255,255,253,255,109,255,169,9,8,14,0,0
23.971,B,0.003471,4,90,165,239,4,0,244,255,224,255,252,255,0,48,0,0,66,85,2,0,254,255,251,255,115,255,159,9,7,14,0,0
23.986,B,0.003008,4,90,165,239,4,0,244,255,224,255,252,255,0,48,0,0,64,85,2,0,255,255,253,255,99,255,160,9,8,14,0,0
24.002,B,0.002447,4,90,165,239,4,0,244,255,224,255,252,255,0,48,0,0,64,85,5,0,254,255,251,255,102,255,159,9,6,14,0,0
24.237,C,0.002425,4,90,165,239,4,0,244,255,224,255,252,255,0,48,0,0,64,85,246,255,3,0,3,0,115,255,156,9,6,14,0,0
24.237,C,0.003069,4,90,165,239,4,0,244,255,224,255,252,255,0,48,0,0,64,85,246,255,3,0,3,0,115,255,156,9,6,14,0,0
24.265,C,0.002662,4,90,165,239,4,0,244,255,224,255,252,255,0,48,0,0,64,85,252,255,3,0,2,0,116,255,156,9,6,14,0,0
24.281,C,0.002761,4,90,165,239,4,0,244,255,224,255,252,255,0,48,0,0,64,85,248,255,5,0,1,0,107,255,165,9,248,13,0,0
24.312,C,0.002852,4,90,165,239,4,0,244,255,224,255,252,255,0,48,0,0,64,85,252,255,2,0,1,0,105,255,150,9,7,14,0,0
24.327,C,0.002396,4,90,165,239,4,0,244,255,224,255,252,255,0,48,0,0,64,85,254,255,0,0,254,255,113,255,165,9,254,13,0,0
24.342,C,0.002867,4,90,165,239,4,0,244,255,224,255,252,255,0,48,0,0,64,85,251,255,255,255,252,255,107,255,167,9,253,13,0,0
24.374,C,0.003074,4,90,165,239,4,0,244,255,224,255,252,255,0,48,0,0,64,85,242,255,0,0,255,255,100,255,152,9,2,14,0,0
24.374,C,0.003545,4,90,165,239,4,0,244,255,224,255,252,255,0,48,0,0,64,85,242,255,0,0,255,255,100,255,152,9,2,14,0,0
24.405,C,0.002643,4,90,165,239,4,0,244,255,224,255,252,255,0,48,0,0,64,85,248,255,2,0,255,255,101,255,139,9,11,14,0,0
24.42,C,0.002857,4,90,165,239,4,0,244,255,224,255,252,255,0,48,0,0,64,85,252,255,3,0,1,0,113,255,143,9,17,14,0,0
24.45,C,0.003407,4,90,165,239,4,0,244,255,224,255,252,255,0,48,0,0,64,85,248,255,1,0,254,255,110,255,166,9,7,14,0,0
24.466,C,0.003287,4,90,165,239,4,0,244,255,224,255,252,255,0,48,0,0,64,85,246,255,3,0,252,255,109,255,164,9,10,14,0,0
24.481,C,0.002431,4,90,165,239,4,0,244,255,224,255,252,255,0,48,0,0,64,85,244,255,2,0,254,255,96,255,147,9,252,13,0,0
24.511,C,0.002964,4,90,165,239,4,0,244,255,224,255,252,255,0,48,0,0,64,85,254,255,2,0,0,0,106,255,146,9,22,14,0,0
24.528,C,0.003036,4,90,165,239,4,0,244,255,224,255,252,255,0,48,0,0,64,85,254,255,0,0,253,255,107,255,158,9,1,14,0,0
24.543,C,0.002806,4,90,165,239,4,0,244,255,224,255,252,255,0,48,0,0,64,85,250,255,2,0,251,255,104,255,154,9,247,13,0,0
24.558,C,0.002297,4,90,165,239,4,0,244,255,224,255,252,255,0,48,0,0,64,85,253,255,3,0,0,0,109,255,151,9,19,14,0,0
24.591,C,0.00277,4,90,165,239,4,0,244,255,224,255,252,255,0,48,0,0,64,85,253,255,3,0,0,0,113,255,144,9,5,14,0,0
24.608,C,0.003051,4,90,165,239,4,0,244,255,224,255,252,255,0,48,0,0,64,85,0,0,2,0,255,255,104,255,152,9,9,14,0,0
24.622,C,0.002585,4,90,165,239,4,0,244,255,224,255,252,255,0,48,0,0,64,85,255,255,2,0,255,255,101,255,157,9,10,14,0,0
24.653,C,0.002774,4,90,165,239,4,0,244,255,224,255,252,255,0,48,0,0,64,85,0,0,2,0,1,0,101,255,146,9,17,14,0,0
24.653,C,0.002612,4,90,165,239,4,0,244,255,224,255,252,255,0,48,0,0,64,85,0,0,2,0,1,0,101,255,146,9,17,14,0,0
24.684,C,0.002909,4,90,165,239,4,0,244,255,224,255,252,255,0,48,0,0,63,85,2,0,2,0,3,0,115,255,148,9,11,14,0,0
24.699,C,0.00317,4,90,165,239,4,0,244,255,224,255,252,255,0,48,0,0,63,85,0,0,1,0,0,0,119,255,156,9,3,14,0,0
24.729,C,0.002621,4,90,165,239,4,0,244,255,224,255,252,255,0,48,0,0,63,81,252,255,0,0,255,255,116,255,156,9,10,14,0,0
24.745,C,0.003231,4,90,165,239,4,0,244,255,224,255,252,255,0,48,0,0,63,79,247,255,3,0,0,0,106,255,162,9,247,13,0,0
24.76,C,0.003005,4,90,165,239,4,0,244,255,224,255,252,255,0,48,0,0,63,75,242,255,0,0,0,0,104,255,150,9,254,13,0,0
24.79,C,0.002988,4,90,165,239,4,0,244,255,224,255,252,255,0,48,0,0,63,75,249,255,0,0,254,255,102,255,151,9,4,14,0,0
24.805,C,0.002754,4,90,165,239,4,0,244,255,224,255,252,255,0,48,0,0,63,74,246,255,2,0,254,255,106,255,156,9,8,14,0,0
24.821,C,0.002865,4,90,165,239,4,0,244,255,224,255,252,255,0,48,0,0,61,74,250,255,2,0,253,255,103,255,138,9,32,14,0,0
24.852,C,0.002498,4,90,165,239,4,0,244,255,224,255,252,255,0,48,0,0,61,74,249,255,4,0,1,0,106,255,143,9,8,14,0,0
24.852,C,0.002928,4,90,165,239,4,0,244,255,224,255,252,255,0,48,0,0,61,74,249,255,4,0,1,0,106,255,143,9,8,14,0,0
24.885,C,0.003277,4,90,165,239,4,0,244,255,224,255,252,255,0,48,0,0,61,74,0,0,255,255,254,255,100,255,140,9,16,14,0,0
24.9,C,0.003107,4,90,165,239,4,0,244,255,224,255,252,255,0,48,0,0,61,74,253,255,3,0,0,0,98,255,142,9,7,14,0,0
24.931,C,0.003327,4,90,165,239,4,0,244,255,224,255,252,255,0,48,0,0,61,74,248,255,3,0,1,0,116,255,157,9,5,14,0,0
24.947,C,0.003358,4,90,165,239,4,0,244,255,224,255,252,255,0,48,0,0,61,74,247,255,3,0,255,255,103,255,141,9,4,14,0,0
24.963,C,0.003508,4,90,165,239,4,0,244,255,224,255,252,255,0,48,0,0,59,74,248,255,254,255,253,255,114,255,154,9,14,14,0,0
24.979,C,0.003308,4,90,165,239,4,0,244,255,224,255,252,255,0,48,0,0,59,70,246,255,3,0,252,255,112,255,155,9,11,14,0,0
25.011,C,0.003462,4,90,165,239,4,0,244,255,224,255,252,255,0,48,0,0,59,66,253,255,4,0,0,0,98,255,124,9,34,14,0,0
25.027,C,0.00302,4,90,165,239,4,0,244,255,224,255,252,255,0,48,0,0,57,66,2,0,3,0,254,255,101,255,130,9,21,14,0,0
25.042,C,0.003023,4,90,165,239,4,0,244,255,224,255,252,255,0,48,0,0,55,65,0,0,0,0,255,255,94,255,146,9,4,14,0,0
25.074,C,0.002692,4,90,165,239,4,0,244,255,224,255,252,255,0,48,0,0,51,65,254,255,255,255,246,255,107,255,156,9,0,14,0,0
25.074,C,0.002912,4,90,165,239,4,0,244,255,224,255,252,255,0,48,0,0,51,65,251,255,254,255,246,255,103,255,146,9,3,14,0,0
25.105,C,0.003337,4,90,165,239,4,0,244,255,224,255,252,255,0,48,0,0,51,56,246,255,255,255,246,255,108,255,146,9,11,14,0,0
25.121,C,0.003455,4,90,165,239,4,0,244,255,224,255,252,255,0,48,0,0,45,46,241,255,254,255,249,255,107,255,142,9,6,14,0,0
25.153,C,0.002941,4,90,165,239,4,0,244,255,224,255,252,255,0,48,0,0,42,32,248,255,1,0,253,255,101,255,115,9,25,14,0,0
25.153,C,0.00317,4,90,165,239,4,0,244,255,224,255,252,255,0,48,0,0,42,29,248,255,1,0,253,255,101,255,115,9,25,14,0,0
25.184,C,0.003242,4,90,165,239,4,0,244,255,224,255,252,255,0,48,0,0,38,23,12,0,1,0,252,255,97,255,143,9,28,14,0,0
25.199,C,0.002725,4,90,165,239,4,0,244,255,224,255,252,255,0,48,0,0,36,23,13,0,1,0,252,255,92,255,141,9,4,14,0,0
25.229,C,0.002697,4,90,165,239,4,0,244,255,224,255,252,255,0,48,0,0,19,23,0,0,3,0,247,255,127,255,156,9,24,14,0,0
25.245,C,0.003183,4,90,165,239,4,0,244,255,224,255,252,255,0,48,0,0,17,23,4,0,1,0,250,255,101,255,128,9,33,14,0,0
25.26,C,0.004383,4,90,165,239,4,0,244,255,224,255,252,255,0,48,0,0,17,23,11,0,0,0,241,255,133,255,149,9,17,14,0,0
25.29,C,0.003059,4,90,165,239,4,0,244,255,224,255,252,255,0,48,0,0,15,23,8,0,255,255,243,255,91,255,139,9,34,14,0,0
25.306,C,0.003338,4,90,165,239,4,0,244,255,224,255,252,255,0,48,0,0,15,23,23,0,0,0,233,255,108,255,130,9,51,14,0,0
25.321,C,0.003457,4,90,165,239,4,0,244,255,224,255,252,255,0,48,0,0,1,23,32,0,253,255,230,255,115,255,135,9,20,14,0,0
25.352,C,0.002949,4,90,165,239,4,0,244,255,224,255,252,255,0,32,0,0,0,14,27,0,254,255,233,255,126,255,163,9,52,14,0,0
25.368,C,0.002695,4,90,165,239,4,0,244,255,224,255,252,255,0,32,0,0,0,13,49,0,244,255,220,255,80,255,152,9,223,13,0,0
25.384,C,0.002498,4,90,165,239,4,0,244,255,224,255,252,255,0,32,0,0,0,3,32,0,249,255,226,255,107,255,161,9,9,14,0,0
25.4,C,0.002687,4,90,165,239,4,0,244,255,224,255,252,255,0,0,0,0,0,0,25,0,250,255,231,255,88,255,160,9,247,13,0,0
25.431,C,0.002925,4,90,165,239,4,0,244,255,224,255,252,255,0,0,0,0,0,0,16,0,251,255,231,255,111,255,161,9,253,13,0,0
25.448,C,0.002754,4,90,165,239,4,0,244,255,224,255,252,255,0,0,0,0,0,0,251,255,253,255,240,255,86,255,162,9,228,13,0,0
25.462,C,0.003083,4,90,165,239,4,0,244,255,224,255,252,255,0,0,0,0,0,0,6,0,249,255,236,255,83,255,160,9,31,14,0,0
25.494,C,0.003504,4,90,165,239,4,0,244,255,224,255,252,255,0,0,0,0,0,0,22,0,251,255,240,255,119,255,171,9,246,13,0,0
25.494,C,0.00418,4,90,165,239,4,0,244,255,224,255,252,255,0,0,0,0,0,0,22,0,251,255,240,255,119,255,171,9,246,13,0,0
25.525,C,0.004258,4,90,165,239,4,0,244,255,224,255,252,255,0,0,0,0,0,0,244,255,3,0,246,255,88,255,179,9,220,13,0,0
25.541,C,0.003594,4,90,165,239,4,0,244,255,224,255,252,255,0,0,0,0,0,0,246,255,5,0,1,0,77,255,145,9,17,14,0,0
25.573,C,0.003261,4,90,165,239,4,0,244,255,224,255,252,255,0,0,0,0,0,0,31,0,251,255,250,255,112,255,155,9,39,14,0,0
25.573,C,0.00415,4,90,165,239,4,0,244,255,224,255,252,255,0,0,0,0,0,0,31,0,251,255,250,255,112,255,155,9,39,14,0,0
25.603,C,0.004312,4,90,165,239,240,254,28,0,224,255,252,255,0,0,0,0,0,0,154,0,239,255,238,255,127,255,128,9,82,14,0,0
25.619,C,0.00829,4,90,165,239,164,254,36,0,224,255,252,255,0,0,0,0,0,0,99,0,248,255,248,255,94,255,233,9,138,13,0,0
25.65,C,0.010604,4,90,165,239,60,254,76,0,224,255,252,255,0,0,0,0,0,0,42,0,252,255,3,0,85,255,195,9,234,13,0,0
25.666,C,0.012136,4,90,165,239,60,254,76,0,224,255,252,255,0,0,0,0,0,0,42,0,1,0,249,255,147,255,223,9,225,13,0,0
25.682,C,0.010289,4,90,165,239,60,254,76,0,224,255,252,255,0,0,0,0,0,0,22,0,0,0,249,255,88,255,232,9,192,13,0,0
25.712,C,0.007641,4,90,165,239,60,254,76,0,224,255,252,255,0,0,0,0,0,0,249,255,3,0,252,255,106,255,210,9,221,13,0,0
25.712,C,0.007101,4,90,165,239,60,254,76,0,224,255,252,255,0,0,0,0,0,0,249,255,3,0,252,255,106,255,210,9,221,13,0,0
25.743,C,0.00605,4,90,165,239,100,254,44,0,224,255,252,255,0,0,0,0,0,0,236,255,1,0,250,255,99,255,193,9,224,13,0,0
25.759,C,0.005304,4,90,165,239,100,254,44,0,224,255,252,255,0,0,0,0,0,0,229,255,2,0,249,255,116,255,213,9,210,13,0,0
25.79,C,0.007474,4,90,165,239,224,254,244,255,224,255,252,255,0,0,0,0,0,0,205,255,3,0,251,255,93,255,206,9,235,13,0,0
25.806,C,0.009494,4,90,165,239,48,255,240,255,224,255,252,255,0,0,0,0,0,0,211,255,3,0,253,255,97,255,183,9,254,13,0,0
25.821,C,0.008162,4,90,165,239,48,255,240,255,224,255,252,255,0,0,0,0,0,0,215,255,1,0,253,255,94,255,182,9,6,14,0,0
25.852,C,0.00485,4,90,165,239,192,255,212,255,224,255,252,255,0,0,0,0,0,0,205,255,2,0,247,255,118,255,217,9,209,13,0,0
25.868,C,0.005794,4,90,165,239,192,255,212,255,224,255,252,255,0,0,0,0,0,0,194,255,1,0,246,255,112,255,194,9,231,13,0,0
25.883,C,0.003605,4,90,165,239,244,255,212,255,224,255,252,255,0,0,0,0,0,0,191,255,0,0,249,255,92,255,182,9,239,13,0,0
25.898,C,0.003519,4,90,165,239,244,255,212,255,224,255,252,255,0,0,0,0,0,0,197,255,248,255,242,255,107,255,191,9,2,14,0,0
25.93,C,0.002933,4,90,165,239,244,255,212,255,224,255,252,255,0,0,0,0,0,0,210,255,232,255,230,255,104,255,166,9,232,13,0,0
25.946,C,0.002447,4,90,165,239,244,255,212,255,224,255,252,255,0,0,0,0,0,0,194,255,228,255,233,255,112,255,179,9,218,13,0,0
25.961,C,0.002924,4,90,165,239,244,255,212,255,224,255,252,255,0,0,0,0,0,0,165,255,238,255,244,255,110,255,173,9,227,13,0,0
25.993,C,0.002273,4,90,165,239,244,255,212,255,224,255,252,255,0,0,0,0,0,0,175,255,131,255,229,255,1,255,175,9,166,13,0,0
25.993,C,0.002402,4,90,165,239,212,255,0,0,224,255,252,255,0,0,0,0,0,0,175,255,131,255,229,255,1,255,175,9,166,13,0,0
26.023,C,0.002348,4,90,165,239,212,255,0,0,224,255,252,255,0,0,0,0,0,0,219,255,103,255,214,255,67,255,11,9,21,14,0,0
26.039,C,0.002546,4,90,165,239,212,255,0,0,224,255,252,255,0,0,0,0,0,0,60,0,146,254,13,0,37,254,146,8,82,13,0,0
26.07,C,0.001889,4,90,165,239,212,255,0,0,224,255,252,255,0,0,0,0,0,0,223,255,3,255,55,0,165,255,153,9,207,13,0,0
26.085,C,0.001707,4,90,165,239,212,255,0,0,224,255,252,255,0,0,0,0,0,0,217,255,255,254,56,0,142,255,126,9,228,13,0,0
26.101,C,0.001856,4,90,165,239,212,255,0,0,224,255,252,255,0,0,0,0,0,0,158,255,96,255,57,0,86,0,244,9,111,14,0,0
26.132,C,0.001992,4,90,165,239,212,255,0,0,224,255,252,255,0,0,0,0,0,0,141,255,145,255,36,0,170,255,100,9,0,14,0,0
26.148,C,0.002157,4,90,165,239,212,255,0,0,224,255,252,255,0,0,0,0,0,0,131,255,135,255,38,0,198,255,129,9,2,14,0,0
26.164,C,0.001887,4,90,165,239,212,255,0,0,224,255,252,255,0,0,0,0,0,0,112,255,170,255,40,0,50,0,119,9,77,14,0,0
26.179,C,0.001682,4,90,165,239,212,255,0,0,224,255,252,255,0,0,0,0,0,0,99,255,220,255,30,0,68,0,154,9,108,14,0,0
26.211,C,0.001664,4,90,165,239,212,255,0,0,224,255,252,255,0,0,0,0,0,0,133,255,229,255,9,0,191,255,45,9,31,14,0,0
26.226,C,0.002451,4,90,165,239,212,255,0,0,224,255,252,255,0,0,0,0,0,0,169,255,144,255,254,255,127,255,20,9,224,13,0,0
26.242,C,0.002496,4,90,165,239,212,255,0,0,224,255,252,255,0,0,0,0,0,0,174,255,103,255,1,0,173,255,37,9,248,13,0,0
26.273,C,0.001581,4,90,165,239,212,255,0,0,224,255,252,255,32,0,0,0,0,0,78,255,15,0,2,0,68,0,128,9,23,14,0,0
26.273,C,0.001507,4,90,165,239,212,255,0,0,224,255,252,255,32,0,0,0,0,0,51,255,242,255,12,0,251,255,124,9,198,13,0,0
26.305,C,0.00121,4,90,165,239,212,255,0,0,224,255,252,255,32,0,0,0,0,0,11,255,0,0,21,0,13,0,240,8,166,14,0,0
26.319,C,0.00179,4,90,165,239,212,255,0,0,224,255,252,255,32,0,0,0,0,0,45,255,2,0,24,0,248,255,202,8,189,14,0,0
26.351,C,0.001775,4,90,165,239,212,255,0,0,224,255,252,255,32,0,0,0,0,0,250,254,7,0,27,0,40,0,66,9,239,13,0,0
26.366,C,0.001234,4,90,165,239,212,255,0,0,224,255,252,255,32,0,0,0,0,0,209,254,1,0,22,0,245,255,240,8,55,14,0,0
26.382,C,0.001573,4,90,165,239,212,255,0,0,224,255,252,255,32,0,0,0,0,0,225,254,251,255,24,0,239,255,167,8,162,14,0,0
26.398,C,0.001891,4,90,165,239,212,255,0,0,224,255,252,255,32,0,0,0,0,0,187,254,247,255,1,0,58,0,13,9,31,14,0,0
26.43,C,0.002119,4,90,165,239,212,255,0,0,224,255,252,255,0,0,0,0,0,0,187,253,247,255,242,255,246,255,82,8,244,14,0,0
26.445,C,0.001418,4,90,165,239,212,255,0,0,224,255,252,255,0,0,0,0,0,0,44,254,10,0,10,0,205,255,146,7,171,15,0,0
26.462,C,0.002074,4,90,165,239,212,255,0,0,224,255,252,255,0,0,0,0,0,0,81,254,13,0,26,0,227,255,9,8,193,14,0,0
26.493,C,0.001721,4,90,165,239,212,255,0,0,224,255,252,255,0,0,0,0,0,0,232,253,7,0,29,0,247,255,70,8,72,14,0,0
26.493,C,0.001358,4,90,165,239,212,255,0,0,224,255,252,255,0,0,0,0,0,0,232,253,7,0,29,0,247,255,70,8,72,14,0,0
26.524,C,0.001788,4,90,165,239,212,255,0,0,224,255,252,255,0,0,0,0,0,0,86,253,0,0,63,0,162,255,221,7,151,14,0,0
26.54,C,0.00133,4,90,165,239,212,255,0,0,224,255,252,255,0,0,0,0,0,0,28,253,1,0,52,0,18,0,30,8,127,14,0,0
26.571,C,0.001484,4,90,165,239,212,255,0,0,224,255,252,255,0,0,0,0,0,0,126,252,253,255,45,0,248,255,144,7,96,14,0,0
26.586,C,0.001873,4,90,165,239,212,255,0,0,224,255,252,255,0,0,0,0,0,0,253,251,242,255,37,0,25,0,150,7,34,14,0,0
26.601,C,0.001347,4,90,165,239,212,255,0,0,224,255,252,255,0,0,0,0,0,0,132,251,252,255,50,0,14,0,26,7,142,14,0,0
26.633,C,0.000963,4,90,165,239,212,255,0,0,224,255,252,255,0,0,0,0,0,0,212,251,10,0,60,0,225,255,178,4,166,16,0,0
26.633,C,0.001355,4,90,165,239,212,255,0,0,224,255,252,255,0,0,0,0,0,0,212,251,10,0,60,0,225,255,178,4,166,16,0,0
26.664,C,0.001478,4,90,165,239,212,255,0,0,224,255,252,255,0,0,0,0,0,0,48,252,255,255,37,0,213,255,118,6,132,14,0,0
26.681,C,0.001188,4,90,165,239,212,255,0,0,224,255,252,255,0,0,0,0,0,0,136,250,237,255,70,0,196,255,39,7,174,12,0,0
26.711,C,0.00132,4,90,165,239,212,255,0,0,224,255,252,255,0,0,0,0,0,0,74,248,40,0,156,0,31,0,1,4,3,15,0,0
26.727,C,0.001302,4,90,165,239,212,255,0,0,224,255,252,255,0,0,0,0,0,0,95,248,52,0,91,1,183,254,80,1,110,16,0,0
26.742,C,0.001094,4,90,165,239,212,255,0,0,224,255,252,255,0,0,0,0,0,0,62,249,63,0,80,2,94,254,159,255,230,17,0,0
26.758,C,0.001615,4,90,165,239,212,255,0,0,224,255,252,255,0,0,0,0,0,0,201,250,71,0,132,2,190,255,115,255,125,19,0,0
26.789,C,0.001634,4,90,165,239,212,255,0,0,224,255,252,255,0,0,0,0,0,0,140,255,44,0,6,1,102,0,92,0,228,18,0,0
26.805,C,0.001652,4,90,165,239,212,255,0,0,224,255,252,255,0,0,0,0,0,0,177,0,69,255,160,0,244,254,247,1,145,15,0,0
26.821,C,0.001278,4,90,165,239,212,255,0,0,224,255,252,255,0,0,0,0,0,0,180,254,179,255,58,0,166,1,22,7,26,13,0,0
26.851,C,0.002287,4,90,165,239,212,255,0,0,224,255,252,255,0,0,0,0,0,0,133,251,231,255,125,0,150,255,108,2,211,14,0,0
26.867,C,0.003346,4,90,165,239,212,255,0,0,224,255,252,255,0,0,0,0,0,0,194,250,2,0,81,0,208,0,239,2,20,15,0,0
26.882,C,0.002474,4,90,165,239,212,255,0,0,224,255,252,255,0,0,0,0,0,0,141,249,241,255,104,0,216,255,122,2,31,14,0,0
26.898,C,0.002209,4,90,165,239,212,255,0,0,224,255,252,255,0,0,0,0,0,0,156,248,244,255,115,0,21,0,117,2,198,13,0,0
26.929,C,0.002626,4,90,165,239,212,255,0,0,224,255,252,255,0,0,0,0,0,0,1,3,237,255,215,255,205,255,216,239,39,31,0,0
26.944,C,0.003038,4,90,165,239,212,255,0,0,224,255,252,255,0,0,0,0,0,0,218,254,1,0,54,0,192,255,59,7,144,9,0,0
26.96,C,0.001527,4,90,165,239,212,255,0,0,224,255,252,255,0,0,0,0,0,0,58,0,3,0,248,255,56,0,102,254,24,18,0,0
26.992,C,0.00287,4,90,165,239,212,255,0,0,224,255,252,255,0,0,0,0,0,0,215,255,252,255,251,255,1,0,73,0,155,15,0,0
27.007,C,0.005366,4,90,165,239,212,255,0,0,224,255,252,255,0,0,0,0,0,0,237,255,254,255,251,255,15,0,226,255,135,16,0,0
27.022,C,0.004366,4,90,165,239,212,255,0,0,224,255,252,255,0,0,0,0,0,0,244,255,253,255,255,255,12,0,51,0,168,15,0,0
27.038,C,0.003347,4,90,165,239,212,255,0,0,224,255,252,255,0,0,0,0,0,0,0,0,3,0,0,0,33,0,253,255,82,16,0,0
27.07,C,0.005704,4,90,165,239,212,255,0,0,224,255,252,255,0,0,0,0,0,0,252,255,0,0,1,0,245,255,7,0,31,16,0,0
27.085,C,0.005759,4,90,165,239,212,255,0,0,224,255,252,255,0,0,0,0,0,0,254,255,2,0,2,0,223,255,232,255,4,16,0,0
27.102,C,0.008753,4,90,165,239,212,255,0,0,224,255,252,255,0,0,0,0,0,0,254,255,0,0,0,0,227,255,236,255,5,16,0,0
27.133,C,0.005165,4,90,165,239,212,255,0,0,224,255,252,255,0,0,0,0,0,0,0,0,255,255,255,255,0,0,33,0,229,15,0,0
27.133,C,0.003764,4,90,165,239,212,255,0,0,224,255,252,255,0,0,0,0,0,0,0,0,255,255,0,0,5,0,39,0,243,15,0,0
27.163,C,0.003142,4,90,165,239,212,255,0,0,224,255,252,255,0,0,0,0,0,0,254,255,1,0,0,0,8,0,40,0,240,15,0,0
27.179,C,0.005768,4,90,165,239,212,255,0,0,224,255,252,255,0,0,0,0,0,0,254,255,0,0,2,0,18,0,11,0,16,16,0,0
27.21,C,0.006869,4,90,165,239,212,255,0,0,224,255,252,255,0,0,0,0,0,0,253,255,3,0,1,0,238,255,239,255,15,16,0,0
27.225,C,0.005072,4,90,165,239,212,255,0,0,224,255,252,255,0,0,0,0,0,0,255,255,1,0,1,0,238,255,7,0,250,15,0,0
27.241,C,0.00914,4,90,165,239,212,255,0,0,224,255,252,255,0,0,0,0,0,0,255,255,2,0,1,0,244,255,15,0,249,15,0,0
27.272,C,0.013788,4,90,165,239,212,255,0,0,224,255,252,255,0,0,0,0,0,0,0,0,3,0,252,255,5,0,3,0,2,16,0,0
27.288,C,0.013029,4,90,165,239,212,255,0,0,224,255,252,255,0,0,0,0,0,0,254,255,3,0,254,255,2,0,9,0,234,15,0,0
27.303,C,0.012173,4,90,165,239,212,255,0,0,224,255,252,255,0,0,0,0,0,0,255,255,3,0,1,0,255,255,10,0,10,16,0,0
27.319,C,0.010301,4,90,165,239,212,255,0,0,224,255,252,255,0,0,0,0,0,0,253,255,1,0,255,255,1,0,251,255,237,15,0,0
27.35,C,0.008043,4,90,165,239,212,255,0,0,224,255,252,255,0,0,0,0,0,0,0,0,3,0,252,255,247,255,10,0,1,16,0,0
27.366,C,0.004482,4,90,165,239,212,255,0,0,224,255,252,255,0,0,0,0,0,0,255,255,255,255,255,255,248,255,8,0,250,15,0,0
27.381,C,0.005345,4,90,165,239,212,255,0,0,224,255,252,255,0,0,0,0,0,0,255,255,4,0,255,255,244,255,29,0,0,16,0,0
27.412,C,0.003619,4,90,165,239,212,255,0,0,224,255,252,255,0,0,0,0,0,0,0,0,2,0,1,0,4,0,12,0,255,15,0,0
27.412,C,0.005273,4,90,165,239,212,255,0,0,224,255,252,255,0,0,0,0,0,0,255,255,2,0,1,0,0,0,14,0,252,15,0,0
27.444,C,0.005462,4,90,165,239,212,255,0,0,224,255,252,255,0,0,0,0,0,0,255,255,1,0,1,0,6,0,255,255,254,15,0,0
27.46,C,0.002864,4,90,165,239,212,255,0,0,224,255,252,255,0,0,0,0,0,0,0,0,255,255,0,0,255,255,248,255,250,15,0,0
27.49,C,0.00237,4,90,165,239,212,255,0,0,224,255,252,255,0,0,0,0,0,0,254,255,1,0,254,255,245,255,0,0,3,16,0,0
27.506,C,0.003099,4,90,165,239,212,255,0,0,224,255,252,255,0,0,0,0,0,0,0,0,1,0,254,255,250,255,1,0,1,16,0,0
27.522,C,0.003237,4,90,165,239,212,255,0,0,224,255,252,255,0,0,0,0,0,0,255,255,0,0,0,0,2,0,15,0,253,15,0,0
27.552,C,0.00215,4,90,165,239,212,255,0,0,224,255,252,255,0,0,0,0,0,0,0,0,1,0,253,255,3,0,18,0,255,15,0,0
27.552,C,0.001629,4,90,165,239,212,255,0,0,224,255,252,255,0,0,0,0,0,0,255,255,1,0,253,255,5,0,12,0,253,15,0,0
27.583,C,0.00136,4,90,165,239,212,255,0,0,224,255,252,255,0,0,0,0,0,0,255,255,3,0,0,0,254,255,12,0,4,16,0,0
27.598,C,0.00114,4,90,165,239,212,255,0,0,224,255,252,255,0,0,0,0,0,0,0,0,3,0,255,255,244,255,7,0,253,15,0,0
27.63,C,0.001525,4,90,165,239,212,255,0,0,224,255,252,255,0,0,0,0,0,0,0,0,3,0,254,255,254,255,18,0,249,15,0,0
27.645,C,0.002237,4,90,165,239,212,255,0,0,224,255,252,255,0,0,0,0,0,0,255,255,3,0,0,0,7,0,3,0,250,15,0,0
27.662,C,0.002072,4,90,165,239,212,255,0,0,224,255,252,255,0,0,0,0,0,0,255,255,2,0,1,0,4,0,2,0,247,15,0,0
27.693,C,0.002907,4,90,165,239,212,255,0,0,224,255,252,255,0,0,0,0,0,0,0,0,4,0,255,255,2,0,18,0,244,15,0,0
27.693,C,0.002931,4,90,165,239,212,255,0,0,224,255,252,255,0,0,0,0,0,0,0,0,4,0,255,255,2,0,18,0,244,15,0,0
27.724,C,0.002014,4,90,165,239,212,255,0,0,224,255,252,255,0,0,0,0,0,0,255,255,3,0,0,0,4,0,13,0,252,15,0,0
27.739,C,0.00125,4,90,165,239,212,255,0,0,224,255,252,255,0,0,0,0,0,0,254,255,1,0,254,255,254,255,23,0,252,15,0,0
27.771,C,0.001527,4,90,165,239,212,255,0,0,224,255,252,255,0,0,0,0,0,0,0,0,0,0,254,255,254,255,20,0,0,16,0,0
27.787,C,0.001145,4,90,165,239,212,255,0,0,224,255,252,255,0,0,0,0,0,0,255,255,2,0,0,0,247,255,15,0,252,15,0,0
27.802,C,0.001893,4,90,165,239,212,255,0,0,224,255,252,255,0,0,0,0,0,0,254,255,1,0,254,255,251,255,7,0,1,16,0,0
27.833,C,0.002534,4,90,165,239,212,255,0,0,224,255,252,255,0,0,0,0,0,0,0,0,1,0,255,255,3,0,1,0,250,15,0,0
27.833,C,0.002333,4,90,165,239,212,255,0,0,224,255,252,255,0,0,0,0,0,0,255,255,255,255,255,255,2,0,4,0,252,15,0,0
27.865,C,0.003248,4,90,165,239,212,255,0,0,224,255,252,255,0,0,0,0,0,0,255,255,1,0,0,0,243,255,4,0,3,16,0,0
27.88,C,0.003359,4,90,165,239,212,255,0,0,224,255,252,255,0,0,0,0,0,0,255,255,0,0,254,255,250,255,5,0,10,16,0,0
27.911,C,0.003417,4,90,165,239,212,255,0,0,224,255,252,255,0,0,0,0,0,0,255,255,3,0,255,255,3,0,13,0,252,15,0,0
27.927,C,0.005243,4,90,165,239,212,255,0,0,224,255,252,255,0,0,0,0,0,0,255,255,0,0,0,0,0,0,23,0,255,15,0,0
27.942,C,0.005163,4,90,165,239,212,255,0,0,224,255,252,255,0,0,0,0,0,0,0,0,0,0,253,255,251,255,12,0,0,16,0,0
27.958,C,0.012081,4,90,165,239,212,255,0,0,224,255,252,255,0,0,0,0,0,0,0,0,2,0,254,255,253,255,12,0,4,16,0,0
27.989,C,0.010749,4,90,165,239,212,255,0,0,224,255,252,255,0,0,0,0,0,0,255,255,1,0,0,0,254,255,9,0,255,15,0,0
28.004,C,0.010035,4,90,165,239,212,255,0,0,224,255,252,255,0,0,0,0,0,0,1,0,2,0,255,255,0,0,12,0,245,15,0,0
28.02,C,0.010351,4,90,165,239,212,255,0,0,224,255,252,255,0,0,0,0,0,0,255,255,2,0,255,255,254,255,9,0,5,16,0,0
28.051,C,0.00594,4,90,165,239,212,255,0,0,224,255,252,255,0,0,0,0,0,0,255,255,4,0,254,255,253,255,14,0,3,16,0,0
28.065,C,0.005543,4,90,165,239,212,255,0,0,224,255,252,255,0,0,0,0,0,0,0,0,0,0,255,255,7,0,6,0,3,16,0,0
28.081,C,0.004434,4,90,165,239,212,255,0,0,224,255,252,255,0,0,0,0,0,0,0,0,3,0,255,255,1,0,6,0,255,15,0,0
28.112,C,0.004387,4,90,165,239,212,255,0,0,224,255,252,255,0,0,0,0,0,0,254,255,1,0,0,0,251,255,11,0,254,15,0,0
28.127,C,0.006659,4,90,165,239,212,255,0,0,224,255,252,255,0,0,0,0,0,0,0,0,1,0,253,255,247,255,8,0,254,15,0,0
28.143,C,0.005613,4,90,165,239,212,255,0,0,224,255,252,255,0,0,0,0,0,0,255,255,2,0,253,255,247,255,9,0,2,16,0,0
28.158,C,0.006709,4,90,165,239,212,255,0,0,224,255,252,255,0,0,0,0,0,0,255,255,1,0,0,0,3,0,12,0,2,16,0,0
28.189,C,0.009331,4,90,165,239,212,255,0,0,224,255,252,255,0,0,0,0,0,0,0,0,1,0,255,255,3,0,7,0,249,15,0,0
28.204,C,0.015299,4,90,165,239,212,255,0,0,224,255,252,255,0,0,0,0,0,0,255,255,3,0,253,255,248,255,9,0,0,16,0,0
28.22,C,0.008909,4,90,165,239,212,255,0,0,224,255,252,255,0,0,0,0,0,0,0,0,0,0,0,0,4,0,15,0,4,16,0,0
28.251,C,0.004299,4,90,165,239,212,255,0,0,224,255,252,255,0,0,0,0,0,0,255,255,1,0,254,255,250,255,19,0,249,15,0,0
28.267,C,0.008085,4,90,165,239,0,0,0,0,0,0,0,0,0,0,0,0,0,0,254,255,1,0,0,0,251,255,14,0,1,16,0,0
28.282,C,0.01243,4,90,165,239,0,0,0,0,0,0,0,0,0,0,0,0,0,0,0,0,1,0,255,255,250,255,18,0,5,16,0,0
28.297,C,0.007099,4,90,165,239,0,0,0,0,0,0,0,0,0,0,0,0,0,0,254,255,0,0,255,255,251,255,15,0,250,15,0,0
28.329,C,0.009125,4,90,165,239,0,0,0,0,0,0,0,0,0,0,0,0,0,0,254,255,254,255,1,0,4,0,9,0,247,15,0,0
28.344,C,0.008328,4,90,165,239,0,0,0,0,0,0,0,0,0,0,0,0,0,0,253,255,2,0,253,255,2,0,9,0,245,15,0,0
28.36,C,0.009202,4,90,165,239,0,0,0,0,0,0,0,0,0,0,0,0,0,0,255,255,3,0,253,255,254,255,9,0,253,15,0,0
28.391,C,0.006871,4,90,165,239,0,0,0,0,0,0,0,0,0,0,0,0,0,0,0,0,2,0,0,0,2,0,12,0,2,16,0,0
28.406,C,0.005435,4,90,165,239,0,0,0,0,0,0,0,0,0,0,0,0,0,0,0,0,3,0,255,255,0,0,11,0,4,16,0,0
28.421,C,0.008485,4,90,165,239,0,0,0,0,0,0,0,0,0,0,0,0,0,0,254,255,3,0,0,0,0,0,21,0,253,15,0,0
28.452,C,0.009763,4,90,165,239,0,0,0,0,0,0,0,0,0,0,0,0,0,0,255,255,2,0,0,0,240,255,10,0,3,16,0,0
28.452,C,0.008404,4,90,165,239,0,0,0,0,0,0,0,0,0,0,0,0,0,0,255,255,1,0,0,0,243,255,9,0,4,16,0,0
28.483,C,0.0045,4,90,165,239,0,0,0,0,0,0,0,0,0,0,0,0,0,0,0,0,1,0,255,255,15,0,18,0,251,15,0,0
28.498,C,0.005035,4,90,165,239,0,0,0,0,0,0,0,0,0,0,0,0,0,0,0,0,1,0,1,0,3,0,18,0,253,15,0,0
28.529,C,0.003817,4,90,165,239,0,0,0,0,0,0,0,0,0,0,0,0,0,0,255,255,1,0,255,255,252,255,7,0,0,16,0,0
28.544,C,0.002835,4,90,165,239,0,0,0,0,0,0,0,0,0,0,0,0,0,0,0,0,2,0,255,255,0,0,9,0,3,16,0,0
28.56,C,0.00351,4,90,165,239,0,0,0,0,0,0,0,0,0,0,0,0,0,0,255,255,2,0,255,255,253,255,6,0,2,16,0,0
28.591,C,0.004154,4,90,165,239,0,0,0,0,0,0,0,0,0,0,0,0,0,0,255,255,1,0,254,255,249,255,18,0,3,16,0,0
28.607,C,0.002887,4,90,165,239,0,0,0,0,0,0,0,0,0,0,0,0,0,0,255,255,1,0,0,0,9,0,16,0,255,15,0,0
28.622,C,0.003586,4,90,165,239,0,0,0,0,0,0,0,0,0,0,0,0,0,0,0,0,1,0,0,0,0,0,19,0,254,15,0,0
28.638,C,0.007168,4,90,165,239,0,0,0,0,0,0,0,0,0,0,0,0,0,0,0,0,3,0,255,255,2,0,12,0,4,16,0,0
28.669,C,0.004525,4,90,165,239,0,0,0,0,0,0,0,0,0,0,0,0,0,0,0,0,1,0,255,255,11,0,17,0,251,15,0,0
28.684,C,0.004928,4,90,165,239,0,0,0,0,0,0,0,0,0,0,0,0,0,0,255,255,2,0,254,255,255,255,4,0,251,15,0,0
28.699,C,0.003667,4,90,165,239,0,0,0,0,0,0,0,0,0,0,0,0,0,0,254,255,2,0,0,0,243,255,255,255,1,16,0,0
28.73,C,0.005134,4,90,165,239,0,0,0,0,0,0,0,0,0,0,0,0,0,0,254,255,3,0,255,255,248,255,9,0,249,15,0,0
28.746,C,0.008717,4,90,165,239,0,0,0,0,0,0,0,0,0,0,0,0,0,0,255,255,4,0,254,255,251,255,17,0,0,16,0,0
28.761,C,0.00784,4,90,165,239,0,0,0,0,0,0,0,0,0,0,0,0,0,0,0,0,2,0,0,0,250,255,15,0,5,16,0,0
28.791,C,0.006123,4,90,165,239,0,0,0,0,0,0,0,0,0,0,0,0,0,0,0,0,2,0,255,255,2,0,12,0,252,15,0,0
28.807,C,0.007649,4,90,165,239,0,0,0,0,0,0,0,0,0,0,0,0,0,0,254,255,3,0,255,255,253,255,18,0,253,15,0,0
28.823,C,0.008629,4,90,165,239,0,0,0,0,0,0,0,0,0,0,0,0,0,0,0,0,1,0,253,255,8,0,5,0,11,16,0,0
28.838,C,0.007429,4,90,165,239,0,0,0,0,0,0,0,0,0,0,0,0,0,0,254,255,3,0,0,0,8,0,12,0,246,15,0,0
28.87,C,0.009747,4,90,165,239,0,0,0,0,0,0,0,0,0,0,0,0,0,0,0,0,1,0,255,255,248,255,14,0,4,16,0,0
28.885,C,0.009151,4,90,165,239,0,0,0,0,0,0,0,0,0,0,0,0,0,0,0,0,0,0,255,255,253,255,7,0,3,16,0,0
28.901,C,0.008669,4,90,165,239,0,0,0,0,0,0,0,0,0,0,0,0,0,0,255,255,255,255,255,255,252,255,17,0,7,16,0,0
28.933,C,0.011187,4,90,165,239,0,0,0,0,0,0,0,0,0,0,0,0,0,0,254,255,1,0,0,0,1,0,17,0,3,16,0,0
28.933,C,0.008557,4,90,165,239,0,0,0,0,0,0,0,0,0,0,0,0,0,0,254,255,1,0,255,255,254,255,20,0,4,16,0,0
28.964,C,0.009837,4,90,165,239,0,0,0,0,0,0,0,0,0,0,0,0,0,0,254,255,2,0,254,255,253,255,5,0,0,16,0,0
28.979,C,0.014628,4,90,165,239,0,0,0,0,0,0,0,0,0,0,0,0,0,0,0,0,1,0,1,0,2,0,9,0,254,15,0,0
29.01,C,0.011885,4,90,165,239,0,0,0,0,0,0,0,0,0,0,0,0,0,0,255,255,1,0,254,255,250,255,24,0,252,15,0,0
29.026,C,0.010789,4,90,165,239,0,0,0,0,0,0,0,0,0,0,0,0,0,0,0,0,3,0,255,255,3,0,7,0,0,16,0,0
29.041,C,0.011498,4,90,165,239,0,0,0,0,0,0,0,0,0,0,0,0,0,0,254,255,1,0,255,255,0,0,6,0,251,15,0,0
29.072,C,0.012155,4,90,165,239,0,0,0,0,0,0,0,0,0,0,0,0,0,0,0,0,2,0,255,255,5,0,9,0,1,16,0,0
29.088,C,0.009907,4,90,165,239,0,0,0,0,0,0,0,0,0,0,0,0,0,0,255,255,3,0,0,0,251,255,17,0,255,15,0,0
29.103,C,0.010062,4,90,165,239,0,0,0,0,0,0,0,0,0,0,0,0,0,0,254,255,1,0,0,0,248,255,15,0,3,16,0,0
29.118,C,0.011022,4,90,165,239,0,0,0,0,0,0,0,0,0,0,0,0,0,0,255,255,2,0,255,255,246,255,10,0,250,15,0,0
29.149,C,0.008288,4,90,165,239,0,0,0,0,0,0,0,0,0,0,0,0,0,0,255,255,3,0,255,255,0,0,9,0,7,16,0,0
29.165,C,0.00714,4,90,165,239,0,0,0,0,0,0,0,0,0,0,0,0,0,0,0,0,3,0,0,0,254,255,15,0,251,15,0,0
29.18,C,0.006983,4,90,165,239,0,0,0,0,0,0,0,0,0,0,0,0,0,0,255,255,1,0,252,255,248,255,13,0,251,15,0,0
29.211,C,0.006815,4,90,165,239,0,0,0,0,0,0,0,0,0,0,0,0,0,0,255,255,2,0,254,255,247,255,22,0,0,16,0,0
29.227,C,0.005405,4,90,165,239,0,0,0,0,0,0,0,0,0,0,0,0,0,0,254,255,3,0,0,0,248,255,6,0,252,15,0,0
29.242,C,0.005857,4,90,165,239,0,0,0,0,0,0,0,0,0,0,0,0,0,0,254,255,2,0,255,255,254,255,14,0,1,16,0,0
29.258,C,0.006562,4,90,165,239,0,0,0,0,0,0,0,0,0,0,0,0,0,0,252,255,3,0,0,0,252,255,15,0,254,15,0,0
29.289,C,0.009112,4,90,165,239,0,0,0,0,0,0,0,0,0,0,0,0,0,0,255,255,1,0,0,0,253,255,10,0,4,16,0,0
29.305,C,0.0072,4,90,165,239,0,0,0,0,0,0,0,0,0,0,0,0,0,0,255,255,1,0,255,255,254,255,14,0,255,15,0,0
29.32,C,0.007644,4,90,165,239,0,0,0,0,0,0,0,0,0,0,0,0,0,0,253,255,1,0,255,255,4,0,17,0,255,15,0,0
29.351,C,0.007461,4,90,165,239,0,0,0,0,0,0,0,0,0,0,0,0,0,0,255,255,1,0,254,255,245,255,3,0,252,15,0,0
29.366,C,0.006578,4,90,165,239,0,0,0,0,0,0,0,0,0,0,0,0,0,0,254,255,0,0,0,0,250,255,4,0,250,15,0,0
29.381,C,0.004699,4,90,165,239,0,0,0,0,0,0,0,0,0,0,0,0,0,0,0,0,2,0,253,255,2,0,20,0,255,15,0,0
29.412,C,0.00452,4,90,165,239,0,0,0,0,0,0,0,0,0,0,0,0,0,0,255,255,3,0,254,255,5,0,11,0,255,15,0,0
29.412,C,0.004345,4,90,165,239,0,0,0,0,0,0,0,0,0,0,0,0,0,0,254,255,1,0,253,255,7,0,11,0,255,15,0,0
29.443,C,0.00327,4,90,165,239,0,0,0,0,0,0,0,0,0,0,0,0,0,0,254,255,3,0,255,255,245,255,18,0,253,15,0,0
29.459,C,0.002746,4,90,165,239,0,0,0,0,0,0,0,0,0,0,0,0,0,0,255,255,3,0,1,0,2,0,13,0,0,16,0,0
29.49,C,0.003266,4,90,165,239,0,0,0,0,0,0,0,0,0,0,0,0,0,0,0,0,1,0,0,0,247,255,8,0,253,15,0,0
29.506,C,0.003273,4,90,165,239,0,0,0,0,0,0,0,0,0,0,0,0,0,0,0,0,2,0,254,255,1,0,9,0,252,15,0,0
29.521,C,0.002725,4,90,165,239,0,0,0,0,0,0,0,0,0,0,0,0,0,0,255,255,2,0,0,0,249,255,16,0,252,15,0,0
29.553,C,0.002664,4,90,165,239,0,0,0,0,0,0,0,0,0,0,0,0,0,0,255,255,2,0,0,0,250,255,20,0,249,15,0,0
29.553,C,0.002524,4,90,165,239,0,0,0,0,0,0,0,0,0,0,0,0,0,0,255,255,2,0,0,0,250,255,20,0,249,15,0,0
29.583,C,0.002888,4,90,165,239,0,0,0,0,0,0,0,0,0,0,0,0,0,0,254,255,254,255,254,255,4,0,10,0,255,15,0,0
29.598,C,0.003225,4,90,165,239,0,0,0,0,0,0,0,0,0,0,0,0,0,0,0,0,0,0,254,255,253,255,13,0,252,15,0,0
29.63,C,0.003575,4,90,165,239,0,0,0,0,0,0,0,0,0,0,0,0,0,0,0,0,1,0,254,255,250,255,8,0,0,16,0,0
29.645,C,0.002921,4,90,165,239,0,0,0,0,0,0,0,0,0,0,0,0,0,0,254,255,3,0,0,0,249,255,4,0,10,16,0,0
29.661,C,0.002837,4,90,165,239,0,0,0,0,0,0,0,0,0,0,0,0,0,0,255,255,1,0,0,0,255,255,8,0,0,16,0,0
29.691,C,0.003127,4,90,165,239,0,0,0,0,0,0,0,0,0,0,0,0,0,0,255,255,1,0,254,255,2,0,11,0,250,15,0,0
29.711,C,0.00253,4,90,165,239,0,0,0,0,0,0,0,0,0,0,0,0,0,0,0,0,0,0,0,0,1,0,8,0,249,15,0,0
29.723,C,0.002721,4,90,165,239,0,0,0,0,0,0,0,0,0,0,0,0,0,0,255,255,1,0,255,255,250,255,8,0,3,16,0,0
29.739,C,0.002702,4,90,165,239,0,0,0,0,0,0,0,0,0,0,0,0,0,0,0,0,1,0,254,255,249,255,19,0,7,16,0,0
29.771,C,0.002173,4,90,165,239,0,0,0,0,0,0,0,0,0,0,0,0,0,0,254,255,3,0,255,255,253,255,18,0,1,16,0,0
29.785,C,0.002542,4,90,165,239,0,0,0,0,0,0,0,0,0,0,0,0,0,0,255,255,3,0,254,255,7,0,13,0,253,15,0,0
29.801,C,0.003579,4,90,165,239,0,0,0,0,0,0,0,0,0,0,0,0,0,0,255,255,2,0,254,255,2,0,9,0,11,16,0,0
29.833,C,0.003258,4,90,165,239,0,0,0,0,0,0,0,0,0,0,0,0,0,0,255,255,3,0,252,255,3,0,20,0,1,16,0,0
29.833,C,0.003047,4,90,165,239,0,0,0,0,0,0,0,0,0,0,0,0,0,0,255,255,3,0,252,255,3,0,20,0,1,16,0,0
29.864,C,0.002933,4,90,165,239,0,0,0,0,0,0,0,0,0,0,0,0,0,0,254,255,2,0,253,255,252,255,14,0,252,15,0,0
29.88,C,0.003012,4,90,165,239,0,0,0,0,0,0,0,0,0,0,0,0,0,0,255,255,2,0,255,255,248,255,12,0,6,16,0,0
29.91,C,0.003985,4,90,165,239,0,0,0,0,0,0,0,0,0,0,0,0,0,0,0,0,0,0,254,255,4,0,15,0,3,16,0,0
29.926,C,0.002984,4,90,165,239,0,0,0,0,0,0,0,0,0,0,0,0,0,0,0,0,2,0,254,255,0,0,6,0,6,16,0,0
29.941,C,0.002781,4,90,165,239,0,0,0,0,0,0,0,0,0,0,0,0,0,0,254,255,0,0,0,0,255,255,12,0,3,16,0,0
29.972,C,0.002799,4,90,165,239,0,0,0,0,0,0,0,0,0,0,0,0,0,0,0,0,1,0,0,0,255,255,14,0,3,16,0,0
29.987,C,0.003227,4,90,165,239,0,0,0,0,0,0,0,0,0,0,0,0,0,0,254,255,1,0,0,0,243,255,12,0,10,16,0,0
30.003,C,0.003087,4,90,165,239,0,0,0,0,0,0,0,0,0,0,0,0,0,0,0,0,3,0,254,255,4,0,12,0,8,16,0,0
30.019,C,0.002579,4,90,165,239,0,0,0,0,0,0,0,0,0,0,0,0,0,0,255,255,0,0,253,255,245,255,6,0,3,16,0,0
30.05,C,0.002604,4,90,165,239,0,0,0,0,0,0,0,0,0,0,0,0,0,0,254,255,1,0,253,255,254,255,7,0,255,15,0,0
30.066,C,0.002961,4,90,165,239,0,0,0,0,0,0,0,0,0,0,0,0,0,0,0,0,1,0,255,255,10,0,12,0,251,15,0,0
30.081,C,0.00256,4,90,165,239,0,0,0,0,0,0,0,0,0,0,0,0,0,0,254,255,0,0,255,255,255,255,11,0,2,16,0,0
30.112,C,0.002708,4,90,165,239,0,0,0,0,0,0,0,0,0,0,0,0,0,0,255,255,3,0,255,255,247,255,17,0,255,15,0,0
30.112,C,0.003414,4,90,165,239,0,0,0,0,0,0,0,0,0,0,0,0,0,0,255,255,3,0,255,255,247,255,17,0,255,15,0,0
30.144,C,0.003043,4,90,165,239,0,0,0,0,0,0,0,0,0,0,0,0,0,0,255,255,2,0,0,0,248,255,12,0,250,15,0,0
30.161,C,0.002539,4,90,165,239,0,0,0,0,0,0,0,0,0,0,0,0,0,0,255,255,2,0,255,255,250,255,6,0,248,15,0,0
30.192,C,0.002441,4,90,165,239,0,0,0,0,0,0,0,0,0,0,0,0,0,0,253,255,3,0,253,255,254,255,15,0,2,16,0,0
30.192,C,0.002178,4,90,165,239,0,0,0,0,0,0,0,0,0,0,0,0,0,0,253,255,3,0,253,255,254,255,15,0,2,16,0,0
30.223,C,0.002371,4,90,165,239,0,0,0,0,0,0,0,0,0,0,0,0,0,0,1,0,2,0,255,255,16,0,7,0,7,16,0,0
30.239,C,0.002615,4,90,165,239,0,0,0,0,0,0,0,0,0,0,0,0,0,0,255,255,3,0,0,0,10,0,4,0,254,15,0,0
30.27,C,0.002419,4,90,165,239,0,0,0,0,0,0,0,0,0,0,0,0,0,0,255,255,2,0,1,0,0,0,21,0,247,15,0,0
30.286,C,0.002081,4,90,165,239,0,0,0,0,0,0,0,0,0,0,0,0,0,0,255,255,2,0,254,255,255,255,17,0,1,16,0,0
30.302,C,0.002221,4,90,165,239,0,0,0,0,0,0,0,0,0,0,0,0,0,0,0,0,3,0,255,255,250,255,23,0,6,16,0,0
30.333,C,0.002697,4,90,165,239,0,0,0,0,0,0,0,0,0,0,0,0,0,0,0,0,0,0,0,0,249,255,18,0,250,15,0,0
30.333,C,0.002723,4,90,165,239,0,0,0,0,0,0,0,0,0,0,0,0,0,0,0,0,0,0,0,0,249,255,18,0,250,15,0,0
30.366,C,0.002467,4,90,165,239,0,0,0,0,0,0,0,0,0,0,0,0,0,0,0,0,0,0,254,255,3,0,5,0,250,15,0,0
30.381,C,0.002216,4,90,165,239,0,0,0,0,0,0,0,0,0,0,0,0,0,0,254,255,1,0,255,255,250,255,10,0,253,15,0,0
30.411,C,0.002187,4,90,165,239,0,0,0,0,0,0,0,0,0,0,0,0,0,0,255,255,1,0,253,255,5,0,17,0,0,16,0,0
30.427,C,0.002272,4,90,165,239,0,0,0,0,0,0,0,0,0,0,0,0,0,0,255,255,0,0,0,0,251,255,14,0,254,15,0,0
30.442,C,0.002015,4,90,165,239,0,0,0,0,0,0,0,0,0,0,0,0,0,0,0,0,2,0,253,255,243,255,5,0,255,15,0,0
30.458,C,0.002274,4,90,165,239,0,0,0,0,0,0,0,0,0,0,0,0,0,0,255,255,255,255,254,255,253,255,6,0,5,16,0,0
30.489,C,0.002191,4,90,165,239,0,0,0,0,0,0,0,0,0,0,0,0,0,0,0,0,1,0,255,255,3,0,4,0,253,15,0,0
30.504,C,0.00215,4,90,165,239,0,0,0,0,0,0,0,0,0,0,0,0,0,0,255,255,0,0,253,255,13,0,15,0,247,15,0,0
30.52,C,0.001983,4,90,165,239,0,0,0,0,0,0,0,0,0,0,0,0,0,0,255,255,2,0,255,255,253,255,12,0,245,15,0,0
30.551,C,0.002075,4,90,165,239,0,0,0,0,0,0,0,0,0,0,0,0,0,0,255,255,3,0,1,0,252,255,7,0,5,16,0,0
30.567,C,0.001629,4,90,165,239,0,0,0,0,0,0,0,0,0,0,0,0,0,0,254,255,2,0,255,255,244,255,11,0,254,15,0,0
30.582,C,0.00201,4,90,165,239,0,0,0,0,0,0,0,0,0,0,0,0,0,0,255,255,2,0,255,255,243,255,17,0,251,15,0,0
30.598,C,0.001847,4,90,165,239,0,0,0,0,0,0,0,0,0,0,0,0,0,0,0,0,2,0,253,255,252,255,2,0,2,16,0,0
30.63,C,0.001958,4,90,165,239,0,0,0,0,0,0,0,0,0,0,0,0,0,0,0,0,2,0,0,0,255,255,13,0,255,15,0,0
30.645,C,0.002034,4,90,165,239,0,0,0,0,0,0,0,0,0,0,0,0,0,0,254,255,1,0,254,255,14,0,21,0,254,15,0,0
30.661,C,0.002222,4,90,165,239,0,0,0,0,0,0,0,0,0,0,0,0,0,0,0,0,3,0,253,255,7,0,6,0,251,15,0,0
30.692,C,0.001994,4,90,165,239,0,0,0,0,0,0,0,0,0,0,0,0,0,0,255,255,2,0,254,255,255,255,10,0,254,15,0,0
30.692,C,0.002271,4,90,165,239,0,0,0,0,0,0,0,0,0,0,0,0,0,0,255,255,2,0,254,255,255,255,10,0,254,15,0,0
30.723,C,0.002087,4,90,165,239,0,0,0,0,0,0,0,0,0,0,0,0,0,0,254,255,1,0,253,255,247,255,12,0,3,16,0,0
30.739,C,0.00214,4,90,165,239,0,0,0,0,0,0,0,0,0,0,0,0,0,0,0,0,1,0,254,255,0,0,8,0,4,16,0,0
30.77,C,0.00224,4,90,165,239,0,0,0,0,0,0,0,0,0,0,0,0,0,0,254,255,2,0,0,0,255,255,6,0,246,15,0,0
30.786,C,0.002162,4,90,165,239,0,0,0,0,0,0,0,0,0,0,0,0,0,0,255,255,0,0,0,0,15,0,15,0,255,15,0,0
30.802,C,0.002323,4,90,165,239,0,0,0,0,0,0,0,0,0,0,0,0,0,0,0,0,0,0,0,0,12,0,18,0,4,16,0,0
30.832,C,0.002372,4,90,165,239,0,0,0,0,0,0,0,0,0,0,0,0,0,0,254,255,1,0,255,255,245,255,14,0,0,16,0,0
30.832,C,0.002444,4,90,165,239,0,0,0,0,0,0,0,0,0,0,0,0,0,0,254,255,1,0,255,255,245,255,14,0,0,16,0,0
30.864,C,0.002599,4,90,165,239,0,0,0,0,0,0,0,0,0,0,0,0,0,0,255,255,3,0,254,255,249,255,10,0,249,15,0,0
30.88,C,0.002369,4,90,165,239,0,0,0,0,0,0,0,0,0,0,0,0,0,0,254,255,3,0,1,0,247,255,2,0,253,15,0,0
30.912,C,0.002213,4,90,165,239,0,0,0,0,0,0,0,0,0,0,0,0,0,0,254,255,3,0,254,255,253,255,10,0,8,16,0,0
30.927,C,0.001958,4,90,165,239,0,0,0,0,0,0,0,0,0,0,0,0,0,0,254,255,3,0,254,255,243,255,9,0,253,15,0,0
30.943,C,0.002255,4,90,165,239,0,0,0,0,0,0,0,0,0,0,0,0,0,0,254,255,1,0,255,255,249,255,17,0,4,16,0,0
30.958,C,0.001838,4,90,165,239,0,0,0,0,0,0,0,0,0,0,0,0,0,0,255,255,3,0,254,255,254,255,33,0,7,16,0,0
30.99,C,0.002063,4,90,165,239,0,0,0,0,0,0,0,0,0,0,0,0,0,0,255,255,2,0,254,255,10,0,252,255,254,15,0,0
31.006,C,0.002723,4,90,165,239,0,0,0,0,0,0,0,0,0,0,0,0,0,0,255,255,0,0,254,255,0,0,253,255,5,16,0,0
31.021,C,0.001998,4,90,165,239,0,0,0,0,0,0,0,0,0,0,0,0,0,0,254,255,0,0,252,255,8,0,255,255,9,16,0,0
31.051,C,0.001857,4,90,165,239,0,0,0,0,0,0,0,0,0,0,0,0,0,0,255,255,0,0,0,0,245,255,30,0,0,16,0,0
31.067,C,0.002152,4,90,165,239,0,0,0,0,0,0,0,0,0,0,0,0,0,0,254,255,0,0,254,255,235,255,30,0,253,15,0,0
31.082,C,0.001499,4,90,165,239,0,0,0,0,0,0,0,0,0,0,0,0,0,0,255,255,1,0,254,255,251,255,10,0,7,16,0,0
31.098,C,0.00221,4,90,165,239,0,0,0,0,0,0,0,0,0,0,0,0,0,0,254,255,0,0,254,255,7,0,6,0,251,15,0,0
31.128,C,0.00237,4,90,165,239,0,0,0,0,0,0,0,0,0,0,0,0,0,0,255,255,1,0,255,255,6,0,255,255,253,15,0,0
31.144,C,0.002179,4,90,165,239,0,0,0,0,0,0,0,0,0,0,0,0,0,0,254,255,1,0,253,255,1,0,5,0,5,16,0,0
31.16,C,0.002121,4,90,165,239,0,0,0,0,0,0,0,0,0,0,0,0,0,0,0,0,2,0,1,0,247,255,11,0,0,16,0,0
31.191,C,0.002354,4,90,165,239,0,0,0,0,0,0,0,0,0,0,0,0,0,0,254,255,255,255,255,255,250,255,24,0,4,16,0,0
31.207,C,0.002397,4,90,165,239,0,0,0,0,0,0,0,0,0,0,0,0,0,0,255,255,2,0,254,255,246,255,13,0,252,15,0,0
31.223,C,0.002258,4,90,165,239,0,0,0,0,0,0,0,0,0,0,0,0,0,0,0,0,1,0,255,255,242,255,252,255,253,15,0,0
31.238,C,0.002203,4,90,165,239,0,0,0,0,0,0,0,0,0,0,0,0,0,0,254,255,3,0,0,0,253,255,246,255,247,15,0,0
31.269,C,0.001687,4,90,165,239,0,0,0,0,0,0,0,0,0,0,0,0,0,0,255,255,3,0,0,0,6,0,255,255,254,15,0,0
31.284,C,0.002081,4,90,165,239,0,0,0,0,0,0,0,0,0,0,0,0,0,0,255,255,3,0,1,0,1,0,14,0,251,15,0,0
31.3,C,0.001905,4,90,165,239,0,0,0,0,0,0,0,0,0,0,0,0,0,0,0,0,2,0,0,0,4,0,29,0,3,16,0,0
31.331,C,0.001649,4,90,165,239,0,0,0,0,0,0,0,0,0,0,0,0,0,0,253,255,1,0,253,255,8,0,12,0,250,15,0,0
31.347,C,0.002126,4,90,165,239,0,0,0,0,0,0,0,0,0,0,0,0,0,0,1,0,1,0,254,255,1,0,253,255,251,15,0,0
31.361,C,0.001799,4,90,165,239,0,0,0,0,0,0,0,0,0,0,0,0,0,0,254,255,1,0,252,255,246,255,249,255,250,15,0,0
31.393,C,0.002026,4,90,165,239,0,0,0,0,0,0,0,0,0,0,0,0,0,0,0,0,2,0,255,255,253,255,6,0,5,16,0,0
31.393,C,0.001931,4,90,165,239,0,0,0,0,0,0,0,0,0,0,0,0,0,0,0,0,2,0,255,255,253,255,6,0,5,16,0,0
31.423,C,0.002439,4,90,165,239,0,0,0,0,0,0,0,0,0,0,0,0,0,0,0,0,2,0,255,255,253,255,9,0,4,16,0,0
31.439,C,0.002501,4,90,165,239,0,0,0,0,0,0,0,0,0,0,0,0,0,0,255,255,2,0,255,255,0,0,20,0,253,15,0,0
31.471,C,0.002615,4,90,165,239,0,0,0,0,0,0,0,0,0,0,0,0,0,0,254,255,2,0,253,255,252,255,11,0,2,16,0,0
31.486,C,0.002254,4,90,165,239,0,0,0,0,0,0,0,0,0,0,0,0,0,0,255,255,2,0,254,255,0,0,9,0,2,16,0,0
31.502,C,0.002163,4,90,165,239,0,0,0,0,0,0,0,0,0,0,0,0,0,0,255,255,2,0,253,255,255,255,17,0,0,16,0,0
31.518,C,0.00219,4,90,165,239,0,0,0,0,0,0,0,0,0,0,0,0,0,0,255,255,2,0,255,255,249,255,13,0,255,15,0,0
31.549,C,0.002399,4,90,165,239,0,0,0,0,0,0,0,0,0,0,0,0,0,0,0,0,3,0,254,255,254,255,23,0,0,16,0,0
31.565,C,0.002184,4,90,165,239,0,0,0,0,0,0,0,0,0,0,0,0,0,0,0,0,1,0,1,0,5,0,22,0,253,15,0,0
31.58,C,0.002065,4,90,165,239,0,0,0,0,0,0,0,0,0,0,0,0,0,0,254,255,2,0,254,255,3,0,0,0,248,15,0,0
31.611,C,0.002237,4,90,165,239,0,0,0,0,0,0,0,0,0,0,0,0,0,0,255,255,3,0,255,255,255,255,254,255,5,16,0,0
31.626,C,0.001847,4,90,165,239,0,0,0,0,0,0,0,0,0,0,0,0,0,0,0,0,3,0,253,255,1,0,8,0,253,15,0,0
31.642,C,0.001909,4,90,165,239,0,0,0,0,0,0,0,0,0,0,0,0,0,0,255,255,2,0,253,255,248,255,16,0,252,15,0,0
31.657,C,0.002276,4,90,165,239,0,0,0,0,0,0,0,0,0,0,0,0,0,0,254,255,2,0,254,255,244,255,9,0,253,15,0,0
31.689,C,0.002116,4,90,165,239,0,0,0,0,0,0,0,0,0,0,0,0,0,0,255,255,3,0,253,255,250,255,16,0,252,15,0,0
31.704,C,0.002105,4,90,165,239,0,0,0,0,0,0,0,0,0,0,0,0,0,0,0,0,1,0,255,255,253,255,13,0,247,15,0,0
31.719,C,0.002114,4,90,165,239,0,0,0,0,0,0,0,0,0,0,0,0,0,0,255,255,1,0,255,255,246,255,9,0,252,15,0,0
31.75,C,0.002326,4,90,165,239,0,0,0,0,0,0,0,0,0,0,0,0,0,0,0,0,1,0,255,255,12,0,9,0,5,16,0,0
31.765,C,0.002101,4,90,165,239,0,0,0,0,0,0,0,0,0,0,0,0,0,0,255,255,1,0,1,0,247,255,10,0,254,15,0,0
31.78,C,0.002198,4,90,165,239,0,0,0,0,0,0,0,0,0,0,0,0,0,0,255,255,1,0,254,255,2,0,13,0,0,16,0,0
31.811,C,0.001946,4,90,165,239,0,0,0,0,0,0,0,0,0,0,0,0,0,0,255,255,2,0,0,0,250,255,5,0,254,15,0,0
31.826,C,0.002096,4,90,165,239,0,0,0,0,0,0,0,0,0,0,0,0,0,0,253,255,0,0,255,255,2,0,5,0,252,15,0,0
31.841,C,0.002103,4,90,165,239,0,0,0,0,0,0,0,0,0,0,0,0,0,0,255,255,2,0,255,255,0,0,255,255,2,16,0,0
31.873,C,0.00213,4,90,165,239,0,0,0,0,0,0,0,0,0,0,0,0,0,0,0,0,2,0,253,255,0,0,14,0,253,15,0,0
31.873,C,0.001919,4,90,165,239,0,0,0,0,0,0,0,0,0,0,0,0,0,0,0,0,2,0,254,255,2,0,16,0,253,15,0,0
31.904,C,0.002621,4,90,165,239,0,0,0,0,0,0,0,0,0,0,0,0,0,0,253,255,1,0,255,255,1,0,8,0,255,15,0,0
31.92,C,0.002279,4,90,165,239,0,0,0,0,0,0,0,0,0,0,0,0,0,0,254,255,1,0,0,0,249,255,4,0,248,15,0,0
31.951,C,0.00215,4,90,165,239,0,0,0,0,0,0,0,0,0,0,0,0,0,0,254,255,1,0,255,255,253,255,2,0,5,16,0,0
31.967,C,0.0028,4,90,165,239,0,0,0,0,0,0,0,0,0,0,0,0,0,0,254,255,2,0,0,0,0,0,8,0,4,16,0,0
31.982,C,0.002154,4,90,165,239,0,0,0,0,0,0,0,0,0,0,0,0,0,0,0,0,3,0,255,255,10,0,17,0,253,15,0,0
31.998,C,0.001802,4,90,165,239,0,0,0,0,0,0,0,0,0,0,0,0,0,0,255,255,2,0,255,255,1,0,17,0,249,15,0,0
32.029,C,0.001663,4,90,165,239,0,0,0,0,0,0,0,0,0,0,0,0,0,0,254,255,2,0,254,255,255,255,12,0,2,16,0,0
32.044,C,0.00183,4,90,165,239,0,0,0,0,0,0,0,0,0,0,0,0,0,0,0,0,2,0,0,0,245,255,11,0,6,16,0,0
32.06,C,0.002228,4,90,165,239,0,0,0,0,0,0,0,0,0,0,0,0,0,0,0,0,2,0,255,255,2,0,1,0,1,16,0,0
32.091,C,0.002807,4,90,165,239,0,0,0,0,0,0,0,0,0,0,0,0,0,0,0,0,2,0,255,255,252,255,5,0,3,16,0,0
32.107,C,0.002336,4,90,165,239,0,0,0,0,0,0,0,0,0,0,0,0,0,0,254,255,1,0,1,0,251,255,4,0,251,15,0,0
32.123,C,0.002739,4,90,165,239,0,0,0,0,0,0,0,0,0,0,0,0,0,0,255,255,2,0,254,255,250,255,6,0,0,16,0,0
32.139,C,0.002133,4,90,165,239,0,0,0,0,0,0,0,0,0,0,0,0,0,0,255,255,0,0,0,0,247,255,10,0,253,15,0,0
32.17,C,0.002105,4,90,165,239,0,0,0,0,0,0,0,0,0,0,0,0,0,0,0,0,2,0,254,255,252,255,8,0,251,15,0,0
32.187,C,0.002085,4,90,165,239,0,0,0,0,0,0,0,0,0,0,0,0,0,0,255,255,1,0,1,0,248,255,10,0,255,15,0,0
32.202,C,0.002176,4,90,165,239,0,0,0,0,0,0,0,0,0,0,0,0,0,0,253,255,0,0,255,255,245,255,7,0,6,16,0,0
32.233,C,0.002271,4,90,165,239,0,0,0,0,0,0,0,0,0,0,0,0,0,0,255,255,1,0,254,255,5,0,13,0,255,15,0,0
32.233,C,0.002018,4,90,165,239,0,0,0,0,0,0,0,0,0,0,0,0,0,0,255,255,2,0,254,255,5,0,11,0,255,15,0,0
32.264,C,0.002091,4,90,165,239,0,0,0,0,0,0,0,0,0,0,0,0,0,0,0,0,0,0,255,255,6,0,10,0,251,15,0,0
32.279,C,0.002022,4,90,165,239,0,0,0,0,0,0,0,0,0,0,0,0,0,0,253,255,1,0,0,0,0,0,3,0,1,16,0,0
32.31,C,0.002089,4,90,165,239,0,0,0,0,0,0,0,0,0,0,0,0,0,0,0,0,1,0,254,255,11,0,13,0,0,16,0,0
32.325,C,0.002138,4,90,165,239,0,0,0,0,0,0,0,0,0,0,0,0,0,0,255,255,2,0,255,255,5,0,9,0,0,16,0,0
32.34,C,0.002111,4,90,165,239,0,0,0,0,0,0,0,0,0,0,0,0,0,0,255,255,1,0,254,255,1,0,15,0,252,15,0,0
32.373,C,0.001792,4,90,165,239,0,0,0,0,0,0,0,0,0,0,0,0,0,0,253,255,3,0,255,255,0,0,9,0,0,16,0,0
32.373,C,0.002096,4,90,165,239,0,0,0,0,0,0,0,0,0,0,0,0,0,0,253,255,3,0,255,255,0,0,9,0,0,16,0,0
32.404,C,0.002861,4,90,165,239,0,0,0,0,0,0,0,0,0,0,0,0,0,0,255,255,3,0,0,0,254,255,11,0,2,16,0,0
32.42,C,0.003,4,90,165,239,0,0,0,0,0,0,0,0,0,0,0,0,0,0,254,255,3,0,253,255,252,255,10,0,4,16,0,0
32.45,C,0.002856,4,90,165,239,0,0,0,0,0,0,0,0,0,0,0,0,0,0,0,0,2,0,255,255,5,0,5,0,252,15,0,0
32.465,C,0.002734,4,90,165,239,0,0,0,0,0,0,0,0,0,0,0,0,0,0,254,255,3,0,0,0,253,255,8,0,252,15,0,0
32.481,C,0.002712,4,90,165,239,0,0,0,0,0,0,0,0,0,0,0,0,0,0,254,255,0,0,254,255,251,255,9,0,3,16,0,0
32.512,C,0.002538,4,90,165,239,0,0,0,0,0,0,0,0,0,0,0,0,0,0,255,255,1,0,255,255,249,255,2,0,1,16,0,0
32.512,C,0.002348,4,90,165,239,0,0,0,0,0,0,0,0,0,0,0,0,0,0,255,255,1,0,255,255,249,255,2,0,1,16,0,0
32.543,C,0.002502,4,90,165,239,0,0,0,0,0,0,0,0,0,0,0,0,0,0,254,255,1,0,255,255,0,0,20,0,0,16,0,0
32.559,C,0.002323,4,90,165,239,0,0,0,0,0,0,0,0,0,0,0,0,0,0,0,0,1,0,1,0,249,255,15,0,3,16,0,0
32.591,C,0.002405,4,90,165,239,0,0,0,0,0,0,0,0,0,0,0,0,0,0,0,0,1,0,255,255,7,0,18,0,255,15,0,0
32.607,C,0.002249,4,90,165,239,0,0,0,0,0,0,0,0,0,0,0,0,0,0,253,255,255,255,255,255,3,0,2,0,250,15,0,0
32.622,C,0.002642,4,90,165,239,0,0,0,0,0,0,0,0,0,0,0,0,0,0,255,255,2,0,255,255,1,0,11,0,253,15,0,0
32.653,C,0.002146,4,90,165,239,0,0,0,0,0,0,0,0,0,0,0,0,0,0,253,255,0,0,254,255,254,255,10,0,252,15,0,0
32.653,C,0.001749,4,90,165,239,0,0,0,0,0,0,0,0,0,0,0,0,0,0,253,255,0,0,254,255,254,255,10,0,252,15,0,0
32.684,C,0.001826,4,90,165,239,0,0,0,0,0,0,0,0,0,0,0,0,0,0,254,255,0,0,254,255,255,255,15,0,2,16,0,0
32.7,C,0.001509,4,90,165,239,0,0,0,0,0,0,0,0,0,0,0,0,0,0,255,255,0,0,1,0,251,255,13,0,5,16,0,0
32.731,C,0.001809,4,90,165,239,0,0,0,0,0,0,0,0,0,0,0,0,0,0,255,255,0,0,253,255,243,255,19,0,1,16,0,0
32.747,C,0.002083,4,90,165,239,0,0,0,0,0,0,0,0,0,0,0,0,0,0,255,255,0,0,0,0,2,0,4,0,251,15,0,0
32.762,C,0.002048,4,90,165,239,0,0,0,0,0,0,0,0,0,0,0,0,0,0,254,255,0,0,255,255,255,255,252,255,253,15,0,0
32.778,C,0.002289,4,90,165,239,0,0,0,0,0,0,0,0,0,0,0,0,0,0,255,255,1,0,0,0,244,255,4,0,0,16,0,0
32.809,C,0.00226,4,90,165,239,0,0,0,0,0,0,0,0,0,0,0,0,0,0,255,255,3,0,255,255,248,255,8,0,255,15,0,0
32.824,C,0.00237,4,90,165,239,0,0,0,0,0,0,0,0,0,0,0,0,0,0,254,255,3,0,255,255,253,255,12,0,10,16,0,0
32.84,C,0.002084,4,90,165,239,0,0,0,0,0,0,0,0,0,0,0,0,0,0,0,0,1,0,253,255,254,255,15,0,251,15,0,0
32.871,C,0.001755,4,90,165,239,0,0,0,0,0,0,0,0,0,0,0,0,0,0,254,255,1,0,255,255,0,0,9,0,1,16,0,0
32.887,C,0.001649,4,90,165,239,0,0,0,0,0,0,0,0,0,0,0,0,0,0,255,255,2,0,254,255,255,255,17,0,10,16,0,0
32.902,C,0.002192,4,90,165,239,0,0,0,0,0,0,0,0,0,0,0,0,0,0,255,255,2,0,253,255,250,255,13,0,9,16,0,0
32.932,C,0.001505,4,90,165,239,0,0,0,0,0,0,0,0,0,0,0,0,0,0,0,0,1,0,254,255,251,255,16,0,2,16,0,0
32.932,C,0.00188,4,90,165,239,0,0,0,0,0,0,0,0,0,0,0,0,0,0,0,0,1,0,254,255,251,255,16,0,2,16,0,0
32.964,C,0.002086,4,90,165,239,0,0,0,0,0,0,0,0,0,0,0,0,0,0,254,255,2,0,255,255,0,0,9,0,6,16,0,0
32.979,C,0.002365,4,90,165,239,0,0,0,0,0,0,0,0,0,0,0,0,0,0,255,255,0,0,0,0,248,255,15,0,7,16,0,0
33.011,C,0.002781,4,90,165,239,0,0,0,0,0,0,0,0,0,0,0,0,0,0,254,255,0,0,0,0,255,255,7,0,4,16,0,0
33.026,C,0.001636,4,90,165,239,0,0,0,0,0,0,0,0,0,0,0,0,0,0,255,255,255,255,0,0,4,0,12,0,254,15,0,0
33.043,C,0.001629,4,90,165,239,0,0,0,0,0,0,0,0,0,0,0,0,0,0,255,255,3,0,254,255,0,0,14,0,255,15,0,0
33.058,C,0.001942,4,90,165,239,0,0,0,0,0,0,0,0,0,0,0,0,0,0,254,255,1,0,254,255,251,255,22,0,252,15,0,0
33.088,C,0.002701,4,90,165,239,0,0,0,0,0,0,0,0,0,0,0,0,0,0,254,255,0,0,0,0,3,0,13,0,248,15,0,0
33.104,C,0.002511,4,90,165,239,0,0,0,0,0,0,0,0,0,0,0,0,0,0,0,0,0,0,255,255,3,0,254,255,250,15,0,0
33.12,C,0.001899,4,90,165,239,0,0,0,0,0,0,0,0,0,0,0,0,0,0,255,255,253,255,1,0,247,255,247,255,248,15,0,0
33.151,C,0.001554,4,90,165,239,0,0,0,0,0,0,0,0,0,0,0,0,0,0,255,255,2,0,255,255,250,255,5,0,254,15,0,0
33.167,C,0.001654,4,90,165,239,0,0,0,0,0,0,0,0,0,0,0,0,0,0,255,255,2,0,255,255,247,255,254,255,255,15,0,0
33.182,C,0.00206,4,90,165,239,0,0,0,0,0,0,0,0,0,0,0,0,0,0,0,0,255,255,255,255,255,255,16,0,4,16,0,0
33.198,C,0.002024,4,90,165,239,0,0,0,0,0,0,0,0,0,0,0,0,0,0,253,255,254,255,255,255,1,0,25,0,7,16,0,0
33.231,C,0.001916,4,90,165,239,0,0,0,0,0,0,0,0,0,0,0,0,0,0,0,0,1,0,255,255,0,0,17,0,253,15,0,0
33.246,C,0.001893,4,90,165,239,0,0,0,0,0,0,0,0,0,0,0,0,0,0,0,0,0,0,254,255,2,0,15,0,1,16,0,0
33.262,C,0.00174,4,90,165,239,0,0,0,0,0,0,0,0,0,0,0,0,0,0,0,0,2,0,0,0,255,255,16,0,254,15,0,0
33.278,C,0.002891,4,90,165,239,0,0,0,0,0,0,0,0,0,0,0,0,0,0,253,255,2,0,0,0,255,255,22,0,255,15,0,0
33.31,C,0.001706,4,90,165,239,0,0,0,0,0,0,0,0,0,0,0,0,0,0,254,255,2,0,253,255,252,255,18,0,3,16,0,0
33.325,C,0.001883,4,90,165,239,0,0,0,0,0,0,0,0,0,0,0,0,0,0,254,255,3,0,1,0,250,255,5,0,253,15,0,0
33.341,C,0.0018,4,90,165,239,0,0,0,0,0,0,0,0,0,0,0,0,0,0,255,255,3,0,0,0,5,0,254,255,248,15,0,0
33.372,C,0.002542,4,90,165,239,0,0,0,0,0,0,0,0,0,0,0,0,0,0,0,0,2,0,254,255,250,255,252,255,8,16,0,0
33.372,C,0.002582,4,90,165,239,0,0,0,0,0,0,0,0,0,0,0,0,0,0,0,0,2,0,254,255,250,255,252,255,8,16,0,0
33.403,C,0.001803,4,90,165,239,0,0,0,0,0,0,0,0,0,0,0,0,0,0,0,0,2,0,0,0,253,255,16,0,1,16,0,0
33.419,C,0.00278,4,90,165,239,0,0,0,0,0,0,0,0,0,0,0,0,0,0,255,255,2,0,1,0,247,255,15,0,255,15,0,0
33.449,C,0.002249,4,90,165,239,0,0,0,0,0,0,0,0,0,0,0,0,0,0,254,255,255,255,255,255,253,255,15,0,252,15,0,0
33.465,C,0.002481,4,90,165,239,0,0,0,0,0,0,0,0,0,0,0,0,0,0,0,0,2,0,0,0,250,255,12,0,0,16,0,0
33.481,C,0.002745,4,90,165,239,0,0,0,0,0,0,0,0,0,0,0,0,0,0,255,255,1,0,255,255,241,255,252,255,4,16,0,0
33.511,C,0.001943,4,90,165,239,0,0,0,0,0,0,0,0,0,0,0,0,0,0,254,255,1,0,254,255,246,255,252,255,241,15,0,0
33.528,C,0.002339,4,90,165,239,0,0,0,0,0,0,0,0,0,0,0,0,0,0,0,0,3,0,254,255,242,255,254,255,246,15,0,0
33.543,C,0.002669,4,90,165,239,0,0,0,0,0,0,0,0,0,0,0,0,0,0,0,0,2,0,253,255,246,255,3,0,254,15,0,0
33.559,C,0.002355,4,90,165,239,0,0,0,0,0,0,0,0,0,0,0,0,0,0,0,0,1,0,0,0,255,255,18,0,249,15,0,0
33.59,C,0.002141,4,90,165,239,0,0,0,0,0,0,0,0,0,0,0,0,0,0,0,0,0,0,252,255,5,0,20,0,250,15,0,0
33.605,C,0.001353,4,90,165,239,0,0,0,0,0,0,0,0,0,0,0,0,0,0,253,255,1,0,0,0,10,0,10,0,2,16,0,0
33.621,C,0.001978,4,90,165,239,0,0,0,0,0,0,0,0,0,0,0,0,0,0,255,255,2,0,255,255,255,255,13,0,249,15,0,0
33.653,C,0.001405,4,90,165,239,0,0,0,0,0,0,0,0,0,0,0,0,0,0,255,255,2,0,255,255,254,255,6,0,5,16,0,0
33.653,C,0.002347,4,90,165,239,0,0,0,0,0,0,0,0,0,0,0,0,0,0,255,255,2,0,255,255,254,255,6,0,5,16,0,0
33.683,C,0.002035,4,90,165,239,0,0,0,0,0,0,0,0,0,0,0,0,0,0,255,255,2,0,255,255,248,255,9,0,246,15,0,0
33.699,C,0.001721,4,90,165,239,0,0,0,0,0,0,0,0,0,0,0,0,0,0,255,255,1,0,0,0,0,0,12,0,250,15,0,0
33.731,C,0.001616,4,90,165,239,0,0,0,0,0,0,0,0,0,0,0,0,0,0,254,255,3,0,0,0,2,0,8,0,254,15,0,0
33.747,C,0.002,4,90,165,239,0,0,0,0,0,0,0,0,0,0,0,0,0,0,0,0,1,0,254,255,251,255,6,0,255,15,0,0
33.762,C,0.001546,4,90,165,239,0,0,0,0,0,0,0,0,0,0,0,0,0,0,253,255,2,0,255,255,246,255,8,0,251,15,0,0
33.778,C,0.001773,4,90,165,239,0,0,0,0,0,0,0,0,0,0,0,0,0,0,0,0,255,255,255,255,3,0,6,0,254,15,0,0
33.809,C,0.001465,4,90,165,239,0,0,0,0,0,0,0,0,0,0,0,0,0,0,0,0,0,0,253,255,249,255,12,0,254,15,0,0
33.824,C,0.001674,4,90,165,239,0,0,0,0,0,0,0,0,0,0,0,0,0,0,253,255,2,0,254,255,251,255,10,0,0,16,0,0
33.839,C,0.00184,4,90,165,239,0,0,0,0,0,0,0,0,0,0,0,0,0,0,0,0,3,0,254,255,1,0,8,0,3,16,0,0
33.872,C,0.001903,4,90,165,239,0,0,0,0,0,0,0,0,0,0,0,0,0,0,255,255,2,0,254,255,240,255,6,0,0,16,0,0
33.887,C,0.001889,4,90,165,239,0,0,0,0,0,0,0,0,0,0,0,0,0,0,0,0,1,0,255,255,254,255,6,0,255,15,0,0
33.902,C,0.001911,4,90,165,239,0,0,0,0,0,0,0,0,0,0,0,0,0,0,0,0,255,255,0,0,251,255,5,0,254,15,0,0
33.918,C,0.001797,4,90,165,239,0,0,0,0,0,0,0,0,0,0,0,0,0,0,0,0,0,0,254,255,238,255,18,0,6,16,0,0
33.949,C,0.001732,4,90,165,239,0,0,0,0,0,0,0,0,0,0,0,0,0,0,255,255,2,0,254,255,250,255,22,0,251,15,0,0
33.964,C,0.001693,4,90,165,239,0,0,0,0,0,0,0,0,0,0,0,0,0,0,255,255,1,0,253,255,247,255,22,0,0,16,0,0
33.98,C,0.001666,4,90,165,239,0,0,0,0,0,0,0,0,0,0,0,0,0,0,0,0,2,0,254,255,247,255,11,0,246,15,0,0
34.011,C,0.001417,4,90,165,239,0,0,0,0,0,0,0,0,0,0,0,0,0,0,254,255,3,0,255,255,253,255,254,255,4,16,0,0
34.026,C,0.002408,4,90,165,239,0,0,0,0,0,0,0,0,0,0,0,0,0,0,1,0,2,0,0,0,253,255,8,0,6,16,0,0
34.041,C,0.003579,4,90,165,239,0,0,0,0,0,0,0,0,0,0,0,0,0,0,0,0,1,0,254,255,251,255,11,0,2,16,0,0
34.072,C,0.003569,4,90,165,239,0,0,0,0,0,0,0,0,0,0,0,0,0,0,0,0,3,0,254,255,7,0,14,0,2,16,0,0
34.087,C,0.005659,4,90,165,239,0,0,0,0,0,0,0,0,0,0,0,0,0,0,0,0,1,0,255,255,7,0,5,0,255,15,0,0
34.103,C,0.007467,4,90,165,239,0,0,0,0,0,0,0,0,0,0,0,0,0,0,0,0,3,0,255,255,254,255,9,0,252,15,0,0
34.118,C,0.005995,4,90,165,239,0,0,0,0,0,0,0,0,0,0,0,0,0,0,254,255,2,0,254,255,250,255,17,0,253,15,0,0
34.149,C,0.007194,4,90,165,239,0,0,0,0,0,0,0,0,0,0,0,0,0,0,254,255,3,0,254,255,247,255,3,0,3,16,0,0
34.164,C,0.006532,4,90,165,239,0,0,0,0,0,0,0,0,0,0,0,0,0,0,0,0,1,0,1,0,245,255,12,0,252,15,0,0
34.18,C,0.005766,4,90,165,239,0,0,0,0,0,0,0,0,0,0,0,0,0,0,255,255,1,0,254,255,248,255,9,0,9,16,0,0
34.211,C,0.006555,4,90,165,239,0,0,0,0,0,0,0,0,0,0,0,0,0,0,254,255,2,0,254,255,251,255,4,0,249,15,0,0
34.227,C,0.006073,4,90,165,239,0,0,0,0,0,0,0,0,0,0,0,0,0,0,0,0,2,0,254,255,249,255,7,0,251,15,0,0
34.242,C,0.006868,4,90,165,239,0,0,0,0,0,0,0,0,0,0,0,0,0,0,0,0,0,0,254,255,253,255,13,0,246,15,0,0
34.272,C,0.007264,4,90,165,239,0,0,0,0,0,0,0,0,0,0,0,0,0,0,255,255,2,0,0,0,3,0,12,0,254,15,0,0
34.272,C,0.006064,4,90,165,239,0,0,0,0,0,0,0,0,0,0,0,0,0,0,255,255,2,0,0,0,3,0,12,0,254,15,0,0
34.304,C,0.006863,4,90,165,239,0,0,0,0,0,0,0,0,0,0,0,0,0,0,254,255,0,0,254,255,3,0,29,0,1,16,0,0
34.319,C,0.006411,4,90,165,239,0,0,0,0,0,0,0,0,0,0,0,0,0,0,255,255,0,0,254,255,251,255,17,0,8,16,0,0
34.35,C,0.005623,4,90,165,239,0,0,0,0,0,0,0,0,0,0,0,0,0,0,253,255,3,0,0,0,251,255,4,0,250,15,0,0
34.366,C,0.007072,4,90,165,239,0,0,0,0,0,0,0,0,0,0,0,0,0,0,0,0,3,0,0,0,251,255,5,0,0,16,0,0
34.381,C,0.006267,4,90,165,239,0,0,0,0,0,0,0,0,0,0,0,0,0,0,1,0,1,0,255,255,5,0,13,0,0,16,0,0
34.412,C,0.00561,4,90,165,239,0,0,0,0,0,0,0,0,0,0,0,0,0,0,255,255,2,0,254,255,255,255,17,0,6,16,0,0
34.412,C,0.007258,4,90,165,239,0,0,0,0,0,0,0,0,0,0,0,0,0,0,255,255,2,0,254,255,255,255,17,0,6,16,0,0
34.442,C,0.006183,4,90,165,239,0,0,0,0,0,0,0,0,0,0,0,0,0,0,254,255,2,0,0,0,0,0,16,0,254,15,0,0
34.459,C,0.006013,4,90,165,239,0,0,0,0,0,0,0,0,0,0,0,0,0,0,255,255,2,0,255,255,0,0,9,0,255,15,0,0
34.49,C,0.00693,4,90,165,239,0,0,0,0,0,0,0,0,0,0,0,0,0,0,254,255,1,0,0,0,1,0,0,0,254,15,0,0
34.505,C,0.005416,4,90,165,239,0,0,0,0,0,0,0,0,0,0,0,0,0,0,255,255,0,0,0,0,0,0,3,0,250,15,0,0
34.52,C,0.00618,4,90,165,239,0,0,0,0,0,0,0,0,0,0,0,0,0,0,255,255,2,0,255,255,253,255,3,0,255,15,0,0
34.552,C,0.006882,4,90,165,239,0,0,0,0,0,0,0,0,0,0,0,0,0,0,0,0,0,0,255,255,245,255,4,0,1,16,0,0
34.552,C,0.006126,4,90,165,239,0,0,0,0,0,0,0,0,0,0,0,0,0,0,0,0,0,0,255,255,245,255,4,0,1,16,0,0
34.583,C,0.006585,4,90,165,239,0,0,0,0,0,0,0,0,0,0,0,0,0,0,255,255,2,0,254,255,253,255,4,0,255,15,0,0
34.598,C,0.005882,4,90,165,239,0,0,0,0,0,0,0,0,0,0,0,0,0,0,255,255,1,0,0,0,1,0,7,0,6,16,0,0
34.63,C,0.005479,4,90,165,239,0,0,0,0,0,0,0,0,0,0,0,0,0,0,0,0,1,0,254,255,255,255,21,0,4,16,0,0
34.646,C,0.006498,4,90,165,239,0,0,0,0,0,0,0,0,0,0,0,0,0,0,0,0,1,0,255,255,1,0,19,0,5,16,0,0
34.661,C,0.005685,4,90,165,239,0,0,0,0,0,0,0,0,0,0,0,0,0,0,255,255,0,0,255,255,244,255,16,0,5,16,0,0
34.693,C,0.006119,4,90,165,239,0,0,0,0,0,0,0,0,0,0,0,0,0,0,255,255,2,0,255,255,255,255,6,0,2,16,0,0
34.693,C,0.006411,4,90,165,239,0,0,0,0,0,0,0,0,0,0,0,0,0,0,255,255,2,0,255,255,255,255,6,0,2,16,0,0
34.724,C,0.006141,4,90,165,239,0,0,0,0,0,0,0,0,0,0,0,0,0,0,254,255,3,0,254,255,251,255,12,0,253,15,0,0
34.738,C,0.005913,4,90,165,239,0,0,0,0,0,0,0,0,0,0,0,0,0,0,0,0,2,0,255,255,250,255,2,0,5,16,0,0
34.769,C,0.006658,4,90,165,239,0,0,0,0,0,0,0,0,0,0,0,0,0,0,254,255,2,0,255,255,255,255,8,0,254,15,0,0
34.785,C,0.005929,4,90,165,239,0,0,0,0,0,0,0,0,0,0,0,0,0,0,254,255,2,0,255,255,254,255,12,0,3,16,0,0
34.8,C,0.006261,4,90,165,239,0,0,0,0,0,0,0,0,0,0,0,0,0,0,255,255,2,0,254,255,252,255,28,0,8,16,0,0
34.832,C,0.006309,4,90,165,239,0,0,0,0,0,0,0,0,0,0,0,0,0,0,0,0,1,0,254,255,253,255,5,0,247,15,0,0
34.832,C,0.005184,4,90,165,239,0,0,0,0,0,0,0,0,0,0,0,0,0,0,0,0,1,0,254,255,253,255,5,0,247,15,0,0
34.863,C,0.006465,4,90,165,239,0,0,0,0,0,0,0,0,0,0,0,0,0,0,255,255,1,0,254,255,252,255,255,255,6,16,0,0
34.878,C,0.006332,4,90,165,239,0,0,0,0,0,0,0,0,0,0,0,0,0,0,0,0,1,0,255,255,1,0,3,0,2,16,0,0
34.911,C,0.005808,4,90,165,239,0,0,0,0,0,0,0,0,0,0,0,0,0,0,255,255,1,0,253,255,247,255,7,0,1,16,0,0
34.926,C,0.006329,4,90,165,239,0,0,0,0,0,0,0,0,0,0,0,0,0,0,255,255,1,0,0,0,253,255,1,0,250,15,0,0
34.942,C,0.005723,4,90,165,239,0,0,0,0,0,0,0,0,0,0,0,0,0,0,255,255,2,0,253,255,254,255,4,0,3,16,0,0
34.958,C,0.005663,4,90,165,239,0,0,0,0,0,0,0,0,0,0,0,0,0,0,255,255,1,0,254,255,255,255,17,0,3,16,0,0
34.988,C,0.006661,4,90,165,239,0,0,0,0,0,0,0,0,0,0,0,0,0,0,255,255,1,0,255,255,246,255,16,0,248,15,0,0
35.003,C,0.00577,4,90,165,239,0,0,0,0,0,0,0,0,0,0,0,0,0,0,255,255,1,0,254,255,253,255,7,0,247,15,0,0
35.019,C,0.006803,4,90,165,239,0,0,0,0,0,0,0,0,0,0,0,0,0,0,255,255,2,0,254,255,2,0,12,0,253,15,0,0
35.05,C,0.006147,4,90,165,239,0,0,0,0,0,0,0,0,0,0,0,0,0,0,254,255,255,255,0,0,250,255,8,0,1,16,0,0
35.066,C,0.005469,4,90,165,239,0,0,0,0,0,0,0,0,0,0,0,0,0,0,254,255,1,0,0,0,250,255,253,255,251,15,0,0
35.081,C,0.006395,4,90,165,239,0,0,0,0,0,0,0,0,0,0,0,0,0,0,0,0,1,0,255,255,253,255,254,255,1,16,0,0
35.112,C,0.005923,4,90,165,239,0,0,0,0,0,0,0,0,0,0,0,0,0,0,0,0,1,0,254,255,3,0,5,0,0,16,0,0
35.112,C,0.005558,4,90,165,239,0,0,0,0,0,0,0,0,0,0,0,0,0,0,0,0,0,0,253,255,5,0,5,0,3,16,0,0
35.143,C,0.006429,4,90,165,239,0,0,0,0,0,0,0,0,0,0,0,0,0,0,0,0,1,0,253,255,6,0,13,0,247,15,0,0
35.158,C,0.005865,4,90,165,239,0,0,0,0,0,0,0,0,0,0,0,0,0,0,254,255,3,0,254,255,1,0,15,0,4,16,0,0
35.19,C,0.005081,4,90,165,239,0,0,0,0,0,0,0,0,0,0,0,0,0,0,254,255,2,0,253,255,252,255,9,0,247,15,0,0
35.205,C,0.005639,4,90,165,239,0,0,0,0,0,0,0,0,0,0,0,0,0,0,255,255,2,0,254,255,247,255,242,255,249,15,0,0
35.221,C,0.005801,4,90,165,239,0,0,0,0,0,0,0,0,0,0,0,0,0,0,0,0,2,0,252,255,255,255,244,255,251,15,0,0
35.252,C,0.005186,4,90,165,239,0,0,0,0,0,0,0,0,0,0,0,0,0,0,254,255,1,0,253,255,244,255,16,0,246,15,0,0
35.268,C,0.006301,4,90,165,239,0,0,0,0,0,0,0,0,0,0,0,0,0,0,254,255,1,0,254,255,8,0,9,0,1,16,0,0
35.283,C,0.005769,4,90,165,239,0,0,0,0,0,0,0,0,0,0,0,0,0,0,0,0,3,0,255,255,6,0,15,0,11,16,0,0
35.299,C,0.005314,4,90,165,239,0,0,0,0,0,0,0,0,0,0,0,0,0,0,0,0,0,0,0,0,243,255,16,0,248,15,0,0
35.33,C,0.005506,4,90,165,239,0,0,0,0,0,0,0,0,0,0,0,0,0,0,0,0,255,255,254,255,4,0,21,0,1,16,0,0
35.346,C,0.004071,4,90,165,239,0,0,0,0,0,0,0,0,0,0,0,0,0,0,255,255,0,0,255,255,253,255,11,0,255,15,0,0
35.362,C,0.004754,4,90,165,239,0,0,0,0,0,0,0,0,0,0,0,0,0,0,254,255,0,0,255,255,250,255,2,0,252,15,0,0
35.377,C,0.004889,4,90,165,239,0,0,0,0,0,0,0,0,0,0,0,0,0,0,255,255,0,0,255,255,254,255,1,0,255,15,0,0
35.409,C,0.005102,4,90,165,239,0,0,0,0,0,0,0,0,0,0,0,0,0,0,252,255,0,0,255,255,248,255,19,0,244,15,0,0
35.425,C,0.006223,4,90,165,239,0,0,0,0,0,0,0,0,0,0,0,0,0,0,254,255,0,0,255,255,254,255,255,255,255,15,0,0
35.441,C,0.005201,4,90,165,239,0,0,0,0,0,0,0,0,0,0,0,0,0,0,0,0,0,0,254,255,9,0,11,0,3,16,0,0
35.471,C,0.004729,4,90,165,239,0,0,0,0,0,0,0,0,0,0,0,0,0,0,254,255,1,0,0,0,0,0,6,0,1,16,0,0
35.487,C,0.005599,4,90,165,239,0,0,0,0,0,0,0,0,0,0,0,0,0,0,0,0,3,0,1,0,5,0,15,0,251,15,0,0
35.502,C,0.00441,4,90,165,239,0,0,0,0,0,0,0,0,0,0,0,0,0,0,254,255,2,0,1,0,9,0,1,0,5,16,0,0
35.518,C,0.004686,4,90,165,239,0,0,0,0,0,0,0,0,0,0,0,0,0,0,255,255,1,0,254,255,248,255,13,0,5,16,0,0
35.549,C,0.004854,4,90,165,239,0,0,0,0,0,0,0,0,0,0,0,0,0,0,255,255,2,0,255,255,255,255,8,0,249,15,0,0
35.565,C,0.006085,4,90,165,239,0,0,0,0,0,0,0,0,0,0,0,0,0,0,0,0,0,0,255,255,251,255,2,0,245,15,0,0
35.581,C,0.005343,4,90,165,239,0,0,0,0,0,0,0,0,0,0,0,0,0,0,255,255,3,0,254,255,255,255,7,0,248,15,0,0
35.612,C,0.006351,4,90,165,239,0,0,0,0,0,0,0,0,0,0,0,0,0,0,0,0,2,0,254,255,3,0,3,0,0,16,0,0
35.627,C,0.005407,4,90,165,239,0,0,0,0,0,0,0,0,0,0,0,0,0,0,0,0,3,0,255,255,252,255,2,0,2,16,0,0
35.643,C,0.005932,4,90,165,239,0,0,0,0,0,0,0,0,0,0,0,0,0,0,255,255,1,0,252,255,3,0,16,0,250,15,0,0
35.658,C,0.005792,4,90,165,239,0,0,0,0,0,0,0,0,0,0,0,0,0,0,255,255,3,0,255,255,2,0,16,0,2,16,0,0
35.689,C,0.004722,4,90,165,239,0,0,0,0,0,0,0,0,0,0,0,0,0,0,255,255,2,0,255,255,3,0,15,0,1,16,0,0
35.704,C,0.005273,4,90,165,239,0,0,0,0,0,0,0,0,0,0,0,0,0,0,0,0,1,0,255,255,253,255,7,0,255,15,0,0
35.72,C,0.005308,4,90,165,239,0,0,0,0,0,0,0,0,0,0,0,0,0,0,255,255,1,0,252,255,246,255,11,0,249,15,0,0
35.75,C,0.005087,4,90,165,239,0,0,0,0,0,0,0,0,0,0,0,0,0,0,0,0,1,0,0,0,6,0,6,0,2,16,0,0
35.765,C,0.005949,4,90,165,239,0,0,0,0,0,0,0,0,0,0,0,0,0,0,253,255,1,0,254,255,10,0,28,0,249,15,0,0
35.781,C,0.004369,4,90,165,239,0,0,0,0,0,0,0,0,0,0,0,0,0,0,0,0,1,0,0,0,5,0,20,0,4,16,0,0
35.812,C,0.003665,4,90,165,239,0,0,0,0,0,0,0,0,0,0,0,0,0,0,255,255,2,0,0,0,5,0,22,0,253,15,0,0
35.827,C,0.003518,4,90,165,239,0,0,0,0,0,0,0,0,0,0,0,0,0,0,255,255,3,0,252,255,255,255,253,255,254,15,0,0
35.843,C,0.00325,4,90,165,239,0,0,0,0,0,0,0,0,0,0,0,0,0,0,255,255,2,0,0,0,6,0,7,0,250,15,0,0
35.858,C,0.005212,4,90,165,239,0,0,0,0,0,0,0,0,0,0,0,0,0,0,255,255,3,0,0,0,11,0,11,0,252,15,0,0
35.891,C,0.003187,4,90,165,239,0,0,0,0,0,0,0,0,0,0,0,0,0,0,255,255,3,0,255,255,246,255,11,0,0,16,0,0
35.906,C,0.004497,4,90,165,239,0,0,0,0,0,0,0,0,0,0,0,0,0,0,0,0,2,0,0,0,246,255,11,0,254,15,0,0
35.921,C,0.004072,4,90,165,239,0,0,0,0,0,0,0,0,0,0,0,0,0,0,255,255,2,0,254,255,245,255,9,0,252,15,0,0
35.952,C,0.004248,4,90,165,239,0,0,0,0,0,0,0,0,0,0,0,0,0,0,254,255,1,0,255,255,247,255,247,255,250,15,0,0
35.952,C,0.00529,4,90,165,239,0,0,0,0,0,0,0,0,0,0,0,0,0,0,254,255,1,0,255,255,247,255,247,255,250,15,0,0
35.984,C,0.005825,4,90,165,239,0,0,0,0,0,0,0,0,0,0,0,0,0,0,255,255,1,0,255,255,255,255,5,0,250,15,0,0
36.001,C,0.005907,4,90,165,239,0,0,0,0,0,0,0,0,0,0,0,0,0,0,0,0,3,0,1,0,248,255,10,0,255,15,0,0
