t,type,info,b0,b1,b2,b3,b4,b5,b6,b7,b8,b9,b10,b11,b12,b13,b14,b15,b16,b17,b18,b19,b20,b21,b22,b23,b24,b25,b26,b27,b28,b29,b30,b31
0.033,hid,"18,20,22,24,26,28",4,90,165,239,0,0,0,0,28,0,40,0,0,0,0,0,0,0,149,0,44,254,148,255,211,254,53,5,96,15,0,0
0.079,hid,"18,20,21,22,24,26,27,28",4,90,165,239,0,0,0,0,28,0,40,0,0,0,0,0,0,0,205,0,252,253,51,255,191,254,166,4,229,15,0,0
0.095,hid,"18,19,20,22,24,26,27,28,29",4,90,165,239,0,0,0,0,28,0,40,0,0,0,0,0,0,0,67,1,218,253,33,255,20,254,112,3,141,16,0,0
0.111,hid,"18,20,22,24,26,28,29",4,90,165,239,0,0,0,0,28,0,40,0,0,0,0,0,0,0,244,1,241,253,50,255,156,254,108,3,12,17,0,0
0.126,hid,"18,19,20,21,22,24,26,28,29",4,90,165,239,0,0,0,0,28,0,40,0,0,0,0,0,0,0,159,2,3,254,27,255,206,254,204,3,255,16,0,0
0.158,hid,"18,19,20,21,22,23,24,25,26,27,28",4,90,165,239,0,0,0,0,28,0,40,0,0,0,0,0,0,0,213,3,188,253,143,254,4,255,184,4,61,16,0,0
0.173,hid,"18,20,21,22,24,26,27,28",4,90,165,239,0,0,0,0,28,0,40,0,0,0,0,0,0,0,202,3,2,254,133,254,84,255,100,5,1,16,0,0
0.19,hid,"18,19,20,21,22,24,26,27,28,29",4,90,165,239,0,0,0,0,28,0,40,0,0,0,0,0,0,0,179,2,27,255,244,254,251,255,110,6,114,15,0,0
0.22,hid,"18,19,20,21,22,23,24,25,26,28,29",4,90,165,239,0,0,0,0,28,0,40,0,0,0,0,0,0,0,120,0,75,0,127,255,206,254,82,6,118,14,0,0
0.251,hid,"18,19,20,22,23,24,26,27,28,29",4,90,165,239,0,0,0,0,28,0,40,0,0,0,0,0,0,0,130,255,139,0,25,0,232,254,231,5,22,15,0,0
0.266,hid,"18,20,22,23,24,25,26,27,28",4,90,165,239,0,0,0,0,28,0,40,0,0,0,0,0,0,0,152,255,66,0,151,255,117,255,98,6,95,15,0,0
0.298,hid,"18,20,22,24,25,26,27,28",4,90,165,239,0,0,0,0,28,0,40,0,0,0,0,0,0,0,211,255,45,0,174,255,67,254,179,4,178,15,0,0
0.313,hid,"18,20,22,24,26,27,28",4,90,165,239,0,0,0,0,28,0,40,0,0,0,0,0,0,0,227,255,34,0,241,255,118,254,45,5,156,15,0,0
0.329,hid,"18,19,20,22,24,25,26,28,29",4,90,165,239,0,0,0,0,28,0,40,0,0,0,0,0,0,0,18,0,25,0,205,255,48,255,157,5,7,16,0,0
0.36,hid,"18,20,22,24,25,26,28,29",4,90,165,239,0,0,0,0,28,0,40,0,0,0,0,0,0,0,94,0,104,0,102,255,208,254,167,5,142,15,0,0
0.391,hid,"18,20,22,24,25,26,28",4,90,165,239,0,0,0,0,28,0,40,0,0,0,0,0,0,0,49,0,86,0,189,255,253,253,110,5,87,15,0,0
0.406,hid,"18,20,22,24,25,26,28",4,90,165,239,0,0,0,0,28,0,40,0,0,0,0,0,0,0,160,0,3,0,135,255,7,254,139,5,200,15,0,0
0.438,hid,"18,19,20,21,22,24,26,27,28,29",4,90,165,239,0,0,0,0,28,0,40,0,0,0,0,0,0,0,130,2,136,255,68,255,204,254,176,4,123,17,0,0
0.455,hid,"18,19,20,22,24,25,26,28",4,90,165,239,0,0,0,0,28,0,40,0,0,0,0,0,0,0,218,3,146,255,50,255,12,255,117,4,115,17,0,0
0.47,hid,"18,19,20,22,24,25,26,27,28,29",4,90,165,239,0,0,0,0,28,0,40,0,0,0,0,0,0,0,136,4,123,255,72,255,140,254,0,5,19,16,0,0
0.486,hid,"18,20,22,24,26,27,28,29",4,90,165,239,0,0,0,0,28,0,40,0,0,0,0,0,0,0,79,4,128,255,128,255,168,254,76,6,151,14,0,0
0.518,hid,"18,19,20,22,24,26,27,28,29",4,90,165,239,0,0,0,0,28,0,40,0,0,0,0,0,0,0,178,2,166,255,205,255,248,254,22,8,185,13,0,0
0.532,hid,"18,20,22,24,26,28",4,90,165,239,0,0,0,0,28,0,40,0,0,0,0,0,0,0,30,2,180,255,171,255,114,254,161,8,231,13,0,0
0.548,hid,"18,19,20,21,22,24,26,28,29",4,90,165,239,0,0,0,0,28,0,40,0,0,0,0,0,0,0,108,1,19,0,227,255,0,254,77,8,110,14,0,0
0.58,hid,"18,19,20,21,22,24,25,26,27,28,29",4,90,165,239,0,0,0,0,28,0,40,0,0,0,0,0,0,0,55,3,184,255,132,255,3,255,122,6,115,16,0,0
0.595,hid,"18,20,22,24,26,27,28,29",4,90,165,239,0,0,0,0,28,0,40,0,0,0,0,0,0,0,92,3,180,255,137,255,45,255,53,7,233,14,0,0
0.61,hid,"18,19,20,22,24,26,27,28,29",4,90,165,239,0,0,0,0,28,0,40,0,0,0,0,0,0,0,195,2,220,255,150,255,63,255,157,8,218,13,0,0
0.625,hid,"4,5,6,18,19,20,21,22,24,26,27,28",4,90,165,239,184,255,36,0,28,0,40,0,0,0,0,0,0,0,202,1,43,0,218,255,55,255,41,9,86,13,0,0
0.657,hid,"18,20,22,23,24,25,26,27,28,29",4,90,165,239,184,255,36,0,28,0,40,0,0,0,0,0,0,0,75,1,44,0,23,0,243,254,241,7,242,14,0,0
0.673,hid,"18,20,22,24,25,26,28,29",4,90,165,239,184,255,36,0,28,0,40,0,0,0,0,0,0,0,213,1,32,0,11,0,53,255,135,7,201,15,0,0
0.687,hid,"4,18,19,20,22,23,24,26",4,90,165,239,244,255,36,0,28,0,40,0,0,0,0,0,0,0,64,2,23,0,251,255,47,255,112,7,201,15,0,0
0.719,hid,"18,20,22,23,24,25,26,27,28,29",4,90,165,239,244,255,36,0,28,0,40,0,0,0,0,0,0,0,24,2,21,0,14,0,92,254,155,9,75,13,0,0
0.734,hid,"18,19,20,22,24,26,28",4,90,165,239,244,255,36,0,28,0,40,0,0,0,0,0,0,0,111,1,50,0,57,0,127,254,211,9,14,13,0,0
0.75,hid,"18,20,22,24,26,28",4,90,165,239,244,255,36,0,28,0,40,0,0,0,0,0,0,0,30,1,69,0,84,0,233,254,95,9,221,13,0,0
0.78,hid,"18,20,22,24,25,26,27,28,29",4,90,165,239,244,255,36,0,28,0,40,0,0,0,0,0,0,0,174,1,73,0,51,0,15,255,160,8,233,14,0,0
0.812,hid,"18,20,22,24,25,26,27,28",4,90,165,239,244,255,36,0,28,0,40,0,0,0,0,0,0,0,235,1,77,0,30,0,213,254,98,9,59,14,0,0
0.827,hid,"18,20,22,24,26,28",4,90,165,239,244,255,36,0,28,0,40,0,0,0,0,0,0,0,245,1,80,0,28,0,155,254,118,9,21,14,0,0
0.858,hid,"18,19,20,22,24,26,28",4,90,165,239,244,255,36,0,28,0,40,0,0,0,0,0,0,0,45,2,62,0,6,0,222,254,164,9,0,14,0,0
0.874,hid,"18,20,22,24,26,28,29",4,90,165,239,244,255,36,0,28,0,40,0,0,0,0,0,0,0,27,2,63,0,4,0,244,254,233,9,181,13,0,0
0.89,hid,"18,19,20,22,23,24,25,26,27,28",4,90,165,239,244,255,36,0,28,0,40,0,0,0,0,0,0,0,254,1,61,0,251,255,6,255,71,10,94,13,0,0
0.92,hid,"18,20,22,23,24,26,28",4,90,165,239,244,255,36,0,28,0,40,0,0,0,0,0,0,0,220,1,43,0,25,0,5,255,118,10,98,13,0,0
0.921,hid,"18,20,22,24,26,28",4,90,165,239,244,255,36,0,28,0,40,0,0,0,0,0,0,0,221,1,48,0,27,0,46,255,138,10,117,13,0,0
0.952,hid,"18,19,20,22,24,26,28",4,90,165,239,244,255,36,0,28,0,40,0,0,0,0,0,0,0,9,2,28,0,11,0,43,255,181,10,66,13,0,0
0.967,hid,"18,20,22,24,26,28",4,90,165,239,244,255,36,0,28,0,40,0,0,0,0,0,0,0,6,2,3,0,6,0,38,255,180,10,6,13,0,0
0.998,hid,"18,19,20,21,22,23,24,26,27,28,29",4,90,165,239,244,255,36,0,28,0,40,0,0,0,0,0,0,0,105,1,250,255,229,255,17,255,54,11,193,12,0,0
1.014,hid,"18,20,22,24,25,26,28",4,90,165,239,244,255,36,0,28,0,40,0,0,0,0,0,0,0,50,1,251,255,238,255,187,254,86,11,141,12,0,0
1.029,hid,"6,7,18,19,22,24,26,28",4,90,165,239,244,255,244,255,28,0,40,0,0,0,0,0,0,0,206,0,251,255,250,255,133,254,181,11,60,12,0,0
1.061,hid,"18,20,21,22,23,24,26,28",4,90,165,239,244,255,244,255,28,0,40,0,0,0,0,0,0,0,164,0,78,0,88,0,126,254,135,11,235,12,0,0
1.091,hid,"18,20,22,24,26,28",4,90,165,239,244,255,244,255,28,0,40,0,0,0,0,0,0,0,168,0,137,0,181,0,222,254,87,11,202,12,0,0
1.106,hid,"18,20,22,24,26,28",4,90,165,239,244,255,244,255,28,0,40,0,0,0,0,0,0,0,150,0,155,0,216,0,248,254,83,11,176,12,0,0
1.137,hid,"8,10,11,18,20,22,24,26,28",4,90,165,239,244,255,244,255,8,0,252,255,0,0,0,0,0,0,19,0,127,0,192,0,192,254,39,11,138,12,0,0
1.152,hid,"18,19,20,22,24,26,28",4,90,165,239,244,255,244,255,8,0,252,255,0,0,0,0,0,0,212,255,117,0,156,0,208,254,36,11,197,12,0,0
1.168,hid,"18,20,22,26,27,28,29",4,90,165,239,244,255,244,255,8,0,252,255,0,0,0,0,0,0,230,255,93,0,128,0,208,254,245,10,102,13,0,0
1.199,hid,"18,19,20,22,24,26,27,28",4,90,165,239,244,255,244,255,8,0,252,255,0,0,0,0,0,0,75,0,11,0,107,0,180,254,28,11,230,13,0,0
1.215,hid,"18,20,21,22,24,26,28,29",4,90,165,239,244,255,244,255,8,0,252,255,0,0,0,0,0,0,54,0,121,255,113,0,135,254,93,11,9,14,0,0
1.231,hid,"18,19,20,21,22,24,26,28,29",4,90,165,239,244,255,244,255,8,0,252,255,0,0,0,0,0,0,245,255,228,254,97,0,129,254,87,11,204,13,0,0
1.245,hid,"18,20,22,24,26,28",4,90,165,239,244,255,244,255,8,0,252,255,0,0,0,0,0,0,185,255,111,254,85,0,143,254,101,11,91,13,0,0
1.276,hid,"18,20,22,24,26,28",4,90,165,239,244,255,244,255,8,0,252,255,0,0,0,0,0,0,187,255,70,254,121,0,196,254,110,11,44,13,0,0
1.292,hid,"18,20,22,24,26,28",4,90,165,239,244,255,244,255,8,0,252,255,0,0,0,0,0,0,220,255,71,254,161,0,197,254,122,11,13,13,0,0
1.307,hid,"18,20,22,24,26,28,29",4,90,165,239,244,255,244,255,8,0,252,255,0,0,0,0,0,0,209,255,63,254,194,0,242,254,151,11,238,12,0,0
1.338,hid,"18,20,22,23,24,25,26,28",4,90,165,239,244,255,244,255,8,0,252,255,0,0,0,0,0,0,135,255,36,254,5,1,136,255,164,11,232,12,0,0
1.354,hid,"18,20,22,24,26,28,29",4,90,165,239,244,255,244,255,8,0,252,255,0,0,0,0,0,0,130,255,32,254,33,1,225,255,108,11,9,13,0,0
1.37,hid,"18,20,22,24,25,26,28",4,90,165,239,244,255,244,255,8,0,252,255,0,0,0,0,0,0,132,255,28,254,39,1,54,0,26,11,44,13,0,0
1.402,hid,"18,20,21,22,23,24,26,27,28",4,90,165,239,244,255,244,255,8,0,252,255,0,0,0,0,0,0,141,255,241,253,174,0,133,0,169,10,55,13,0,0
1.433,hid,"18,20,21,22,24,26,28,29",4,90,165,239,244,255,244,255,8,0,252,255,0,0,0,0,0,0,150,255,3,254,138,0,187,0,248,10,220,12,0,0
1.449,hid,"18,20,22,24,26,28",4,90,165,239,244,255,244,255,8,0,252,255,0,0,0,0,0,0,146,255,30,254,134,0,248,0,252,10,199,12,0,0
1.48,hid,"18,20,22,24,25,26,28",4,90,165,239,244,255,244,255,8,0,252,255,0,0,0,0,0,0,191,255,135,254,148,0,37,1,247,10,203,12,0,0
1.495,hid,"18,20,22,24,26,28",4,90,165,239,244,255,244,255,8,0,252,255,0,0,0,0,0,0,203,255,177,254,152,0,54,1,231,10,239,12,0,0
1.511,hid,"18,20,22,24,26,28,29",4,90,165,239,244,255,244,255,8,0,252,255,0,0,0,0,0,0,240,255,216,254,136,0,101,1,179,10,19,13,0,0
1.527,hid,"18,20,22,24,26,28",4,90,165,239,244,255,244,255,8,0,252,255,0,0,0,0,0,0,246,255,223,254,114,0,135,1,156,10,7,13,0,0
1.557,hid,"18,20,22,24,26,28",4,90,165,239,244,255,244,255,8,0,252,255,0,0,0,0,0,0,231,255,234,254,66,0,171,1,205,10,8,13,0,0
1.572,hid,"18,20,22,24,26,28",4,90,165,239,244,255,244,255,8,0,252,255,0,0,0,0,0,0,205,255,220,254,56,0,182,1,229,10,11,13,0,0
1.588,hid,"18,20,22,24,26,28,29",4,90,165,239,244,255,244,255,8,0,252,255,0,0,0,0,0,0,201,255,244,254,30,0,184,1,175,10,246,12,0,0
1.619,hid,"18,20,21,22,23,24,25,26,28",4,90,165,239,244,255,244,255,8,0,252,255,0,0,0,0,0,0,240,255,106,255,247,255,46,2,172,10,139,12,0,0
1.636,hid,"18,20,22,24,25,26,28,29",4,90,165,239,244,255,244,255,8,0,252,255,0,0,0,0,0,0,246,255,167,255,218,255,229,1,208,10,2,13,0,0
1.651,hid,"18,19,20,22,24,26,28",4,90,165,239,244,255,244,255,8,0,252,255,0,0,0,0,0,0,6,0,172,255,214,255,176,1,203,10,52,13,0,0
1.668,hid,"18,20,22,24,26,28",4,90,165,239,244,255,244,255,8,0,252,255,0,0,0,0,0,0,37,0,169,255,220,255,118,1,229,10,102,13,0,0
1.699,hid,"18,20,22,24,26,28",4,90,165,239,244,255,244,255,8,0,252,255,0,0,0,0,0,0,16,0,120,255,232,255,147,1,224,10,49,13,0,0
1.715,hid,"18,19,20,22,24,26,27,28,29",4,90,165,239,244,255,244,255,8,0,252,255,0,0,0,0,0,0,252,255,134,255,241,255,191,1,6,11,252,12,0,0
1.73,hid,"18,20,22,24,26,28",4,90,165,239,244,255,244,255,8,0,252,255,0,0,0,0,0,0,247,255,149,255,250,255,184,1,10,11,247,12,0,0
1.746,hid,"18,20,22,23,24,26,27,28",4,90,165,239,244,255,244,255,8,0,252,255,0,0,0,0,0,0,245,255,176,255,9,0,194,1,254,10,222,12,0,0
1.778,hid,"20,22,23,24,25,26,28,29",4,90,165,239,244,255,244,255,8,0,252,255,0,0,0,0,0,0,245,255,207,255,246,255,0,2,178,10,68,13,0,0
1.793,hid,"18,19,20,22,24,25,26,28",4,90,165,239,244,255,244,255,8,0,252,255,0,0,0,0,0,0,13,0,180,255,220,255,247,1,181,10,120,13,0,0
1.81,hid,"18,20,22,24,26,28",4,90,165,239,244,255,244,255,8,0,252,255,0,0,0,0,0,0,9,0,141,255,202,255,227,1,225,10,95,13,0,0
1.841,hid,"18,20,22,24,26,27,28",4,90,165,239,244,255,244,255,8,0,252,255,0,0,0,0,0,0,6,0,95,255,211,255,193,1,18,11,35,13,0,0
1.872,hid,"18,20,22,24,26,28,29",4,90,165,239,244,255,244,255,8,0,252,255,0,0,0,0,0,0,19,0,128,255,243,255,198,1,19,11,218,12,0,0
1.887,hid,"18,20,22,23,24,26,28",4,90,165,239,244,255,244,255,8,0,252,255,0,0,0,0,0,0,6,0,165,255,10,0,230,1,43,11,172,12,0,0
1.917,hid,"18,20,22,24,25,26,27,28,29",4,90,165,239,244,255,244,255,8,0,252,255,0,0,0,0,0,0,12,0,230,255,39,0,12,2,223,10,24,13,0,0
1.933,hid,"18,20,22,24,25,26,28",4,90,165,239,244,255,244,255,8,0,252,255,0,0,0,0,0,0,30,0,219,255,50,0,239,1,238,10,103,13,0,0
1.949,hid,"18,20,22,24,26,27,28",4,90,165,239,244,255,244,255,8,0,252,255,0,0,0,0,0,0,0,0,174,255,54,0,217,1,10,11,88,13,0,0
1.98,hid,"18,19,20,22,24,25,26,27,28,29",4,90,165,239,244,255,244,255,8,0,252,255,0,0,0,0,0,0,217,255,130,255,12,0,55,2,169,10,254,12,0,0
1.996,hid,"18,20,22,24,26,28",4,90,165,239,244,255,244,255,8,0,252,255,0,0,0,0,0,0,226,255,167,255,4,0,57,2,229,10,202,12,0,0
2.012,hid,"18,20,22,24,26,28",4,90,165,239,244,255,244,255,8,0,252,255,0,0,0,0,0,0,228,255,205,255,10,0,22,2,249,10,189,12,0,0
2.027,hid,"18,20,22,24,26,27,28",4,90,165,239,244,255,244,255,8,0,252,255,0,0,0,0,0,0,242,255,244,255,29,0,14,2,3,11,225,12,0,0
2.058,hid,"18,19,20,21,22,24,26,28,29",4,90,165,239,244,255,244,255,8,0,252,255,0,0,0,0,0,0,4,0,29,0,71,0,33,2,9,11,13,13,0,0
2.073,hid,"18,19,20,22,24,26,27,28",4,90,165,239,244,255,244,255,8,0,252,255,0,0,0,0,0,0,248,255,16,0,63,0,59,2,209,10,39,13,0,0
2.089,hid,"20,21,22,24,26,28",4,90,165,239,244,255,244,255,8,0,252,255,0,0,0,0,0,0,248,255,251,255,33,0,75,2,198,10,51,13,0,0
2.12,hid,"18,19,20,21,22,24,26,28,29",4,90,165,239,244,255,244,255,8,0,252,255,0,0,0,0,0,0,43,0,7,0,24,0,42,2,242,10,241,12,0,0
2.136,hid,"18,20,22,24,26,27,28",4,90,165,239,244,255,244,255,8,0,252,255,0,0,0,0,0,0,59,0,60,0,44,0,48,2,51,11,182,12,0,0
2.151,hid,"20,22,24,26,28",4,90,165,239,244,255,244,255,8,0,252,255,0,0,0,0,0,0,59,0,122,0,82,0,16,2,60,11,166,12,0,0
2.167,hid,"18,20,22,24,26,28",4,90,165,239,244,255,244,255,8,0,252,255,0,0,0,0,0,0,70,0,154,0,103,0,17,2,43,11,176,12,0,0
2.198,hid,"18,20,22,24,25,26,28,29",4,90,165,239,244,255,244,255,8,0,252,255,0,0,0,0,0,0,151,0,242,0,195,0,166,1,132,11,13,13,0,0
2.213,hid,"18,20,22,23,24,26,27,28",4,90,165,239,244,255,244,255,8,0,252,255,0,0,0,0,0,0,116,0,212,0,4,1,74,1,10,12,69,13,0,0
2.228,hid,"18,20,22,24,26,27,28",4,90,165,239,244,255,244,255,8,0,252,255,0,0,0,0,0,0,71,0,118,0,72,1,8,1,226,11,71,13,0,0
2.26,hid,"18,20,22,24,26,28",4,90,165,239,244,255,244,255,8,0,252,255,0,0,0,0,0,0,52,0,61,0,245,1,148,1,209,11,4,13,0,0
2.276,hid,"18,20,22,23,24,26,28,29",4,90,165,239,244,255,244,255,8,0,252,255,0,0,0,0,0,0,91,0,109,0,81,2,130,1,197,11,126,12,0,0
2.291,hid,"18,20,22,24,26,28,29",4,90,165,239,244,255,244,255,8,0,252,255,0,0,0,0,0,0,47,0,191,0,179,2,235,1,217,11,246,11,0,0
2.307,hid,"18,20,21,22,24,25,26,28,29",4,90,165,239,244,255,244,255,8,0,252,255,0,0,0,0,0,0,7,0,48,1,246,2,95,2,122,11,42,12,0,0
2.338,hid,"18,20,22,23,24,26,27,28,29",4,90,165,239,244,255,244,255,8,0,252,255,0,0,0,0,0,0,93,0,196,1,15,3,76,2,112,10,40,13,0,0
2.354,hid,"18,20,22,24,26,28",4,90,165,239,244,255,244,255,8,0,252,255,0,0,0,0,0,0,186,0,228,1,4,3,102,2,84,10,125,13,0,0
2.369,hid,"18,20,22,23,24,26,28",4,90,165,239,244,255,244,255,8,0,252,255,0,0,0,0,0,0,188,0,193,1,239,2,119,2,95,10,122,13,0,0
2.399,hid,"18,20,22,24,28",4,90,165,239,244,255,244,255,8,0,252,255,0,0,0,0,0,0,135,0,123,1,165,2,181,2,95,10,119,13,0,0
2.414,hid,"18,20,22,24,26,28",4,90,165,239,244,255,244,255,8,0,252,255,0,0,0,0,0,0,225,0,107,1,122,2,121,2,69,10,130,13,0,0
2.43,hid,"18,19,20,22,24,26,28",4,90,165,239,244,255,244,255,8,0,252,255,0,0,0,0,0,0,27,1,139,1,106,2,174,2,224,10,25,13,0,0
2.446,hid,"18,20,22,24,26,27,28,29",4,90,165,239,244,255,244,255,8,0,252,255,0,0,0,0,0,0,34,1,177,1,111,2,207,2,31,11,163,12,0,0
2.477,hid,"18,19,20,21,22,24,25,26,28",4,90,165,239,244,255,244,255,8,0,252,255,0,0,0,0,0,0,226,0,26,2,116,2,68,3,6,11,34,12,0,0
2.492,hid,"18,20,22,24,26,27,28",4,90,165,239,244,255,244,255,8,0,252,255,0,0,0,0,0,0,174,0,63,2,55,2,124,3,174,10,65,12,0,0
2.508,hid,"18,20,22,23,24,26,28",4,90,165,239,244,255,244,255,8,0,252,255,0,0,0,0,0,0,250,0,145,2,254,1,84,3,44,10,132,12,0,0
2.539,hid,"18,19,20,21,22,24,26,28",4,90,165,239,244,255,244,255,8,0,252,255,0,0,0,0,0,0,222,1,80,3,240,1,66,3,210,10,215,12,0,0
2.554,hid,"18,20,22,24,26,27,28,29",4,90,165,239,244,255,244,255,8,0,252,255,0,0,0,0,0,0,237,1,97,3,110,1,37,3,161,9,4,13,0,0
2.571,hid,"18,20,22,24,26,27,28",4,90,165,239,244,255,244,255,8,0,252,255,0,0,0,0,0,0,196,1,31,3,18,1,151,3,158,10,16,13,0,0
2.586,hid,"18,20,22,23,24,26,28,29",4,90,165,239,244,255,244,255,8,0,252,255,0,0,0,0,0,0,162,1,18,3,207,0,210,3,189,10,237,12,0,0
2.618,hid,"18,20,22,23,24,25,26,28",4,90,165,239,244,255,244,255,8,0,252,255,0,0,0,0,0,0,113,1,1,3,204,255,85,2,91,10,61,12,0,0
2.633,hid,"18,20,21,22,24,25,26,27,28,29",4,90,165,239,244,255,244,255,8,0,252,255,0,0,0,0,0,0,166,1,184,2,135,255,247,0,30,11,176,13,0,0
2.65,hid,"18,20,21,22,24,25,26,27,28,29",4,90,165,239,244,255,244,255,8,0,252,255,0,0,0,0,0,0,59,1,51,1,201,255,248,254,0,13,141,15,0,0
2.68,hid,"18,20,22,23,24,25,26,27,28,29",4,90,165,239,244,255,244,255,8,0,252,255,0,0,0,0,0,0,27,1,18,1,164,0,192,0,165,12,88,11,0,0
2.711,hid,"18,19,20,21,22,24,25,26,27,28,29",4,90,165,239,244,255,244,255,8,0,252,255,0,0,0,0,0,0,77,0,205,255,20,0,198,1,243,10,66,13,0,0
2.726,hid,"18,20,22,23,24,25,26,28,29",4,90,165,239,244,255,244,255,8,0,252,255,0,0,0,0,0,0,98,0,206,255,131,255,52,2,99,10,172,12,0,0
2.757,hid,"8,9,10,11,18,20,21,22,24,25,26,27,28,29",4,90,165,239,244,255,244,255,12,3,168,254,0,0,0,0,0,0,29,0,25,0,88,255,94,1,146,12,151,11,0,0
2.772,hid,"8,9,10,11,18,20,22,24,25,26,27,28",4,90,165,239,244,255,244,255,116,11,100,255,0,0,0,0,0,0,34,0,90,0,159,255,116,0,23,13,170,11,0,0
2.788,hid,"8,9,10,11,18,19,20,22,24,25,26,28,29",4,90,165,239,244,255,244,255,136,36,216,3,0,0,0,0,0,0,205,255,50,0,229,255,220,255,133,13,23,12,0,0
2.819,hid,"8,9,10,11,18,20,21,22,23,24,25,26,27,28,29",4,90,165,239,244,255,244,255,16,96,164,17,0,0,0,0,0,0,237,255,183,255,1,0,122,1,199,11,38,13,0,0
2.835,hid,"8,9,10,11,18,20,22,23,24,26,28,29",4,90,165,239,244,255,244,255,36,118,212,24,0,0,0,0,0,0,235,255,152,255,242,255,185,1,162,11,175,12,0,0
2.851,hid,"8,9,10,11,18,20,22,24,26,28",4,90,165,239,244,255,244,255,255,127,244,34,0,0,0,0,0,0,237,255,134,255,207,255,180,1,105,11,129,12,0,0
2.867,hid,"10,11,18,20,22,24,26,28",4,90,165,239,244,255,244,255,255,127,84,37,0,0,0,0,0,0,243,255,144,255,175,255,131,1,181,11,113,12,0,0
2.897,hid,"10,11,18,19,20,22,24,25,26,28,29",4,90,165,239,244,255,244,255,255,127,0,32,0,0,0,0,0,0,78,0,250,255,167,255,251,0,219,11,221,11,0,0
2.914,hid,"10,11,18,20,21,22,24,25,26,27,28",4,90,165,239,244,255,244,255,255,127,104,29,0,0,0,0,0,0,74,0,40,0,175,255,74,1,88,12,217,11,0,0
2.93,hid,"10,11,18,20,22,24,26,28",4,90,165,239,244,255,244,255,255,127,200,27,0,0,0,0,0,0,40,0,70,0,172,255,128,1,53,12,249,11,0,0
2.961,hid,"10,11,18,19,20,22,24,25,26,28,29",4,90,165,239,244,255,244,255,255,127,184,22,0,0,0,0,0,0,249,255,42,0,196,255,234,0,52,12,88,12,0,0
2.992,hid,"10,11,18,19,20,22,24,25,26,28",4,90,165,239,244,255,244,255,255,127,92,20,0,0,0,0,0,0,6,0,15,0,238,255,87,1,156,12,112,12,0,0
3.008,hid,"10,11,18,20,22,24,26,28",4,90,165,239,244,255,244,255,255,127,36,19,0,0,0,0,0,0,5,0,20,0,243,255,38,1,19,12,19,12,0,0
3.038,hid,"10,11,18,19,20,22,24,26,28",4,90,165,239,244,255,244,255,255,127,92,18,0,0,0,0,0,0,236,255,44,0,237,255,50,1,33,12,15,12,0,0
3.054,hid,"18,22,24,26,28",4,90,165,239,244,255,244,255,255,127,92,18,0,0,0,0,0,0,223,255,44,0,239,255,60,1,58,12,68,12,0,0
3.07,hid,"10,11,18,20,22,24,26,28",4,90,165,239,244,255,244,255,255,127,196,17,0,0,0,0,0,0,221,255,28,0,252,255,37,1,40,12,120,12,0,0
3.1,hid,"10,11,18,20,22,23,24,26,28",4,90,165,239,244,255,244,255,255,127,232,16,0,0,0,0,0,0,240,255,2,0,4,0,36,1,24,12,85,12,0,0
3.116,hid,"10,18,20,22,24,26,28",4,90,165,239,244,255,244,255,255,127,24,16,0,0,0,0,0,0,247,255,13,0,1,0,31,1,37,12,45,12,0,0
3.132,hid,"10,11,18,20,22,24,26,28",4,90,165,239,244,255,244,255,255,127,72,15,0,0,0,0,0,0,241,255,20,0,0,0,6,1,15,12,48,12,0,0
3.147,hid,"18,20,22,24,26,28",4,90,165,239,244,255,244,255,255,127,72,15,0,0,0,0,0,0,227,255,25,0,1,0,63,1,27,12,76,12,0,0
3.178,hid,"18,20,22,24,26,28",4,90,165,239,244,255,244,255,255,127,72,15,0,0,0,0,0,0,221,255,39,0,5,0,27,1,22,12,25,12,0,0
3.194,hid,"18,20,22,24,26,28,29",4,90,165,239,244,255,244,255,255,127,72,15,0,0,0,0,0,0,178,255,41,0,1,0,48,1,42,12,248,11,0,0
3.209,hid,"18,20,22,23,24,26,28,29",4,90,165,239,244,255,244,255,255,127,72,15,0,0,0,0,0,0,166,255,58,0,251,255,76,1,10,12,21,12,0,0
3.24,hid,"18,20,22,24,26,27,28",4,90,165,239,244,255,244,255,255,127,72,15,0,0,0,0,0,0,182,255,66,0,238,255,41,1,249,11,94,12,0,0
3.255,hid,"18,20,22,24,26,27,28",4,90,165,239,244,255,244,255,255,127,72,15,0,0,0,0,0,0,179,255,69,0,246,255,22,1,13,12,86,12,0,0
3.271,hid,"10,11,18,20,22,24,26,28",4,90,165,239,244,255,244,255,255,127,4,16,0,0,0,0,0,0,176,255,66,0,250,255,12,1,21,12,103,12,0,0
3.286,hid,"10,11,18,20,22,24,26,27,28",4,90,165,239,244,255,244,255,255,127,228,17,0,0,0,0,0,0,186,255,63,0,251,255,0,1,240,11,169,12,0,0
3.318,hid,"10,11,18,20,22,23,24,25,26,28",4,90,165,239,244,255,244,255,255,127,224,23,0,0,0,0,0,0,227,255,46,0,5,0,206,0,252,11,132,12,0,0
3.334,hid,"10,11,18,20,22,24,26,27,28",4,90,165,239,244,255,244,255,255,127,116,25,0,0,0,0,0,0,206,255,41,0,9,0,213,0,6,12,66,12,0,0
3.349,hid,"10,11,18,20,22,24,26,27,28",4,90,165,239,244,255,244,255,255,127,108,28,0,0,0,0,0,0,200,255,45,0,1,0,238,0,219,11,65,12,0,0
3.381,hid,"10,11,18,20,22,23,24,25,26,28",4,90,165,239,244,255,244,255,255,127,172,36,0,0,0,0,0,0,190,255,32,0,246,255,26,1,239,11,191,12,0,0
3.412,hid,"8,9,10,11,18,19,20,21,22,24,25,26,28,29",4,90,165,239,244,255,244,255,84,89,120,24,0,0,0,0,0,0,50,0,222,255,248,255,242,0,140,11,71,13,0,0
3.427,hid,"8,9,10,11,18,20,24,25,26,28,29",4,90,165,239,244,255,244,255,224,32,60,7,0,0,0,0,0,0,111,0,225,255,248,255,10,1,201,11,230,12,0,0
3.458,hid,"8,9,10,11,18,20,22,24,26,27,28",4,90,165,239,244,255,244,255,20,1,156,9,0,0,0,0,0,0,35,0,176,255,250,255,2,1,65,12,0,12,0,0
3.474,hid,"8,9,10,11,18,19,20,22,24,26,28,29",4,90,165,239,244,255,244,255,208,251,100,8,0,0,0,0,0,0,233,255,202,255,255,255,12,1,46,12,206,11,0,0
3.489,hid,"8,9,10,11,18,20,22,24,26,28",4,90,165,239,244,255,244,255,164,245,40,0,0,0,0,0,0,0,205,255,233,255,249,255,101,1,0,12,194,11,0,0
3.521,hid,"8,9,10,18,20,21,22,24,26,27,28,29",4,90,165,239,244,255,244,255,240,253,92,0,0,0,0,0,0,0,194,255,27,0,246,255,7,1,244,11,103,12,0,0
3.522,hid,"8,9,10,11",4,90,165,239,244,255,244,255,32,254,220,255,0,0,0,0,0,0,194,255,27,0,246,255,7,1,244,11,103,12,0,0
3.552,hid,"8,9,10,11,18,19,20,21,22,24,25,26,28",4,90,165,239,244,255,244,255,244,255,12,0,0,0,0,0,0,0,13,0,249,255,255,255,228,0,186,11,254,12,0,0
3.567,hid,"18,20,22,24,26,28",4,90,165,239,244,255,244,255,244,255,12,0,0,0,0,0,0,0,17,0,227,255,254,255,246,0,217,11,211,12,0,0
3.598,hid,"18,20,22,24,25,28",4,90,165,239,244,255,244,255,244,255,12,0,0,0,0,0,0,0,8,0,205,255,251,255,3,1,217,11,96,12,0,0
3.613,hid,"18,19,20,22,24,26,28",4,90,165,239,244,255,244,255,244,255,12,0,0,0,0,0,0,0,244,255,222,255,246,255,20,1,229,11,73,12,0,0
3.63,hid,"18,20,22,23,24,26,27,28",4,90,165,239,244,255,244,255,244,255,12,0,0,0,0,0,0,0,230,255,254,255,2,0,24,1,25,12,12,12,0,0
3.661,hid,"18,20,21,22,24,26,27,28",4,90,165,239,244,255,244,255,244,255,12,0,0,0,0,0,0,0,216,255,56,0,1,0,55,1,219,11,58,12,0,0
3.692,hid,"18,20,22,23,24,26,28",4,90,165,239,244,255,244,255,244,255,12,0,0,0,0,0,0,0,223,255,61,0,255,255,16,1,222,11,134,12,0,0
3.707,hid,"18,22,23,24,26,28",4,90,165,239,244,255,244,255,244,255,12,0,0,0,0,0,0,0,236,255,61,0,9,0,14,1,232,11,163,12,0,0
3.738,hid,"18,20,22,24,26,28",4,90,165,239,244,255,244,255,244,255,12,0,0,0,0,0,0,0,246,255,76,0,15,0,25,1,212,11,72,12,0,0
3.753,hid,"18,20,22,24,26,28",4,90,165,239,244,255,244,255,244,255,12,0,0,0,0,0,0,0,237,255,102,0,10,0,39,1,231,11,35,12,0,0
3.769,hid,"18,20,24,26,28",4,90,165,239,244,255,244,255,244,255,12,0,0,0,0,0,0,0,242,255,140,0,10,0,26,1,194,11,25,12,0,0
3.799,hid,"8,9,10,11,18,20,22,24,25,26,27,28",4,90,165,239,244,255,244,255,228,245,244,255,0,0,0,0,0,0,223,255,138,0,12,0,221,0,39,12,132,12,0,0
3.815,hid,"8,9,10,11,18,20,22,24,26,27,28",4,90,165,239,244,255,244,255,168,229,152,252,0,0,0,0,0,0,193,255,128,0,16,0,244,0,244,11,109,12,0,0
3.83,hid,"8,9,10,11,20,22,24,26,28",4,90,165,239,244,255,244,255,96,210,92,247,0,0,0,0,0,0,193,255,125,0,15,0,206,0,201,11,127,12,0,0
3.846,hid,"8,9,10,11,18,20,22,24,26,28",4,90,165,239,244,255,244,255,132,192,100,241,0,0,0,0,0,0,195,255,122,0,5,0,200,0,173,11,161,12,0,0
3.877,hid,"8,9,10,11,18,20,22,23,24,26,28",4,90,165,239,244,255,244,255,76,162,160,227,0,0,0,0,0,0,209,255,118,0,251,255,186,0,193,11,151,12,0,0
3.893,hid,"8,9,10,11,18,20,22,23,24,26,28",4,90,165,239,244,255,244,255,140,151,128,221,0,0,0,0,0,0,207,255,109,0,0,0,155,0,212,11,156,12,0,0
3.909,hid,"8,9,10,11,18,20,22,23,24,26,28",4,90,165,239,244,255,244,255,92,142,104,217,0,0,0,0,0,0,204,255,97,0,255,255,165,0,220,11,148,12,0,0
3.941,hid,"8,9,10,11,18,20,22,23,24,26,28",4,90,165,239,244,255,244,255,80,130,8,213,0,0,0,0,0,0,199,255,83,0,0,0,184,0,178,11,204,12,0,0
3.973,hid,"8,9,10,11,18,20,21,22,23,24,26,28,29",4,90,165,239,244,255,244,255,32,132,156,216,0,0,0,0,0,0,239,255,212,255,255,255,103,0,176,11,143,13,0,0
3.989,hid,"8,9,10,11,18,19,20,22,24,26,28",4,90,165,239,244,255,244,255,152,146,0,226,0,0,0,0,0,0,37,0,165,255,252,255,89,0,156,11,94,13,0,0
4.021,hid,"8,9,10,11,18,20,22,24,26,28,29",4,90,165,239,244,255,244,255,32,254,180,255,0,0,0,0,0,0,27,0,129,255,246,255,160,0,229,11,118,12,0,0
4.051,hid,"8,9,10,11,18,20,22,24,26,28",4,90,165,239,244,255,244,255,244,255,4,0,0,0,0,0,0,0,33,0,179,255,227,255,208,0,184,11,36,12,0,0
4.067,hid,"18,19,20,22,24,25,26,27,28",4,90,165,239,244,255,244,255,244,255,4,0,0,0,0,0,0,0,230,255,194,255,237,255,5,1,54,12,37,12,0,0
4.098,hid,"18,20,22,24,25,26,27,28",4,90,165,239,244,255,244,255,244,255,4,0,0,0,0,0,0,0,231,255,242,255,253,255,222,0,149,11,134,12,0,0
4.113,hid,"18,19,20,22,24,26,28",4,90,165,239,244,255,244,255,244,255,4,0,0,0,0,0,0,0,4,0,250,255,246,255,201,0,178,11,179,12,0,0
4.128,hid,"18,20,22,24,26,28",4,90,165,239,244,255,244,255,244,255,4,0,0,0,0,0,0,0,12,0,238,255,249,255,205,0,191,11,178,12,0,0
4.161,hid,"18,19,20,22,24,26,28",4,90,165,239,244,255,244,255,244,255,4,0,0,0,0,0,0,0,243,255,248,255,252,255,228,0,205,11,91,12,0,0
4.191,hid,"18,20,21,22,23,24,26,28",4,90,165,239,244,255,244,255,244,255,4,0,0,0,0,0,0,0,222,255,21,0,7,0,213,0,208,11,125,12,0,0
4.207,hid,"18,20,22,24,26,28",4,90,165,239,244,255,244,255,244,255,4,0,0,0,0,0,0,0,233,255,11,0,6,0,189,0,183,11,205,12,0,0
4.239,hid,"18,19,20,21,22,24,26,28",4,90,165,239,244,255,244,255,244,255,4,0,0,0,0,0,0,0,1,0,223,255,2,0,182,0,190,11,209,12,0,0
4.254,hid,"18,20,22,23,24,26,28",4,90,165,239,244,255,244,255,244,255,4,0,0,0,0,0,0,0,2,0,224,255,254,255,209,0,166,11,142,12,0,0
4.269,hid,"18,19,20,22,24,26,28",4,90,165,239,244,255,244,255,244,255,4,0,0,0,0,0,0,0,255,255,239,255,252,255,217,0,173,11,105,12,0,0
4.301,hid,"18,20,21,22,24,26,28",4,90,165,239,244,255,244,255,244,255,4,0,0,0,0,0,0,0,228,255,11,0,253,255,224,0,218,11,104,12,0,0
4.332,hid,"18,20,22,23,24,26,28",4,90,165,239,244,255,244,255,244,255,4,0,0,0,0,0,0,0,219,255,8,0,1,0,186,0,179,11,188,12,0,0
4.347,hid,"18,20,21,22,24,26,28",4,90,165,239,244,255,244,255,244,255,4,0,0,0,0,0,0,0,237,255,255,255,3,0,181,0,188,11,196,12,0,0
4.379,hid,"18,20,22,23,24,26,28",4,90,165,239,244,255,244,255,244,255,4,0,0,0,0,0,0,0,236,255,234,255,250,255,205,0,184,11,176,12,0,0
4.395,hid,"18,20,22,24,26,28",4,90,165,239,244,255,244,255,244,255,4,0,0,0,0,0,0,0,241,255,235,255,252,255,204,0,168,11,183,12,0,0
4.411,hid,"18,20,22,23,24,26,28",4,90,165,239,244,255,244,255,244,255,4,0,0,0,0,0,0,0,252,255,246,255,1,0,194,0,178,11,168,12,0,0
4.426,hid,"18,20,22,24,26,28",4,90,165,239,244,255,244,255,244,255,4,0,0,0,0,0,0,0,251,255,250,255,5,0,217,0,197,11,145,12,0,0
4.457,hid,"18,20,22,23,24,26,28",4,90,165,239,244,255,244,255,244,255,4,0,0,0,0,0,0,0,208,255,244,255,243,255,226,0,176,11,139,12,0,0
4.472,hid,"18,20,22,24,26,28",4,90,165,239,244,255,244,255,244,255,4,0,0,0,0,0,0,0,202,255,250,255,242,255,223,0,173,11,157,12,0,0
4.488,hid,"18,20,22,24,26,28",4,90,165,239,244,255,244,255,244,255,4,0,0,0,0,0,0,0,201,255,239,255,244,255,208,0,180,11,198,12,0,0
4.519,hid,"18,20,22,24,26",4,90,165,239,244,255,244,255,244,255,4,0,0,0,0,0,0,0,217,255,213,255,237,255,195,0,150,11,198,12,0,0
4.535,hid,"18,20,22,24,26,28",4,90,165,239,244,255,244,255,244,255,4,0,0,0,0,0,0,0,222,255,226,255,240,255,213,0,169,11,131,12,0,0
4.551,hid,"18,20,24,26,28",4,90,165,239,244,255,244,255,244,255,4,0,0,0,0,0,0,0,201,255,238,255,240,255,236,0,175,11,97,12,0,0
4.567,hid,"18,20,22,24,26,28",4,90,165,239,244,255,244,255,244,255,4,0,0,0,0,0,0,0,195,255,253,255,245,255,243,0,153,11,134,12,0,0
4.598,hid,"18,20,21,22,24,26,28",4,90,165,239,244,255,244,255,244,255,4,0,0,0,0,0,0,0,214,255,16,0,253,255,222,0,150,11,178,12,0,0
4.613,hid,"18,20,24,26,28",4,90,165,239,244,255,244,255,244,255,4,0,0,0,0,0,0,0,219,255,12,0,253,255,199,0,132,11,192,12,0,0
4.63,hid,"18,20,22,24,26,28",4,90,165,239,244,255,244,255,244,255,4,0,0,0,0,0,0,0,226,255,6,0,254,255,203,0,151,11,212,12,0,0
4.66,hid,"18,20,21,22,23,24,28",4,90,165,239,244,255,244,255,244,255,4,0,0,0,0,0,0,0,239,255,243,255,2,0,194,0,151,11,211,12,0,0
4.66,hid,"18,20,24,26,28",4,90,165,239,244,255,244,255,244,255,4,0,0,0,0,0,0,0,240,255,241,255,2,0,193,0,154,11,206,12,0,0
4.691,hid,"13,17,18,20,22,23,24,26,28",4,90,165,239,244,255,244,255,244,255,4,0,0,32,0,0,0,17,238,255,238,255,249,255,194,0,145,11,169,12,0,0
4.707,hid,"17,18,22,24,26,28",4,90,165,239,244,255,244,255,244,255,4,0,0,32,0,0,0,72,244,255,238,255,245,255,212,0,102,11,200,12,0,0
4.738,hid,"13,16,17,18,19,22,24,26,28",4,90,165,239,244,255,244,255,244,255,4,0,0,48,0,0,9,192,0,0,238,255,248,255,246,0,137,11,209,12,0,0
4.738,log,sig#1,,,,,,,,,,,,,,,,,,,,,,,,,,,,,,,,
4.753,hid,"8,10,11,16,17,18,20,22,24,26,28",4,90,165,239,244,255,244,255,188,255,244,255,0,48,0,0,75,247,30,0,233,255,250,255,235,0,117,11,222,12,0,0
4.769,hid,"16,17,18,20,22,24,26,28",4,90,165,239,244,255,244,255,188,255,244,255,0,48,0,0,168,255,29,0,226,255,251,255,210,0,131,11,203,12,0,0
4.8,hid,"16,18,19,20,22,24,26,28",4,90,165,239,244,255,244,255,188,255,244,255,0,48,0,0,255,255,220,255,196,255,241,255,193,0,164,11,143,12,0,0
4.816,hid,"18,20,22,23,24,26,28",4,90,165,239,244,255,244,255,188,255,244,255,0,48,0,0,255,255,181,255,173,255,15,0,215,0,175,11,180,12,0,0
4.831,hid,"18,20,22,23,24,25,26,28,29",4,90,165,239,244,255,244,255,188,255,244,255,0,48,0,0,255,255,249,255,199,255,251,255,11,1,112,11,31,13,0,0
4.831,log,sig#2,,,,,,,,,,,,,,,,,,,,,,,,,,,,,,,,
4.846,hid,"18,19,20,22,23,24,26,28,29",4,90,165,239,244,255,244,255,188,255,244,255,0,48,0,0,255,255,7,0,203,255,1,0,4,1,105,11,207,12,0,0
4.876,hid,"18,19,20,22,23,24,26,28",4,90,165,239,244,255,244,255,188,255,244,255,0,48,0,0,255,255,245,255,237,255,250,255,30,1,171,11,165,12,0,0
4.892,hid,"18,20,22,24,25,26,28",4,90,165,239,244,255,244,255,188,255,244,255,0,48,0,0,255,255,222,255,233,255,253,255,251,0,160,11,127,12,0,0
4.907,hid,"18,20,22,24,28",4,90,165,239,244,255,244,255,188,255,244,255,0,48,0,0,255,255,212,255,242,255,249,255,232,0,160,11,161,12,0,0
4.939,hid,"18,20,21,22,23,24,26,28",4,90,165,239,244,255,244,255,188,255,244,255,0,48,0,0,255,255,218,255,4,0,4,0,239,0,140,11,159,12,0,0
4.955,hid,"16,18,20,22,24,26,28",4,90,165,239,244,255,244,255,188,255,244,255,0,48,0,0,249,255,198,255,13,0,0,0,248,0,132,11,166,12,0,0
4.97,hid,"16,18,20,21,22,24,26,28,29",4,90,165,239,244,255,244,255,188,255,244,255,0,48,0,0,244,255,222,255,247,255,17,0,221,0,91,11,13,13,0,0
4.985,hid,"16,18,20,22,24,26,28,29",4,90,165,239,244,255,244,255,188,255,244,255,0,48,0,0,237,255,245,255,254,255,0,0,247,0,149,11,233,12,0,0
5.016,hid,"16,20,21,22,23,24,25,26,28",4,90,165,239,244,255,244,255,188,255,244,255,0,48,0,0,230,255,245,255,1,0,251,255,7,1,133,11,193,12,0,0
5.032,hid,"16,18,20,22,24,26,28",4,90,165,239,244,255,244,255,188,255,244,255,0,48,0,0,228,255,243,255,6,0,252,255,10,1,134,11,190,12,0,0
5.048,hid,"16,18,20,22,24,25,26,28",4,90,165,239,244,255,244,255,188,255,244,255,0,48,0,0,221,255,246,255,9,0,249,255,244,0,117,11,199,12,0,0
5.08,hid,"16,18,20,22,24,26,28",4,90,165,239,244,255,244,255,188,255,244,255,0,48,0,0,203,255,247,255,7,0,248,255,239,0,140,11,193,12,0,0
5.095,hid,"16,18,20,22,24,26,28",4,90,165,239,244,255,244,255,188,255,244,255,0,48,0,0,196,255,244,255,4,0,250,255,244,0,126,11,197,12,0,0
5.111,hid,"16,18,20,22,24,26,28",4,90,165,239,244,255,244,255,188,255,244,255,0,48,0,0,189,255,245,255,10,0,252,255,251,0,114,11,207,12,0,0
5.127,hid,"16,18,20,22,23,24,26,28",4,90,165,239,244,255,244,255,188,255,244,255,0,48,0,0,185,255,251,255,13,0,1,0,247,0,121,11,203,12,0,0
5.159,hid,"16,18,20,22,24,26,28",4,90,165,239,244,255,244,255,188,255,244,255,0,48,0,0,180,255,244,255,7,0,2,0,242,0,143,11,200,12,0,0
5.174,hid,"16,18,20,22,24,26,28",4,90,165,239,244,255,244,255,188,255,244,255,0,48,0,0,176,255,232,255,2,0,3,0,229,0,156,11,202,12,0,0
5.19,hid,"16,18,20,21,22,24,26,28",4,90,165,239,244,255,244,255,188,255,244,255,0,48,0,0,172,255,234,255,255,255,1,0,223,0,104,11,218,12,0,0
5.22,hid,"16,17,18,20,22,23,24,26,28",4,90,165,239,244,255,244,255,188,255,244,255,0,48,0,0,164,248,244,255,254,255,255,255,243,0,109,11,209,12,0,0
5.251,hid,"8,10,11,16,17,18,20,21,22,24,26,28",4,90,165,239,244,255,244,255,196,255,36,0,0,48,0,0,159,238,240,255,0,0,250,255,244,0,126,11,191,12,0,0
5.267,hid,"16,17,18,20,22,24,26,28",4,90,165,239,244,255,244,255,196,255,36,0,0,48,0,0,156,228,225,255,2,0,249,255,250,0,112,11,187,12,0,0
5.299,hid,"16,17,20,22,24,26,28",4,90,165,239,244,255,244,255,196,255,36,0,0,48,0,0,152,191,225,255,8,0,251,255,235,0,115,11,207,12,0,0
5.315,hid,"16,17,18,20,22,23,24,26,28",4,90,165,239,244,255,244,255,196,255,36,0,0,48,0,0,145,178,227,255,7,0,1,0,240,0,110,11,212,12,0,0
5.331,hid,"8,9,10,16,17,18,20,22,24,26,28",4,90,165,239,244,255,244,255,8,0,28,0,0,48,0,0,136,162,224,255,5,0,3,0,223,0,109,11,209,12,0,0
5.346,hid,"16,17,20,22,23,24,26,28",4,90,165,239,244,255,244,255,8,0,28,0,0,48,0,0,128,147,224,255,0,0,253,255,222,0,125,11,216,12,0,0
5.378,hid,"16,17,18,20,22,24,26,28",4,90,165,239,244,255,244,255,8,0,28,0,0,48,0,0,110,134,221,255,4,0,252,255,246,0,99,11,209,12,0,0
5.394,hid,"16,17,18,20,22,24,26,28",4,90,165,239,244,255,244,255,8,0,28,0,0,48,0,0,99,129,224,255,7,0,253,255,241,0,111,11,211,12,0,0
5.409,hid,"16,17,18,22,24,26,28",4,90,165,239,244,255,244,255,8,0,28,0,0,48,0,0,93,126,237,255,7,0,251,255,233,0,106,11,244,12,0,0
5.44,hid,"16,17,18,20,22,23,24,26,28",4,90,165,239,244,255,244,255,8,0,28,0,0,48,0,0,85,115,226,255,3,0,2,0,238,0,83,11,224,12,0,0
5.472,hid,"8,16,18,19,20,21,22,24,26,28,29",4,90,165,239,244,255,244,255,88,0,28,0,0,48,0,0,80,115,3,0,255,255,1,0,231,0,97,11,1,13,0,0
5.488,hid,"8,10,18,20,24,26,28,29",4,90,165,239,244,255,244,255,140,0,12,0,0,48,0,0,80,115,5,0,239,255,1,0,229,0,59,11,252,12,0,0
5.519,hid,"16,17,18,20,22,23,24,26,28",4,90,165,239,244,255,244,255,140,0,12,0,0,48,0,0,82,119,9,0,252,255,254,255,244,0,110,11,206,12,0,0
5.534,hid,"8,10,17,18,20,22,23,24,26,28",4,90,165,239,244,255,244,255,192,0,28,0,0,48,0,0,82,122,1,0,248,255,1,0,245,0,120,11,208,12,0,0
5.549,hid,"16,17,18,20,22,23,24,26,28",4,90,165,239,244,255,244,255,192,0,28,0,0,48,0,0,85,126,6,0,247,255,255,255,231,0,89,11,241,12,0,0
5.581,hid,"16,17,18,20,22,24,26,28",4,90,165,239,244,255,244,255,192,0,28,0,0,48,0,0,93,134,5,0,244,255,251,255,249,0,111,11,199,12,0,0
5.612,hid,"16,17,18,20,22,24,26,28",4,90,165,239,244,255,244,255,192,0,28,0,0,48,0,0,100,141,9,0,254,255,254,255,253,0,94,11,215,12,0,0
5.627,hid,"8,10,16,17,22,23,24,26,28",4,90,165,239,244,255,244,255,140,0,40,0,0,48,0,0,104,143,9,0,254,255,1,0,224,0,109,11,228,12,0,0
5.659,hid,"8,16,17,20,21,22,23,24,26,28",4,90,165,239,244,255,244,255,68,0,40,0,0,48,0,0,115,154,9,0,3,0,250,255,227,0,107,11,212,12,0,0
5.674,hid,"16,17,18,19,22,24,28",4,90,165,239,244,255,244,255,68,0,40,0,0,48,0,0,122,158,254,255,3,0,255,255,228,0,107,11,188,12,0,0
5.689,hid,"16,17,18,20,22,24,26,28",4,90,165,239,244,255,244,255,68,0,40,0,0,48,0,0,126,161,252,255,8,0,252,255,243,0,114,11,205,12,0,0
5.721,hid,"16,17,18,20,22,24,26,28",4,90,165,239,244,255,244,255,68,0,40,0,0,48,0,0,129,165,244,255,3,0,250,255,239,0,105,11,225,12,0,0
5.752,hid,"16,17,18,20,22,24,25,26,28",4,90,165,239,244,255,244,255,68,0,40,0,0,48,0,0,131,169,246,255,0,0,255,255,11,1,88,11,233,12,0,0
5.767,hid,"16,18,19,20,24,25,26,28",4,90,165,239,244,255,244,255,68,0,40,0,0,48,0,0,135,169,0,0,3,0,255,255,247,0,89,11,234,12,0,0
5.799,hid,"16,17,20,24,26,28",4,90,165,239,244,255,244,255,68,0,40,0,0,48,0,0,137,173,0,0,2,0,255,255,248,0,93,11,224,12,0,0
5.814,hid,"8,10,16,18,20,21,22,24,26,28",4,90,165,239,244,255,244,255,16,0,28,0,0,48,0,0,138,173,14,0,255,255,250,255,237,0,92,11,216,12,0,0
5.831,hid,"18,20,22,24,26,28",4,90,165,239,244,255,244,255,16,0,28,0,0,48,0,0,138,173,0,0,253,255,253,255,242,0,106,11,196,12,0,0
5.846,hid,"18,19,20,21,22,24,26,28",4,90,165,239,244,255,244,255,16,0,28,0,0,48,0,0,138,173,254,255,2,0,254,255,243,0,96,11,200,12,0,0
5.878,hid,"17,18,20,22,24,26,28",4,90,165,239,244,255,244,255,16,0,28,0,0,48,0,0,138,171,235,255,4,0,251,255,246,0,102,11,204,12,0,0
5.894,hid,"17,18,20,24,26,28",4,90,165,239,244,255,244,255,16,0,28,0,0,48,0,0,138,169,233,255,5,0,251,255,242,0,111,11,223,12,0,0
5.909,hid,"16,17,18,20,22,24,26,28",4,90,165,239,244,255,244,255,16,0,28,0,0,48,0,0,137,164,237,255,3,0,252,255,245,0,98,11,238,12,0,0
5.94,hid,"17,18,20,22,24,26,28",4,90,165,239,244,255,244,255,16,0,28,0,0,48,0,0,137,153,252,255,6,0,250,255,232,0,87,11,221,12,0,0
5.956,hid,"17,18,20,22,24,26,28",4,90,165,239,244,255,244,255,16,0,28,0,0,48,0,0,137,151,253,255,4,0,254,255,228,0,95,11,232,12,0,0
5.972,hid,"16,18,19,20,24,26,28",4,90,165,239,244,255,244,255,16,0,28,0,0,48,0,0,135,151,3,0,6,0,254,255,237,0,96,11,227,12,0,0
5.988,hid,"18,20,22,24,26,28",4,90,165,239,244,255,244,255,16,0,28,0,0,48,0,0,135,151,2,0,3,0,253,255,238,0,97,11,205,12,0,0
6.018,hid,"16,18,19,20,22,24,26,28",4,90,165,239,244,255,244,255,16,0,28,0,0,48,0,0,134,151,254,255,1,0,252,255,252,0,93,11,216,12,0,0
6.034,hid,"20,24,26,28",4,90,165,239,244,255,244,255,16,0,28,0,0,48,0,0,134,151,254,255,8,0,252,255,245,0,79,11,224,12,0,0
6.048,hid,"18,20,22,24,26,28",4,90,165,239,244,255,244,255,16,0,28,0,0,48,0,0,134,151,252,255,9,0,255,255,246,0,97,11,220,12,0,0
6.08,hid,"18,20,24,26,28",4,90,165,239,244,255,244,255,16,0,28,0,0,48,0,0,134,151,238,255,17,0,255,255,227,0,103,11,202,12,0,0
6.096,hid,"18,20,22,23,24,26,28",4,90,165,239,244,255,244,255,16,0,28,0,0,48,0,0,134,151,240,255,13,0,0,0,240,0,94,11,222,12,0,0
6.11,hid,"18,20,24,26,28",4,90,165,239,244,255,244,255,16,0,28,0,0,48,0,0,134,151,242,255,11,0,0,0,227,0,79,11,255,12,0,0
6.126,hid,"18,20,24,26",4,90,165,239,244,255,244,255,16,0,28,0,0,48,0,0,134,151,248,255,7,0,0,0,229,0,82,11,255,12,0,0
6.158,hid,"18,20,22,24,26,28",4,90,165,239,244,255,244,255,16,0,28,0,0,48,0,0,134,151,253,255,3,0,1,0,226,0,102,11,206,12,0,0
6.173,hid,"16,18,20,22,23,24,26,28",4,90,165,239,244,255,244,255,16,0,28,0,0,48,0,0,130,151,243,255,7,0,255,255,231,0,103,11,199,12,0,0
6.188,hid,"16,20,22,26,28",4,90,165,239,244,255,244,255,16,0,28,0,0,48,0,0,128,151,243,255,10,0,252,255,231,0,94,11,225,12,0,0
6.219,hid,"16,18,19,20,21,22,23,24,26,28",4,90,165,239,244,255,244,255,16,0,28,0,0,48,0,0,125,151,2,0,254,255,0,0,226,0,80,11,240,12,0,0
6.235,hid,"16,18,20,22,23,24,26,28",4,90,165,239,244,255,244,255,16,0,28,0,0,48,0,0,124,151,1,0,255,255,254,255,232,0,95,11,210,12,0,0
6.25,hid,"18,19,20,22,23,24,26,28",4,90,165,239,244,255,244,255,16,0,28,0,0,48,0,0,124,151,251,255,254,255,0,0,237,0,104,11,203,12,0,0
6.266,hid,"16,18,20,21,22,23,24,26,28",4,90,165,239,244,255,244,255,16,0,28,0,0,48,0,0,122,151,236,255,3,0,254,255,252,0,96,11,210,12,0,0
6.297,hid,"18,20,22,24,26,28",4,90,165,239,244,255,244,255,16,0,28,0,0,48,0,0,122,151,243,255,6,0,252,255,237,0,97,11,218,12,0,0
6.313,hid,"20,22,24,26,28",4,90,165,239,244,255,244,255,16,0,28,0,0,48,0,0,122,151,243,255,4,0,248,255,234,0,89,11,230,12,0,0
6.328,hid,"18,20,22,24,26,28",4,90,165,239,244,255,244,255,16,0,28,0,0,48,0,0,122,151,235,255,1,0,250,255,229,0,86,11,224,12,0,0
6.36,hid,"20,22,24,26,28",4,90,165,239,244,255,244,255,16,0,28,0,0,48,0,0,122,151,235,255,6,0,251,255,225,0,88,11,236,12,0,0
6.391,hid,"18,19,22,24,26,28,29",4,90,165,239,244,255,244,255,16,0,28,0,0,48,0,0,122,151,4,0,6,0,254,255,232,0,68,11,7,13,0,0
6.406,hid,"18,20,22,23,24,26,28,29",4,90,165,239,244,255,244,255,16,0,28,0,0,48,0,0,122,151,7,0,5,0,2,0,227,0,69,11,252,12,0,0
6.438,hid,"18,20,22,24,26,28",4,90,165,239,244,255,244,255,16,0,28,0,0,48,0,0,122,151,9,0,15,0,0,0,225,0,91,11,215,12,0,0
6.454,hid,"18,20,22,24,26,28",4,90,165,239,244,255,244,255,16,0,28,0,0,48,0,0,122,151,3,0,18,0,1,0,235,0,101,11,227,12,0,0
6.469,hid,"18,20,22,23,24,26,28",4,90,165,239,244,255,244,255,16,0,28,0,0,48,0,0,122,151,0,0,12,0,255,255,219,0,87,11,226,12,0,0
6.5,hid,"16,18,20,22,24,26,28",4,90,165,239,244,255,244,255,16,0,28,0,0,48,0,0,120,151,31,0,19,0,254,255,228,0,91,11,238,12,0,0
6.515,hid,"16,18,20,22,24,26,28",4,90,165,239,244,255,244,255,16,0,28,0,0,48,0,0,118,151,22,0,13,0,253,255,245,0,82,11,231,12,0,0
6.531,hid,"18,20,22,24,26,28",4,90,165,239,244,255,244,255,16,0,28,0,0,48,0,0,118,151,24,0,6,0,254,255,220,0,76,11,235,12,0,0
6.547,hid,"16,18,20,22,24,26,28",4,90,165,239,244,255,244,255,16,0,28,0,0,48,0,0,116,151,30,0,3,0,250,255,222,0,80,11,234,12,0,0
6.579,hid,"18,20,24,26,28",4,90,165,239,244,255,244,255,16,0,28,0,0,48,0,0,116,151,0,0,6,0,250,255,220,0,104,11,187,12,0,0
6.595,hid,"8,9,10,16,18,19,20,22,24,26,28",4,90,165,239,244,255,244,255,224,255,16,0,0,48,0,0,114,151,255,255,11,0,245,255,219,0,97,11,206,12,0,0
6.61,hid,"18,22,24,26,28",4,90,165,239,244,255,244,255,224,255,16,0,0,48,0,0,114,151,249,255,11,0,247,255,215,0,119,11,210,12,0,0
6.626,hid,"18,20,24,26,28",4,90,165,239,244,255,244,255,224,255,16,0,0,48,0,0,114,151,238,255,7,0,247,255,216,0,97,11,216,12,0,0
6.657,hid,"18,20,22,24,26,28",4,90,165,239,244,255,244,255,224,255,16,0,0,48,0,0,114,151,253,255,15,0,248,255,230,0,94,11,221,12,0,0
6.673,hid,"17,18,22,24,26,28",4,90,165,239,244,255,244,255,224,255,16,0,0,48,0,0,114,149,247,255,15,0,251,255,253,0,105,11,206,12,0,0
6.688,hid,"17,18,20,22,24,26,28",4,90,165,239,244,255,244,255,224,255,16,0,0,48,0,0,114,140,238,255,18,0,253,255,243,0,95,11,208,12,0,0
6.719,hid,"17,18,20,22,24,26,28",4,90,165,239,244,255,244,255,224,255,16,0,0,48,0,0,114,114,241,255,9,0,252,255,198,0,100,11,242,12,0,0
6.734,hid,"17,18,20,22,24,26,28",4,90,165,239,244,255,244,255,224,255,16,0,0,48,0,0,114,102,231,255,4,0,254,255,191,0,103,11,219,12,0,0
6.749,hid,"17,18,20,22,24,26,28",4,90,165,239,244,255,244,255,224,255,16,0,0,48,0,0,114,84,229,255,8,0,249,255,215,0,78,11,204,12,0,0
6.781,hid,"16,17,18,20,22,24,26,28,29",4,90,165,239,244,255,244,255,224,255,16,0,0,48,0,0,112,58,237,255,3,0,250,255,220,0,97,11,26,13,0,0
6.781,hid,"17,18,20,24,26,28",4,90,165,239,244,255,244,255,224,255,16,0,0,48,0,0,112,54,242,255,2,0,250,255,218,0,100,11,33,13,0,0
6.813,hid,"8,9,10,17,18,20,21,22,23,24,26,28,29",4,90,165,239,244,255,244,255,4,0,68,0,0,48,0,0,112,27,255,255,253,255,1,0,208,0,74,11,229,12,0,0
6.828,hid,"16,17,18,20,21,22,23,24,26,28",4,90,165,239,244,255,244,255,4,0,68,0,0,48,0,0,109,21,240,255,3,0,252,255,198,0,88,11,201,12,0,0
6.859,hid,"16,18,20,22,24,26,28",4,90,165,239,244,255,244,255,4,0,68,0,0,48,0,0,99,21,207,255,10,0,250,255,220,0,95,11,192,12,0,0
6.874,hid,"16,18,20,22,24,26,28",4,90,165,239,244,255,244,255,4,0,68,0,0,48,0,0,94,21,204,255,4,0,248,255,231,0,74,11,236,12,0,0
6.889,hid,"16,20,22,24,26,28,29",4,90,165,239,244,255,244,255,4,0,68,0,0,48,0,0,86,21,204,255,3,0,249,255,230,0,90,11,0,13,0,0
6.919,hid,"8,9,10,16,17,18,20,21,22,24,26,28",4,90,165,239,244,255,244,255,236,255,4,0,0,48,0,0,69,23,223,255,253,255,251,255,199,0,55,11,10,13,0,0
6.935,hid,"4,5,6,7,16,18,20,22,24,26,28",4,90,165,239,36,0,0,0,236,255,4,0,0,48,0,0,61,23,220,255,244,255,253,255,204,0,71,11,16,13,0,0
6.951,hid,"16,17,18,20,22,23,24,26,28",4,90,165,239,36,0,0,0,236,255,4,0,0,48,0,0,56,25,233,255,236,255,2,0,195,0,52,11,12,13,0,0
6.966,hid,"16,17,18,20,22,23,24,26,28",4,90,165,239,36,0,0,0,236,255,4,0,0,48,0,0,49,28,251,255,247,255,255,255,210,0,53,11,5,13,0,0
6.996,hid,"16,17,18,20,24,26,28,29",4,90,165,239,36,0,0,0,236,255,4,0,0,48,0,0,46,36,235,255,238,255,255,255,197,0,67,11,233,12,0,0
7.012,hid,"16,17,18,20,22,23,24,26,28",4,90,165,239,36,0,0,0,236,255,4,0,0,48,0,0,50,44,230,255,242,255,0,0,203,0,52,11,234,12,0,0
7.027,hid,"16,17,18,20,22,23,24,26,28",4,90,165,239,36,0,0,0,236,255,4,0,0,48,0,0,59,52,227,255,239,255,252,255,213,0,50,11,255,12,0,0
7.057,hid,"16,17,18,19,20,22,24,26,28,29",4,90,165,239,36,0,0,0,236,255,4,0,0,48,0,0,84,73,4,0,244,255,254,255,245,0,71,11,27,13,0,0
7.073,hid,"16,17,18,20,22,24,26,28,29",4,90,165,239,36,0,0,0,236,255,4,0,0,48,0,0,95,96,19,0,248,255,251,255,247,0,90,11,249,12,0,0
7.089,hid,"16,17,18,22,24,26,28",4,90,165,239,36,0,0,0,236,255,4,0,0,48,0,0,113,125,21,0,248,255,249,255,206,0,75,11,254,12,0,0
7.12,hid,"16,17,18,20,21,22,24,26,28",4,90,165,239,36,0,0,0,236,255,4,0,0,48,0,0,138,167,25,0,0,0,250,255,202,0,65,11,242,12,0,0
7.151,hid,"16,17,18,20,22,24,26,28",4,90,165,239,36,0,0,0,236,255,4,0,0,48,0,0,157,187,9,0,5,0,244,255,238,0,99,11,211,12,0,0
7.167,hid,"16,17,18,19,20,22,24,26,28",4,90,165,239,36,0,0,0,236,255,4,0,0,48,0,0,166,194,254,255,3,0,242,255,226,0,91,11,223,12,0,0
7.199,hid,"17,18,20,22,24,26,28",4,90,165,239,36,0,0,0,236,255,4,0,0,48,0,0,166,206,235,255,6,0,248,255,220,0,68,11,219,12,0,0
7.215,hid,"17,18,20,22,26,28",4,90,165,239,36,0,0,0,236,255,4,0,0,48,0,0,166,209,231,255,10,0,250,255,220,0,66,11,228,12,0,0
7.231,hid,"16,17,18,20,22,24,26,28",4,90,165,239,36,0,0,0,236,255,4,0,0,48,0,0,164,212,226,255,5,0,248,255,217,0,80,11,250,12,0,0
7.246,hid,"16,17,18,20,22,24,26,28,29",4,90,165,239,36,0,0,0,236,255,4,0,0,48,0,0,161,215,236,255,3,0,250,255,212,0,61,11,6,13,0,0
7.278,hid,"16,18,20,22,24,26,28,29",4,90,165,239,36,0,0,0,236,255,4,0,0,48,0,0,157,215,243,255,7,0,247,255,210,0,73,11,250,12,0,0
7.294,hid,"16,18,22,24,26,28",4,90,165,239,36,0,0,0,236,255,4,0,0,48,0,0,147,215,242,255,7,0,249,255,220,0,67,11,247,12,0,0
7.309,hid,"16,18,20,22,24,26,28,29",4,90,165,239,36,0,0,0,236,255,4,0,0,48,0,0,138,215,250,255,10,0,248,255,222,0,69,11,4,13,0,0
7.34,hid,"16,17,18,20,22,24,26",4,90,165,239,36,0,0,0,236,255,4,0,0,48,0,0,110,212,251,255,6,0,244,255,210,0,56,11,4,13,0,0
7.372,hid,"16,17,18,20,21,22,24,26,28,29",4,90,165,239,36,0,0,0,236,255,4,0,0,48,0,0,77,189,233,255,255,255,245,255,209,0,70,11,250,12,0,0
7.386,hid,"16,17,18,20,22,24,26,28",4,90,165,239,36,0,0,0,236,255,4,0,0,48,0,0,61,174,231,255,250,255,248,255,211,0,46,11,247,12,0,0
7.418,hid,"4,5,6,7,16,17,18,20,22,24,26,28,29",4,90,165,239,248,255,244,255,236,255,4,0,0,48,0,0,33,140,228,255,236,255,247,255,214,0,59,11,17,13,0,0
7.434,hid,"16,17,18,20,22,24,26,28,29",4,90,165,239,248,255,244,255,236,255,4,0,0,48,0,0,23,121,229,255,235,255,253,255,215,0,56,11,254,12,0,0
7.449,hid,"16,17,18,20,22,24,26,28",4,90,165,239,248,255,244,255,236,255,4,0,0,48,0,0,20,105,234,255,242,255,251,255,214,0,53,11,240,12,0,0
7.48,hid,"16,17,18,20,21,22,24,26,28",4,90,165,239,248,255,244,255,236,255,4,0,0,48,0,0,18,78,243,255,0,0,255,255,209,0,43,11,235,12,0,0
7.511,hid,"17,18,20,22,23,24,26,28",4,90,165,239,248,255,244,255,236,255,4,0,0,48,0,0,18,60,242,255,2,0,0,0,201,0,69,11,249,12,0,0
7.527,hid,"17,18,20,22,24,26,28,29",4,90,165,239,248,255,244,255,236,255,4,0,0,48,0,0,18,51,250,255,3,0,1,0,235,0,58,11,15,13,0,0
7.558,hid,"17,18,20,21,22,23,24,26,28,29",4,90,165,239,248,255,244,255,236,255,4,0,0,48,0,0,18,30,241,255,245,255,248,255,216,0,54,11,247,12,0,0
7.573,hid,"17,18,20,22,24,26,28,29",4,90,165,239,248,255,244,255,236,255,4,0,0,48,0,0,18,23,236,255,238,255,245,255,215,0,45,11,9,13,0,0
7.589,hid,"17,18,20,22,24,26,28",4,90,165,239,248,255,244,255,236,255,4,0,0,48,0,0,18,22,253,255,233,255,251,255,220,0,46,11,31,13,0,0
7.621,hid,"17,18,19,20,22,24,26,28,29",4,90,165,239,248,255,244,255,236,255,4,0,0,48,0,0,18,24,4,0,246,255,252,255,216,0,52,11,230,12,0,0
7.621,hid,"18,20,22,24,26,28",4,90,165,239,248,255,244,255,236,255,4,0,0,48,0,0,18,24,1,0,247,255,253,255,209,0,58,11,231,12,0,0
7.653,hid,"18,19,20,22,23,24,26,28,29",4,90,165,239,248,255,244,255,236,255,4,0,0,48,0,0,18,24,236,255,249,255,0,0,185,0,22,11,16,13,0,0
7.669,hid,"18,19,20,22,23,24,26,28",4,90,165,239,248,255,244,255,236,255,4,0,0,48,0,0,18,24,3,0,241,255,254,255,170,0,47,11,60,13,0,0
7.7,hid,"16,18,20,22,24,26,28",4,90,165,239,248,255,244,255,236,255,4,0,0,48,0,0,19,24,22,0,177,255,252,255,215,0,23,11,71,13,0,0
7.731,hid,"18,20,22,24,25,26,27,28",4,90,165,239,248,255,244,255,236,255,4,0,0,48,0,0,19,24,27,0,141,255,166,255,16,1,241,10,51,13,0,0
7.747,hid,"18,20,22,24,25,26,27,28",4,90,165,239,248,255,244,255,236,255,4,0,0,48,0,0,19,24,86,0,150,255,231,255,161,0,225,11,57,13,0,0
7.778,hid,"18,20,22,24,26,28",4,90,165,239,248,255,244,255,236,255,4,0,0,48,0,0,19,24,91,0,102,255,164,255,225,0,49,11,25,13,0,0
7.794,hid,"18,20,22,24,26,27,28,29",4,90,165,239,248,255,244,255,236,255,4,0,0,48,0,0,19,24,80,0,221,255,239,255,142,0,133,12,241,11,0,0
7.809,hid,"18,22,24,26,27,28,29",4,90,165,239,248,255,244,255,236,255,4,0,0,48,0,0,19,24,35,0,221,255,252,255,229,0,197,11,65,12,0,0
7.841,hid,"18,20,22,24,26,28,29",4,90,165,239,248,255,244,255,236,255,4,0,0,48,0,0,19,24,39,0,190,255,227,255,202,0,133,11,84,13,0,0
7.841,hid,"18,20,22,24,26,28",4,90,165,239,248,255,244,255,236,255,4,0,0,48,0,0,19,24,36,0,174,255,241,255,182,0,167,11,88,13,0,0
7.872,hid,"16,18,20,22,23,24,26,28",4,90,165,239,248,255,244,255,236,255,4,0,0,48,0,0,9,24,14,0,28,255,18,0,149,0,127,11,138,13,0,0
7.887,hid,"13,16,18,19,20,21,22,23,24,26,28",4,90,165,239,248,255,244,255,236,255,4,0,0,32,0,0,0,24,217,255,201,254,255,255,247,0,5,11,35,13,0,0
7.919,hid,"17,18,19,20,21,22,24,25,26,28,29",4,90,165,239,248,255,244,255,236,255,4,0,0,32,0,0,0,18,8,0,7,255,226,255,202,1,32,11,106,12,0,0
7.934,hid,"17,18,20,22,24,26,28",4,90,165,239,248,255,244,255,236,255,4,0,0,32,0,0,0,13,34,0,107,255,211,255,176,1,12,11,47,12,0,0
7.949,hid,"17,18,20,22,24,26,28",4,90,165,239,248,255,244,255,236,255,4,0,0,32,0,0,0,4,15,0,180,255,206,255,84,1,102,11,54,12,0,0
7.981,hid,"13,17,18,19,20,21,22,24,26,28",4,90,165,239,248,255,244,255,236,255,4,0,0,0,0,0,0,0,247,255,34,0,218,255,41,1,184,11,77,12,0,0
8.012,hid,"18,20,22,23,24,26,28,29",4,90,165,239,248,255,244,255,236,255,4,0,0,0,0,0,0,0,241,255,61,0,35,0,48,1,88,11,9,13,0,0
8.028,hid,"18,19,20,22,24,26,28",4,90,165,239,248,255,244,255,236,255,4,0,0,0,0,0,0,0,13,0,49,0,43,0,58,1,35,11,59,13,0,0
8.059,hid,"18,20,21,22,24,26,28",4,90,165,239,248,255,244,255,236,255,4,0,0,0,0,0,0,0,19,0,222,255,38,0,104,1,41,11,21,13,0,0
8.074,hid,"18,20,22,24,26,27,28,29",4,90,165,239,248,255,244,255,236,255,4,0,0,0,0,0,0,0,53,0,235,255,6,0,135,1,233,10,221,12,0,0
8.089,hid,"18,20,21,22,23,24,26,27,28",4,90,165,239,248,255,244,255,236,255,4,0,0,0,0,0,0,0,64,0,0,0,215,255,115,1,43,11,149,12,0,0
8.12,hid,"18,20,22,24,26,28,29",4,90,165,239,248,255,244,255,236,255,4,0,0,0,0,0,0,0,80,0,12,0,219,255,77,1,95,11,8,13,0,0
8.151,hid,"18,20,21,22,24,26,28",4,90,165,239,248,255,244,255,236,255,4,0,0,0,0,0,0,0,76,0,171,255,215,255,47,1,59,11,103,13,0,0
8.167,hid,"18,20,22,24,26,28",4,90,165,239,248,255,244,255,236,255,4,0,0,0,0,0,0,0,67,0,108,255,192,255,88,1,63,11,86,13,0,0
8.199,hid,"18,20,22,24,26,28,29",4,90,165,239,248,255,244,255,236,255,4,0,0,0,0,0,0,0,71,0,57,255,179,255,33,1,97,11,223,12,0,0
8.215,hid,"18,20,22,24,26,28",4,90,165,239,248,255,244,255,236,255,4,0,0,0,0,0,0,0,73,0,59,255,180,255,35,1,120,11,192,12,0,0
8.231,hid,"18,20,22,24,26,28",4,90,165,239,248,255,244,255,236,255,4,0,0,0,0,0,0,0,76,0,61,255,186,255,51,1,169,11,247,12,0,0
8.246,hid,"18,20,22,24,26,28,29",4,90,165,239,248,255,244,255,236,255,4,0,0,0,0,0,0,0,83,0,24,255,200,255,37,1,192,11,76,13,0,0
8.278,hid,"18,20,21,22,24,25,26,28",4,90,165,239,248,255,244,255,236,255,4,0,0,0,0,0,0,0,148,0,97,254,216,255,242,0,104,11,193,13,0,0
8.293,hid,"18,20,21,22,24,25,26,28",4,90,165,239,248,255,244,255,236,255,4,0,0,0,0,0,0,0,130,0,242,253,203,255,46,1,131,11,107,13,0,0
8.31,hid,"18,20,22,24,26,28,29",4,90,165,239,248,255,244,255,236,255,4,0,0,0,0,0,0,0,84,0,175,253,179,255,168,1,171,11,205,12,0,0
8.34,hid,"18,20,22,24,26,28",4,90,165,239,248,255,244,255,236,255,4,0,0,0,0,0,0,0,25,0,201,253,163,255,248,1,192,11,83,12,0,0
8.341,hid,"18,20,24,26,28",4,90,165,239,248,255,244,255,236,255,4,0,0,0,0,0,0,0,22,0,206,253,163,255,249,1,194,11,85,12,0,0
8.371,hid,"18,19,20,22,24,25,26,28,29",4,90,165,239,248,255,244,255,236,255,4,0,0,0,0,0,0,0,114,255,219,253,117,255,180,2,174,11,232,11,0,0
8.387,hid,"18,20,22,24,26,28,29",4,90,165,239,248,255,244,255,236,255,4,0,0,0,0,0,0,0,36,255,207,253,77,255,115,2,63,11,28,12,0,0
8.417,hid,"18,19,20,22,23,24,26,28",4,90,165,239,248,255,244,255,236,255,4,0,0,0,0,0,0,0,210,254,181,253,247,254,118,2,153,11,79,12,0,0
8.433,hid,"18,20,22,23,24,26,28",4,90,165,239,248,255,244,255,236,255,4,0,0,0,0,0,0,0,186,254,163,253,28,255,32,2,193,11,114,12,0,0
8.449,hid,"18,20,22,24,26,27,28",4,90,165,239,248,255,244,255,236,255,4,0,0,0,0,0,0,0,172,254,190,253,85,255,20,2,7,12,99,12,0,0
8.479,hid,"18,20,22,24,26,27,28",4,90,165,239,248,255,244,255,236,255,4,0,0,0,0,0,0,0,70,254,133,253,116,255,191,2,169,11,108,12,0,0
8.495,hid,"18,20,22,24,25,26,28",4,90,165,239,248,255,244,255,236,255,4,0,0,0,0,0,0,0,11,254,55,253,121,255,35,3,153,11,250,12,0,0
8.511,hid,"18,20,22,24,26,27,28,29",4,90,165,239,248,255,244,255,236,255,4,0,0,0,0,0,0,0,48,254,0,253,115,255,51,3,173,10,25,13,0,0
8.527,hid,"18,20,22,24,26,28,29",4,90,165,239,248,255,244,255,236,255,4,0,0,0,0,0,0,0,128,254,20,253,127,255,29,3,193,10,215,12,0,0
8.558,hid,"18,20,22,24,26,27,28,29",4,90,165,239,248,255,244,255,236,255,4,0,0,0,0,0,0,0,130,254,219,253,145,255,104,3,22,11,179,11,0,0
8.574,hid,"20,21,22,24,26,28",4,90,165,239,248,255,244,255,236,255,4,0,0,0,0,0,0,0,130,254,92,254,183,255,117,3,10,11,147,11,0,0
8.589,hid,"18,20,21,22,23,24,26,28",4,90,165,239,248,255,244,255,236,255,4,0,0,0,0,0,0,0,191,254,13,255,4,0,189,3,18,11,161,11,0,0
8.619,hid,"18,19,20,21,22,24,25,26,27,28",4,90,165,239,248,255,244,255,236,255,4,0,0,0,0,0,0,0,13,255,110,0,94,0,53,4,180,10,108,11,0,0
8.635,hid,"18,20,22,24,26,28",4,90,165,239,248,255,244,255,236,255,4,0,0,0,0,0,0,0,7,255,235,0,93,0,67,4,174,10,164,11,0,0
8.65,hid,"18,19,20,21,22,24,26,28,29",4,90,165,239,248,255,244,255,236,255,4,0,0,0,0,0,0,0,222,254,51,1,86,0,15,4,115,10,80,12,0,0
8.666,hid,"18,19,20,22,24,25,26,27,28,29",4,90,165,239,248,255,244,255,236,255,4,0,0,0,0,0,0,0,30,255,75,1,62,0,238,3,216,9,102,13,0,0
8.696,hid,"18,20,22,24,26,27,28,29",4,90,165,239,248,255,244,255,236,255,4,0,0,0,0,0,0,0,209,255,227,1,42,0,216,3,57,10,165,12,0,0
8.712,hid,"18,20,21,22,24,26,28",4,90,165,239,248,255,244,255,236,255,4,0,0,0,0,0,0,0,185,255,7,2,43,0,217,3,108,10,152,12,0,0
8.727,hid,"18,20,22,24,26,28,29",4,90,165,239,248,255,244,255,236,255,4,0,0,0,0,0,0,0,186,255,9,2,37,0,131,3,58,10,54,13,0,0
8.759,hid,"18,19,20,21,22,23,24,26,27,28",4,90,165,239,248,255,244,255,236,255,4,0,0,0,0,0,0,0,70,0,243,1,228,255,16,3,211,9,251,13,0,0
8.775,hid,"18,20,22,24,25,26,27,28,29",4,90,165,239,248,255,244,255,236,255,4,0,0,0,0,0,0,0,121,0,192,1,231,255,149,2,29,10,78,14,0,0
8.791,hid,"18,20,22,24,26,28,29",4,90,165,239,248,255,244,255,236,255,4,0,0,0,0,0,0,0,135,0,159,1,216,255,109,2,55,10,159,13,0,0
8.806,hid,"20,22,24,26,28,29",4,90,165,239,248,255,244,255,236,255,4,0,0,0,0,0,0,0,135,0,211,1,218,255,163,2,63,10,200,12,0,0
8.838,hid,"18,20,21,22,24,26,28",4,90,165,239,248,255,244,255,236,255,4,0,0,0,0,0,0,0,155,0,159,2,226,255,202,2,62,10,158,12,0,0
8.854,hid,"18,20,21,22,24,26,28",4,90,165,239,248,255,244,255,236,255,4,0,0,0,0,0,0,0,182,0,4,3,215,255,184,2,115,10,144,12,0,0
8.869,hid,"18,20,22,24,26,28",4,90,165,239,248,255,244,255,236,255,4,0,0,0,0,0,0,0,196,0,71,3,222,255,37,2,156,10,201,12,0,0
8.899,hid,"18,20,22,23,24,25,26,28,29",4,90,165,239,248,255,244,255,236,255,4,0,0,0,0,0,0,0,253,0,26,3,7,0,111,1,172,10,78,14,0,0
8.915,hid,"18,19,20,21,22,24,25,26,28",4,90,165,239,248,255,244,255,236,255,4,0,0,0,0,0,0,0,7,1,139,2,3,0,249,0,137,10,194,14,0,0
8.93,hid,"18,20,21,22,23,24,25,26,28",4,90,165,239,248,255,244,255,236,255,4,0,0,0,0,0,0,0,5,1,244,1,219,255,2,1,144,10,72,14,0,0
8.946,hid,"18,19,20,22,24,26,28,29",4,90,165,239,248,255,244,255,236,255,4,0,0,0,0,0,0,0,254,0,204,1,199,255,10,1,202,10,128,13,0,0
8.976,hid,"18,20,21,22,24,26,27,28,29",4,90,165,239,248,255,244,255,236,255,4,0,0,0,0,0,0,0,211,0,45,2,231,255,11,1,45,11,97,12,0,0
8.993,hid,"18,20,22,24,26,28",4,90,165,239,248,255,244,255,236,255,4,0,0,0,0,0,0,0,183,0,89,2,234,255,15,1,20,11,176,12,0,0
9.008,hid,"18,20,22,24,25,26,27,28,29",4,90,165,239,248,255,244,255,236,255,4,0,0,0,0,0,0,0,182,0,99,2,233,255,214,0,219,10,65,13,0,0
9.039,hid,"18,19,20,22,24,26,28,29",4,90,165,239,248,255,244,255,236,255,4,0,0,0,0,0,0,0,38,1,46,2,205,255,100,0,190,10,3,14,0,0
9.055,hid,"18,20,21,22,24,26,27,28,29",4,90,165,239,248,255,244,255,236,255,4,0,0,0,0,0,0,0,61,1,240,1,210,255,22,0,48,11,170,13,0,0
9.071,hid,"18,19,20,22,24,25,26,28",4,90,165,239,248,255,244,255,236,255,4,0,0,0,0,0,0,0,231,0,142,1,208,255,181,255,155,11,35,13,0,0
9.087,hid,"18,20,22,24,26,28",4,90,165,239,248,255,244,255,236,255,4,0,0,0,0,0,0,0,117,0,6,1,224,255,51,255,222,11,124,13,0,0
9.118,hid,"8,9,10,18,20,21,22,23,24,26,28",4,90,165,239,248,255,244,255,8,0,40,0,0,0,0,0,0,0,65,0,97,0,54,0,64,255,200,11,132,13,0,0
9.134,hid,"18,20,22,24,26,28",4,90,165,239,248,255,244,255,8,0,40,0,0,0,0,0,0,0,33,0,19,0,40,0,242,255,92,11,58,13,0,0
9.149,hid,"18,20,22,24,25,26,28,29",4,90,165,239,248,255,244,255,8,0,40,0,0,0,0,0,0,0,5,0,20,0,19,0,112,0,102,11,150,12,0,0
9.181,hid,"18,19,20,21,22,24,26,28",4,90,165,239,248,255,244,255,8,0,40,0,0,0,0,0,0,0,144,255,250,255,1,0,54,0,56,11,214,12,0,0
9.212,hid,"18,20,21,22,24,26,28",4,90,165,239,248,255,244,255,8,0,40,0,0,0,0,0,0,0,251,255,43,0,31,0,112,0,50,11,240,12,0,0
9.227,hid,"18,19,20,22,24,26,28",4,90,165,239,248,255,244,255,8,0,40,0,0,0,0,0,0,0,1,0,37,0,41,0,44,0,103,11,215,12,0,0
9.258,hid,"8,9,10,11,18,19,20,22,24,26,28",4,90,165,239,248,255,244,255,36,1,160,255,0,0,0,0,0,0,231,255,48,0,51,0,11,0,66,11,227,12,0,0
9.274,hid,"8,9,10,18,20,22,24,26,28,29",4,90,165,239,248,255,244,255,72,2,96,255,0,0,0,0,0,0,234,255,46,0,58,0,24,0,52,11,5,13,0,0
9.289,hid,"8,18,20,22,24,26,28",4,90,165,239,248,255,244,255,240,2,96,255,0,0,0,0,0,0,245,255,9,0,55,0,9,0,57,11,81,13,0,0
9.321,hid,"8,9,10,11,18,20,21,22,24,25,26,28,29",4,90,165,239,248,255,244,255,56,7,156,0,0,0,0,0,0,0,156,255,245,255,21,0,210,255,119,11,130,12,0,0
9.352,hid,"8,9,10,11,18,20,21,22,24,25,26,27,28,29",4,90,165,239,248,255,244,255,72,1,224,255,0,0,0,0,0,0,139,255,7,0,42,0,39,0,252,10,60,13,0,0
9.367,hid,"8,9,10,11,18,20,22,24,26,28",4,90,165,239,248,255,244,255,124,255,68,0,0,0,0,0,0,0,171,255,8,0,47,0,0,0,237,10,67,13,0,0
9.398,hid,"8,10,18,19,20,22,24,26,27,28",4,90,165,239,248,255,244,255,136,255,40,0,0,0,0,0,0,0,35,0,17,0,51,0,118,0,3,11,90,13,0,0
9.413,hid,"18,20,22,24,26,28,29",4,90,165,239,248,255,244,255,136,255,40,0,0,0,0,0,0,0,25,0,14,0,41,0,48,0,4,11,238,12,0,0
9.428,hid,"18,19,20,21,22,24,26,28",4,90,165,239,248,255,244,255,136,255,40,0,0,0,0,0,0,0,245,255,243,255,39,0,14,0,62,11,213,12,0,0
9.459,hid,"8,10,18,19,20,22,24,26,28,29",4,90,165,239,248,255,244,255,200,255,16,0,0,0,0,0,0,0,2,0,216,255,4,0,80,0,8,11,33,13,0,0
9.475,hid,"18,20,22,23,24,26,28",4,90,165,239,248,255,244,255,200,255,16,0,0,0,0,0,0,0,3,0,238,255,247,255,155,0,72,11,93,13,0,0
9.491,hid,"18,20,22,24,26,28",4,90,165,239,248,255,244,255,200,255,16,0,0,0,0,0,0,0,60,0,252,255,239,255,146,0,51,11,147,13,0,0
9.507,hid,"18,20,24,25,26,27,28",4,90,165,239,248,255,244,255,200,255,16,0,0,0,0,0,0,0,164,0,223,255,239,255,248,255,230,10,96,13,0,0
9.539,hid,"18,20,22,24,25,26,27,28,29",4,90,165,239,248,255,244,255,200,255,16,0,0,0,0,0,0,0,167,0,131,255,240,255,94,0,151,11,130,12,0,0
9.555,hid,"8,10,18,20,22,23,24,26,28",4,90,165,239,248,255,244,255,92,255,4,0,0,0,0,0,0,0,83,0,166,255,7,0,207,0,128,11,129,12,0,0
9.57,hid,"18,20,22,24,26,28",4,90,165,239,248,255,244,255,92,255,4,0,0,0,0,0,0,0,43,0,171,255,32,0,112,0,83,11,187,12,0,0
9.586,hid,"18,20,22,24,26,28",4,90,165,239,248,255,244,255,92,255,4,0,0,0,0,0,0,0,22,0,168,255,23,0,51,0,159,11,205,12,0,0
9.618,hid,"8,9,10,11,18,19,20,22,24,26,28,29",4,90,165,239,248,255,244,255,220,0,212,255,0,0,0,0,0,0,220,255,205,255,5,0,47,0,100,11,25,13,0,0
9.634,hid,"8,9,10,18,20,22,24,26,28",4,90,165,239,248,255,244,255,148,1,128,255,0,0,0,0,0,0,200,255,217,255,4,0,19,0,103,11,8,13,0,0
9.649,hid,"8,9,10,11,18,20,22,24,25,26,28,29",4,90,165,239,248,255,244,255,12,3,228,254,0,0,0,0,0,0,185,255,230,255,1,0,254,255,51,11,252,12,0,0
9.68,hid,"8,9,10,11,18,20,21,24,25,28,29",4,90,165,239,248,255,244,255,44,6,140,253,0,0,0,0,0,0,167,255,9,0,1,0,88,0,51,11,31,13,0,0
9.681,hid,"18,20,24,26,28",4,90,165,239,248,255,244,255,44,6,140,253,0,0,0,0,0,0,187,255,10,0,1,0,97,0,30,11,55,13,0,0
9.711,hid,"8,9,10,11,18,19,20,24,26,28",4,90,165,239,248,255,244,255,108,14,4,252,0,0,0,0,0,0,15,0,4,0,1,0,56,0,34,11,48,13,0,0
9.727,hid,"8,9,10,11,18,20,22,24,26,28",4,90,165,239,248,255,244,255,140,18,188,251,0,0,0,0,0,0,28,0,5,0,0,0,52,0,78,11,19,13,0,0
9.759,hid,"8,9,10,11,18,20,22,23,24,26,28",4,90,165,239,248,255,244,255,244,24,88,250,0,0,0,0,0,0,60,0,6,0,243,255,112,0,81,11,21,13,0,0
9.775,hid,"8,9,10,18,20,22,24,26,28,29",4,90,165,239,248,255,244,255,124,25,100,250,0,0,0,0,0,0,49,0,7,0,249,255,151,0,63,11,223,12,0,0
9.79,hid,"8,9,10,11,18,20,24,26,28",4,90,165,239,248,255,244,255,148,17,180,251,0,0,0,0,0,0,40,0,3,0,249,255,117,0,52,11,228,12,0,0
9.821,hid,"8,9,10,11,18,20,21,22,26,28,29",4,90,165,239,248,255,244,255,64,0,4,0,0,0,0,0,0,0,107,0,245,255,251,255,117,0,21,11,139,13,0,0
9.853,hid,"18,20,21,22,24,26,28,29",4,90,165,239,248,255,244,255,64,0,4,0,0,0,0,0,0,0,135,0,8,0,248,255,65,0,114,11,179,12,0,0
9.868,hid,"18,20,22,24,26,28",4,90,165,239,248,255,244,255,64,0,4,0,0,0,0,0,0,0,107,0,3,0,238,255,66,0,131,11,154,12,0,0
9.899,hid,"18,20,22,24,26,28",4,90,165,239,248,255,244,255,64,0,4,0,0,0,0,0,0,0,86,0,4,0,221,255,96,0,83,11,197,12,0,0
9.915,hid,"18,20,22,24,26,28",4,90,165,239,248,255,244,255,64,0,4,0,0,0,0,0,0,0,110,0,2,0,211,255,54,0,105,11,239,12,0,0
9.93,hid,"18,20,21,22,24,26,28",4,90,165,239,248,255,244,255,64,0,4,0,0,0,0,0,0,0,121,0,252,255,217,255,97,0,165,11,247,12,0,0
9.946,hid,"18,20,22,24,26,28",4,90,165,239,248,255,244,255,64,0,4,0,0,0,0,0,0,0,161,0,250,255,216,255,142,0,111,11,238,12,0,0
9.977,hid,"18,20,22,24,26,28",4,90,165,239,248,255,244,255,64,0,4,0,0,0,0,0,0,0,118,0,244,255,225,255,133,0,186,11,48,12,0,0
9.994,hid,"18,20,22,24,26,28",4,90,165,239,248,255,244,255,64,0,4,0,0,0,0,0,0,0,36,0,245,255,239,255,85,0,247,11,9,12,0,0
10.009,hid,"18,20,22,24,26,28",4,90,165,239,248,255,244,255,64,0,4,0,0,0,0,0,0,0,7,0,242,255,251,255,102,0,217,11,124,12,0,0
10.04,hid,"18,20,22,23,24,26,28,29",4,90,165,239,248,255,244,255,64,0,4,0,0,0,0,0,0,0,86,0,247,255,15,0,63,0,91,11,11,13,0,0
10.072,hid,"4,5,6,18,20,21,22,23,24,26,27,28,29",4,90,165,239,36,0,192,255,64,0,4,0,0,0,0,0,0,0,65,0,1,0,253,255,100,0,11,12,76,12,0,0
10.087,hid,"18,20,22,24,26,27,28",4,90,165,239,36,0,192,255,64,0,4,0,0,0,0,0,0,0,23,0,0,0,244,255,40,0,202,11,77,12,0,0
10.119,hid,"4,5,6,18,20,21,22,24,26,28",4,90,165,239,192,255,0,255,64,0,4,0,0,0,0,0,0,0,28,0,250,255,246,255,109,0,158,11,241,12,0,0
10.135,hid,"4,6,7,18,22,24,26,28",4,90,165,239,212,255,196,254,64,0,4,0,0,0,0,0,0,0,40,0,250,255,245,255,106,0,179,11,149,12,0,0
10.15,hid,"4,5,6,7,18,22,24,26,28",4,90,165,239,28,0,108,255,64,0,4,0,0,0,0,0,0,0,18,0,250,255,244,255,98,0,200,11,105,12,0,0
10.166,hid,"4,6,18,20,24,26,28",4,90,165,239,60,0,192,255,64,0,4,0,0,0,0,0,0,0,0,0,252,255,244,255,103,0,191,11,141,12,0,0
10.196,hid,"18,20,22,24,26,28",4,90,165,239,60,0,192,255,64,0,4,0,0,0,0,0,0,0,44,0,245,255,246,255,87,0,147,11,207,12,0,0
10.211,hid,"18,20,22,24,26,28",4,90,165,239,60,0,192,255,64,0,4,0,0,0,0,0,0,0,57,0,240,255,245,255,98,0,192,11,171,12,0,0
10.227,hid,"4,6,18,20,22,24,26,28",4,90,165,239,8,0,212,255,64,0,4,0,0,0,0,0,0,0,45,0,239,255,244,255,97,0,204,11,151,12,0,0
10.258,hid,"18,20,22,23,24,26,28",4,90,165,239,8,0,212,255,64,0,4,0,0,0,0,0,0,0,34,0,254,255,1,0,109,0,206,11,122,12,0,0
10.274,hid,"18,20,21,22,24,26,28",4,90,165,239,8,0,212,255,64,0,4,0,0,0,0,0,0,0,8,0,3,0,3,0,96,0,238,11,79,12,0,0
10.289,hid,"8,10,11,18,19,20,21,24,26,28",4,90,165,239,8,0,212,255,116,0,252,255,0,0,0,0,0,0,253,255,253,255,3,0,69,0,203,11,120,12,0,0
10.321,hid,"18,19,20,22,24,26,28",4,90,165,239,8,0,212,255,116,0,252,255,0,0,0,0,0,0,7,0,251,255,4,0,81,0,192,11,142,12,0,0
10.352,hid,"8,10,18,20,21,22,23,24,26,28",4,90,165,239,8,0,212,255,180,0,212,255,0,0,0,0,0,0,3,0,0,0,249,255,72,0,238,11,189,12,0,0
10.368,hid,"18,20,21,24,26,28",4,90,165,239,8,0,212,255,180,0,212,255,0,0,0,0,0,0,0,0,239,255,249,255,98,0,189,11,146,12,0,0
10.4,hid,"4,5,6,18,19,20,22,23,24,26,28",4,90,165,239,212,255,192,255,180,0,212,255,0,0,0,0,0,0,238,255,254,255,3,0,118,0,200,11,148,12,0,0
10.401,hid,"18,20,24,28",4,90,165,239,212,255,192,255,180,0,212,255,0,0,0,0,0,0,239,255,252,255,3,0,111,0,200,11,154,12,0,0
10.432,hid,"8,10,18,19,20,22,24,26,28",4,90,165,239,212,255,192,255,240,0,192,255,0,0,0,0,0,0,4,0,244,255,1,0,79,0,197,11,176,12,0,0
10.448,hid,"18,20,22,23,24,26,28",4,90,165,239,212,255,192,255,240,0,192,255,0,0,0,0,0,0,0,0,247,255,254,255,95,0,221,11,130,12,0,0
10.48,hid,"8,9,10,11,18,19,20,21,22,24,26,28",4,90,165,239,212,255,192,255,24,3,156,254,0,0,0,0,0,0,247,255,1,0,249,255,111,0,208,11,147,12,0,0
10.495,hid,"8,9,10,11,18,20,21,22,24,26,28",4,90,165,239,212,255,192,255,168,4,184,253,0,0,0,0,0,0,246,255,252,255,248,255,90,0,196,11,161,12,0,0
10.51,hid,"8,9,10,11,18,20,22,24,26,28",4,90,165,239,212,255,192,255,212,6,180,252,0,0,0,0,0,0,238,255,253,255,250,255,89,0,205,11,137,12,0,0
10.526,hid,"8,9,10,18,22,24,28",4,90,165,239,212,255,192,255,20,8,44,252,0,0,0,0,0,0,229,255,253,255,251,255,86,0,205,11,143,12,0,0
10.557,hid,"8,9,10,11,18,19,22,24,26,28",4,90,165,239,212,255,192,255,4,11,32,251,0,0,0,0,0,0,7,0,253,255,254,255,98,0,163,11,225,12,0,0
10.573,hid,"8,9,10,18,20,21,22,23,24,26,28",4,90,165,239,212,255,192,255,8,10,116,251,0,0,0,0,0,0,17,0,0,0,1,0,107,0,165,11,175,12,0,0
10.589,hid,"18,20,24,26,28",4,90,165,239,212,255,192,255,8,10,116,251,0,0,0,0,0,0,11,0,4,0,1,0,113,0,198,11,138,12,0,0
10.62,hid,"8,10,18,20,24,26,28",4,90,165,239,212,255,192,255,60,10,124,251,0,0,0,0,0,0,5,0,9,0,1,0,94,0,209,11,139,12,0,0
10.635,hid,"18,20,22,23,24,26,28",4,90,165,239,212,255,192,255,60,10,124,251,0,0,0,0,0,0,10,0,6,0,255,255,89,0,195,11,166,12,0,0
10.651,hid,"8,10,18,20,22,24,26,28",4,90,165,239,212,255,192,255,12,10,200,251,0,0,0,0,0,0,14,0,4,0,252,255,79,0,193,11,146,12,0,0
10.667,hid,"8,9,10,11,18,20,22,24,26,28",4,90,165,239,212,255,192,255,236,8,128,252,0,0,0,0,0,0,10,0,0,0,251,255,104,0,195,11,126,12,0,0
10.698,hid,"8,9,10,11,18,20,21,22,24,26,28",4,90,165,239,212,255,192,255,60,1,180,255,0,0,0,0,0,0,0,0,250,255,253,255,99,0,211,11,149,12,0,0
10.714,hid,"4,5,6,8,9,10,18,19,20,22,24,26,28",4,90,165,239,4,0,252,255,132,0,224,255,0,0,0,0,0,0,252,255,244,255,248,255,100,0,194,11,124,12,0,0
10.729,hid,"8,10,11,18,20,22,24,26,28",4,90,165,239,4,0,252,255,92,0,12,0,0,0,0,0,0,0,248,255,239,255,250,255,93,0,199,11,123,12,0,0
10.76,hid,"18,20,22,23,24,26,28",4,90,165,239,4,0,252,255,92,0,12,0,0,0,0,0,0,0,239,255,251,255,2,0,118,0,194,11,125,12,0,0
10.791,hid,"18,20,21,22,24,26,28",4,90,165,239,4,0,252,255,92,0,12,0,0,0,0,0,0,0,245,255,3,0,6,0,88,0,193,11,181,12,0,0
10.808,hid,"18,20,22,24,26,28",4,90,165,239,4,0,252,255,92,0,12,0,0,0,0,0,0,0,247,255,7,0,2,0,72,0,203,11,149,12,0,0
10.838,hid,"18,20,22,23,24,26,28",4,90,165,239,4,0,252,255,92,0,12,0,0,0,0,0,0,0,216,255,5,0,255,255,48,0,219,11,118,12,0,0
10.854,hid,"18,20,24,26,28",4,90,165,239,4,0,252,255,92,0,12,0,0,0,0,0,0,0,217,255,8,0,255,255,97,0,200,11,148,12,0,0
10.87,hid,"18,20,22,23,24,26,28",4,90,165,239,4,0,252,255,92,0,12,0,0,0,0,0,0,0,222,255,17,0,4,0,109,0,191,11,140,12,0,0
10.886,hid,"18,20,22,24,26,28",4,90,165,239,4,0,252,255,92,0,12,0,0,0,0,0,0,0,224,255,20,0,7,0,121,0,190,11,159,12,0,0
10.918,hid,"8,10,11,18,19,20,24,26,28",4,90,165,239,4,0,252,255,140,0,212,255,0,0,0,0,0,0,4,0,9,0,7,0,126,0,151,11,215,12,0,0
10.932,hid,"18,20,22,24,26,28",4,90,165,239,4,0,252,255,140,0,212,255,0,0,0,0,0,0,6,0,13,0,4,0,113,0,160,11,162,12,0,0
10.948,hid,"8,10,18,19,20,22,24,26,28",4,90,165,239,4,0,252,255,180,0,168,255,0,0,0,0,0,0,247,255,6,0,1,0,90,0,180,11,159,12,0,0
10.979,hid,"18,20,24,26,28",4,90,165,239,4,0,252,255,180,0,168,255,0,0,0,0,0,0,249,255,3,0,1,0,82,0,174,11,158,12,0,0
10.994,hid,"20,21,22,23,24,26,28",4,90,165,239,4,0,252,255,180,0,168,255,0,0,0,0,0,0,249,255,254,255,254,255,94,0,190,11,166,12,0,0
11.01,hid,"18,20,22,24,26,28",4,90,165,239,4,0,252,255,180,0,168,255,0,0,0,0,0,0,246,255,251,255,251,255,92,0,183,11,148,12,0,0
11.026,hid,"8,18,20,22,24,26,28",4,90,165,239,4,0,252,255,244,0,168,255,0,0,0,0,0,0,236,255,250,255,246,255,87,0,180,11,128,12,0,0
11.056,hid,"8,9,10,18,20,22,24,26,28",4,90,165,239,4,0,252,255,20,1,116,255,0,0,0,0,0,0,235,255,252,255,245,255,120,0,165,11,181,12,0,0
11.072,hid,"20,22,24,26,28",4,90,165,239,4,0,252,255,20,1,116,255,0,0,0,0,0,0,235,255,248,255,251,255,112,0,194,11,171,12,0,0
11.088,hid,"8,10,18,20,24,28",4,90,165,239,4,0,252,255,164,1,24,255,0,0,0,0,0,0,230,255,247,255,251,255,98,0,194,11,142,12,0,0
11.119,hid,"8,9,10,11,18,20,22,24,26,28",4,90,165,239,4,0,252,255,132,2,124,254,0,0,0,0,0,0,229,255,238,255,253,255,112,0,183,11,167,12,0,0
11.135,hid,"8,9,10,18,20,22,24,26,28",4,90,165,239,4,0,252,255,24,3,72,254,0,0,0,0,0,0,233,255,237,255,254,255,109,0,166,11,169,12,0,0
11.151,hid,"8,10,18,20,22,23,24,26,28",4,90,165,239,4,0,252,255,112,3,44,254,0,0,0,0,0,0,236,255,243,255,1,0,103,0,172,11,173,12,0,0
11.166,hid,"8,10,18,20,22,24,26,28",4,90,165,239,4,0,252,255,176,3,12,254,0,0,0,0,0,0,241,255,246,255,0,0,106,0,154,11,164,12,0,0
11.166,log,sig#3,,,,,,,,,,,,,,,,,,,,,,,,,,,,,,,,
11.198,hid,"18,19,20,24,26,28",4,90,165,239,4,0,252,255,176,3,12,254,0,0,0,0,0,0,4,0,255,255,0,0,74,0,177,11,200,12,0,0
11.213,hid,"18,20,21,24,26,28",4,90,165,239,4,0,252,255,176,3,12,254,0,0,0,0,0,0,5,0,2,0,0,0,82,0,169,11,160,12,0,0
11.229,hid,"18,19,22,23,24,26,28",4,90,165,239,4,0,252,255,176,3,12,254,0,0,0,0,0,0,253,255,2,0,255,255,80,0,177,11,144,12,0,0
11.261,hid,"8,9,10,18,20,22,23,24,26,28",4,90,165,239,4,0,252,255,8,4,52,254,0,0,0,0,0,0,240,255,11,0,4,0,97,0,178,11,148,12,0,0
11.261,hid,"8,10",4,90,165,239,4,0,252,255,72,4,40,254,0,0,0,0,0,0,240,255,11,0,4,0,97,0,178,11,148,12,0,0
11.293,hid,"8,9,10,11,18,24,26,28",4,90,165,239,4,0,252,255,124,7,48,253,0,0,0,0,0,0,236,255,11,0,4,0,95,0,168,11,191,12,0,0
11.293,log,sig#4,,,,,,,,,,,,,,,,,,,,,,,,,,,,,,,,
11.309,hid,"8,9,10,11,18,19,20,22,24,26,28",4,90,165,239,4,0,252,255,40,9,244,252,0,0,0,0,0,0,0,0,21,0,2,0,103,0,133,11,207,12,0,0
11.341,hid,"8,9,10,18,19,20,22,24,26,28",4,90,165,239,4,0,252,255,124,12,96,252,0,0,0,0,0,0,249,255,12,0,0,0,108,0,138,11,169,12,0,0
11.341,hid,"8,10",4,90,165,239,4,0,252,255,252,12,88,252,0,0,0,0,0,0,249,255,12,0,0,0,108,0,138,11,169,12,0,0
11.371,hid,"8,9,10,18,19,20,22,23,24,26,28",4,90,165,239,4,0,252,255,80,15,16,252,0,0,0,0,0,0,14,0,2,0,255,255,112,0,153,11,201,12,0,0
11.387,hid,"8,9,10,11,18,20,21,22,24,26,28",4,90,165,239,4,0,252,255,228,16,240,251,0,0,0,0,0,0,5,0,246,255,253,255,105,0,170,11,165,12,0,0
11.418,hid,"8,9,10,11,18,20,22,24,26,28",4,90,165,239,4,0,252,255,8,19,48,252,0,0,0,0,0,0,15,0,242,255,245,255,107,0,154,11,194,12,0,0
11.434,hid,"8,10,18,20,22,26,28",4,90,165,239,4,0,252,255,160,19,68,252,0,0,0,0,0,0,11,0,236,255,238,255,107,0,161,11,151,12,0,0
11.449,hid,"8,9,10,18,20,22,24,26,28",4,90,165,239,4,0,252,255,80,20,16,252,0,0,0,0,0,0,6,0,235,255,240,255,102,0,186,11,159,12,0,0
11.481,hid,"8,9,10,11,18,20,22,24,26,28",4,90,165,239,4,0,252,255,0,23,56,251,0,0,0,0,0,0,14,0,232,255,243,255,107,0,149,11,192,12,0,0
11.512,hid,"8,9,10,11,18,20,22,26,28",4,90,165,239,4,0,252,255,128,25,208,250,0,0,0,0,0,0,9,0,245,255,249,255,107,0,217,11,132,12,0,0
11.528,hid,"8,9,10,18,19,20,22,24,26,28",4,90,165,239,4,0,252,255,0,27,216,250,0,0,0,0,0,0,255,255,248,255,251,255,99,0,189,11,118,12,0,0
11.56,hid,"8,9,18,19,20,21,22,24,26,28",4,90,165,239,4,0,252,255,64,31,216,250,0,0,0,0,0,0,0,0,3,0,255,255,98,0,177,11,196,12,0,0
11.591,hid,"8,9,10,18,20,22,23,24,26,28",4,90,165,239,4,0,252,255,104,40,124,250,0,0,0,0,0,0,12,0,2,0,2,0,88,0,174,11,162,12,0,0
11.606,hid,"8,9,10,11,18,19,20,24,26,28",4,90,165,239,4,0,252,255,80,48,68,249,0,0,0,0,0,0,255,255,5,0,2,0,95,0,196,11,137,12,0,0
11.637,hid,"8,9,10,11,18,20,21,22,24,26,28",4,90,165,239,4,0,252,255,100,66,180,245,0,0,0,0,0,0,249,255,253,255,3,0,93,0,166,11,200,12,0,0
11.653,hid,"8,9,10,11,18,19,20,22,24,26,28",4,90,165,239,4,0,252,255,36,75,64,244,0,0,0,0,0,0,21,0,247,255,1,0,120,0,150,11,222,12,0,0
11.669,hid,"8,9,10,11,20,22,24,26,28",4,90,165,239,4,0,252,255,188,80,60,243,0,0,0,0,0,0,21,0,252,255,2,0,136,0,175,11,151,12,0,0
11.7,hid,"8,9,10,11,18,20,21,22,24,26,28",4,90,165,239,4,0,252,255,248,89,212,239,0,0,0,0,0,0,4,0,3,0,1,0,119,0,157,11,175,12,0,0
11.716,hid,"8,9,10,11,18,20,21,22,24,26,28,29",4,90,165,239,4,0,252,255,16,95,152,237,0,0,0,0,0,0,44,0,248,255,2,0,104,0,148,11,13,13,0,0
11.732,hid,"8,9,10,11,18,20,22,24,26,28,29",4,90,165,239,4,0,252,255,148,98,68,236,0,0,0,0,0,0,60,0,243,255,1,0,112,0,158,11,224,12,0,0
11.748,hid,"8,9,10,11,18,20,22,23,24,26,28",4,90,165,239,4,0,252,255,132,101,44,235,0,0,0,0,0,0,41,0,252,255,250,255,131,0,182,11,95,12,0,0
11.779,hid,"8,9,10,11,18,20,22,24,26,28",4,90,165,239,4,0,252,255,240,105,64,232,0,0,0,0,0,0,1,0,245,255,248,255,103,0,185,11,153,12,0,0
11.795,hid,"8,9,10,11,18,20,24,26,28",4,90,165,239,4,0,252,255,196,107,120,230,0,0,0,0,0,0,9,0,241,255,248,255,104,0,177,11,182,12,0,0
11.81,hid,"8,9,10,11,18,20,22,24,26,28",4,90,165,239,4,0,252,255,208,109,52,228,0,0,0,0,0,0,24,0,232,255,241,255,111,0,175,11,201,12,0,0
11.826,hid,"8,9,10,11,18,22,24,26,28",4,90,165,239,4,0,252,255,112,111,212,226,0,0,0,0,0,0,32,0,232,255,239,255,121,0,167,11,161,12,0,0
11.858,hid,"8,9,10,11,18,20,22,24,26,28",4,90,165,239,4,0,252,255,68,114,188,222,0,0,0,0,0,0,18,0,230,255,240,255,110,0,198,11,160,12,0,0
11.873,hid,"8,10,11,18,20,22,24,26,28",4,90,165,239,4,0,252,255,228,114,76,221,0,0,0,0,0,0,23,0,234,255,234,255,117,0,192,11,154,12,0,0
11.889,hid,"8,9,10,11,18,20,22,24,26,28",4,90,165,239,4,0,252,255,248,115,84,219,0,0,0,0,0,0,14,0,239,255,243,255,109,0,228,11,122,12,0,0
11.919,hid,"8,9,10,11,18,20,22,24,26,28",4,90,165,239,4,0,252,255,60,117,200,217,0,0,0,0,0,0,6,0,252,255,254,255,114,0,219,11,132,12,0,0
11.935,hid,"8,10,18,20,21,22,23,24,26,28",4,90,165,239,4,0,252,255,112,117,156,217,0,0,0,0,0,0,0,0,3,0,1,0,105,0,222,11,107,12,0,0
11.95,hid,"18,19,20,22,24,26,28",4,90,165,239,4,0,252,255,112,117,156,217,0,0,0,0,0,0,247,255,8,0,4,0,87,0,206,11,124,12,0,0
11.966,hid,"8,10,18,20,22,24,28",4,90,165,239,4,0,252,255,36,117,44,217,0,0,0,0,0,0,246,255,9,0,6,0,76,0,206,11,161,12,0,0
11.997,hid,"8,9,10,18,20,22,24,26,28",4,90,165,239,4,0,252,255,212,115,156,217,0,0,0,0,0,0,250,255,18,0,4,0,102,0,201,11,144,12,0,0
12.013,hid,"8,9,10,11,18,20,22,24,28",4,90,165,239,4,0,252,255,220,111,72,218,0,0,0,0,0,0,240,255,13,0,7,0,121,0,201,11,154,12,0,0
12.028,hid,"8,9,10,11,18,19,20,22,24,26,28",4,90,165,239,4,0,252,255,240,104,240,220,0,0,0,0,0,0,4,0,11,0,6,0,145,0,165,11,206,12,0,0
12.059,hid,"8,9,10,11,18,20,22,24,26,28",4,90,165,239,4,0,252,255,160,252,28,2,0,0,0,0,0,0,7,0,5,0,0,0,111,0,215,11,81,12,0,0
12.075,hid,"8,9,10,11,18,19,20,21,22,23,24,26,27,28",4,90,165,239,4,0,252,255,200,255,40,0,0,0,0,0,0,0,208,255,242,255,254,255,92,0,4,12,104,12,0,0
12.09,hid,"18,20,21,22,24,26,27,28",4,90,165,239,4,0,252,255,200,255,40,0,0,0,0,0,0,0,252,255,7,0,250,255,218,0,118,11,195,12,0,0
12.106,hid,"18,19,20,22,23,24,26,28",4,90,165,239,4,0,252,255,200,255,40,0,0,0,0,0,0,0,7,0,6,0,2,0,113,0,199,11,162,12,0,0
12.136,hid,"18,22,24,26,28",4,90,165,239,4,0,252,255,200,255,40,0,0,0,0,0,0,0,8,0,6,0,1,0,120,0,179,11,151,12,0,0
12.151,hid,"18,20,22,23,24,26,28",4,90,165,239,4,0,252,255,200,255,40,0,0,0,0,0,0,0,13,0,3,0,251,255,100,0,168,11,157,12,0,0
12.167,hid,"18,20,22,24,26,28",4,90,165,239,4,0,252,255,200,255,40,0,0,0,0,0,0,0,15,0,5,0,253,255,74,0,201,11,150,12,0,0
12.198,hid,"18,20,22,24,26,28",4,90,165,239,4,0,252,255,200,255,40,0,0,0,0,0,0,0,10,0,2,0,247,255,104,0,174,11,159,12,0,0
12.214,hid,"18,22,24,26,28",4,90,165,239,4,0,252,255,200,255,40,0,0,0,0,0,0,0,17,0,2,0,244,255,117,0,177,11,148,12,0,0
12.23,hid,"18,20,22,24,26,28",4,90,165,239,4,0,252,255,200,255,40,0,0,0,0,0,0,0,5,0,3,0,249,255,115,0,249,11,126,12,0,0
12.246,hid,"18,19,20,22,24,26,28",4,90,165,239,4,0,252,255,200,255,40,0,0,0,0,0,0,0,255,255,6,0,253,255,110,0,214,11,103,12,0,0
12.277,hid,"8,9,10,11,18,19,20,22,23,24,26,28",4,90,165,239,4,0,252,255,80,0,200,255,0,0,0,0,0,0,12,0,9,0,2,0,122,0,199,11,191,12,0,0
12.293,hid,"18,20,22,24,26,28",4,90,165,239,4,0,252,255,80,0,200,255,0,0,0,0,0,0,16,0,6,0,3,0,104,0,206,11,153,12,0,0
12.308,hid,"8,10,18,22,24,26,28",4,90,165,239,4,0,252,255,132,0,192,255,0,0,0,0,0,0,9,0,6,0,1,0,102,0,208,11,117,12,0,0
12.339,hid,"8,9,10,11,18,19,20,22,24,26,28",4,90,165,239,4,0,252,255,48,6,108,252,0,0,0,0,0,0,252,255,8,0,3,0,103,0,214,11,136,12,0,0
12.354,hid,"8,9,10,11,18,22,24,26,28",4,90,165,239,4,0,252,255,40,12,96,249,0,0,0,0,0,0,254,255,8,0,8,0,95,0,218,11,153,12,0,0
12.371,hid,"8,9,10,11,18,22,24,26,28",4,90,165,239,4,0,252,255,28,18,128,246,0,0,0,0,0,0,241,255,8,0,9,0,109,0,221,11,132,12,0,0
12.386,hid,"8,9,10,11,18,20,22,24,26,28",4,90,165,239,4,0,252,255,164,22,80,244,0,0,0,0,0,0,236,255,13,0,8,0,102,0,197,11,126,12,0,0
12.416,hid,"8,9,10,11,18,20,22,24,26,28",4,90,165,239,4,0,252,255,0,30,184,241,0,0,0,0,0,0,239,255,7,0,4,0,109,0,191,11,170,12,0,0
12.431,hid,"8,9,10,11,18,20,22,24,26,28",4,90,165,239,4,0,252,255,148,34,180,239,0,0,0,0,0,0,252,255,1,0,1,0,95,0,170,11,187,12,0,0
12.447,hid,"9,10,11,18,19,20,21,22,23,24,26,28",4,90,165,239,4,0,252,255,148,41,132,237,0,0,0,0,0,0,5,0,249,255,253,255,120,0,179,11,180,12,0,0
12.478,hid,"8,9,10,11,18,20,22,24,26,28",4,90,165,239,4,0,252,255,248,52,188,233,0,0,0,0,0,0,12,0,247,255,254,255,124,0,189,11,154,12,0,0
12.493,hid,"8,9,10,11,18,20,22,23,24,28",4,90,165,239,4,0,252,255,144,56,0,232,0,0,0,0,0,0,17,0,248,255,0,0,119,0,189,11,158,12,0,0
12.509,hid,"8,9,10,11,20,22,24,26,28",4,90,165,239,4,0,252,255,12,58,52,231,0,0,0,0,0,0,17,0,254,255,1,0,116,0,185,11,151,12,0,0
12.541,hid,"8,9,10,11,18,20,22,23,24,26,28",4,90,165,239,4,0,252,255,220,61,24,229,0,0,0,0,0,0,33,0,253,255,251,255,104,0,183,11,168,12,0,0
12.541,hid,"18,20,22,24,26,28",4,90,165,239,4,0,252,255,220,61,24,229,0,0,0,0,0,0,38,0,250,255,252,255,97,0,190,11,183,12,0,0
12.572,hid,"8,9,10,11,18,20,22,24,26,28",4,90,165,239,4,0,252,255,216,66,28,227,0,0,0,0,0,0,60,0,230,255,243,255,105,0,196,11,172,12,0,0
12.587,hid,"8,9,10,11,20,22,24,26,28",4,90,165,239,4,0,252,255,4,57,64,233,0,0,0,0,0,0,60,0,231,255,245,255,124,0,219,11,126,12,0,0
12.618,hid,"8,9,10,11,18,20,24,26,28",4,90,165,239,4,0,252,255,160,41,168,239,0,0,0,0,0,0,11,0,240,255,245,255,135,0,237,11,97,12,0,0
12.635,hid,"8,9,10,11,18,20,22,24,26,28",4,90,165,239,4,0,252,255,188,18,136,247,0,0,0,0,0,0,31,0,242,255,247,255,106,0,236,11,143,12,0,0
12.65,hid,"8,9,10,11,18,20,22,24,26,28",4,90,165,239,4,0,252,255,244,255,40,0,0,0,0,0,0,0,28,0,248,255,250,255,107,0,244,11,128,12,0,0
12.667,hid,"8,9,10,18,20,22,23,24,26,27,28",4,90,165,239,4,0,252,255,80,0,28,0,0,0,0,0,0,0,10,0,238,255,3,0,93,0,2,12,114,12,0,0
12.697,hid,"8,18,20,21,22,24,26,27,28",4,90,165,239,4,0,252,255,28,0,28,0,0,0,0,0,0,0,19,0,3,0,4,0,124,0,233,11,101,12,0,0
12.713,hid,"18,19,20,22,24,26,27,28",4,90,165,239,4,0,252,255,28,0,28,0,0,0,0,0,0,0,253,255,13,0,10,0,99,0,8,12,64,12,0,0
12.729,hid,"18,20,22,24,26,27,28",4,90,165,239,4,0,252,255,28,0,28,0,0,0,0,0,0,0,222,255,14,0,14,0,73,0,247,11,87,12,0,0
12.761,hid,"18,20,22,24,26,28",4,90,165,239,4,0,252,255,28,0,28,0,0,0,0,0,0,0,230,255,26,0,13,0,131,0,228,11,121,12,0,0
12.791,hid,"18,20,24,26,28",4,90,165,239,4,0,252,255,28,0,28,0,0,0,0,0,0,0,225,255,24,0,13,0,111,0,195,11,164,12,0,0
12.807,hid,"18,20,22,24,26,28",4,90,165,239,4,0,252,255,28,0,28,0,0,0,0,0,0,0,234,255,17,0,7,0,125,0,191,11,190,12,0,0
12.838,hid,"18,20,22,23,24,26,28",4,90,165,239,4,0,252,255,28,0,28,0,0,0,0,0,0,0,240,255,9,0,255,255,142,0,193,11,126,12,0,0
12.855,hid,"18,20,22,24,26,28",4,90,165,239,4,0,252,255,28,0,28,0,0,0,0,0,0,0,252,255,1,0,254,255,118,0,179,11,184,12,0,0
12.87,hid,"18,19,20,21,22,24,26,28",4,90,165,239,4,0,252,255,28,0,28,0,0,0,0,0,0,0,20,0,253,255,255,255,111,0,182,11,207,12,0,0
12.885,hid,"8,10,11,18,20,22,24,26,28",4,90,165,239,4,0,252,255,140,0,244,255,0,0,0,0,0,0,27,0,250,255,251,255,128,0,186,11,154,12,0,0
12.917,hid,"8,10,18,22,24,26",4,90,165,239,4,0,252,255,208,0,220,255,0,0,0,0,0,0,36,0,250,255,243,255,111,0,204,11,154,12,0,0
12.932,hid,"8,9,10,18,20,22,24,26,28",4,90,165,239,4,0,252,255,36,1,180,255,0,0,0,0,0,0,34,0,252,255,240,255,106,0,207,11,110,12,0,0
12.947,hid,"8,9,10,11,18,20,22,24,26,28",4,90,165,239,4,0,252,255,204,5,40,253,0,0,0,0,0,0,19,0,247,255,241,255,91,0,220,11,111,12,0,0
12.977,hid,"9,10,11,18,20,22,24,26,28",4,90,165,239,4,0,252,255,204,22,168,245,0,0,0,0,0,0,50,0,238,255,238,255,122,0,202,11,173,12,0,0
12.993,hid,"8,9,10,11,18,20,22,26,28",4,90,165,239,4,0,252,255,148,30,188,242,0,0,0,0,0,0,49,0,241,255,244,255,122,0,244,11,101,12,0,0
13.008,hid,"8,9,10,11,18,20,24,26,28",4,90,165,239,4,0,252,255,8,37,108,240,0,0,0,0,0,0,27,0,243,255,244,255,109,0,247,11,63,12,0,0
13.039,hid,"8,9,10,11,18,20,22,24,26,28",4,90,165,239,4,0,252,255,16,49,100,237,0,0,0,0,0,0,26,0,238,255,248,255,102,0,230,11,154,12,0,0
13.054,hid,"8,9,10,11,18,20,22,24,26,28",4,90,165,239,4,0,252,255,40,53,188,236,0,0,0,0,0,0,33,0,243,255,247,255,127,0,238,11,120,12,0,0
13.07,hid,"8,9,10,18,20,22,24,26,27,28",4,90,165,239,4,0,252,255,152,56,4,236,0,0,0,0,0,0,12,0,251,255,255,255,132,0,13,12,40,12,0,0
13.086,hid,"8,9,10,11,18,19,20,21,22,23,24,26,28",4,90,165,239,4,0,252,255,48,65,36,233,0,0,0,0,0,0,238,255,0,0,3,0,100,0,15,12,45,12,0,0
13.116,hid,"8,9,10,11,18,22,24,26,27,28",4,90,165,239,4,0,252,255,108,78,200,229,0,0,0,0,0,0,247,255,0,0,0,0,115,0,249,11,153,12,0,0
13.132,hid,"8,9,10,11,18,20,22,24,26,28",4,90,165,239,4,0,252,255,232,81,196,228,0,0,0,0,0,0,236,255,4,0,3,0,116,0,238,11,78,12,0,0
13.148,hid,"8,9,10,18,20,22,24,26,28",4,90,165,239,4,0,252,255,4,83,104,228,0,0,0,0,0,0,233,255,3,0,1,0,120,0,228,11,110,12,0,0
13.179,hid,"8,9,10,11,18,19,20,21,22,24,26,28",4,90,165,239,4,0,252,255,152,25,180,245,0,0,0,0,0,0,21,0,252,255,4,0,118,0,199,11,135,12,0,0
13.195,hid,"8,9,10,11,18,20,22,24,26,28",4,90,165,239,4,0,252,255,188,1,220,255,0,0,0,0,0,0,4,0,250,255,6,0,115,0,244,11,81,12,0,0
13.21,hid,"8,9,10,11,18,19,20,24,26,27,28",4,90,165,239,4,0,252,255,64,0,40,0,0,0,0,0,0,0,220,255,238,255,6,0,161,0,16,12,112,12,0,0
13.225,hid,"4,5,6,7,8,10,18,20,21,22,24,26,27,28",4,90,165,239,212,255,0,0,4,0,16,0,0,0,0,0,0,0,250,255,6,0,2,0,164,0,183,11,118,12,0,0
13.258,hid,"18,22,23,24,26,28",4,90,165,239,212,255,0,0,4,0,16,0,0,0,0,0,0,0,245,255,6,0,254,255,127,0,189,11,141,12,0,0
13.274,hid,"18,22,23,24,26,28",4,90,165,239,212,255,0,0,4,0,16,0,0,0,0,0,0,0,253,255,6,0,0,0,122,0,219,11,146,12,0,0
13.289,hid,"18,19,20,22,23,24,26,28",4,90,165,239,212,255,0,0,4,0,16,0,0,0,0,0,0,0,3,0,2,0,252,255,99,0,224,11,161,12,0,0
13.32,hid,"18,19,20,22,24,26,28",4,90,165,239,212,255,0,0,4,0,16,0,0,0,0,0,0,0,249,255,7,0,248,255,125,0,211,11,105,12,0,0
13.32,hid,"18,24,26,28",4,90,165,239,212,255,0,0,4,0,16,0,0,0,0,0,0,0,250,255,7,0,248,255,119,0,207,11,117,12,0,0
13.351,hid,"18,19,20,21,22,24,26,28",4,90,165,239,212,255,0,0,4,0,16,0,0,0,0,0,0,0,26,0,254,255,246,255,113,0,208,11,168,12,0,0
13.366,hid,"18,20,21,22,24,26,28",4,90,165,239,212,255,0,0,4,0,16,0,0,0,0,0,0,0,31,0,2,0,247,255,125,0,218,11,115,12,0,0
13.398,hid,"18,20,22,24,26,28",4,90,165,239,212,255,0,0,4,0,16,0,0,0,0,0,0,0,23,0,3,0,252,255,140,0,238,11,120,12,0,0
13.412,hid,"18,20,24,26,28",4,90,165,239,212,255,0,0,4,0,16,0,0,0,0,0,0,0,19,0,4,0,252,255,151,0,239,11,103,12,0,0
13.428,hid,"18,20,22,24,26,28",4,90,165,239,212,255,0,0,4,0,16,0,0,0,0,0,0,0,9,0,1,0,253,255,121,0,249,11,106,12,0,0
13.459,hid,"18,20,22,23,24,26,27,28",4,90,165,239,212,255,0,0,4,0,16,0,0,0,0,0,0,0,3,0,2,0,1,0,135,0,9,12,82,12,0,0
13.475,hid,"18,19,20,22,24,26,27,28",4,90,165,239,212,255,0,0,4,0,16,0,0,0,0,0,0,0,247,255,4,0,2,0,129,0,245,11,66,12,0,0
13.49,hid,"18,20,22,24,26,28",4,90,165,239,212,255,0,0,4,0,16,0,0,0,0,0,0,0,241,255,6,0,0,0,86,0,239,11,103,12,0,0
13.506,hid,"4,5,18,20,22,24,26,28",4,90,165,239,4,0,0,0,4,0,16,0,0,0,0,0,0,0,254,255,3,0,1,0,76,0,230,11,162,12,0,0
13.537,hid,"18,20,22,24,26,28",4,90,165,239,4,0,0,0,4,0,16,0,0,0,0,0,0,0,239,255,10,0,3,0,114,0,253,11,62,12,0,0
13.553,hid,"18,20,22,24,26,28",4,90,165,239,4,0,0,0,4,0,16,0,0,0,0,0,0,0,229,255,11,0,0,0,120,0,249,11,97,12,0,0
13.569,hid,"18,22,24,26,28",4,90,165,239,4,0,0,0,4,0,16,0,0,0,0,0,0,0,235,255,11,0,5,0,131,0,234,11,138,12,0,0
13.601,hid,"18,20,22,24,26,28",4,90,165,239,4,0,0,0,4,0,16,0,0,0,0,0,0,0,231,255,15,0,8,0,130,0,241,11,115,12,0,0
13.632,hid,"18,20,22,24,26,28",4,90,165,239,4,0,0,0,4,0,16,0,0,0,0,0,0,0,240,255,13,0,1,0,114,0,201,11,157,12,0,0
13.648,hid,"18,19,20,22,23,24,26,28",4,90,165,239,4,0,0,0,4,0,16,0,0,0,0,0,0,0,8,0,7,0,254,255,131,0,194,11,179,12,0,0
13.679,hid,"18,20,22,23,24,26,28",4,90,165,239,4,0,0,0,4,0,16,0,0,0,0,0,0,0,17,0,6,0,5,0,133,0,219,11,115,12,0,0
13.695,hid,"18,22,24,26,28",4,90,165,239,4,0,0,0,4,0,16,0,0,0,0,0,0,0,14,0,6,0,6,0,137,0,234,11,126,12,0,0
13.711,hid,"18,20,22,24,26,28",4,90,165,239,4,0,0,0,4,0,16,0,0,0,0,0,0,0,9,0,4,0,2,0,109,0,232,11,115,12,0,0
13.726,hid,"18,19,20,21,22,23,24,26,28",4,90,165,239,4,0,0,0,4,0,16,0,0,0,0,0,0,0,254,255,255,255,252,255,102,0,230,11,120,12,0,0
13.758,hid,"18,20,22,24,26,28",4,90,165,239,4,0,0,0,4,0,16,0,0,0,0,0,0,0,244,255,250,255,240,255,116,0,231,11,105,12,0,0
13.773,hid,"18,20,22,24,26,28",4,90,165,239,4,0,0,0,4,0,16,0,0,0,0,0,0,0,236,255,247,255,245,255,113,0,250,11,106,12,0,0
13.789,hid,"18,22,24,26,28",4,90,165,239,4,0,0,0,4,0,16,0,0,0,0,0,0,0,238,255,247,255,249,255,123,0,228,11,123,12,0,0
13.821,hid,"18,20,22,23,26,28",4,90,165,239,4,0,0,0,4,0,16,0,0,0,0,0,0,0,229,255,245,255,0,0,123,0,249,11,77,12,0,0
13.822,hid,"18,20,22,24,26,28",4,90,165,239,4,0,0,0,4,0,16,0,0,0,0,0,0,0,218,255,247,255,1,0,125,0,248,11,66,12,0,0
13.853,hid,"18,22,23,24,26,28",4,90,165,239,4,0,0,0,4,0,16,0,0,0,0,0,0,0,216,255,247,255,252,255,87,0,212,11,174,12,0,0
13.869,hid,"18,20,22,24,26,28",4,90,165,239,4,0,0,0,4,0,16,0,0,0,0,0,0,0,218,255,245,255,249,255,69,0,210,11,149,12,0,0
13.9,hid,"18,20,22,24,26,28",4,90,165,239,4,0,0,0,4,0,16,0,0,0,0,0,0,0,166,255,234,255,244,255,114,0,222,11,72,12,0,0
13.9,hid,"18,20,24,26,28",4,90,165,239,4,0,0,0,4,0,16,0,0,0,0,0,0,0,163,255,235,255,244,255,112,0,223,11,79,12,0,0
13.932,hid,"13,16,17,18,20,22,24,26,28",4,90,165,239,4,0,0,0,4,0,16,0,0,48,0,0,40,69,196,255,234,255,249,255,86,0,208,11,230,12,0,0
13.932,log,sig#5,,,,,,,,,,,,,,,,,,,,,,,,,,,,,,,,
13.948,hid,"8,9,10,11,16,17,18,20,22,24,26,28",4,90,165,239,4,0,0,0,220,255,252,255,0,48,0,0,100,141,209,255,239,255,242,255,95,0,134,11,135,12,0,0
13.979,hid,"8,10,16,17,18,20,22,24,26,28",4,90,165,239,4,0,0,0,184,255,212,255,0,48,0,0,247,255,191,255,225,255,246,255,66,0,191,11,176,12,0,0
13.996,hid,"16,18,20,22,24,26,28",4,90,165,239,4,0,0,0,184,255,212,255,0,48,0,0,255,255,208,255,241,255,230,255,195,0,122,11,178,12,0,0
14.012,hid,"18,20,22,24,26,28",4,90,165,239,4,0,0,0,184,255,212,255,0,48,0,0,255,255,195,255,224,255,239,255,229,0,201,11,171,12,0,0
14.027,hid,"18,20,22,24,26,28",4,90,165,239,4,0,0,0,184,255,212,255,0,48,0,0,255,255,194,255,235,255,252,255,146,0,190,11,166,12,0,0
14.059,hid,"18,20,22,24,26,28",4,90,165,239,4,0,0,0,184,255,212,255,0,48,0,0,255,255,221,255,231,255,242,255,152,0,193,11,201,12,0,0
14.059,log,sig#6,,,,,,,,,,,,,,,,,,,,,,,,,,,,,,,,
14.075,hid,"18,19,20,22,24,26,28",4,90,165,239,4,0,0,0,184,255,212,255,0,48,0,0,255,255,4,0,235,255,233,255,137,0,171,11,211,12,0,0
14.091,hid,"18,20,22,24,26,28",4,90,165,239,4,0,0,0,184,255,212,255,0,48,0,0,255,255,18,0,242,255,243,255,128,0,156,11,177,12,0,0
14.106,hid,"20,22,24,26,28",4,90,165,239,4,0,0,0,184,255,212,255,0,48,0,0,255,255,18,0,248,255,255,255,144,0,150,11,145,12,0,0
14.137,hid,"16,18,20,22,24,26,28",4,90,165,239,4,0,0,0,184,255,212,255,0,48,0,0,253,255,15,0,243,255,248,255,123,0,155,11,155,12,0,0
14.152,hid,"18,20,22,24,26,28",4,90,165,239,4,0,0,0,184,255,212,255,0,48,0,0,253,255,11,0,235,255,241,255,135,0,192,11,146,12,0,0
14.168,hid,"18,20,22,24,26,28",4,90,165,239,4,0,0,0,184,255,212,255,0,48,0,0,253,255,2,0,248,255,250,255,126,0,228,11,115,12,0,0
14.199,hid,"16,18,19,20,22,24,26,28",4,90,165,239,4,0,0,0,184,255,212,255,0,48,0,0,255,255,242,255,251,255,249,255,130,0,215,11,158,12,0,0
14.215,hid,"8,10,11,18,19,20,22,24,26,28",4,90,165,239,4,0,0,0,212,255,12,0,0,48,0,0,255,255,0,0,254,255,247,255,132,0,176,11,170,12,0,0
14.23,hid,"20,21,22,24,26,28",4,90,165,239,4,0,0,0,212,255,12,0,0,48,0,0,255,255,0,0,1,0,250,255,143,0,205,11,151,12,0,0
14.246,hid,"18,19,20,24,26",4,90,165,239,4,0,0,0,212,255,12,0,0,48,0,0,255,255,254,255,7,0,250,255,127,0,202,11,151,12,0,0
14.277,hid,"18,20,22,23,24,26,28",4,90,165,239,4,0,0,0,212,255,12,0,0,48,0,0,255,255,240,255,10,0,5,0,120,0,215,11,156,12,0,0
14.292,hid,"18,20,22,24,26,28",4,90,165,239,4,0,0,0,212,255,12,0,0,48,0,0,255,255,231,255,15,0,11,0,116,0,198,11,138,12,0,0
14.307,hid,"18,20,22,24,26,28",4,90,165,239,4,0,0,0,212,255,12,0,0,48,0,0,255,255,221,255,16,0,10,0,92,0,189,11,158,12,0,0
14.339,hid,"18,20,22,24,26,28",4,90,165,239,4,0,0,0,212,255,12,0,0,48,0,0,255,255,217,255,15,0,9,0,102,0,212,11,139,12,0,0
14.355,hid,"16,18,22,24,26,28",4,90,165,239,4,0,0,0,212,255,12,0,0,48,0,0,253,255,218,255,15,0,12,0,132,0,180,11,166,12,0,0
14.371,hid,"18,20,22,24,26,28",4,90,165,239,4,0,0,0,212,255,12,0,0,48,0,0,253,255,232,255,24,0,18,0,135,0,171,11,188,12,0,0
14.386,hid,"16,18,20,22,24,26,28",4,90,165,239,4,0,0,0,212,255,12,0,0,48,0,0,246,255,230,255,28,0,20,0,134,0,164,11,178,12,0,0
14.417,hid,"16,18,20,22,26,28",4,90,165,239,4,0,0,0,212,255,12,0,0,48,0,0,233,255,223,255,22,0,16,0,134,0,144,11,169,12,0,0
14.433,hid,"16,18,20,22,24,26,28",4,90,165,239,4,0,0,0,212,255,12,0,0,48,0,0,227,255,227,255,17,0,11,0,137,0,129,11,193,12,0,0
14.449,hid,"16,18,20,22,24,26,28",4,90,165,239,4,0,0,0,212,255,12,0,0,48,0,0,220,255,243,255,14,0,1,0,138,0,123,11,216,12,0,0
14.48,hid,"16,18,19,20,21,22,23,26",4,90,165,239,4,0,0,0,212,255,12,0,0,48,0,0,203,255,23,0,254,255,247,255,138,0,144,11,216,12,0,0
14.511,hid,"16,18,20,22,24,26,28",4,90,165,239,4,0,0,0,212,255,12,0,0,48,0,0,184,255,18,0,248,255,244,255,126,0,150,11,161,12,0,0
14.527,hid,"16,18,20,22,24,26,28",4,90,165,239,4,0,0,0,212,255,12,0,0,48,0,0,177,255,7,0,249,255,242,255,129,0,180,11,159,12,0,0
14.559,hid,"16,18,20,22,24,26,28",4,90,165,239,4,0,0,0,212,255,12,0,0,48,0,0,157,255,3,0,239,255,237,255,125,0,181,11,161,12,0,0
14.575,hid,"16,17,18,22,24,26,28",4,90,165,239,4,0,0,0,212,255,12,0,0,48,0,0,149,254,0,0,239,255,240,255,151,0,184,11,167,12,0,0
14.59,hid,"16,17,18,20,22,24,26,28",4,90,165,239,4,0,0,0,212,255,12,0,0,48,0,0,141,249,2,0,242,255,249,255,138,0,178,11,177,12,0,0
14.606,hid,"16,17,20,22,23,24,26,28",4,90,165,239,4,0,0,0,212,255,12,0,0,48,0,0,132,243,2,0,243,255,0,0,125,0,180,11,165,12,0,0
14.638,hid,"16,17,18,20,22,24,26,28",4,90,165,239,4,0,0,0,212,255,12,0,0,48,0,0,115,231,1,0,254,255,4,0,113,0,192,11,162,12,0,0
14.654,hid,"16,17,18,19,20,21,22,24,26,28",4,90,165,239,4,0,0,0,212,255,12,0,0,48,0,0,108,222,249,255,2,0,0,0,115,0,181,11,133,12,0,0
14.669,hid,"16,17,18,20,22,23,24,26,28",4,90,165,239,4,0,0,0,212,255,12,0,0,48,0,0,104,213,246,255,5,0,253,255,118,0,196,11,136,12,0,0
14.701,hid,"16,17,18,20,22,24,26,28",4,90,165,239,4,0,0,0,212,255,12,0,0,48,0,0,93,193,241,255,6,0,255,255,117,0,135,11,189,12,0,0
14.733,hid,"16,17,18,20,22,23,24,26,28",4,90,165,239,4,0,0,0,212,255,12,0,0,48,0,0,89,185,243,255,9,0,5,0,133,0,192,11,155,12,0,0
14.748,hid,"17,18,20,22,24,26,28",4,90,165,239,4,0,0,0,212,255,12,0,0,48,0,0,89,183,244,255,10,0,12,0,146,0,153,11,166,12,0,0
14.779,hid,"18,20,22,24,26,28",4,90,165,239,4,0,0,0,212,255,12,0,0,48,0,0,89,183,237,255,12,0,17,0,128,0,186,11,167,12,0,0
14.795,hid,"18,20,22,24,26,28",4,90,165,239,4,0,0,0,212,255,12,0,0,48,0,0,89,183,234,255,13,0,8,0,129,0,163,11,169,12,0,0
14.811,hid,"16,18,20,22,24,26,28",4,90,165,239,4,0,0,0,212,255,12,0,0,48,0,0,92,183,240,255,9,0,3,0,137,0,146,11,206,12,0,0
14.825,hid,"18,19,20,22,23,24,26,28",4,90,165,239,4,0,0,0,212,255,12,0,0,48,0,0,92,183,0,0,3,0,255,255,146,0,117,11,229,12,0,0
14.856,hid,"17,18,20,21,22,24,26,28",4,90,165,239,4,0,0,0,212,255,12,0,0,48,0,0,92,186,42,0,255,255,245,255,157,0,119,11,212,12,0,0
14.871,hid,"18,20,22,24,26,28",4,90,165,239,4,0,0,0,212,255,12,0,0,48,0,0,92,186,32,0,251,255,252,255,144,0,184,11,157,12,0,0
14.887,hid,"17,18,20,22,24,26,28",4,90,165,239,4,0,0,0,212,255,12,0,0,48,0,0,92,188,27,0,248,255,250,255,116,0,160,11,163,12,0,0
14.918,hid,"17,18,20,22,24,26,28",4,90,165,239,4,0,0,0,212,255,12,0,0,48,0,0,92,190,22,0,241,255,244,255,121,0,176,11,174,12,0,0
14.934,hid,"17,18,20,22,24,26,28",4,90,165,239,4,0,0,0,212,255,12,0,0,48,0,0,92,193,10,0,235,255,240,255,137,0,159,11,135,12,0,0
14.95,hid,"16,17,18,20,22,24,26,28",4,90,165,239,4,0,0,0,212,255,12,0,0,48,0,0,94,195,0,0,233,255,237,255,133,0,194,11,160,12,0,0
14.966,hid,"17,18,20,24,26,28",4,90,165,239,4,0,0,0,212,255,12,0,0,48,0,0,94,197,7,0,237,255,237,255,132,0,181,11,179,12,0,0
14.996,hid,"17,18,20,22,24,26,28",4,90,165,239,4,0,0,0,212,255,12,0,0,48,0,0,94,203,24,0,240,255,249,255,137,0,207,11,158,12,0,0
15.012,hid,"16,17,18,20,22,24,26,28",4,90,165,239,4,0,0,0,212,255,12,0,0,48,0,0,99,206,28,0,243,255,244,255,144,0,180,11,149,12,0,0
15.027,hid,"17,18,20,22,24,26,28",4,90,165,239,4,0,0,0,212,255,12,0,0,48,0,0,99,208,20,0,247,255,254,255,123,0,200,11,144,12,0,0
15.058,hid,"16,17,18,20,21,22,23,24,26,28",4,90,165,239,4,0,0,0,212,255,12,0,0,48,0,0,101,210,16,0,2,0,1,0,117,0,199,11,152,12,0,0
15.074,hid,"17,18,20,22,24,26,28",4,90,165,239,4,0,0,0,212,255,12,0,0,48,0,0,101,214,4,0,3,0,2,0,108,0,226,11,132,12,0,0
15.089,hid,"18,19,22,24,26,28",4,90,165,239,4,0,0,0,212,255,12,0,0,48,0,0,101,214,238,255,3,0,8,0,103,0,216,11,128,12,0,0
15.121,hid,"17,18,20,22,24,26,28",4,90,165,239,4,0,0,0,212,255,12,0,0,48,0,0,101,217,226,255,6,0,6,0,108,0,190,11,165,12,0,0
15.152,hid,"18,20,24,26,28",4,90,165,239,4,0,0,0,212,255,12,0,0,48,0,0,101,217,228,255,7,0,6,0,149,0,166,11,173,12,0,0
15.168,hid,"18,20,22,24,26,28",4,90,165,239,4,0,0,0,212,255,12,0,0,48,0,0,101,217,233,255,8,0,8,0,166,0,160,11,172,12,0,0
15.199,hid,"18,20,22,24,26,28",4,90,165,239,4,0,0,0,212,255,12,0,0,48,0,0,101,217,243,255,12,0,11,0,153,0,161,11,189,12,0,0
15.214,hid,"16,18,20,22,24,26,28",4,90,165,239,4,0,0,0,212,255,12,0,0,48,0,0,100,217,247,255,11,0,10,0,137,0,156,11,190,12,0,0
15.231,hid,"18,19,20,22,24,26,28",4,90,165,239,4,0,0,0,212,255,12,0,0,48,0,0,100,217,0,0,7,0,6,0,130,0,147,11,188,12,0,0
15.246,hid,"18,20,22,24,26,28",4,90,165,239,4,0,0,0,212,255,12,0,0,48,0,0,100,217,12,0,5,0,1,0,141,0,146,11,200,12,0,0
15.279,hid,"18,20,21,22,24,26,28",4,90,165,239,4,0,0,0,212,255,12,0,0,48,0,0,100,217,2,0,254,255,0,0,138,0,167,11,155,12,0,0
15.295,hid,"18,20,22,23,24,26,28",4,90,165,239,4,0,0,0,212,255,12,0,0,48,0,0,100,217,8,0,251,255,248,255,144,0,152,11,175,12,0,0
15.31,hid,"17,20,22,24,26,28",4,90,165,239,4,0,0,0,212,255,12,0,0,48,0,0,100,215,8,0,246,255,244,255,136,0,161,11,183,12,0,0
15.326,hid,"18,20,22,24,26,28",4,90,165,239,4,0,0,0,212,255,12,0,0,48,0,0,100,215,14,0,242,255,238,255,154,0,166,11,171,12,0,0
15.358,hid,"18,20,24,26,28",4,90,165,239,4,0,0,0,212,255,12,0,0,48,0,0,100,215,9,0,239,255,238,255,125,0,174,11,156,12,0,0
15.373,hid,"17,18,24,26,28",4,90,165,239,4,0,0,0,212,255,12,0,0,48,0,0,100,213,12,0,239,255,238,255,130,0,179,11,159,12,0,0
15.389,hid,"18,20,22,24,26,28",4,90,165,239,4,0,0,0,212,255,12,0,0,48,0,0,100,213,14,0,238,255,240,255,145,0,192,11,173,12,0,0
15.421,hid,"18,20,22,24,26,28",4,90,165,239,4,0,0,0,212,255,12,0,0,48,0,0,100,213,6,0,249,255,246,255,131,0,199,11,136,12,0,0
15.452,hid,"18,20,21,22,24,26,28",4,90,165,239,4,0,0,0,212,255,12,0,0,48,0,0,100,213,1,0,1,0,253,255,95,0,179,11,164,12,0,0
15.468,hid,"20,22,24,26,28",4,90,165,239,4,0,0,0,212,255,12,0,0,48,0,0,100,213,1,0,7,0,254,255,109,0,187,11,152,12,0,0
15.499,hid,"16,17,18,19,20,22,23,24,26,28",4,90,165,239,4,0,0,0,212,255,12,0,0,48,0,0,98,204,242,255,13,0,14,0,121,0,199,11,161,12,0,0
15.515,hid,"16,18,20,22,24,26,28",4,90,165,239,4,0,0,0,212,255,12,0,0,48,0,0,97,204,244,255,17,0,11,0,119,0,192,11,159,12,0,0
15.53,hid,"17,18,20,22,24,26,28",4,90,165,239,4,0,0,0,212,255,12,0,0,48,0,0,97,199,231,255,20,0,10,0,146,0,182,11,134,12,0,0
15.547,hid,"17,18,20,24,26,28",4,90,165,239,4,0,0,0,212,255,12,0,0,48,0,0,97,195,227,255,18,0,10,0,149,0,169,11,152,12,0,0
15.579,hid,"17,18,20,22,24,26,28",4,90,165,239,4,0,0,0,212,255,12,0,0,48,0,0,97,193,231,255,12,0,5,0,157,0,161,11,174,12,0,0
15.595,hid,"16,18,20,22,24,26,28",4,90,165,239,4,0,0,0,212,255,12,0,0,48,0,0,93,193,239,255,8,0,2,0,158,0,144,11,183,12,0,0
15.61,hid,"16,18,22,24,26,28",4,90,165,239,4,0,0,0,212,255,12,0,0,48,0,0,91,193,252,255,8,0,1,0,143,0,131,11,180,12,0,0
15.626,hid,"16,18,20,24,26,28",4,90,165,239,4,0,0,0,212,255,12,0,0,48,0,0,89,193,254,255,0,0,1,0,166,0,153,11,188,12,0,0
15.657,hid,"18,19,20,21,22,23,24,26,28",4,90,165,239,4,0,0,0,212,255,12,0,0,48,0,0,89,193,5,0,248,255,244,255,136,0,144,11,173,12,0,0
15.672,hid,"16,18,20,22,24,26,28",4,90,165,239,4,0,0,0,212,255,12,0,0,48,0,0,88,193,13,0,247,255,239,255,127,0,147,11,194,12,0,0
15.688,hid,"18,20,22,24,26,28",4,90,165,239,4,0,0,0,212,255,12,0,0,48,0,0,88,193,28,0,238,255,233,255,108,0,157,11,212,12,0,0
15.719,hid,"16,18,20,22,24,26,28",4,90,165,239,4,0,0,0,212,255,12,0,0,48,0,0,86,193,11,0,241,255,234,255,136,0,182,11,120,12,0,0
15.734,hid,"16,18,19,20,22,24,26,28",4,90,165,239,4,0,0,0,212,255,12,0,0,48,0,0,84,193,252,255,246,255,246,255,127,0,201,11,147,12,0,0
15.751,hid,"18,20,22,24,26,28",4,90,165,239,4,0,0,0,212,255,12,0,0,48,0,0,84,193,255,255,249,255,248,255,125,0,190,11,169,12,0,0
15.767,hid,"18,19,20,22,24,26,28",4,90,165,239,4,0,0,0,212,255,12,0,0,48,0,0,84,193,6,0,255,255,252,255,145,0,182,11,172,12,0,0
15.799,hid,"18,20,21,22,23,24,28",4,90,165,239,4,0,0,0,212,255,12,0,0,48,0,0,84,193,13,0,8,0,5,0,133,0,182,11,158,12,0,0
15.814,hid,"16,20,22,24,26,28",4,90,165,239,4,0,0,0,212,255,12,0,0,48,0,0,86,193,13,0,4,0,4,0,120,0,199,11,167,12,0,0
15.829,hid,"18,20,22,24,28",4,90,165,239,4,0,0,0,212,255,12,0,0,48,0,0,86,193,9,0,5,0,8,0,127,0,199,11,151,12,0,0
15.861,hid,"18,19,20,22,24,26,28",4,90,165,239,4,0,0,0,212,255,12,0,0,48,0,0,86,193,239,255,11,0,5,0,131,0,182,11,159,12,0,0
15.891,hid,"18,22,24,26,28",4,90,165,239,4,0,0,0,212,255,12,0,0,48,0,0,86,193,234,255,11,0,8,0,115,0,181,11,147,12,0,0
15.906,hid,"16,18,22,24,26,28",4,90,165,239,4,0,0,0,212,255,12,0,0,48,0,0,88,193,231,255,11,0,4,0,127,0,171,11,170,12,0,0
15.939,hid,"18,20,24,26,28",4,90,165,239,4,0,0,0,212,255,12,0,0,48,0,0,88,193,229,255,18,0,4,0,154,0,165,11,160,12,0,0
15.94,hid,"18,20,24,26,28",4,90,165,239,4,0,0,0,212,255,12,0,0,48,0,0,88,193,230,255,17,0,4,0,151,0,161,11,168,12,0,0
15.97,hid,"16,18,20,22,24,26,28",4,90,165,239,4,0,0,0,212,255,12,0,0,48,0,0,86,193,234,255,15,0,6,0,130,0,162,11,175,12,0,0
15.985,hid,"18,20,24,26,28",4,90,165,239,4,0,0,0,212,255,12,0,0,48,0,0,86,193,245,255,13,0,6,0,129,0,147,11,199,12,0,0
16.017,hid,"18,19,20,22,24,26,28",4,90,165,239,4,0,0,0,212,255,12,0,0,48,0,0,86,193,10,0,3,0,0,0,158,0,154,11,177,12,0,0
16.033,hid,"18,22,23,24,26",4,90,165,239,4,0,0,0,212,255,12,0,0,48,0,0,86,193,19,0,3,0,252,255,156,0,142,11,177,12,0,0
16.049,hid,"18,20,21,22,24,26,28",4,90,165,239,4,0,0,0,212,255,12,0,0,48,0,0,86,193,8,0,250,255,251,255,142,0,168,11,166,12,0,0
16.081,hid,"18,20,22,24,26,28",4,90,165,239,4,0,0,0,212,255,12,0,0,48,0,0,86,193,21,0,246,255,244,255,124,0,187,11,177,12,0,0
16.112,hid,"18,20,22,24,26,28",4,90,165,239,4,0,0,0,212,255,12,0,0,48,0,0,86,193,7,0,249,255,249,255,118,0,182,11,142,12,0,0
16.128,hid,"16,18,19,24,26,28",4,90,165,239,4,0,0,0,212,255,12,0,0,48,0,0,88,193,249,255,249,255,249,255,120,0,210,11,128,12,0,0
16.159,hid,"18,20,22,24,26,28",4,90,165,239,4,0,0,0,212,255,12,0,0,48,0,0,88,193,242,255,253,255,254,255,111,0,162,11,175,12,0,0
16.175,hid,"18,20,22,24,26,28",4,90,165,239,4,0,0,0,212,255,12,0,0,48,0,0,88,193,253,255,255,255,255,255,142,0,166,11,187,12,0,0
16.19,hid,"18,19,20,22,24,26,28",4,90,165,239,4,0,0,0,212,255,12,0,0,48,0,0,88,193,4,0,254,255,253,255,143,0,169,11,171,12,0,0
16.206,hid,"18,20,21,22,23,24,26,28",4,90,165,239,4,0,0,0,212,255,12,0,0,48,0,0,88,193,9,0,0,0,1,0,132,0,171,11,167,12,0,0
16.237,hid,"18,19,20,22,24,26,28",4,90,165,239,4,0,0,0,212,255,12,0,0,48,0,0,88,193,255,255,6,0,3,0,103,0,192,11,146,12,0,0
16.252,hid,"18,20,22,24,26,28",4,90,165,239,4,0,0,0,212,255,12,0,0,48,0,0,88,193,252,255,9,0,1,0,117,0,188,11,142,12,0,0
16.269,hid,"18,20,22,24,26,28",4,90,165,239,4,0,0,0,212,255,12,0,0,48,0,0,88,193,232,255,12,0,3,0,125,0,205,11,136,12,0,0
16.3,hid,"18,20,22,24,26,28",4,90,165,239,4,0,0,0,212,255,12,0,0,48,0,0,88,193,218,255,15,0,8,0,124,0,177,11,160,12,0,0
16.301,hid,"20,22,24,26",4,90,165,239,4,0,0,0,212,255,12,0,0,48,0,0,88,193,218,255,14,0,9,0,121,0,169,11,160,12,0,0
16.331,hid,"20,22,24,26,28",4,90,165,239,4,0,0,0,212,255,12,0,0,48,0,0,88,193,218,255,15,0,12,0,136,0,147,11,185,12,0,0
16.347,hid,"18,20,22,24,26,28",4,90,165,239,4,0,0,0,212,255,12,0,0,48,0,0,88,193,232,255,16,0,6,0,145,0,131,11,210,12,0,0
16.378,hid,"18,19,20,22,23,24,26,28",4,90,165,239,4,0,0,0,212,255,12,0,0,48,0,0,88,193,15,0,4,0,254,255,132,0,126,11,218,12,0,0
16.394,hid,"18,20,22,24,26,28",4,90,165,239,4,0,0,0,212,255,12,0,0,48,0,0,88,193,27,0,2,0,253,255,145,0,136,11,198,12,0,0
16.41,hid,"18,20,22,24,26,28",4,90,165,239,4,0,0,0,212,255,12,0,0,48,0,0,88,193,43,0,5,0,250,255,160,0,135,11,183,12,0,0
16.426,hid,"18,20,22,24,26,28",4,90,165,239,4,0,0,0,212,255,12,0,0,48,0,0,88,193,31,0,1,0,252,255,147,0,173,11,153,12,0,0
16.457,hid,"18,20,21,22,24,26,28",4,90,165,239,4,0,0,0,212,255,12,0,0,48,0,0,88,193,21,0,251,255,246,255,114,0,169,11,162,12,0,0
16.473,hid,"18,20,22,24,26,28",4,90,165,239,4,0,0,0,212,255,12,0,0,48,0,0,88,193,17,0,249,255,244,255,115,0,172,11,159,12,0,0
16.489,hid,"18,20,22,24,26,28",4,90,165,239,4,0,0,0,212,255,12,0,0,48,0,0,88,193,14,0,246,255,240,255,124,0,163,11,181,12,0,0
16.52,hid,"18,20,22,24,26,28",4,90,165,239,4,0,0,0,212,255,12,0,0,48,0,0,88,193,13,0,248,255,239,255,133,0,179,11,167,12,0,0
16.521,hid,"18,24,26",4,90,165,239,4,0,0,0,212,255,12,0,0,48,0,0,88,193,15,0,248,255,239,255,138,0,177,11,167,12,0,0
16.552,hid,"18,20,22,24,26,28",4,90,165,239,4,0,0,0,212,255,12,0,0,48,0,0,88,193,13,0,251,255,250,255,129,0,190,11,148,12,0,0
16.567,hid,"18,22,24,26,28",4,90,165,239,4,0,0,0,212,255,12,0,0,48,0,0,88,193,9,0,251,255,253,255,132,0,191,11,155,12,0,0
16.599,hid,"18,19,20,21,22,23,24,26,28",4,90,165,239,4,0,0,0,212,255,12,0,0,48,0,0,88,193,255,255,2,0,5,0,129,0,196,11,146,12,0,0
16.614,hid,"18,19,20,24,26,28",4,90,165,239,4,0,0,0,212,255,12,0,0,48,0,0,88,193,0,0,9,0,5,0,118,0,184,11,167,12,0,0
16.63,hid,"18,19,22,24,26,28",4,90,165,239,4,0,0,0,212,255,12,0,0,48,0,0,88,193,255,255,9,0,8,0,104,0,201,11,163,12,0,0
16.645,hid,"18,20,22,24,26,28",4,90,165,239,4,0,0,0,212,255,12,0,0,48,0,0,88,193,251,255,14,0,11,0,110,0,213,11,136,12,0,0
16.676,hid,"18,20,22,24,26,28",4,90,165,239,4,0,0,0,212,255,12,0,0,48,0,0,88,193,226,255,15,0,14,0,122,0,218,11,135,12,0,0
16.691,hid,"18,20,22,24,26,28",4,90,165,239,4,0,0,0,212,255,12,0,0,48,0,0,88,193,212,255,16,0,15,0,134,0,200,11,136,12,0,0
16.707,hid,"18,20,22,24,26,28",4,90,165,239,4,0,0,0,212,255,12,0,0,48,0,0,88,193,210,255,20,0,17,0,133,0,182,11,154,12,0,0
16.739,hid,"18,22,24,26,28",4,90,165,239,4,0,0,0,212,255,12,0,0,48,0,0,88,193,211,255,20,0,19,0,139,0,146,11,196,12,0,0
16.755,hid,"18,20,22,26,28",4,90,165,239,4,0,0,0,212,255,12,0,0,48,0,0,88,193,228,255,21,0,16,0,139,0,125,11,212,12,0,0
16.771,hid,"18,20,22,26,28",4,90,165,239,4,0,0,0,212,255,12,0,0,48,0,0,88,193,252,255,16,0,10,0,139,0,108,11,233,12,0,0
16.786,hid,"18,19,20,22,24,26",4,90,165,239,4,0,0,0,212,255,12,0,0,48,0,0,88,193,16,0,12,0,1,0,145,0,107,11,233,12,0,0
16.817,hid,"18,20,21,22,23,24,26,28",4,90,165,239,4,0,0,0,212,255,12,0,0,48,0,0,88,193,42,0,255,255,247,255,147,0,154,11,197,12,0,0
16.833,hid,"18,20,22,24,26,28",4,90,165,239,4,0,0,0,212,255,12,0,0,48,0,0,88,193,35,0,250,255,248,255,162,0,175,11,159,12,0,0
16.848,hid,"4,8,9,10,18,20,22,24,26,28",4,90,165,239,0,0,0,0,0,0,0,0,0,48,0,0,88,193,25,0,251,255,244,255,146,0,162,11,155,12,0,0
16.879,hid,"18,20,22,24,26,28",4,90,165,239,0,0,0,0,0,0,0,0,0,48,0,0,88,193,15,0,245,255,240,255,113,0,155,11,190,12,0,0
16.894,hid,"18,20,24,26,28",4,90,165,239,0,0,0,0,0,0,0,0,0,48,0,0,88,193,16,0,244,255,240,255,91,0,178,11,170,12,0,0
16.91,hid,"18,20,22,24,26,28",4,90,165,239,0,0,0,0,0,0,0,0,0,48,0,0,88,193,9,0,248,255,241,255,128,0,182,11,149,12,0,0
16.926,hid,"18,20,22,24,26,28",4,90,165,239,0,0,0,0,0,0,0,0,0,48,0,0,88,193,5,0,255,255,246,255,134,0,177,11,154,12,0,0
16.957,hid,"18,20,21,22,23,24,26,28",4,90,165,239,0,0,0,0,0,0,0,0,0,48,0,0,88,193,15,0,3,0,0,0,120,0,178,11,163,12,0,0
16.972,hid,"18,20,22,24,26,28",4,90,165,239,0,0,0,0,0,0,0,0,0,48,0,0,88,193,16,0,4,0,1,0,124,0,187,11,158,12,0,0
16.988,hid,"18,20,22,24,26,28",4,90,165,239,0,0,0,0,0,0,0,0,0,48,0,0,88,193,11,0,6,0,0,0,132,0,188,11,144,12,0,0
17.02,hid,"18,20,22,24,26,28",4,90,165,239,0,0,0,0,0,0,0,0,0,48,0,0,88,193,0,0,10,0,3,0,104,0,182,11,141,12,0,0
17.02,hid,"18,19,20,22,24,26,28",4,90,165,239,0,0,0,0,0,0,0,0,0,48,0,0,88,193,253,255,9,0,4,0,101,0,180,11,143,12,0,0
17.05,hid,"18,20,22,24,26,28",4,90,165,239,0,0,0,0,0,0,0,0,0,48,0,0,88,193,236,255,11,0,9,0,119,0,197,11,148,12,0,0
17.066,hid,"18,20,22,24,26,28",4,90,165,239,0,0,0,0,0,0,0,0,0,48,0,0,88,193,231,255,9,0,8,0,108,0,199,11,150,12,0,0
17.097,hid,"18,20,22,24,26,28",4,90,165,239,0,0,0,0,0,0,0,0,0,48,0,0,88,193,220,255,14,0,6,0,111,0,175,11,180,12,0,0
17.113,hid,"18,22,24,26,28",4,90,165,239,0,0,0,0,0,0,0,0,0,48,0,0,88,193,223,255,14,0,7,0,115,0,168,11,201,12,0,0
17.129,hid,"18,20,22,24,26,28",4,90,165,239,0,0,0,0,0,0,0,0,0,48,0,0,88,193,236,255,13,0,9,0,132,0,139,11,191,12,0,0
17.16,hid,"18,20,22,24,26,28",4,90,165,239,0,0,0,0,0,0,0,0,0,48,0,0,88,193,245,255,17,0,11,0,136,0,152,11,197,12,0,0
17.16,hid,"18,20,22,24,26,28",4,90,165,239,0,0,0,0,0,0,0,0,0,48,0,0,88,193,248,255,18,0,10,0,133,0,145,11,200,12,0,0
17.191,hid,"18,19,20,22,24,26,28",4,90,165,239,0,0,0,0,0,0,0,0,0,48,0,0,88,193,8,0,10,0,3,0,126,0,141,11,203,12,0,0
17.206,hid,"18,20,22,24,26,28",4,90,165,239,0,0,0,0,0,0,0,0,0,48,0,0,88,193,5,0,3,0,1,0,145,0,168,11,174,12,0,0
17.237,hid,"18,20,21,22,23,24,26,28",4,90,165,239,0,0,0,0,0,0,0,0,0,48,0,0,88,193,3,0,254,255,250,255,141,0,160,11,173,12,0,0
17.252,hid,"18,19,20,22,24,26,28",4,90,165,239,0,0,0,0,0,0,0,0,0,48,0,0,88,193,250,255,251,255,248,255,143,0,181,11,154,12,0,0
17.268,hid,"18,20,22,24,26,28",4,90,165,239,0,0,0,0,0,0,0,0,0,48,0,0,88,193,249,255,250,255,246,255,130,0,167,11,168,12,0,0
17.298,hid,"18,19,20,22,24,26,28",4,90,165,239,0,0,0,0,0,0,0,0,0,48,0,0,88,193,0,0,246,255,241,255,117,0,163,11,188,12,0,0
17.313,hid,"18,20,22,24,26,28",4,90,165,239,0,0,0,0,0,0,0,0,0,48,0,0,88,193,3,0,245,255,242,255,114,0,159,11,186,12,0,0
17.329,hid,"18,20,24,26,28",4,90,165,239,0,0,0,0,0,0,0,0,0,48,0,0,88,193,9,0,251,255,242,255,129,0,157,11,173,12,0,0
17.36,hid,"18,20,22,24,26,28",4,90,165,239,0,0,0,0,0,0,0,0,0,48,0,0,88,193,10,0,248,255,248,255,121,0,167,11,170,12,0,0
17.392,hid,"18,20,22,24,26,28",4,90,165,239,0,0,0,0,0,0,0,0,0,48,0,0,88,193,6,0,249,255,254,255,115,0,183,11,157,12,0,0
17.407,hid,"18,20,22,23,24,26,28",4,90,165,239,0,0,0,0,0,0,0,0,0,48,0,0,88,193,3,0,253,255,1,0,107,0,188,11,152,12,0,0
17.439,hid,"18,19,20,21,24,26,28",4,90,165,239,0,0,0,0,0,0,0,0,0,48,0,0,88,193,249,255,3,0,1,0,104,0,198,11,148,12,0,0
17.456,hid,"18,20,22,24,26,28",4,90,165,239,0,0,0,0,0,0,0,0,0,48,0,0,88,193,241,255,5,0,5,0,107,0,202,11,147,12,0,0
17.472,hid,"18,20,24,26,28",4,90,165,239,0,0,0,0,0,0,0,0,0,48,0,0,88,193,237,255,11,0,5,0,121,0,182,11,160,12,0,0
17.488,hid,"18,20,22,24,26,28",4,90,165,239,0,0,0,0,0,0,0,0,0,48,0,0,88,193,235,255,15,0,8,0,132,0,172,11,165,12,0,0
17.519,hid,"16,18,20,22,24,26,28",4,90,165,239,0,0,0,0,0,0,0,0,0,48,0,0,86,193,245,255,12,0,9,0,130,0,153,11,196,12,0,0
17.519,log,sig#7,,,,,,,,,,,,,,,,,,,,,,,,,,,,,,,,
17.534,hid,"18,19,20,22,24,26,28",4,90,165,239,0,0,0,0,0,0,0,0,0,48,0,0,86,193,0,0,13,0,6,0,152,0,152,11,203,12,0,0
17.55,hid,"18,20,22,24,26,28",4,90,165,239,0,0,0,0,0,0,0,0,0,48,0,0,86,193,16,0,12,0,1,0,142,0,141,11,217,12,0,0
17.565,hid,"18,20,22,23,24,26,28",4,90,165,239,0,0,0,0,0,0,0,0,0,48,0,0,86,193,22,0,5,0,250,255,124,0,156,11,173,12,0,0
17.596,hid,"16,17,18,20,22,24,26",4,90,165,239,0,0,0,0,0,0,0,0,0,48,0,0,88,202,5,0,3,0,255,255,131,0,166,11,173,12,0,0
17.612,hid,"16,17,18,20,22,24,26,28",4,90,165,239,0,0,0,0,0,0,0,0,0,48,0,0,159,198,45,0,9,0,243,255,135,0,177,11,228,12,0,0
17.612,log,sig#8,,,,,,,,,,,,,,,,,,,,,,,,,,,,,,,,
17.628,hid,"16,18,20,21,22,24,26,28",4,90,165,239,0,0,0,0,0,0,0,0,0,48,0,0,210,198,1,0,238,255,235,255,148,0,160,11,115,12,0,0
17.659,hid,"16,17,18,20,22,24,26,28",4,90,165,239,0,0,0,0,0,0,0,0,0,48,0,0,230,196,14,0,248,255,246,255,100,0,167,11,225,12,0,0
17.675,hid,"16,17,18,20,22,24,26,28",4,90,165,239,0,0,0,0,0,0,0,0,0,48,0,0,236,195,10,0,247,255,244,255,128,0,187,11,148,12,0,0
17.691,hid,"17,18,19,20,22,24,26,28",4,90,165,239,0,0,0,0,0,0,0,0,0,48,0,0,236,208,245,255,251,255,243,255,113,0,208,11,145,12,0,0
17.706,hid,"17,18,19,20,22,24,28",4,90,165,239,0,0,0,0,0,0,0,0,0,48,0,0,236,255,34,0,249,255,255,255,129,0,208,11,241,12,0,0
17.737,hid,"8,9,10,11,16,18,19,20,22,24,26,28",4,90,165,239,0,0,0,0,224,255,212,255,0,48,0,0,197,255,239,255,241,255,240,255,163,0,169,11,121,12,0,0
17.753,hid,"16,18,19,20,22,24,26,28",4,90,165,239,0,0,0,0,224,255,212,255,0,48,0,0,175,255,28,0,244,255,244,255,155,0,179,11,238,12,0,0
17.768,hid,"16,18,22,24,26,28",4,90,165,239,0,0,0,0,224,255,212,255,0,48,0,0,148,255,3,0,244,255,249,255,82,0,227,11,106,12,0,0
17.8,hid,"16,18,19,20,22,24,26,28",4,90,165,239,0,0,0,0,224,255,212,255,0,48,0,0,88,255,229,255,254,255,252,255,96,0,202,11,153,12,0,0
17.801,hid,"16,18,20,22,24,26,28",4,90,165,239,0,0,0,0,224,255,212,255,0,48,0,0,84,255,230,255,255,255,254,255,94,0,200,11,157,12,0,0
17.832,hid,"4,5,6,7,16,18,20,22,23,24,26,28",4,90,165,239,192,255,180,255,224,255,212,255,0,48,0,0,40,255,205,255,254,255,13,0,128,0,195,11,138,12,0,0
17.849,hid,"16,17,18,20,21,22,24,26,28",4,90,165,239,192,255,180,255,224,255,212,255,0,48,0,0,19,217,186,255,1,0,17,0,109,0,209,11,139,12,0,0
17.879,hid,"6,7,8,9,10,13,16,17,18,20,22,24,26,28",4,90,165,239,192,255,4,0,8,0,244,255,0,32,0,0,0,116,181,255,0,0,26,0,146,0,138,11,211,12,0,0
17.894,hid,"17,18,20,21,22,24,26,28,29",4,90,165,239,192,255,4,0,8,0,244,255,0,32,0,0,0,69,215,255,247,255,24,0,142,0,112,11,0,13,0,0
17.91,hid,"17,18,19,20,22,24,26,28,29",4,90,165,239,192,255,4,0,8,0,244,255,0,32,0,0,0,21,0,0,249,255,18,0,141,0,97,11,252,12,0,0
17.926,hid,"13,17,18,20,24,26,28",4,90,165,239,192,255,4,0,8,0,244,255,0,0,0,0,0,0,19,0,243,255,18,0,132,0,114,11,241,12,0,0
17.957,hid,"18,20,22,24,26,28",4,90,165,239,192,255,4,0,8,0,244,255,0,0,0,0,0,0,57,0,231,255,10,0,130,0,101,11,191,12,0,0
17.973,hid,"18,20,22,23,24,26,28",4,90,165,239,192,255,4,0,8,0,244,255,0,0,0,0,0,0,40,0,234,255,251,255,166,0,146,11,117,12,0,0
17.989,hid,"18,20,22,23,24,26,28",4,90,165,239,192,255,4,0,8,0,244,255,0,0,0,0,0,0,36,0,240,255,1,0,127,0,170,11,174,12,0,0
18.02,hid,"4,6,7,18,20,22,23,26,28",4,90,165,239,248,255,252,255,8,0,244,255,0,0,0,0,0,0,62,0,226,255,247,255,127,0,141,11,211,12,0,0
18.02,hid,"18,20,22,24,26,28",4,90,165,239,248,255,252,255,8,0,244,255,0,0,0,0,0,0,67,0,224,255,245,255,138,0,145,11,203,12,0,0
18.053,hid,"18,20,22,24,26,28",4,90,165,239,248,255,252,255,8,0,244,255,0,0,0,0,0,0,65,0,230,255,241,255,163,0,189,11,124,12,0,0
18.069,hid,"4,5,6,18,20,22,24,26,28",4,90,165,239,60,0,244,255,8,0,244,255,0,0,0,0,0,0,46,0,235,255,244,255,166,0,203,11,116,12,0,0
18.1,hid,"8,9,10,11,18,20,21,22,24,26,28",4,90,165,239,60,0,244,255,196,253,132,253,0,0,0,0,0,0,24,0,3,0,247,255,145,0,213,11,107,12,0,0
18.101,hid,"8,9,10,11",4,90,165,239,60,0,244,255,164,252,120,252,0,0,0,0,0,0,24,0,3,0,247,255,145,0,213,11,107,12,0,0
18.131,hid,"8,9,10,11,18,19,20,22,23,24,26,28",4,90,165,239,60,0,244,255,64,235,4,245,0,0,0,0,0,0,221,255,26,0,0,0,122,0,239,11,79,12,0,0
18.147,hid,"8,9,10,18,20,22,24,26,28",4,90,165,239,60,0,244,255,212,220,124,245,0,0,0,0,0,0,200,255,35,0,2,0,130,0,231,11,89,12,0,0
18.178,hid,"4,6,8,9,10,11,18,20,22,24,26,28",4,90,165,239,8,0,240,255,4,180,232,248,0,0,0,0,0,0,172,255,52,0,5,0,105,0,219,11,111,12,0,0
18.193,hid,"8,9,10,11,18,20,24,26,28",4,90,165,239,8,0,240,255,28,160,20,251,0,0,0,0,0,0,165,255,68,0,5,0,121,0,197,11,127,12,0,0
18.209,hid,"8,9,10,11,18,20,22,24,26,28",4,90,165,239,8,0,240,255,8,142,136,252,0,0,0,0,0,0,153,255,73,0,10,0,96,0,200,11,151,12,0,0
18.241,hid,"8,9,10,11,18,20,22,24,26,28",4,90,165,239,8,0,240,255,0,128,84,254,0,0,0,0,0,0,160,255,71,0,22,0,114,0,161,11,218,12,0,0
18.272,hid,"10,11,18,20,22,24,26,28",4,90,165,239,8,0,240,255,0,128,120,1,0,0,0,0,0,0,176,255,39,0,32,0,113,0,160,11,224,12,0,0
18.287,hid,"10,11,18,20,22,24,26,28,29",4,90,165,239,8,0,240,255,0,128,32,4,0,0,0,0,0,0,210,255,32,0,24,0,190,0,65,11,13,13,0,0
18.318,hid,"10,11,18,20,22,24,26,28,29",4,90,165,239,8,0,240,255,0,128,240,8,0,0,0,0,0,0,229,255,23,0,28,0,128,0,119,11,208,12,0,0
18.333,hid,"10,11,18,20,22,24,26",4,90,165,239,8,0,240,255,0,128,104,11,0,0,0,0,0,0,227,255,20,0,22,0,147,0,106,11,208,12,0,0
18.349,hid,"10,11,18,20,22,24,26,28",4,90,165,239,8,0,240,255,0,128,28,14,0,0,0,0,0,0,235,255,17,0,15,0,128,0,103,11,220,12,0,0
18.38,hid,"11,18,20,22,24,26,28",4,90,165,239,8,0,240,255,0,128,28,20,0,0,0,0,0,0,243,255,1,0,4,0,107,0,125,11,206,12,0,0
18.38,hid,10,4,90,165,239,8,0,240,255,0,128,196,20,0,0,0,0,0,0,243,255,1,0,4,0,107,0,125,11,206,12,0,0
18.411,hid,"10,11,18,20,21,22,23,24,26,28",4,90,165,239,8,0,240,255,0,128,204,27,0,0,0,0,0,0,229,255,249,255,251,255,113,0,126,11,191,12,0,0
18.427,hid,"10,11,18,20,22,24,26,28",4,90,165,239,8,0,240,255,0,128,96,34,0,0,0,0,0,0,247,255,247,255,245,255,104,0,105,11,250,12,0,0
18.459,hid,"10,11,18,19,20,22,24,26,28",4,90,165,239,8,0,240,255,0,128,220,48,0,0,0,0,0,0,23,0,248,255,242,255,106,0,140,11,207,12,0,0
18.475,hid,"10,11,18,20,22,24,26,28",4,90,165,239,8,0,240,255,0,128,144,54,0,0,0,0,0,0,21,0,247,255,243,255,112,0,147,11,193,12,0,0
18.49,hid,"10,11,18,20,22,24,26,28",4,90,165,239,8,0,240,255,0,128,92,58,0,0,0,0,0,0,23,0,253,255,241,255,116,0,142,11,194,12,0,0
18.506,hid,"10,11,18,20,22,24,26,28",4,90,165,239,8,0,240,255,0,128,0,63,0,0,0,0,0,0,11,0,254,255,246,255,98,0,167,11,160,12,0,0
18.537,hid,"8,9,10,11,18,19,20,21,22,24,26,28",4,90,165,239,8,0,240,255,72,130,180,73,0,0,0,0,0,0,248,255,6,0,251,255,110,0,179,11,169,12,0,0
18.552,hid,"8,9,10,11,18,20,24,26,28",4,90,165,239,8,0,240,255,116,132,168,77,0,0,0,0,0,0,239,255,7,0,251,255,102,0,157,11,164,12,0,0
18.568,hid,"8,9,10,11,18,20,22,24,26,28",4,90,165,239,8,0,240,255,148,135,12,83,0,0,0,0,0,0,240,255,9,0,249,255,111,0,152,11,186,12,0,0
18.599,hid,"8,9,10,11,18,20,22,24,26,28",4,90,165,239,8,0,240,255,176,138,248,87,0,0,0,0,0,0,242,255,13,0,255,255,109,0,146,11,212,12,0,0
18.615,hid,"18,19,20,21,24,26,28,29",4,90,165,239,8,0,240,255,176,138,248,87,0,0,0,0,0,0,40,0,253,255,255,255,136,0,73,11,85,13,0,0
18.63,hid,"8,9,11,18,20,22,23,24,26,28",4,90,165,239,8,0,240,255,84,145,248,79,0,0,0,0,0,0,107,0,239,255,8,0,106,0,97,11,69,13,0,0
18.646,hid,"8,9,10,11,18,20,22,24,26,28,29",4,90,165,239,8,0,240,255,176,174,140,41,0,0,0,0,0,0,75,0,248,255,10,0,122,0,191,11,41,12,0,0
18.676,hid,"8,9,10,11,18,19,20,21,22,24,26,28",4,90,165,239,8,0,240,255,204,254,36,1,0,0,0,0,0,0,208,255,0,0,2,0,210,0,139,11,159,12,0,0
18.692,hid,"8,9,10,11,18,20,21,22,24,26,28",4,90,165,239,8,0,240,255,52,0,224,255,0,0,0,0,0,0,213,255,255,255,21,0,100,0,148,11,203,12,0,0
18.708,hid,"18,20,22,24,26,28,29",4,90,165,239,8,0,240,255,52,0,224,255,0,0,0,0,0,0,245,255,241,255,11,0,70,0,86,11,15,13,0,0
18.738,hid,"8,10,11,18,19,20,22,24,26,28,29",4,90,165,239,8,0,240,255,8,0,4,0,0,0,0,0,0,0,46,0,222,255,4,0,116,0,127,11,248,12,0,0
18.754,hid,"18,20,22,23,24,26,28",4,90,165,239,8,0,240,255,8,0,4,0,0,0,0,0,0,0,49,0,226,255,249,255,134,0,97,11,161,12,0,0
18.769,hid,"18,20,22,24,26,28",4,90,165,239,8,0,240,255,8,0,4,0,0,0,0,0,0,0,42,0,228,255,245,255,117,0,134,11,163,12,0,0
18.8,hid,"18,20,22,24,26,28",4,90,165,239,8,0,240,255,8,0,4,0,0,0,0,0,0,0,65,0,227,255,236,255,122,0,120,11,228,12,0,0
18.832,hid,"18,20,22,24,26,28",4,90,165,239,8,0,240,255,8,0,4,0,0,0,0,0,0,0,78,0,218,255,235,255,139,0,158,11,181,12,0,0
18.847,hid,"18,20,22,24,26,28",4,90,165,239,8,0,240,255,8,0,4,0,0,0,0,0,0,0,91,0,211,255,234,255,121,0,159,11,219,12,0,0
18.879,hid,"18,20,22,24,26,28",4,90,165,239,8,0,240,255,8,0,4,0,0,0,0,0,0,0,72,0,224,255,239,255,163,0,212,11,93,12,0,0
18.894,hid,"18,20,22,24,26,28",4,90,165,239,8,0,240,255,8,0,4,0,0,0,0,0,0,0,54,0,236,255,243,255,151,0,218,11,92,12,0,0
18.911,hid,"18,20,22,24,26,28",4,90,165,239,8,0,240,255,8,0,4,0,0,0,0,0,0,0,14,0,254,255,248,255,120,0,232,11,75,12,0,0
18.926,hid,"18,19,20,21,22,24,28",4,90,165,239,8,0,240,255,8,0,4,0,0,0,0,0,0,0,255,255,3,0,254,255,92,0,232,11,111,12,0,0
18.957,hid,"18,19,20,22,24,26,28",4,90,165,239,8,0,240,255,8,0,4,0,0,0,0,0,0,0,7,0,7,0,253,255,123,0,184,11,166,12,0,0
18.972,hid,"18,20,24,26,28",4,90,165,239,8,0,240,255,8,0,4,0,0,0,0,0,0,0,3,0,11,0,253,255,145,0,212,11,136,12,0,0
18.988,hid,"18,19,20,22,23,24,26,28",4,90,165,239,8,0,240,255,8,0,4,0,0,0,0,0,0,0,224,255,22,0,9,0,140,0,233,11,90,12,0,0
19.019,hid,"18,20,22,24,26,28",4,90,165,239,8,0,240,255,8,0,4,0,0,0,0,0,0,0,216,255,29,0,15,0,120,0,164,11,192,12,0,0
19.035,hid,"18,20,22,24,26,28",4,90,165,239,8,0,240,255,8,0,4,0,0,0,0,0,0,0,240,255,23,0,13,0,136,0,149,11,239,12,0,0
19.05,hid,"18,20,22,24,26,28",4,90,165,239,8,0,240,255,8,0,4,0,0,0,0,0,0,0,248,255,21,0,12,0,148,0,139,11,193,12,0,0
19.065,hid,"18,20,22,24,26,28",4,90,165,239,8,0,240,255,8,0,4,0,0,0,0,0,0,0,234,255,19,0,7,0,142,0,179,11,149,12,0,0
19.097,hid,"18,20,22,23,24,26,28",4,90,165,239,8,0,240,255,8,0,4,0,0,0,0,0,0,0,230,255,8,0,253,255,135,0,153,11,195,12,0,0
19.112,hid,"18,20,21,22,24,26,28",4,90,165,239,8,0,240,255,8,0,4,0,0,0,0,0,0,0,243,255,252,255,251,255,142,0,144,11,185,12,0,0
19.128,hid,"18,22,24,26,28",4,90,165,239,8,0,240,255,8,0,4,0,0,0,0,0,0,0,238,255,252,255,253,255,136,0,171,11,156,12,0,0
19.159,hid,"18,20,22,24,26,28",4,90,165,239,8,0,240,255,8,0,4,0,0,0,0,0,0,0,241,255,248,255,243,255,124,0,129,11,189,12,0,0
19.175,hid,"18,20,22,24,26,28",4,90,165,239,8,0,240,255,8,0,4,0,0,0,0,0,0,0,249,255,245,255,240,255,110,0,139,11,196,12,0,0
19.191,hid,"18,20,22,24,26,28",4,90,165,239,8,0,240,255,8,0,4,0,0,0,0,0,0,0,244,255,248,255,239,255,129,0,161,11,167,12,0,0
19.207,hid,"18,20,24,26,28",4,90,165,239,8,0,240,255,8,0,4,0,0,0,0,0,0,0,234,255,249,255,239,255,135,0,184,11,140,12,0,0
19.238,hid,"18,20,22,24,26,28",4,90,165,239,8,0,240,255,8,0,4,0,0,0,0,0,0,0,254,255,237,255,248,255,117,0,142,11,230,12,0,0
19.254,hid,"18,19,20,22,24,26,28",4,90,165,239,8,0,240,255,8,0,4,0,0,0,0,0,0,0,14,0,244,255,244,255,131,0,146,11,181,12,0,0
19.269,hid,"18,20,22,24,26,28",4,90,165,239,8,0,240,255,8,0,4,0,0,0,0,0,0,0,0,0,248,255,245,255,122,0,196,11,128,12,0,0
19.3,hid,"18,19,20,21,22,24,26,28",4,90,165,239,8,0,240,255,8,0,4,0,0,0,0,0,0,0,234,255,2,0,241,255,117,0,190,11,147,12,0,0
19.331,hid,"13,16,17,18,20,22,24,26,28",4,90,165,239,8,0,240,255,8,0,4,0,0,48,0,0,18,53,246,255,27,0,255,255,106,0,154,11,161,12,0,0
19.346,hid,"16,17,18,19,20,22,23,24,26,28",4,90,165,239,8,0,240,255,8,0,4,0,0,48,0,0,96,95,14,0,24,0,1,0,109,0,139,11,214,12,0,0
19.378,hid,"16,17,18,20,22,24,26,28",4,90,165,239,8,0,240,255,8,0,4,0,0,48,0,0,247,214,52,0,27,0,3,0,99,0,163,11,192,12,0,0
19.378,log,sig#9,,,,,,,,,,,,,,,,,,,,,,,,,,,,,,,,
19.393,hid,"16,17,18,20,22,24,26,28",4,90,165,239,8,0,240,255,8,0,4,0,0,48,0,0,255,255,36,0,25,0,12,0,112,0,218,11,125,12,0,0
19.408,hid,"18,19,20,22,24,26,28",4,90,165,239,8,0,240,255,8,0,4,0,0,48,0,0,255,255,252,255,26,0,26,0,163,0,221,11,95,12,0,0
19.44,hid,"8,9,10,11,18,20,22,24,26,28",4,90,165,239,8,0,240,255,236,255,212,255,0,48,0,0,255,255,201,255,14,0,13,0,151,0,184,11,216,12,0,0
19.471,hid,"18,20,22,23,24,26,28",4,90,165,239,8,0,240,255,236,255,212,255,0,48,0,0,255,255,222,255,4,0,250,255,122,0,115,11,224,12,0,0
19.471,log,sig#10,,,,,,,,,,,,,,,,,,,,,,,,,,,,,,,,
19.487,hid,"18,20,22,24,26,28",4,90,165,239,8,0,240,255,236,255,212,255,0,48,0,0,255,255,234,255,0,0,248,255,115,0,140,11,221,12,0,0
19.519,hid,"18,19,20,21,22,24,26,28",4,90,165,239,8,0,240,255,236,255,212,255,0,48,0,0,255,255,11,0,245,255,251,255,130,0,113,11,208,12,0,0
19.535,hid,"18,20,22,24,26,28",4,90,165,239,8,0,240,255,236,255,212,255,0,48,0,0,255,255,37,0,246,255,245,255,114,0,131,11,225,12,0,0
19.551,hid,"18,20,22,24,26,28",4,90,165,239,8,0,240,255,236,255,212,255,0,48,0,0,255,255,56,0,241,255,235,255,126,0,126,11,217,12,0,0
19.566,hid,"18,20,22,24,26,28",4,90,165,239,8,0,240,255,236,255,212,255,0,48,0,0,255,255,57,0,240,255,237,255,103,0,124,11,182,12,0,0
19.598,hid,"8,9,10,11,18,20,22,24,26,28",4,90,165,239,8,0,240,255,4,0,4,0,0,48,0,0,255,255,58,0,235,255,236,255,111,0,207,11,132,12,0,0
19.613,hid,"18,20,22,24,26,28",4,90,165,239,8,0,240,255,4,0,4,0,0,48,0,0,255,255,37,0,229,255,222,255,129,0,185,11,138,12,0,0
19.629,hid,"18,20,22,24,26,28",4,90,165,239,8,0,240,255,4,0,4,0,0,48,0,0,255,255,55,0,233,255,219,255,151,0,194,11,175,12,0,0
19.66,hid,"18,20,22,24,26,28",4,90,165,239,8,0,240,255,4,0,4,0,0,48,0,0,255,255,29,0,245,255,239,255,109,0,229,11,91,12,0,0
19.691,hid,"18,19,20,21,22,24,26,28",4,90,165,239,8,0,240,255,4,0,4,0,0,48,0,0,255,255,243,255,6,0,251,255,117,0,196,11,131,12,0,0
19.707,hid,"18,20,22,24,26,28",4,90,165,239,8,0,240,255,4,0,4,0,0,48,0,0,255,255,248,255,9,0,253,255,121,0,191,11,159,12,0,0
19.739,hid,"18,20,22,23,24,26,28",4,90,165,239,8,0,240,255,4,0,4,0,0,48,0,0,255,255,221,255,14,0,10,0,124,0,199,11,132,12,0,0
19.754,hid,"18,20,22,24,26,28",4,90,165,239,8,0,240,255,4,0,4,0,0,48,0,0,255,255,216,255,24,0,14,0,132,0,190,11,150,12,0,0
19.77,hid,"16,18,20,22,24,26,28",4,90,165,239,8,0,240,255,4,0,4,0,0,48,0,0,251,255,221,255,21,0,20,0,121,0,178,11,183,12,0,0
19.786,hid,"16,18,20,22,24,26",4,90,165,239,8,0,240,255,4,0,4,0,0,48,0,0,245,255,222,255,19,0,19,0,125,0,172,11,183,12,0,0
19.817,hid,"16,18,20,22,24,26,28",4,90,165,239,8,0,240,255,4,0,4,0,0,48,0,0,231,255,229,255,11,0,18,0,127,0,155,11,169,12,0,0
19.833,hid,"16,18,20,22,24,26,28",4,90,165,239,8,0,240,255,4,0,4,0,0,48,0,0,224,255,231,255,8,0,9,0,126,0,153,11,188,12,0,0
19.849,hid,"16,18,20,22,26,28",4,90,165,239,8,0,240,255,4,0,4,0,0,48,0,0,216,255,232,255,2,0,5,0,126,0,141,11,178,12,0,0
19.88,hid,"16,18,19,20,21,22,24,26,28",4,90,165,239,8,0,240,255,4,0,4,0,0,48,0,0,198,255,1,0,245,255,0,0,132,0,151,11,206,12,0,0
19.911,hid,"16,18,20,22,23,24,26,28",4,90,165,239,8,0,240,255,4,0,4,0,0,48,0,0,185,255,33,0,241,255,239,255,125,0,140,11,209,12,0,0
19.926,hid,"16,18,20,22,26,28",4,90,165,239,8,0,240,255,4,0,4,0,0,48,0,0,181,255,36,0,237,255,238,255,125,0,159,11,182,12,0,0
19.958,hid,"16,18,22,24,26,28",4,90,165,239,8,0,240,255,4,0,4,0,0,48,0,0,170,255,34,0,237,255,237,255,131,0,185,11,159,12,0,0
19.973,hid,"16,18,20,22,24,26,28",4,90,165,239,8,0,240,255,4,0,4,0,0,48,0,0,159,255,22,0,242,255,241,255,111,0,199,11,136,12,0,0
19.988,hid,"16,18,20,22,24,26,28",4,90,165,239,8,0,240,255,4,0,4,0,0,48,0,0,154,255,15,0,247,255,246,255,117,0,201,11,141,12,0,0
20.019,hid,"16,18,19,20,21,22,26,28",4,90,165,239,8,0,240,255,4,0,4,0,0,48,0,0,143,255,253,255,2,0,251,255,117,0,218,11,130,12,0,0
20.035,hid,"16,18,20,22,23,24,26,28",4,90,165,239,8,0,240,255,4,0,4,0,0,48,0,0,134,255,244,255,5,0,1,0,126,0,197,11,140,12,0,0
20.05,hid,"16,18,20,22,24,26",4,90,165,239,8,0,240,255,4,0,4,0,0,48,0,0,121,255,238,255,10,0,3,0,118,0,213,11,140,12,0,0
20.066,hid,"16,18,20,22,24,26,28",4,90,165,239,8,0,240,255,4,0,4,0,0,48,0,0,112,255,222,255,13,0,9,0,117,0,200,11,135,12,0,0
20.097,hid,"16,18,20,22,24,26,28",4,90,165,239,8,0,240,255,4,0,4,0,0,48,0,0,94,255,213,255,18,0,17,0,136,0,194,11,143,12,0,0
20.112,hid,"16,18,20,22,24,26,28",4,90,165,239,8,0,240,255,4,0,4,0,0,48,0,0,85,255,209,255,20,0,19,0,129,0,193,11,146,12,0,0
20.128,hid,"16,18,20,22,24,26,28",4,90,165,239,8,0,240,255,4,0,4,0,0,48,0,0,80,255,207,255,17,0,16,0,141,0,157,11,184,12,0,0
20.16,hid,"16,17,18,20,22,24,26,28",4,90,165,239,8,0,240,255,4,0,4,0,0,48,0,0,68,246,213,255,8,0,13,0,110,0,135,11,211,12,0,0
20.16,hid,"16,17",4,90,165,239,8,0,240,255,4,0,4,0,0,48,0,0,65,244,213,255,8,0,13,0,110,0,135,11,211,12,0,0
20.191,hid,"16,17,18,20,22,24,26,28",4,90,165,239,8,0,240,255,4,0,4,0,0,48,0,0,61,236,233,255,3,0,1,0,137,0,124,11,196,12,0,0
20.206,hid,"16,17,18,20,21,22,23,24,26,28",4,90,165,239,8,0,240,255,4,0,4,0,0,48,0,0,55,228,243,255,252,255,251,255,128,0,109,11,223,12,0,0
20.238,hid,"16,17,18,19,20,22,24,26,28",4,90,165,239,8,0,240,255,4,0,4,0,0,48,0,0,46,214,4,0,249,255,247,255,135,0,133,11,192,12,0,0
20.254,hid,"17,18,20,22,24,26,28",4,90,165,239,8,0,240,255,4,0,4,0,0,48,0,0,46,208,20,0,245,255,244,255,121,0,125,11,198,12,0,0
20.269,hid,"16,17,18,20,22,24,26,28",4,90,165,239,8,0,240,255,4,0,4,0,0,48,0,0,44,203,24,0,248,255,245,255,135,0,148,11,195,12,0,0
20.301,hid,"17,18,20,22,24,26,28",4,90,165,239,8,0,240,255,4,0,4,0,0,48,0,0,44,193,17,0,240,255,238,255,116,0,179,11,165,12,0,0
20.302,hid,"18,20,24,26,28",4,90,165,239,8,0,240,255,4,0,4,0,0,48,0,0,44,193,15,0,241,255,238,255,117,0,184,11,166,12,0,0
20.332,hid,"17,18,19,20,24,26,28",4,90,165,239,8,0,240,255,4,0,4,0,0,48,0,0,44,185,252,255,237,255,238,255,120,0,179,11,149,12,0,0
20.348,hid,"16,18,20,22,24,26,28",4,90,165,239,8,0,240,255,4,0,4,0,0,48,0,0,46,185,242,255,243,255,239,255,119,0,209,11,142,12,0,0
20.379,hid,"16,18,20,22,24,26,28",4,90,165,239,8,0,240,255,4,0,4,0,0,48,0,0,52,185,237,255,255,255,243,255,123,0,169,11,182,12,0,0
20.394,hid,"16,18,20,21,22,24,26,28",4,90,165,239,8,0,240,255,4,0,4,0,0,48,0,0,54,185,239,255,3,0,247,255,121,0,183,11,175,12,0,0
20.41,hid,"16,17,18,20,22,24,26,28",4,90,165,239,8,0,240,255,4,0,4,0,0,48,0,0,57,187,232,255,9,0,251,255,120,0,170,11,162,12,0,0
20.426,hid,"16,17,18,20,22,23,24,26,28",4,90,165,239,8,0,240,255,4,0,4,0,0,48,0,0,61,190,235,255,17,0,3,0,116,0,193,11,163,12,0,0
20.457,hid,"4,5,6,7,16,17,18,20,22,24,26,28",4,90,165,239,224,255,12,0,4,0,4,0,0,48,0,0,69,197,220,255,18,0,20,0,111,0,164,11,166,12,0,0
20.472,hid,"16,17,18,20,22,24,26,28",4,90,165,239,224,255,12,0,4,0,4,0,0,48,0,0,73,202,209,255,22,0,23,0,121,0,186,11,181,12,0,0
20.487,hid,"16,17,18,20,22,24,26,28",4,90,165,239,224,255,12,0,4,0,4,0,0,48,0,0,80,208,212,255,12,0,14,0,134,0,145,11,200,12,0,0
20.519,hid,"16,17,18,20,22,24,26,28",4,90,165,239,224,255,12,0,4,0,4,0,0,48,0,0,92,217,219,255,11,0,13,0,142,0,129,11,208,12,0,0
20.534,hid,"16,17,18,20,22,24,26,28",4,90,165,239,224,255,12,0,4,0,4,0,0,48,0,0,93,220,222,255,8,0,9,0,151,0,105,11,213,12,0,0
20.55,hid,"16,17,18,20,22,24,26,28,29",4,90,165,239,224,255,12,0,4,0,4,0,0,48,0,0,95,224,244,255,5,0,6,0,121,0,91,11,0,13,0,0
20.565,hid,"16,17,18,19,20,22,23,24,26,28,29",4,90,165,239,224,255,12,0,4,0,4,0,0,48,0,0,99,227,11,0,0,0,254,255,129,0,81,11,255,12,0,0
20.596,hid,"16,17,18,20,21,22,24,26,28",4,90,165,239,224,255,12,0,4,0,4,0,0,48,0,0,104,231,22,0,252,255,244,255,137,0,94,11,203,12,0,0
20.612,hid,"17,18,20,22,24,26,28",4,90,165,239,224,255,12,0,4,0,4,0,0,48,0,0,104,234,39,0,249,255,241,255,132,0,113,11,225,12,0,0
20.628,hid,"17,18,20,22,24,26,28",4,90,165,239,224,255,12,0,4,0,4,0,0,48,0,0,104,236,45,0,244,255,237,255,134,0,123,11,222,12,0,0
20.659,hid,"16,17,18,20,22,24,26,28",4,90,165,239,224,255,12,0,4,0,4,0,0,48,0,0,106,238,54,0,238,255,231,255,123,0,152,11,197,12,0,0
20.674,hid,"18,20,26,28",4,90,165,239,224,255,12,0,4,0,4,0,0,48,0,0,106,238,55,0,242,255,231,255,123,0,174,11,181,12,0,0
20.69,hid,"18,20,22,24,26,28",4,90,165,239,224,255,12,0,4,0,4,0,0,48,0,0,106,238,45,0,235,255,235,255,126,0,184,11,159,12,0,0
20.705,hid,"18,20,22,24,26,28",4,90,165,239,224,255,12,0,4,0,4,0,0,48,0,0,106,238,40,0,242,255,237,255,127,0,192,11,144,12,0,0
20.737,hid,"16,18,20,21,22,23,24,26,28",4,90,165,239,224,255,12,0,4,0,4,0,0,48,0,0,104,238,1,0,5,0,1,0,107,0,219,11,113,12,0,0
20.753,hid,"18,19,20,24,26,28",4,90,165,239,224,255,12,0,4,0,4,0,0,48,0,0,104,238,250,255,14,0,1,0,119,0,188,11,141,12,0,0
20.769,hid,"16,18,20,22,24,26,28",4,90,165,239,224,255,12,0,4,0,4,0,0,48,0,0,103,238,249,255,22,0,5,0,90,0,182,11,171,12,0,0
20.8,hid,"16,17,18,20,22,24,26,28",4,90,165,239,224,255,12,0,4,0,4,0,0,48,0,0,101,236,245,255,28,0,13,0,123,0,165,11,175,12,0,0
20.8,hid,"20,22,24,28",4,90,165,239,224,255,12,0,4,0,4,0,0,48,0,0,101,236,245,255,29,0,14,0,133,0,165,11,172,12,0,0
20.831,hid,"16,18,19,20,22,24,26,28",4,90,165,239,224,255,12,0,4,0,4,0,0,48,0,0,99,236,2,0,27,0,19,0,140,0,153,11,200,12,0,0
20.846,hid,"18,20,22,24,26,28",4,90,165,239,224,255,12,0,4,0,4,0,0,48,0,0,99,236,0,0,26,0,20,0,131,0,172,11,175,12,0,0
20.878,hid,"16,18,19,20,22,24,26,28",4,90,165,239,224,255,12,0,4,0,4,0,0,48,0,0,91,236,250,255,33,0,26,0,121,0,155,11,185,12,0,0
20.893,hid,"16,17,18,19,20,22,24,26,28",4,90,165,239,224,255,12,0,4,0,4,0,0,48,0,0,87,234,4,0,24,0,21,0,104,0,128,11,201,12,0,0
20.909,hid,"16,18,22,26,28",4,90,165,239,224,255,12,0,4,0,4,0,0,48,0,0,85,234,9,0,24,0,18,0,104,0,132,11,193,12,0,0
20.941,hid,"17,18,20,22,24,26,28",4,90,165,239,224,255,12,0,4,0,4,0,0,48,0,0,85,230,19,0,4,0,5,0,139,0,129,11,203,12,0,0
20.941,hid,17,4,90,165,239,224,255,12,0,4,0,4,0,0,48,0,0,85,227,19,0,4,0,5,0,139,0,129,11,203,12,0,0
20.972,hid,"17,18,20,21,22,23,24,28",4,90,165,239,224,255,12,0,4,0,4,0,0,48,0,0,85,214,16,0,239,255,241,255,193,0,129,11,160,12,0,0
20.988,hid,"17,18,20,22,24,26,28",4,90,165,239,224,255,12,0,4,0,4,0,0,48,0,0,85,212,23,0,223,255,234,255,171,0,157,11,194,12,0,0
21.019,hid,"17,18,20,22,24,26,28",4,90,165,239,224,255,12,0,4,0,4,0,0,48,0,0,85,206,27,0,211,255,221,255,155,0,172,11,166,12,0,0
21.034,hid,"17,18,20,22,24,26,28",4,90,165,239,224,255,12,0,4,0,4,0,0,48,0,0,85,204,26,0,212,255,226,255,116,0,192,11,160,12,0,0
21.05,hid,"18,20,22,24,26,28",4,90,165,239,224,255,12,0,4,0,4,0,0,48,0,0,85,204,11,0,224,255,232,255,95,0,197,11,131,12,0,0
21.066,hid,"18,20,22,24,26,28",4,90,165,239,224,255,12,0,4,0,4,0,0,48,0,0,85,204,2,0,232,255,236,255,75,0,198,11,152,12,0,0
21.096,hid,"18,19,20,22,24,26,28",4,90,165,239,224,255,12,0,4,0,4,0,0,48,0,0,85,204,250,255,251,255,248,255,81,0,200,11,137,12,0,0
21.112,hid,"18,20,21,22,24,26,28",4,90,165,239,224,255,12,0,4,0,4,0,0,48,0,0,85,204,245,255,4,0,251,255,90,0,211,11,126,12,0,0
21.128,hid,"18,20,22,23,24,26,28",4,90,165,239,224,255,12,0,4,0,4,0,0,48,0,0,85,204,241,255,20,0,3,0,94,0,200,11,146,12,0,0
21.158,hid,"18,20,22,24,26,28",4,90,165,239,224,255,12,0,4,0,4,0,0,48,0,0,85,204,232,255,35,0,22,0,120,0,192,11,169,12,0,0
21.174,hid,"18,20,22,24,26,28",4,90,165,239,224,255,12,0,4,0,4,0,0,48,0,0,85,204,231,255,38,0,20,0,137,0,161,11,172,12,0,0
21.189,hid,"18,20,24,26,28",4,90,165,239,224,255,12,0,4,0,4,0,0,48,0,0,85,204,237,255,37,0,20,0,154,0,158,11,185,12,0,0
21.22,hid,"18,20,22,24,26,28",4,90,165,239,224,255,12,0,4,0,4,0,0,48,0,0,85,204,247,255,16,0,7,0,167,0,136,11,189,12,0,0
21.22,hid,"18,20,22,24,26",4,90,165,239,224,255,12,0,4,0,4,0,0,48,0,0,85,204,248,255,14,0,5,0,168,0,135,11,189,12,0,0
21.251,hid,"18,20,21,22,23,24,26,28",4,90,165,239,224,255,12,0,4,0,4,0,0,48,0,0,85,204,254,255,251,255,252,255,145,0,146,11,194,12,0,0
21.266,hid,"18,19,20,22,24,26,28",4,90,165,239,224,255,12,0,4,0,4,0,0,48,0,0,85,204,1,0,245,255,245,255,159,0,134,11,176,12,0,0
21.297,hid,"18,20,22,24,26,28",4,90,165,239,224,255,12,0,4,0,4,0,0,48,0,0,85,204,20,0,237,255,234,255,109,0,152,11,206,12,0,0
21.313,hid,"18,20,22,24,26,28",4,90,165,239,224,255,12,0,4,0,4,0,0,48,0,0,85,204,23,0,232,255,230,255,113,0,150,11,180,12,0,0
21.328,hid,"20,22,24,26,28",4,90,165,239,224,255,12,0,4,0,4,0,0,48,0,0,85,204,23,0,236,255,236,255,108,0,168,11,170,12,0,0
21.359,hid,"17,18,20,22,26,28",4,90,165,239,224,255,12,0,4,0,4,0,0,48,0,0,85,202,40,0,241,255,235,255,108,0,143,11,198,12,0,0
21.374,hid,"16,18,22,24,26,28",4,90,165,239,224,255,12,0,4,0,4,0,0,48,0,0,83,202,51,0,241,255,242,255,95,0,159,11,197,12,0,0
21.39,hid,"16,17,18,20,24,26,28",4,90,165,239,224,255,12,0,4,0,4,0,0,48,0,0,79,201,58,0,248,255,242,255,103,0,181,11,165,12,0,0
21.406,hid,"17,18,20,22,24,26,28",4,90,165,239,224,255,12,0,4,0,4,0,0,48,0,0,79,197,52,0,246,255,245,255,127,0,211,11,151,12,0,0
21.437,hid,"16,17,18,20,22,23,24,26,28",4,90,165,239,224,255,12,0,4,0,4,0,0,48,0,0,78,193,32,0,250,255,0,0,108,0,225,11,112,12,0,0
21.453,hid,"4,5,6,7,16,18,20,22,24,26,28",4,90,165,239,108,0,220,255,4,0,4,0,0,48,0,0,76,193,12,0,251,255,1,0,109,0,234,11,102,12,0,0
21.469,hid,"18,20,21,22,23,24,26,28",4,90,165,239,108,0,220,255,4,0,4,0,0,48,0,0,76,193,2,0,2,0,255,255,115,0,229,11,103,12,0,0
21.5,hid,"18,19,20,22,23,24,26,28",4,90,165,239,108,0,220,255,4,0,4,0,0,48,0,0,76,193,219,255,8,0,8,0,132,0,252,11,106,12,0,0
21.53,hid,"4,6,16,18,20,22,24,26,28",4,90,165,239,56,0,224,255,4,0,4,0,0,48,0,0,74,193,203,255,12,0,7,0,119,0,197,11,157,12,0,0
21.546,hid,"4,5,16,18,20,22,24,26,28",4,90,165,239,244,255,224,255,4,0,4,0,0,48,0,0,70,193,204,255,15,0,11,0,128,0,158,11,178,12,0,0
21.577,hid,"16,18,20,22,24,26,28",4,90,165,239,244,255,224,255,4,0,4,0,0,48,0,0,65,193,235,255,17,0,10,0,131,0,143,11,204,12,0,0
21.592,hid,"18,20,22,24,26,28",4,90,165,239,244,255,224,255,4,0,4,0,0,48,0,0,65,193,254,255,19,0,9,0,134,0,136,11,203,12,0,0
21.608,hid,"16,18,19,20,22,24,26,28",4,90,165,239,244,255,224,255,4,0,4,0,0,48,0,0,63,193,6,0,17,0,8,0,126,0,138,11,205,12,0,0
21.639,hid,"16,18,20,22,24,26,28",4,90,165,239,244,255,224,255,4,0,4,0,0,48,0,0,61,193,15,0,5,0,2,0,97,0,169,11,176,12,0,0
21.655,hid,"18,20,21,22,23,24,26,28",4,90,165,239,244,255,224,255,4,0,4,0,0,48,0,0,61,193,5,0,255,255,254,255,121,0,184,11,148,12,0,0
21.671,hid,"18,19,20,22,24,26,28",4,90,165,239,244,255,224,255,4,0,4,0,0,48,0,0,61,193,255,255,254,255,249,255,126,0,171,11,146,12,0,0
21.687,hid,"18,19,20,22,24,26,28",4,90,165,239,244,255,224,255,4,0,4,0,0,48,0,0,61,193,3,0,250,255,247,255,141,0,160,11,174,12,0,0
21.719,hid,"4,5,6,7,18,20,22,26,28",4,90,165,239,28,0,4,0,4,0,4,0,0,48,0,0,61,193,16,0,242,255,242,255,141,0,168,11,176,12,0,0
21.734,hid,"18,20,22,24,26,28",4,90,165,239,28,0,4,0,4,0,4,0,0,48,0,0,61,193,20,0,243,255,244,255,144,0,167,11,170,12,0,0
21.75,hid,"4,6,7,18,20,22,24,26,28",4,90,165,239,76,0,244,255,4,0,4,0,0,48,0,0,61,193,26,0,239,255,248,255,134,0,172,11,167,12,0,0
21.765,hid,"18,20,22,24,26,28",4,90,165,239,76,0,244,255,4,0,4,0,0,48,0,0,61,193,27,0,236,255,241,255,119,0,184,11,163,12,0,0
21.796,hid,"16,18,20,22,24,26,28",4,90,165,239,76,0,244,255,4,0,4,0,0,48,0,0,60,193,12,0,240,255,242,255,108,0,210,11,135,12,0,0
21.811,hid,"18,20,22,24,26,28",4,90,165,239,76,0,244,255,4,0,4,0,0,48,0,0,60,193,3,0,245,255,246,255,94,0,212,11,133,12,0,0
21.827,hid,"16,18,19,20,22,24,26,28",4,90,165,239,76,0,244,255,4,0,4,0,0,48,0,0,57,193,245,255,253,255,252,255,93,0,220,11,129,12,0,0
21.857,hid,"16,18,20,21,22,24,26,28",4,90,165,239,76,0,244,255,4,0,4,0,0,48,0,0,53,193,240,255,7,0,254,255,112,0,204,11,133,12,0,0
21.873,hid,"18,22,23,24,26,28",4,90,165,239,76,0,244,255,4,0,4,0,0,48,0,0,53,193,227,255,7,0,5,0,99,0,221,11,132,12,0,0
21.889,hid,"16,18,20,22,24,26,28",4,90,165,239,76,0,244,255,4,0,4,0,0,48,0,0,51,193,228,255,16,0,7,0,113,0,175,11,158,12,0,0
21.92,hid,"4,6,16,18,20,22,24,28",4,90,165,239,48,0,188,255,4,0,4,0,0,48,0,0,46,193,244,255,15,0,11,0,138,0,175,11,174,12,0,0
21.95,hid,"4,5,6,16,18,20,22,24,26,28",4,90,165,239,244,255,180,255,4,0,4,0,0,48,0,0,44,193,245,255,14,0,8,0,135,0,167,11,178,12,0,0
21.966,hid,"16,18,19,20,22,24,26,28",4,90,165,239,244,255,180,255,4,0,4,0,0,48,0,0,43,193,0,0,13,0,5,0,124,0,147,11,202,12,0,0
21.997,hid,"4,6,18,20,22,24,26,28",4,90,165,239,192,255,192,255,4,0,4,0,0,48,0,0,43,193,11,0,8,0,4,0,138,0,187,11,149,12,0,0
22.012,hid,"18,20,22,26,28",4,90,165,239,192,255,192,255,4,0,4,0,0,48,0,0,43,193,5,0,9,0,2,0,138,0,186,11,152,12,0,0
22.028,hid,"18,19,20,22,24,26,28",4,90,165,239,192,255,192,255,4,0,4,0,0,48,0,0,43,193,255,255,8,0,9,0,132,0,188,11,155,12,0,0
22.059,hid,"18,20,22,23,24,26,28",4,90,165,239,192,255,192,255,4,0,4,0,0,48,0,0,43,193,245,255,4,0,255,255,113,0,173,11,164,12,0,0
22.074,hid,"16,18,20,21,24,26,28",4,90,165,239,192,255,192,255,4,0,4,0,0,48,0,0,41,193,243,255,253,255,255,255,106,0,170,11,175,12,0,0
22.089,hid,"18,19,22,24,26,28",4,90,165,239,192,255,192,255,4,0,4,0,0,48,0,0,41,193,2,0,253,255,245,255,142,0,136,11,204,12,0,0
22.121,hid,"4,6,18,20,22,24,26,28",4,90,165,239,244,255,212,255,4,0,4,0,0,48,0,0,41,193,29,0,250,255,243,255,128,0,150,11,182,12,0,0
22.122,hid,"18,24,26,28",4,90,165,239,244,255,212,255,4,0,4,0,0,48,0,0,41,193,30,0,250,255,243,255,126,0,154,11,181,12,0,0
22.152,hid,"18,20,24,26,28",4,90,165,239,244,255,212,255,4,0,4,0,0,48,0,0,41,193,32,0,244,255,243,255,124,0,184,11,170,12,0,0
22.167,hid,"4,5,6,18,20,22,24,26,28",4,90,165,239,32,0,200,255,4,0,4,0,0,48,0,0,41,193,28,0,246,255,246,255,118,0,215,11,142,12,0,0
22.198,hid,"18,19,20,22,24,26,28",4,90,165,239,32,0,200,255,4,0,4,0,0,48,0,0,41,193,252,255,248,255,249,255,94,0,233,11,120,12,0,0
22.214,hid,"18,20,24,26,28",4,90,165,239,32,0,200,255,4,0,4,0,0,48,0,0,41,193,248,255,250,255,249,255,108,0,210,11,133,12,0,0
22.229,hid,"18,20,24,26,28",4,90,165,239,32,0,200,255,4,0,4,0,0,48,0,0,41,193,242,255,255,255,249,255,121,0,224,11,124,12,0,0
22.261,hid,"18,20,21,22,23,24,26,28",4,90,165,239,32,0,200,255,4,0,4,0,0,48,0,0,41,193,216,255,2,0,2,0,136,0,184,11,155,12,0,0
22.292,hid,"4,5,6,18,20,22,24,26,28",4,90,165,239,224,255,212,255,4,0,4,0,0,48,0,0,41,193,241,255,8,0,3,0,127,0,148,11,205,12,0,0
22.308,hid,"16,18,20,22,24,28",4,90,165,239,224,255,212,255,4,0,4,0,0,48,0,0,40,193,251,255,11,0,6,0,129,0,148,11,200,12,0,0
22.339,hid,"4,18,19,20,22,24,26,28",4,90,165,239,152,255,212,255,4,0,4,0,0,48,0,0,40,193,17,0,10,0,2,0,130,0,151,11,198,12,0,0
22.355,hid,"17,18,20,24,26,28",4,90,165,239,152,255,212,255,4,0,4,0,0,48,0,0,40,191,19,0,6,0,2,0,111,0,166,11,170,12,0,0
22.37,hid,"17,18,20,22,23,24,26,28",4,90,165,239,152,255,212,255,4,0,4,0,0,48,0,0,40,189,25,0,3,0,251,255,108,0,151,11,172,12,0,0
22.385,hid,"17,20,21,22,24,26,28",4,90,165,239,152,255,212,255,4,0,4,0,0,48,0,0,40,185,25,0,255,255,246,255,114,0,165,11,171,12,0,0
22.416,hid,"4,6,17,22,24,26,28",4,90,165,239,224,255,192,255,4,0,4,0,0,48,0,0,40,182,25,0,255,255,250,255,134,0,189,11,140,12,0,0
22.432,hid,"16,18,22,24,26,28",4,90,165,239,224,255,192,255,4,0,4,0,0,48,0,0,38,182,12,0,255,255,252,255,137,0,195,11,141,12,0,0
22.448,hid,"4,5,6,18,20,22,24,26,28",4,90,165,239,32,0,212,255,4,0,4,0,0,48,0,0,38,182,14,0,249,255,248,255,130,0,187,11,163,12,0,0
22.479,hid,"18,22,24,26,28",4,90,165,239,32,0,212,255,4,0,4,0,0,48,0,0,38,182,9,0,249,255,246,255,141,0,205,11,137,12,0,0
22.494,hid,"18,20,22,24,26,28",4,90,165,239,32,0,212,255,4,0,4,0,0,48,0,0,38,182,4,0,244,255,247,255,137,0,196,11,131,12,0,0
22.51,hid,"4,6,18,20,22,24,26,28",4,90,165,239,84,0,180,255,4,0,4,0,0,48,0,0,38,182,7,0,241,255,246,255,138,0,199,11,155,12,0,0
22.525,hid,"18,20,22,24,26,28",4,90,165,239,84,0,180,255,4,0,4,0,0,48,0,0,38,182,4,0,239,255,247,255,131,0,216,11,149,12,0,0
22.557,hid,"18,19,20,22,24,26,28",4,90,165,239,84,0,180,255,4,0,4,0,0,48,0,0,38,182,245,255,243,255,249,255,107,0,218,11,125,12,0,0
22.573,hid,"20,22,24,26,28",4,90,165,239,84,0,180,255,4,0,4,0,0,48,0,0,38,182,245,255,249,255,247,255,102,0,198,11,147,12,0,0
22.589,hid,"18,20,22,24,26",4,90,165,239,84,0,180,255,4,0,4,0,0,48,0,0,38,182,249,255,252,255,248,255,106,0,202,11,147,12,0,0
22.619,hid,"18,20,21,22,23,24,26,28",4,90,165,239,84,0,180,255,4,0,4,0,0,48,0,0,38,182,227,255,11,0,4,0,108,0,205,11,130,12,0,0
22.636,hid,"18,20,22,24,26,28",4,90,165,239,84,0,180,255,4,0,4,0,0,48,0,0,38,182,223,255,17,0,12,0,122,0,209,11,152,12,0,0
22.652,hid,"4,6,18,20,22,24,26,28",4,90,165,239,28,0,200,255,4,0,4,0,0,48,0,0,38,182,228,255,19,0,13,0,131,0,177,11,166,12,0,0
22.667,hid,"18,20,22,24,26,28",4,90,165,239,28,0,200,255,4,0,4,0,0,48,0,0,38,182,231,255,20,0,9,0,114,0,179,11,174,12,0,0
22.699,hid,"4,5,18,20,22,24,26,28",4,90,165,239,204,255,200,255,4,0,4,0,0,48,0,0,38,182,240,255,18,0,11,0,129,0,145,11,197,12,0,0
22.714,hid,"16,18,20,22,24,26,28",4,90,165,239,204,255,200,255,4,0,4,0,0,48,0,0,34,182,252,255,15,0,4,0,141,0,157,11,207,12,0,0
22.73,hid,"16,18,19,20,22,24,26,28",4,90,165,239,204,255,200,255,4,0,4,0,0,48,0,0,32,182,9,0,11,0,3,0,142,0,134,11,196,12,0,0
22.746,hid,"16,18,20,22,26,28",4,90,165,239,204,255,200,255,4,0,4,0,0,48,0,0,30,182,10,0,3,0,1,0,142,0,174,11,169,12,0,0
22.777,hid,"16,18,20,21,22,23,24,26,28",4,90,165,239,204,255,200,255,4,0,4,0,0,48,0,0,28,182,5,0,254,255,249,255,146,0,171,11,162,12,0,0
22.793,hid,"16,18,20,22,24,26,28",4,90,165,239,204,255,200,255,4,0,4,0,0,48,0,0,27,182,1,0,241,255,246,255,126,0,173,11,153,12,0,0
22.809,hid,"18,20,22,24,26,28",4,90,165,239,204,255,200,255,4,0,4,0,0,48,0,0,27,182,0,0,242,255,240,255,124,0,181,11,151,12,0,0
22.841,hid,"4,5,6,18,20,22,24,26,28",4,90,165,239,16,0,224,255,4,0,4,0,0,48,0,0,27,182,3,0,235,255,239,255,127,0,186,11,165,12,0,0
22.871,hid,"4,6,18,20,22,24,26",4,90,165,239,68,0,220,255,4,0,4,0,0,48,0,0,27,182,12,0,241,255,245,255,131,0,198,11,165,12,0,0
22.887,hid,"18,24,26,28",4,90,165,239,68,0,220,255,4,0,4,0,0,48,0,0,27,182,19,0,241,255,245,255,124,0,193,11,158,12,0,0
22.918,hid,"18,20,22,24,26,28",4,90,165,239,68,0,220,255,4,0,4,0,0,48,0,0,27,182,14,0,242,255,249,255,119,0,208,11,140,12,0,0
22.933,hid,"4,18,20,22,24,26,28",4,90,165,239,124,0,220,255,4,0,4,0,0,48,0,0,27,182,7,0,249,255,253,255,106,0,224,11,126,12,0,0
22.949,hid,"16,18,19,20,21,22,23,24,26,28",4,90,165,239,124,0,220,255,4,0,4,0,0,48,0,0,24,182,253,255,0,0,0,0,102,0,200,11,127,12,0,0
22.98,hid,"16,18,20,22,24,26,28",4,90,165,239,124,0,220,255,4,0,4,0,0,48,0,0,18,182,243,255,5,0,5,0,101,0,229,11,139,12,0,0
22.98,log,sig#11,,,,,,,,,,,,,,,,,,,,,,,,,,,,,,,,
23.012,hid,"4,6,16,18,20,22,24,26,28",4,90,165,239,56,0,192,255,4,0,4,0,0,48,0,0,20,182,222,255,12,0,7,0,114,0,211,11,134,12,0,0
23.027,hid,"20,24,26,28",4,90,165,239,56,0,192,255,4,0,4,0,0,48,0,0,20,182,222,255,15,0,7,0,128,0,178,11,159,12,0,0
23.058,hid,"4,6,16,18,20,22,24,26,28",4,90,165,239,0,0,224,255,4,0,4,0,0,48,0,0,56,182,253,255,23,0,3,0,152,0,185,11,218,12,0,0
23.073,hid,"16,18,19,20,22,23,24,26,28",4,90,165,239,0,0,224,255,4,0,4,0,0,48,0,0,115,182,18,0,9,0,250,255,156,0,158,11,191,12,0,0
23.089,hid,"16,18,19,20,22,23,24,26,28",4,90,165,239,0,0,224,255,4,0,4,0,0,48,0,0,154,182,252,255,10,0,4,0,102,0,145,11,126,12,0,0
23.089,log,sig#12,,,,,,,,,,,,,,,,,,,,,,,,,,,,,,,,
23.119,hid,"16,18,19,20,22,24,26,28",4,90,165,239,0,0,224,255,4,0,4,0,0,48,0,0,159,182,49,0,3,0,3,0,110,0,150,11,249,12,0,0
23.135,hid,"16,18,20,21,22,24,26,28",4,90,165,239,0,0,224,255,4,0,4,0,0,48,0,0,150,182,29,0,252,255,1,0,142,0,207,11,103,12,0,0
23.151,hid,"16,17,18,19,20,21,22,23,24,26,28",4,90,165,239,0,0,224,255,4,0,4,0,0,48,0,0,96,180,221,255,3,0,254,255,122,0,221,11,84,12,0,0
23.167,hid,"16,17,18,20,21,22,23,24,26,28",4,90,165,239,0,0,224,255,4,0,4,0,0,48,0,0,67,212,234,255,253,255,4,0,144,0,220,11,202,12,0,0
23.199,hid,"16,17,18,20,22,23,24,26,28",4,90,165,239,0,0,224,255,4,0,4,0,0,48,0,0,8,255,190,255,241,255,255,255,126,0,157,11,67,12,0,0
23.214,hid,"13,16,18,20,24,26,28,29",4,90,165,239,0,0,224,255,4,0,4,0,0,32,0,0,0,255,244,255,234,255,255,255,160,0,111,11,12,13,0,0
23.229,hid,"18,20,22,24,26,28,29",4,90,165,239,0,0,224,255,4,0,4,0,0,32,0,0,0,255,251,255,249,255,252,255,120,0,157,11,93,12,0,0
23.26,hid,"8,10,11,18,20,22,24,26,28",4,90,165,239,0,0,224,255,0,0,212,255,0,32,0,0,0,255,243,255,238,255,253,255,124,0,211,11,253,12,0,0
23.275,hid,"17,18,19,20,22,23,24,26,28,29",4,90,165,239,0,0,224,255,0,0,212,255,0,32,0,0,0,247,32,0,220,255,1,0,89,0,152,11,36,13,0,0
23.29,hid,"17,18,20,22,23,24,26,28,29",4,90,165,239,0,0,224,255,0,0,212,255,0,32,0,0,0,217,67,0,204,255,253,255,116,0,125,11,228,12,0,0
23.306,hid,"17,18,20,22,23,24,26,28",4,90,165,239,0,0,224,255,0,0,212,255,0,32,0,0,0,164,98,0,212,255,10,0,132,0,222,11,176,12,0,0
23.339,hid,"17,18,19,20,22,24,26,27,28",4,90,165,239,0,0,224,255,0,0,212,255,0,32,0,0,0,5,239,255,230,255,57,0,96,0,34,12,93,12,0,0
23.353,hid,"13,17,18,20,22,24,26,27,28",4,90,165,239,0,0,224,255,0,0,212,255,0,0,0,0,0,0,240,255,221,255,67,0,90,0,244,11,173,12,0,0
23.369,hid,"18,19,20,22,24,26,28",4,90,165,239,0,0,224,255,0,0,212,255,0,0,0,0,0,0,93,0,240,255,53,0,170,0,71,11,247,12,0,0
23.4,hid,"8,10,11,18,20,21,22,23,24,26,28",4,90,165,239,0,0,224,255,16,0,4,0,0,0,0,0,0,0,92,0,20,0,231,255,236,0,164,11,126,12,0,0
23.431,hid,"8,9,10,11,18,19,20,22,23,24,26,28",4,90,165,239,0,0,224,255,252,234,104,244,0,0,0,0,0,0,245,255,49,0,7,0,145,0,248,11,20,12,0,0
23.446,hid,"8,9,10,11,18,20,22,24,26,27,28",4,90,165,239,0,0,224,255,176,207,248,236,0,0,0,0,0,0,156,255,59,0,15,0,132,0,34,12,22,12,0,0
23.478,hid,"8,9,10,11,18,20,22,24,26,27,28",4,90,165,239,0,0,224,255,104,147,104,227,0,0,0,0,0,0,100,255,112,0,10,0,164,0,176,11,85,12,0,0
23.493,hid,"8,9,10,11,18,20,22,24,26,28",4,90,165,239,0,0,224,255,0,128,36,222,0,0,0,0,0,0,102,255,125,0,18,0,96,0,182,11,173,12,0,0
23.509,hid,"10,11,18,20,22,24,26,28,29",4,90,165,239,0,0,224,255,0,128,120,221,0,0,0,0,0,0,163,255,98,0,25,0,24,0,110,11,104,13,0,0
23.54,hid,"10,11,18,19,20,21,22,24,25,26,28",4,90,165,239,0,0,224,255,0,128,112,222,0,0,0,0,0,0,123,0,249,255,1,0,21,1,50,11,99,13,0,0
23.571,hid,"10,18,20,22,23,24,25,26,28,29",4,90,165,239,0,0,224,255,0,128,164,222,0,0,0,0,0,0,36,0,250,255,250,255,162,0,215,11,244,11,0,0
23.586,hid,"18,20,22,24,26,28,29",4,90,165,239,0,0,224,255,0,128,164,222,0,0,0,0,0,0,23,0,246,255,244,255,158,0,169,11,203,12,0,0
23.618,hid,"18,20,22,24,26,28",4,90,165,239,0,0,224,255,0,128,164,222,0,0,0,0,0,0,75,0,228,255,235,255,119,0,171,11,180,12,0,0
23.633,hid,"18,20,22,24,26,28",4,90,165,239,0,0,224,255,0,128,164,222,0,0,0,0,0,0,82,0,227,255,232,255,145,0,205,11,158,12,0,0
23.649,hid,"10,18,20,22,24,26,28",4,90,165,239,0,0,224,255,0,128,108,222,0,0,0,0,0,0,69,0,230,255,229,255,151,0,223,11,111,12,0,0
23.68,hid,"18,20,22,24,26,28",4,90,165,239,0,0,224,255,0,128,108,222,0,0,0,0,0,0,40,0,234,255,236,255,114,0,247,11,93,12,0,0
23.68,hid,"18,20,22,24,26,28",4,90,165,239,0,0,224,255,0,128,108,222,0,0,0,0,0,0,36,0,235,255,238,255,113,0,253,11,91,12,0,0
23.711,hid,"18,20,22,24,26,28",4,90,165,239,0,0,224,255,0,128,108,222,0,0,0,0,0,0,6,0,248,255,252,255,102,0,244,11,119,12,0,0
23.728,hid,"18,20,22,24,26,28",4,90,165,239,0,0,224,255,0,128,108,222,0,0,0,0,0,0,10,0,253,255,251,255,107,0,217,11,117,12,0,0
23.759,hid,"18,19,20,21,22,24,26,28",4,90,165,239,0,0,224,255,0,128,108,222,0,0,0,0,0,0,244,255,8,0,254,255,126,0,235,11,97,12,0,0
23.774,hid,"18,20,22,23,24,26,28",4,90,165,239,0,0,224,255,0,128,108,222,0,0,0,0,0,0,226,255,13,0,7,0,124,0,244,11,125,12,0,0
23.789,hid,"18,20,22,24,26,28",4,90,165,239,0,0,224,255,0,128,108,222,0,0,0,0,0,0,217,255,18,0,12,0,131,0,210,11,142,12,0,0
23.822,hid,"18,20,22,24,26,28",4,90,165,239,0,0,224,255,0,128,108,222,0,0,0,0,0,0,207,255,16,0,9,0,137,0,196,11,167,12,0,0
23.854,hid,"10,11,18,19,20,21,22,24,26,28,29",4,90,165,239,0,0,224,255,0,128,28,223,0,0,0,0,0,0,6,0,254,255,5,0,115,0,149,11,27,13,0,0
23.87,hid,"8,9,10,11,18,22,24,26,28,29",4,90,165,239,0,0,224,255,184,152,248,242,0,0,0,0,0,0,34,0,254,255,3,0,112,0,140,11,164,12,0,0
23.886,hid,"8,9,10,11,18,19,20,22,24,26,27,28",4,90,165,239,0,0,224,255,80,232,140,5,0,0,0,0,0,0,230,255,241,255,9,0,90,0,7,12,45,12,0,0
23.917,hid,"8,9,10,11,18,19,20,22,24,26,27,28",4,90,165,239,0,0,224,255,108,0,136,252,0,0,0,0,0,0,2,0,226,255,8,0,134,0,117,11,247,12,0,0
23.932,hid,"8,9,10,11,18,20,22,24,26,28",4,90,165,239,0,0,224,255,116,255,108,255,0,0,0,0,0,0,14,0,220,255,3,0,137,0,172,11,197,12,0,0
23.948,hid,"8,9,10,11,18,20,22,23,24,26,28",4,90,165,239,0,0,224,255,16,0,12,0,0,0,0,0,0,0,45,0,219,255,252,255,172,0,136,11,193,12,0,0
23.979,hid,"18,20,22,24,26,28",4,90,165,239,0,0,224,255,16,0,12,0,0,0,0,0,0,0,73,0,213,255,230,255,118,0,188,11,155,12,0,0
23.995,hid,"18,20,22,24,26,28",4,90,165,239,0,0,224,255,16,0,12,0,0,0,0,0,0,0,65,0,221,255,228,255,173,0,207,11,108,12,0,0
24.01,hid,"18,20,22,24,26,28",4,90,165,239,0,0,224,255,16,0,12,0,0,0,0,0,0,0,51,0,230,255,230,255,170,0,239,11,96,12,0,0
24.026,hid,"20,22,24,26,28",4,90,165,239,0,0,224,255,16,0,12,0,0,0,0,0,0,0,51,0,228,255,235,255,130,0,220,11,142,12,0,0
24.058,hid,"18,20,24,26,28",4,90,165,239,0,0,224,255,16,0,12,0,0,0,0,0,0,0,57,0,232,255,235,255,146,0,248,11,110,12,0,0
24.074,hid,"18,20,22,24,26,28",4,90,165,239,0,0,224,255,16,0,12,0,0,0,0,0,0,0,36,0,242,255,237,255,135,0,250,11,47,12,0,0
24.089,hid,"18,19,20,22,24,26,27,28",4,90,165,239,0,0,224,255,16,0,12,0,0,0,0,0,0,0,255,255,253,255,241,255,147,0,20,12,53,12,0,0
24.12,hid,"18,20,21,22,24,26,27,28",4,90,165,239,0,0,224,255,16,0,12,0,0,0,0,0,0,0,231,255,21,0,246,255,129,0,240,11,91,12,0,0
24.151,hid,"18,20,22,24,26,28",4,90,165,239,0,0,224,255,16,0,12,0,0,0,0,0,0,0,243,255,20,0,252,255,125,0,218,11,164,12,0,0
24.166,hid,"8,9,10,20,22,23,24,26,28",4,90,165,239,0,0,224,255,172,255,4,0,0,0,0,0,0,0,243,255,39,0,6,0,158,0,231,11,83,12,0,0
24.197,hid,"8,9,10,11,18,20,22,24,26,27,28,29",4,90,165,239,0,0,224,255,208,240,180,254,0,0,0,0,0,0,171,255,89,0,21,0,127,0,24,12,255,11,0,0
24.213,hid,"8,9,10,11,18,20,22,24,26,28,29",4,90,165,239,0,0,224,255,4,220,96,252,0,0,0,0,0,0,103,255,94,0,32,0,109,0,47,12,49,12,0,0
24.229,hid,"8,9,10,11,18,20,22,24,26,27,28",4,90,165,239,0,0,224,255,12,199,80,247,0,0,0,0,0,0,112,255,105,0,35,0,110,0,184,11,163,12,0,0
24.26,hid,"8,9,10,11,18,20,22,24,26,28,29",4,90,165,239,0,0,224,255,108,164,64,232,0,0,0,0,0,0,215,255,80,0,21,0,101,0,123,11,17,13,0,0
24.26,hid,"8,9,10,11",4,90,165,239,0,0,224,255,52,163,184,231,0,0,0,0,0,0,215,255,80,0,21,0,101,0,123,11,17,13,0,0
24.291,hid,"8,9,10,11,18,19,20,22,24,26,28",4,90,165,239,0,0,224,255,24,146,108,221,0,0,0,0,0,0,23,0,34,0,8,0,137,0,134,11,5,13,0,0
24.307,hid,"8,9,10,11,18,20,22,24,26,28,29",4,90,165,239,0,0,224,255,8,143,244,219,0,0,0,0,0,0,52,0,10,0,3,0,154,0,138,11,240,12,0,0
24.338,hid,"8,9,10,11,18,20,22,24,26,28",4,90,165,239,0,0,224,255,68,139,36,218,0,0,0,0,0,0,15,0,0,0,5,0,133,0,214,11,86,12,0,0
24.353,hid,"8,9,10,11,18,19,20,21,22,24,26,28",4,90,165,239,0,0,224,255,180,138,156,217,0,0,0,0,0,0,249,255,248,255,0,0,118,0,201,11,155,12,0,0
24.369,hid,"8,9,10,18,19,20,22,23,24,26,28,29",4,90,165,239,0,0,224,255,188,139,168,217,0,0,0,0,0,0,6,0,219,255,254,255,100,0,176,11,3,13,0,0
24.4,hid,"8,9,10,11,18,20,22,23,24,26,28,29",4,90,165,239,0,0,224,255,28,160,208,232,0,0,0,0,0,0,16,0,183,255,2,0,143,0,219,11,107,12,0,0
24.4,hid,"8,9,10,11",4,90,165,239,0,0,224,255,0,161,88,233,0,0,0,0,0,0,16,0,183,255,2,0,143,0,219,11,107,12,0,0
24.431,hid,"8,9,10,11,18,19,20,22,23,24,26,28",4,90,165,239,0,0,224,255,128,200,24,7,0,0,0,0,0,0,217,255,168,255,239,255,105,0,247,11,141,12,0,0
24.446,hid,"8,9,10,11,18,20,22,24,26,28",4,90,165,239,0,0,224,255,92,3,84,254,0,0,0,0,0,0,212,255,180,255,241,255,148,0,214,11,105,12,0,0
24.477,hid,"8,9,10,11,18,20,22,24,26,28",4,90,165,239,0,0,224,255,16,0,224,255,0,0,0,0,0,0,255,255,194,255,237,255,84,0,182,11,193,12,0,0
24.492,hid,"18,19,20,22,24,26,28",4,90,165,239,0,0,224,255,16,0,224,255,0,0,0,0,0,0,26,0,195,255,251,255,120,0,227,11,186,12,0,0
24.509,hid,"18,20,22,24,26,28",4,90,165,239,0,0,224,255,16,0,224,255,0,0,0,0,0,0,32,0,219,255,248,255,149,0,175,11,87,12,0,0
24.54,hid,"18,20,22,24,26,28",4,90,165,239,0,0,224,255,16,0,224,255,0,0,0,0,0,0,2,0,254,255,253,255,131,0,210,11,141,12,0,0
24.572,hid,"18,20,21,22,24,26,28",4,90,165,239,0,0,224,255,16,0,224,255,0,0,0,0,0,0,17,0,6,0,250,255,123,0,211,11,153,12,0,0
24.587,hid,"18,20,24,26,28",4,90,165,239,0,0,224,255,16,0,224,255,0,0,0,0,0,0,9,0,13,0,250,255,147,0,209,11,118,12,0,0
24.619,hid,"18,19,20,22,23,24,26,28",4,90,165,239,0,0,224,255,16,0,224,255,0,0,0,0,0,0,243,255,23,0,0,0,160,0,221,11,119,12,0,0
24.635,hid,"18,22,24,26,28",4,90,165,239,0,0,224,255,16,0,224,255,0,0,0,0,0,0,238,255,23,0,1,0,148,0,200,11,157,12,0,0
24.65,hid,"18,20,22,23,24,26,28",4,90,165,239,0,0,224,255,16,0,224,255,0,0,0,0,0,0,241,255,22,0,254,255,159,0,190,11,141,12,0,0
24.665,hid,"18,20,22,24,26,28",4,90,165,239,0,0,224,255,16,0,224,255,0,0,0,0,0,0,239,255,16,0,255,255,157,0,205,11,147,12,0,0
24.697,hid,"4,5,6,7,8,10,18,20,22,23,24,26,28",4,90,165,239,220,255,4,0,88,0,240,255,0,0,0,0,0,0,237,255,10,0,1,0,159,0,170,11,172,12,0,0
24.712,hid,"18,20,21,22,24,26,28",4,90,165,239,220,255,4,0,88,0,240,255,0,0,0,0,0,0,247,255,253,255,0,0,117,0,172,11,211,12,0,0
24.727,hid,"18,19,20,22,23,24,26,28",4,90,165,239,220,255,4,0,88,0,240,255,0,0,0,0,0,0,1,0,247,255,255,255,127,0,176,11,200,12,0,0
24.758,hid,"18,20,22,24,26,28",4,90,165,239,220,255,4,0,88,0,240,255,0,0,0,0,0,0,9,0,245,255,244,255,130,0,174,11,155,12,0,0
24.773,hid,"8,10,11,18,22,24,26,28",4,90,165,239,220,255,4,0,32,0,16,0,0,0,0,0,0,0,12,0,245,255,242,255,129,0,180,11,167,12,0,0
24.789,hid,"18,22,24,26,28",4,90,165,239,220,255,4,0,32,0,16,0,0,0,0,0,0,0,18,0,245,255,238,255,132,0,188,11,156,12,0,0
24.82,hid,"18,22,24,26,28",4,90,165,239,220,255,4,0,32,0,16,0,0,0,0,0,0,0,13,0,245,255,242,255,152,0,216,11,118,12,0,0
24.851,hid,"18,19,20,24,26,28",4,90,165,239,220,255,4,0,32,0,16,0,0,0,0,0,0,0,244,255,248,255,242,255,153,0,224,11,131,12,0,0
24.867,hid,"18,20,22,24,26,28",4,90,165,239,220,255,4,0,32,0,16,0,0,0,0,0,0,0,237,255,246,255,243,255,135,0,208,11,128,12,0,0
24.899,hid,"18,20,22,26,28",4,90,165,239,220,255,4,0,32,0,16,0,0,0,0,0,0,0,216,255,253,255,245,255,135,0,204,11,141,12,0,0
24.914,hid,"20,22,24,26,28",4,90,165,239,220,255,4,0,32,0,16,0,0,0,0,0,0,0,216,255,250,255,243,255,141,0,164,11,173,12,0,0
24.93,hid,"13,16,18,19,20,21,22,24,26,28",4,90,165,239,220,255,4,0,32,0,16,0,0,16,0,0,12,0,10,0,3,0,225,255,145,0,76,11,219,12,0,0
24.945,hid,"13,16,17,18,20,21,22,24,26,28,29",4,90,165,239,220,255,4,0,32,0,16,0,0,48,0,0,59,50,88,0,254,255,221,255,169,0,141,11,13,13,0,0
24.976,hid,"8,10,11,16,17,18,20,21,22,24,26,27,28,29",4,90,165,239,220,255,4,0,4,0,224,255,0,48,0,0,151,180,66,0,18,0,235,255,115,0,22,12,253,11,0,0
24.976,log,sig#13,,,,,,,,,,,,,,,,,,,,,,,,,,,,,,,,
24.992,hid,"16,17,18,20,22,24,26,28,29",4,90,165,239,220,255,4,0,4,0,224,255,0,48,0,0,213,243,19,0,17,0,248,255,139,0,3,12,67,12,0,0
25.007,hid,"16,17,18,19,20,22,24,26,27,28",4,90,165,239,220,255,4,0,4,0,224,255,0,48,0,0,255,255,246,255,19,0,246,255,142,0,225,11,96,12,0,0
25.039,hid,"8,9,10,18,20,22,24,26,28,29",4,90,165,239,220,255,4,0,212,255,192,255,0,48,0,0,255,255,233,255,0,0,236,255,163,0,201,11,15,13,0,0
25.054,hid,"8,9,10,18,19,20,21,22,24,26,28,29",4,90,165,239,220,255,4,0,4,0,220,255,0,48,0,0,255,255,28,0,249,255,241,255,123,0,155,11,173,12,0,0
25.069,hid,"18,20,22,24,26,28",4,90,165,239,220,255,4,0,4,0,220,255,0,48,0,0,255,255,19,0,251,255,246,255,118,0,223,11,126,12,0,0
25.101,hid,"18,19,20,22,23,24,26,28",4,90,165,239,220,255,4,0,4,0,220,255,0,48,0,0,255,255,245,255,249,255,1,0,114,0,216,11,111,12,0,0
25.101,log,sig#14,,,,,,,,,,,,,,,,,,,,,,,,,,,,,,,,
25.133,hid,"18,19,20,22,23,24,26,28",4,90,165,239,220,255,4,0,4,0,220,255,0,48,0,0,255,255,3,0,253,255,247,255,140,0,205,11,157,12,0,0
25.149,hid,"18,20,21,22,24,26,28",4,90,165,239,220,255,4,0,4,0,220,255,0,48,0,0,255,255,12,0,1,0,252,255,131,0,195,11,150,12,0,0
25.18,hid,"18,20,22,24,26,28",4,90,165,239,220,255,4,0,4,0,220,255,0,48,0,0,255,255,17,0,3,0,253,255,133,0,208,11,120,12,0,0
25.211,hid,"16,17,18,20,21,22,23,24,26,27,28",4,90,165,239,220,255,4,0,4,0,220,255,0,48,0,0,245,246,5,0,253,255,1,0,128,0,8,12,166,12,0,0
25.228,hid,"16,17,18,19,20,21,22,23,24,26,27,28",4,90,165,239,220,255,4,0,4,0,220,255,0,48,0,0,243,239,247,255,3,0,251,255,126,0,240,11,99,12,0,0
25.259,hid,"16,17,18,20,22,24,26,28",4,90,165,239,220,255,4,0,4,0,220,255,0,48,0,0,233,235,253,255,2,0,252,255,135,0,201,11,164,12,0,0
25.275,hid,"16,18,19,20,22,24,26,28",4,90,165,239,220,255,4,0,4,0,220,255,0,48,0,0,230,235,13,0,0,0,253,255,131,0,209,11,146,12,0,0
25.291,hid,"18,20,22,26,28",4,90,165,239,220,255,4,0,4,0,220,255,0,48,0,0,230,235,10,0,1,0,255,255,131,0,221,11,117,12,0,0
25.306,hid,"18,19,20,22,23,24,26,28",4,90,165,239,220,255,4,0,4,0,220,255,0,48,0,0,230,235,255,255,0,0,1,0,130,0,214,11,133,12,0,0
25.338,hid,"16,18,19,22,23,24,26,28",4,90,165,239,220,255,4,0,4,0,220,255,0,48,0,0,228,235,3,0,0,0,254,255,129,0,198,11,144,12,0,0
25.353,hid,"16,18,20,22,23,24,26,28",4,90,165,239,220,255,4,0,4,0,220,255,0,48,0,0,224,235,0,0,3,0,1,0,124,0,204,11,147,12,0,0
25.368,hid,"16,18,22,23,24,26,28",4,90,165,239,220,255,4,0,4,0,220,255,0,48,0,0,222,235,4,0,3,0,254,255,110,0,205,11,149,12,0,0
25.399,hid,"16,17,18,20,22,24,26,28",4,90,165,239,220,255,4,0,4,0,220,255,0,48,0,0,214,237,19,0,0,0,253,255,135,0,211,11,154,12,0,0
25.414,hid,"16,18,20,22,24,26,28",4,90,165,239,220,255,4,0,4,0,220,255,0,48,0,0,211,237,13,0,2,0,254,255,138,0,210,11,107,12,0,0
25.43,hid,"16,18,20,22,23,24,26,28",4,90,165,239,220,255,4,0,4,0,220,255,0,48,0,0,207,237,2,0,1,0,0,0,133,0,229,11,129,12,0,0
25.445,hid,"16,18,20,22,23,24,26,28",4,90,165,239,220,255,4,0,4,0,220,255,0,48,0,0,205,237,1,0,2,0,255,255,122,0,222,11,123,12,0,0
25.477,hid,"18,19,22,23,24,26,28",4,90,165,239,220,255,4,0,4,0,220,255,0,48,0,0,205,237,255,255,2,0,2,0,135,0,231,11,130,12,0,0
25.492,hid,"16,18,19,20,24,26,28",4,90,165,239,220,255,4,0,4,0,220,255,0,48,0,0,201,237,0,0,3,0,2,0,138,0,219,11,132,12,0,0
25.509,hid,"16,18,19,20,22,24,26,28",4,90,165,239,220,255,4,0,4,0,220,255,0,48,0,0,197,237,253,255,0,0,1,0,126,0,210,11,145,12,0,0
25.539,hid,"16,18,19,22,24,26,28",4,90,165,239,220,255,4,0,4,0,220,255,0,48,0,0,192,237,13,0,0,0,2,0,144,0,217,11,144,12,0,0
25.555,hid,"16,18,20,21,22,24,26,28",4,90,165,239,220,255,4,0,4,0,220,255,0,48,0,0,187,237,10,0,254,255,3,0,136,0,221,11,124,12,0,0
25.571,hid,"16,18,20,22,24,26,28",4,90,165,239,220,255,4,0,4,0,220,255,0,48,0,0,185,237,21,0,247,255,8,0,135,0,226,11,172,12,0,0
25.587,hid,"16,18,20,22,24,26,28",4,90,165,239,220,255,4,0,4,0,220,255,0,48,0,0,183,237,37,0,246,255,9,0,140,0,211,11,164,12,0,0
25.619,hid,"16,18,20,22,24,26,28",4,90,165,239,220,255,4,0,4,0,220,255,0,48,0,0,181,237,20,0,253,255,19,0,128,0,236,11,94,12,0,0
25.634,hid,"16,18,20,22,24,26,28",4,90,165,239,220,255,4,0,4,0,220,255,0,48,0,0,179,237,7,0,255,255,15,0,129,0,229,11,116,12,0,0
25.65,hid,"18,20,21,22,24,26,28",4,90,165,239,220,255,4,0,4,0,220,255,0,48,0,0,179,237,4,0,3,0,17,0,134,0,217,11,135,12,0,0
25.666,hid,"18,20,22,24,26,28",4,90,165,239,220,255,4,0,4,0,220,255,0,48,0,0,179,237,2,0,2,0,9,0,122,0,216,11,144,12,0,0
25.696,hid,"16,17,18,19,20,21,22,23,26,28",4,90,165,239,220,255,4,0,4,0,220,255,0,48,0,0,176,235,253,255,243,255,249,255,122,0,207,11,141,12,0,0
25.712,hid,"16,18,20,22,24,26,28",4,90,165,239,220,255,4,0,4,0,220,255,0,48,0,0,172,235,252,255,239,255,244,255,125,0,208,11,150,12,0,0
25.727,hid,"16,18,20,22,24,26,28",4,90,165,239,220,255,4,0,4,0,220,255,0,48,0,0,166,235,251,255,247,255,241,255,136,0,228,11,161,12,0,0
25.759,hid,"16,18,20,22,24,26,27,28",4,90,165,239,220,255,4,0,4,0,220,255,0,48,0,0,155,235,231,255,254,255,230,255,137,0,1,12,101,12,0,0
25.775,hid,"16,18,20,21,22,24,26,28",4,90,165,239,220,255,4,0,4,0,220,255,0,48,0,0,154,235,219,255,2,0,221,255,111,0,15,12,87,12,0,0
25.79,hid,"16,18,20,22,24,26,28",4,90,165,239,220,255,4,0,4,0,220,255,0,48,0,0,147,235,189,255,1,0,218,255,70,0,36,12,80,12,0,0
25.806,hid,"16,18,20,22,24,26,28",4,90,165,239,220,255,4,0,4,0,220,255,0,48,0,0,140,235,186,255,2,0,217,255,63,0,11,12,113,12,0,0
25.837,hid,"16,17,18,20,21,22,24,26,27,28,29",4,90,165,239,220,255,4,0,4,0,220,255,0,48,0,0,130,232,211,255,251,255,209,255,106,0,142,11,40,13,0,0
25.852,hid,"10,11,16,17,18,20,22,24,26,28",4,90,165,239,220,255,4,0,4,0,16,0,0,48,0,0,128,225,117,255,135,255,104,255,90,0,28,11,118,13,0,0
25.867,hid,"16,17,18,20,22,24,26,28",4,90,165,239,220,255,4,0,4,0,16,0,0,48,0,0,122,215,140,255,32,255,87,255,79,0,169,11,110,13,0,0
25.899,hid,"16,17,18,20,21,22,24,26,27,28,29",4,90,165,239,220,255,4,0,4,0,16,0,0,48,0,0,120,196,53,255,222,254,163,255,82,0,27,12,239,11,0,0
25.914,hid,"17,18,20,22,24,26,27,28",4,90,165,239,220,255,4,0,4,0,16,0,0,48,0,0,120,186,31,255,251,254,173,255,180,0,201,11,250,11,0,0
25.929,hid,"17,18,20,21,22,24,26,28,29",4,90,165,239,220,255,4,0,4,0,16,0,0,48,0,0,120,179,46,255,50,255,203,255,227,0,162,11,100,12,0,0
25.96,hid,"16,17,18,20,22,23,24,26,28",4,90,165,239,220,255,4,0,4,0,16,0,0,48,0,0,122,166,156,255,147,255,15,0,231,0,191,11,157,12,0,0
25.991,hid,"16,17,18,20,22,23,24,26,28,29",4,90,165,239,220,255,4,0,4,0,16,0,0,48,0,0,126,155,89,255,22,255,251,255,167,0,125,11,80,13,0,0
26.007,hid,"4,5,6,7,16,18,20,21,22,24,26,28",4,90,165,239,176,0,112,2,4,0,16,0,0,48,0,0,130,155,90,255,222,254,243,255,141,0,150,11,93,13,0,0
26.039,hid,"4,5,6,7,16,18,20,22,24,26,28,29",4,90,165,239,152,1,216,4,4,0,16,0,0,48,0,0,138,155,85,255,186,254,232,255,237,0,76,11,191,12,0,0
26.055,hid,"18,20,24,25,26,28",4,90,165,239,152,1,216,4,4,0,16,0,0,48,0,0,138,155,95,255,214,254,232,255,55,1,79,11,177,12,0,0
26.071,hid,"16,18,20,22,24,26,28",4,90,165,239,152,1,216,4,4,0,16,0,0,48,0,0,142,155,102,255,251,254,230,255,75,1,40,11,231,12,0,0
26.086,hid,"16,18,20,22,24,26,27,28,29",4,90,165,239,152,1,216,4,4,0,16,0,0,48,0,0,145,155,116,255,252,254,200,255,61,1,209,10,34,13,0,0
26.118,hid,"4,5,6,7,16,18,20,22,24,26,28,29",4,90,165,239,252,2,240,6,4,0,16,0,0,48,0,0,149,155,52,255,4,254,25,255,55,1,123,10,61,14,0,0
26.132,hid,"4,5,6,7,16,18,20,22,24,26,27,28,29",4,90,165,239,160,3,104,9,4,0,16,0,0,48,0,0,153,155,98,255,24,254,47,255,143,1,136,11,39,13,0,0
26.148,hid,"16,18,20,22,24,28,29",4,90,165,239,160,3,104,9,4,0,16,0,0,48,0,0,156,155,101,255,50,254,81,255,101,1,136,11,92,12,0,0
26.179,hid,"4,5,6,7,16,18,20,22,24,26,28",4,90,165,239,168,5,176,10,4,0,16,0,0,48,0,0,161,155,84,255,213,254,121,255,212,1,46,11,66,12,0,0
26.194,hid,"16,18,20,21,22,24,26,27,28",4,90,165,239,168,5,176,10,4,0,16,0,0,48,0,0,165,155,177,255,48,255,133,255,251,1,218,10,185,12,0,0
26.21,hid,"4,5,6,16,18,20,24,26,28,29",4,90,165,239,24,8,156,10,4,0,16,0,0,48,0,0,168,155,213,255,73,255,133,255,204,1,231,10,39,13,0,0
26.226,hid,"4,5,6,16,17,18,20,22,24,26,27,28",4,90,165,239,144,10,112,10,4,0,16,0,0,48,0,0,171,156,238,255,17,255,142,255,158,1,10,11,158,13,0,0
26.257,hid,"4,5,6,7,16,17,18,20,21,22,24,26,28,29",4,90,165,239,60,15,240,9,4,0,16,0,0,48,0,0,175,158,142,255,226,254,185,255,80,1,141,11,183,12,0,0
26.273,hid,"16,18,20,22,24,26,28",4,90,165,239,60,15,240,9,4,0,16,0,0,48,0,0,177,158,110,255,244,254,194,255,131,1,52,11,176,12,0,0
26.289,hid,"16,17,18,20,21,22,24,26,27,28,29",4,90,165,239,60,15,240,9,4,0,16,0,0,48,0,0,180,160,124,255,9,255,185,255,237,1,172,10,19,13,0,0
26.32,hid,"16,17,18,20,22,24,25,26,28",4,90,165,239,60,15,240,9,4,0,16,0,0,48,0,0,184,165,209,255,52,255,191,255,14,2,219,10,48,13,0,0
26.35,hid,"16,17,18,19,20,22,24,25,26,28",4,90,165,239,60,15,240,9,4,0,16,0,0,48,0,0,195,169,2,0,75,255,173,255,250,1,215,10,35,13,0,0
26.366,hid,"16,17,18,19,20,22,24,26,27,28",4,90,165,239,60,15,240,9,4,0,16,0,0,48,0,0,197,171,245,255,80,255,183,255,239,1,31,11,39,13,0,0
26.399,hid,"16,17,18,20,22,24,26,27,28",4,90,165,239,60,15,240,9,4,0,16,0,0,48,0,0,209,177,226,255,61,255,165,255,249,1,196,10,10,13,0,0
26.415,hid,"4,5,6,7,16,17,18,19,20,22,26,28",4,90,165,239,116,2,252,1,4,0,16,0,0,48,0,0,212,181,14,0,70,255,177,255,249,1,192,10,43,13,0,0
26.43,hid,"4,5,6,7,16,17,18,20,22,24,25,26,28",4,90,165,239,88,0,196,0,4,0,16,0,0,48,0,0,214,187,53,0,79,255,182,255,29,2,246,10,67,13,0,0
26.446,hid,"16,17,18,19,20,22,24,26,28",4,90,165,239,88,0,196,0,4,0,16,0,0,48,0,0,217,191,235,255,35,255,169,255,23,2,236,10,21,13,0,0
26.476,hid,"16,17,18,19,20,22,24,26,28,29",4,90,165,239,88,0,196,0,4,0,16,0,0,48,0,0,220,196,102,0,156,255,189,255,67,2,255,10,204,12,0,0
26.493,hid,"16,17,18,20,22,24,26,27,28",4,90,165,239,88,0,196,0,4,0,16,0,0,48,0,0,221,201,114,0,169,255,208,255,34,2,10,11,214,12,0,0
26.509,hid,"16,17,18,20,22,24,26,27,28",4,90,165,239,88,0,196,0,4,0,16,0,0,48,0,0,223,204,113,0,175,255,213,255,58,2,247,10,231,12,0,0
26.539,hid,"16,17,18,20,22,24,26,28,29",4,90,165,239,88,0,196,0,4,0,16,0,0,48,0,0,229,212,208,0,222,255,216,255,63,2,229,10,19,13,0,0
26.555,hid,"16,17,18,20,22,24,26,28",4,90,165,239,88,0,196,0,4,0,16,0,0,48,0,0,231,215,239,0,230,255,207,255,68,2,252,10,4,13,0,0
26.57,hid,"17,18,19,20,22,24,26,27,28",4,90,165,239,88,0,196,0,4,0,16,0,0,48,0,0,231,219,20,1,236,255,218,255,24,2,40,11,9,13,0,0
26.586,hid,"16,17,18,20,22,24,26,28,29",4,90,165,239,88,0,196,0,4,0,16,0,0,48,0,0,232,223,24,1,238,255,224,255,17,2,64,11,247,12,0,0
26.616,hid,"17,18,20,22,24,26,28",4,90,165,239,88,0,196,0,4,0,16,0,0,48,0,0,232,227,40,1,249,255,240,255,43,2,82,11,195,12,0,0
26.633,hid,"17,18,20,21,22,24,26,28",4,90,165,239,88,0,196,0,4,0,16,0,0,48,0,0,232,231,73,1,19,0,249,255,69,2,112,11,207,12,0,0
26.649,hid,"17,18,20,22,23,24,26,28",4,90,165,239,88,0,196,0,4,0,16,0,0,48,0,0,232,234,130,1,26,0,7,0,20,2,122,11,185,12,0,0
26.68,hid,"8,9,10,11,16,17,18,20,22,24,26,28,29",4,90,165,239,88,0,196,0,236,255,224,255,0,48,0,0,231,236,53,1,80,0,5,0,65,2,125,11,252,11,0,0
26.68,hid,"17,18,20,22,23,24,26,28,29",4,90,165,239,88,0,196,0,236,255,224,255,0,48,0,0,231,239,66,1,86,0,255,255,35,2,112,11,27,12,0,0
26.711,hid,"16,17,18,20,22,23,24,26,27,28",4,90,165,239,88,0,196,0,236,255,224,255,0,48,0,0,226,242,105,1,136,0,19,0,20,2,3,12,113,12,0,0
26.727,hid,"16,17,18,20,22,24,26,27,28",4,90,165,239,88,0,196,0,236,255,224,255,0,48,0,0,222,244,111,1,134,0,24,0,15,2,177,11,90,12,0,0
26.758,hid,"16,17,18,20,22,24,26,28",4,90,165,239,88,0,196,0,236,255,224,255,0,48,0,0,208,251,151,1,123,0,15,0,45,2,232,11,101,12,0,0
26.774,hid,"16,17,18,20,22,24,25,26,27,28",4,90,165,239,88,0,196,0,236,255,224,255,0,48,0,0,200,254,118,1,83,0,1,0,226,1,5,12,18,12,0,0
26.789,hid,"16,18,20,22,23,24,26,28,29",4,90,165,239,88,0,196,0,236,255,224,255,0,48,0,0,195,254,78,1,60,0,248,255,228,1,55,12,233,11,0,0
26.82,hid,"16,17,18,19,20,24,25,26,28",4,90,165,239,88,0,196,0,236,255,224,255,0,48,0,0,192,255,203,0,44,0,248,255,11,2,125,12,179,11,0,0
26.82,hid,"18,20,22,24,26",4,90,165,239,88,0,196,0,236,255,224,255,0,48,0,0,192,255,195,0,43,0,249,255,13,2,119,12,179,11,0,0
26.851,hid,"16,18,20,22,24,26,28",4,90,165,239,88,0,196,0,236,255,224,255,0,48,0,0,190,255,120,0,32,0,248,255,24,2,132,12,188,11,0,0
26.867,hid,"18,20,22,24,26,28",4,90,165,239,88,0,196,0,236,255,224,255,0,48,0,0,190,255,89,0,25,0,251,255,26,2,119,12,229,11,0,0
26.898,hid,"18,20,22,24,25,26,28",4,90,165,239,88,0,196,0,236,255,224,255,0,48,0,0,190,255,100,0,8,0,244,255,231,1,114,12,239,11,0,0
26.913,hid,"18,20,22,24,25,26,28",4,90,165,239,88,0,196,0,236,255,224,255,0,48,0,0,190,255,75,0,4,0,251,255,13,2,133,12,184,11,0,0
26.929,hid,"16,18,20,22,24,26,28",4,90,165,239,88,0,196,0,236,255,224,255,0,48,0,0,191,255,54,0,20,0,255,255,7,2,124,12,171,11,0,0
26.96,hid,"16,18,20,22,23,24,25,26,28",4,90,165,239,88,0,196,0,236,255,224,255,0,48,0,0,196,255,61,0,28,0,3,0,240,1,123,12,213,11,0,0
26.99,hid,"16,18,20,22,24,26,28,29",4,90,165,239,88,0,196,0,236,255,224,255,0,48,0,0,199,255,29,0,10,0,2,0,216,1,105,12,8,12,0,0
27.006,hid,"18,20,22,24,26,28,29",4,90,165,239,88,0,196,0,236,255,224,255,0,48,0,0,199,255,37,0,12,0,4,0,254,1,124,12,238,11,0,0
27.036,hid,"16,18,20,22,24,25,26,28",4,90,165,239,88,0,196,0,236,255,224,255,0,48,0,0,205,255,35,0,25,0,8,0,27,2,140,12,187,11,0,0
27.052,hid,"16,18,20,22,24,26,28",4,90,165,239,88,0,196,0,236,255,224,255,0,48,0,0,208,255,31,0,22,0,3,0,12,2,118,12,199,11,0,0
27.068,hid,"18,20,22,24,25,26,28",4,90,165,239,88,0,196,0,236,255,224,255,0,48,0,0,208,255,39,0,16,0,1,0,240,1,115,12,190,11,0,0
27.101,hid,"16,18,20,22,24,26,28",4,90,165,239,88,0,196,0,236,255,224,255,0,48,0,0,210,255,13,0,25,0,14,0,235,1,170,12,199,11,0,0
27.132,hid,"18,19,20,22,24,25,26,28",4,90,165,239,88,0,196,0,236,255,224,255,0,48,0,0,210,255,253,255,10,0,10,0,11,2,132,12,205,11,0,0
27.148,hid,"18,20,22,24,26,28",4,90,165,239,88,0,196,0,236,255,224,255,0,48,0,0,210,255,243,255,17,0,9,0,0,2,151,12,200,11,0,0
27.179,hid,"16,18,20,22,24,26,28",4,90,165,239,88,0,196,0,236,255,224,255,0,48,0,0,208,255,216,255,22,0,6,0,24,2,112,12,164,11,0,0
27.195,hid,"18,20,22,24,26,28",4,90,165,239,88,0,196,0,236,255,224,255,0,48,0,0,208,255,198,255,30,0,0,0,33,2,113,12,150,11,0,0
27.21,hid,"18,20,22,24,26,28",4,90,165,239,88,0,196,0,236,255,224,255,0,48,0,0,208,255,199,255,40,0,10,0,28,2,128,12,186,11,0,0
27.225,hid,"18,20,22,24,26,28",4,90,165,239,88,0,196,0,236,255,224,255,0,48,0,0,208,255,207,255,49,0,21,0,9,2,126,12,209,11,0,0
27.258,hid,"16,18,19,20,22,24,25,26,28,29",4,90,165,239,88,0,196,0,236,255,224,255,0,48,0,0,206,255,13,0,40,0,19,0,219,1,100,12,1,12,0,0
27.274,hid,"18,20,22,24,26,28",4,90,165,239,88,0,196,0,236,255,224,255,0,48,0,0,206,255,30,0,28,0,24,0,215,1,144,12,19,12,0,0
27.29,hid,"18,19,20,21,22,24,26,28,29",4,90,165,239,88,0,196,0,236,255,224,255,0,48,0,0,206,255,242,255,252,255,26,0,211,1,183,12,156,11,0,0
27.321,hid,"5,6,7,18,19,20,21,22,24,26,28,29",4,90,165,239,88,254,136,255,236,255,224,255,0,48,0,0,206,255,6,0,28,0,4,0,159,1,89,12,14,12,0,0
27.352,hid,"4,5,6,16,18,20,22,24,25,26,28",4,90,165,239,200,251,116,255,236,255,224,255,0,48,0,0,205,255,1,0,11,0,11,0,9,2,142,12,9,12,0,0
27.367,hid,"4,5,6,18,19,24,25,26,28,29",4,90,165,239,220,246,104,255,236,255,224,255,0,48,0,0,205,255,249,255,11,0,11,0,243,1,137,12,231,11,0,0
27.399,hid,"4,5,6,7,18,19,20,22,24,25,26,28",4,90,165,239,88,220,60,1,236,255,224,255,0,48,0,0,205,255,42,0,46,0,19,0,26,2,142,12,225,11,0,0
27.414,hid,"4,5,6,7,18,20,22,26,28",4,90,165,239,236,194,28,5,236,255,224,255,0,48,0,0,205,255,59,0,39,0,18,0,26,2,145,12,237,11,0,0
27.429,hid,"4,5,6,7,18,20,22,24,25,26,28",4,90,165,239,200,171,156,8,236,255,224,255,0,48,0,0,205,255,61,0,18,0,3,0,215,1,138,12,224,11,0,0
27.46,hid,"4,5,6,7,16,18,20,22,23,24,26,28,29",4,90,165,239,52,132,240,11,236,255,224,255,0,48,0,0,197,255,55,0,9,0,241,255,188,1,98,12,6,12,0,0
27.461,hid,"4,5,6",4,90,165,239,76,131,252,11,236,255,224,255,0,48,0,0,197,255,55,0,9,0,241,255,188,1,98,12,6,12,0,0
27.492,hid,"4,5,6,7,16,18,20,22,23,24,26,28",4,90,165,239,112,197,12,2,236,255,224,255,0,48,0,0,189,255,135,0,33,0,8,0,217,1,100,12,81,12,0,0
27.508,hid,"4,5,6,7,16,18,20,22,23,24,25,26,28,29",4,90,165,239,232,243,248,250,236,255,224,255,0,48,0,0,185,255,203,0,73,0,237,255,90,2,91,12,116,11,0,0
27.539,hid,"4,5,6,7,16,18,20,22,24,26,27,28",4,90,165,239,120,253,244,246,236,255,224,255,0,48,0,0,179,255,91,0,69,0,250,255,154,2,212,11,247,11,0,0
27.554,hid,"4,5,6,7,18,20,22,24,25,26,27,28",4,90,165,239,84,252,188,253,236,255,224,255,0,48,0,0,179,255,99,0,45,0,247,255,133,1,123,12,180,11,0,0
27.57,hid,"4,5,6,7,16,18,20,22,23,24,26,28",4,90,165,239,132,251,140,248,236,255,224,255,0,48,0,0,172,255,46,0,32,0,13,0,254,1,157,12,185,11,0,0
27.6,hid,"4,5,6,7,16,18,20,22,24,26,28",4,90,165,239,112,255,44,252,236,255,224,255,0,48,0,0,164,255,71,0,23,0,34,0,181,1,104,12,138,11,0,0
27.631,hid,"4,5,6,7,16,18,20,22,24,25,26,28",4,90,165,239,140,3,36,0,236,255,224,255,0,48,0,0,161,255,14,0,33,0,8,0,10,2,181,12,216,11,0,0
27.647,hid,"4,5,6,7,16,18,20,24,25,26,28",4,90,165,239,100,255,224,254,236,255,224,255,0,48,0,0,160,255,24,0,17,0,8,0,235,1,167,12,206,11,0,0
27.679,hid,"18,20,21,24,26,28",4,90,165,239,100,255,224,254,236,255,224,255,0,48,0,0,160,255,13,0,254,255,8,0,203,1,177,12,120,11,0,0
27.694,hid,"18,19,20,22,24,26,28",4,90,165,239,100,255,224,254,236,255,224,255,0,48,0,0,160,255,234,255,247,255,1,0,237,1,193,12,152,11,0,0
27.71,hid,"18,20,22,23,24,26,28",4,90,165,239,100,255,224,254,236,255,224,255,0,48,0,0,160,255,238,255,249,255,254,255,230,1,163,12,209,11,0,0
27.726,hid,"18,20,22,24,26,28",4,90,165,239,100,255,224,254,236,255,224,255,0,48,0,0,160,255,250,255,252,255,255,255,223,1,151,12,205,11,0,0
27.757,hid,"18,19,20,21,22,23,24,26,28",4,90,165,239,100,255,224,254,236,255,224,255,0,48,0,0,160,255,19,0,12,0,1,0,224,1,165,12,206,11,0,0
27.773,hid,"18,20,22,24,26,28",4,90,165,239,100,255,224,254,236,255,224,255,0,48,0,0,160,255,50,0,24,0,0,0,214,1,154,12,208,11,0,0
27.789,hid,"18,20,22,24,26,28",4,90,165,239,100,255,224,254,236,255,224,255,0,48,0,0,160,255,40,0,20,0,1,0,203,1,168,12,145,11,0,0
27.82,hid,"18,20,22,24,26,28",4,90,165,239,100,255,224,254,236,255,224,255,0,48,0,0,160,255,33,0,28,0,5,0,234,1,195,12,172,11,0,0
27.821,hid,"18,20,24,26,28",4,90,165,239,100,255,224,254,236,255,224,255,0,48,0,0,160,255,34,0,27,0,5,0,236,1,194,12,175,11,0,0
27.851,hid,"18,20,22,24,26,28",4,90,165,239,100,255,224,254,236,255,224,255,0,48,0,0,160,255,26,0,17,0,16,0,230,1,179,12,152,11,0,0
27.867,hid,"18,20,24,26,28",4,90,165,239,100,255,224,254,236,255,224,255,0,48,0,0,160,255,42,0,28,0,16,0,251,1,172,12,174,11,0,0
27.898,hid,"18,20,22,24,26,28",4,90,165,239,100,255,224,254,236,255,224,255,0,48,0,0,160,255,38,0,22,0,9,0,205,1,171,12,158,11,0,0
27.913,hid,"18,22,24,26,28",4,90,165,239,100,255,224,254,236,255,224,255,0,48,0,0,160,255,42,0,22,0,3,0,212,1,183,12,172,11,0,0
27.928,hid,"18,20,22,24,26,28",4,90,165,239,100,255,224,254,236,255,224,255,0,48,0,0,160,255,37,0,14,0,1,0,223,1,200,12,159,11,0,0
27.959,hid,"18,20,22,24,26,28",4,90,165,239,100,255,224,254,236,255,224,255,0,48,0,0,160,255,28,0,15,0,3,0,221,1,196,12,141,11,0,0
27.974,hid,"18,20,22,24,26,28",4,90,165,239,100,255,224,254,236,255,224,255,0,48,0,0,160,255,23,0,18,0,1,0,222,1,181,12,147,11,0,0
27.99,hid,"17,18,20,22,23,26,28",4,90,165,239,100,255,224,254,236,255,224,255,0,48,0,0,160,252,25,0,13,0,252,255,222,1,176,12,161,11,0,0
28.005,hid,"18,20,22,24,26,28",4,90,165,239,100,255,224,254,236,255,224,255,0,48,0,0,160,252,27,0,18,0,255,255,217,1,205,12,151,11,0,0
28.036,hid,"18,20,22,24,26,28",4,90,165,239,100,255,224,254,236,255,224,255,0,48,0,0,160,252,21,0,17,0,249,255,202,1,192,12,126,11,0,0
28.051,hid,"18,20,22,24,26,28",4,90,165,239,100,255,224,254,236,255,224,255,0,48,0,0,160,252,20,0,25,0,255,255,220,1,228,12,137,11,0,0
28.068,hid,"16,18,20,22,23,24,26,28",4,90,165,239,100,255,224,254,236,255,224,255,0,48,0,0,161,252,11,0,28,0,0,0,207,1,215,12,126,11,0,0
28.099,hid,"18,20,24,26,28",4,90,165,239,100,255,224,254,236,255,224,255,0,48,0,0,161,252,12,0,35,0,0,0,201,1,202,12,147,11,0,0
28.114,hid,"17,18,20,22,24,26,28",4,90,165,239,100,255,224,254,236,255,224,255,0,48,0,0,161,251,5,0,23,0,1,0,203,1,192,12,140,11,0,0
28.13,hid,"18,20,22,24,26,28",4,90,165,239,100,255,224,254,236,255,224,255,0,48,0,0,161,251,6,0,28,0,5,0,217,1,217,12,137,11,0,0
28.146,hid,"17,18,20,22,24,26,28",4,90,165,239,100,255,224,254,236,255,224,255,0,48,0,0,161,249,20,0,39,0,3,0,210,1,195,12,141,11,0,0
28.177,hid,"17,18,20,22,24,26,28",4,90,165,239,100,255,224,254,236,255,224,255,0,48,0,0,161,245,79,0,75,0,11,0,198,1,200,12,192,11,0,0
28.193,hid,"18,20,22,24,26,28",4,90,165,239,100,255,224,254,236,255,224,255,0,48,0,0,161,245,118,0,102,0,26,0,218,1,195,12,147,11,0,0
28.208,hid,"18,20,22,24,26,28",4,90,165,239,100,255,224,254,236,255,224,255,0,48,0,0,161,245,149,0,130,0,42,0,231,1,177,12,134,11,0,0
28.24,hid,"17,18,20,22,24,26,28",4,90,165,239,100,255,224,254,236,255,224,255,0,48,0,0,161,243,159,0,141,0,86,0,251,1,235,12,123,11,0,0
28.271,hid,"16,18,20,22,24,26,27,28",4,90,165,239,100,255,224,254,236,255,224,255,0,48,0,0,163,243,88,0,85,0,65,0,145,1,30,13,70,11,0,0
28.286,hid,"18,20,22,26,28",4,90,165,239,100,255,224,254,236,255,224,255,0,48,0,0,163,243,56,0,69,0,53,0,145,1,29,13,102,11,0,0
28.318,hid,"16,18,20,22,24,26,28",4,90,165,239,100,255,224,254,236,255,224,255,0,48,0,0,164,243,8,0,42,0,32,0,146,1,46,13,80,11,0,0
28.333,hid,"18,19,20,22,24,26,27,28",4,90,165,239,100,255,224,254,236,255,224,255,0,48,0,0,164,243,249,255,30,0,20,0,156,1,252,12,70,11,0,0
28.349,hid,"18,19,20,22,24,26,28",4,90,165,239,100,255,224,254,236,255,224,255,0,48,0,0,164,243,0,0,36,0,13,0,184,1,247,12,113,11,0,0
28.38,hid,"18,19,20,22,24,26,28",4,90,165,239,100,255,224,254,236,255,224,255,0,48,0,0,164,243,250,255,22,0,3,0,168,1,239,12,117,11,0,0
28.412,hid,"18,20,24,26,28",4,90,165,239,100,255,224,254,236,255,224,255,0,48,0,0,164,243,252,255,14,0,3,0,199,1,252,12,81,11,0,0
28.428,hid,"16,18,20,22,24,26,27,28",4,90,165,239,100,255,224,254,236,255,224,255,0,48,0,0,166,243,250,255,15,0,6,0,205,1,10,13,102,11,0,0
28.459,hid,"16,18,20,22,24,26,28",4,90,165,239,100,255,224,254,236,255,224,255,0,48,0,0,170,243,253,255,13,0,2,0,180,1,21,13,90,11,0,0
28.475,hid,"16,18,20,22,26,28",4,90,165,239,100,255,224,254,236,255,224,255,0,48,0,0,172,243,243,255,16,0,6,0,180,1,17,13,76,11,0,0
28.49,hid,"18,20,24,26,27,28",4,90,165,239,100,255,224,254,236,255,224,255,0,48,0,0,172,243,244,255,14,0,6,0,184,1,238,12,120,11,0,0
28.506,hid,"16,18,20,22,24,26,28",4,90,165,239,100,255,224,254,236,255,224,255,0,48,0,0,174,243,254,255,8,0,5,0,171,1,242,12,154,11,0,0
28.536,hid,"18,19,20,21,22,24,26,28",4,90,165,239,100,255,224,254,236,255,224,255,0,48,0,0,174,243,0,0,252,255,1,0,159,1,246,12,111,11,0,0
28.552,hid,"18,19,20,21,22,23,24,26,27,28",4,90,165,239,100,255,224,254,236,255,224,255,0,48,0,0,174,243,253,255,0,0,255,255,183,1,13,13,100,11,0,0
28.568,hid,"16,18,19,20,22,23,24,26,28",4,90,165,239,100,255,224,254,236,255,224,255,0,48,0,0,175,243,4,0,9,0,3,0,176,1,1,13,101,11,0,0
28.599,hid,"18,19,20,22,24,26,28",4,90,165,239,100,255,224,254,236,255,224,255,0,48,0,0,175,243,247,255,16,0,2,0,181,1,2,13,122,11,0,0
28.615,hid,"18,20,22,23,24,26,28",4,90,165,239,100,255,224,254,236,255,224,255,0,48,0,0,175,243,244,255,19,0,255,255,177,1,9,13,125,11,0,0
28.63,hid,"18,20,22,23,24,26,27,28",4,90,165,239,100,255,224,254,236,255,224,255,0,48,0,0,175,243,242,255,18,0,2,0,167,1,252,12,91,11,0,0
28.646,hid,"18,20,24,26,28",4,90,165,239,100,255,224,254,236,255,224,255,0,48,0,0,175,243,243,255,21,0,2,0,177,1,247,12,95,11,0,0
28.677,hid,"18,20,24,26,28",4,90,165,239,100,255,224,254,236,255,224,255,0,48,0,0,175,243,246,255,8,0,2,0,187,1,244,12,116,11,0,0
28.692,hid,"16,18,20,22,24,26,28",4,90,165,239,100,255,224,254,236,255,224,255,0,48,0,0,174,243,249,255,12,0,3,0,176,1,254,12,104,11,0,0
28.708,hid,"18,20,22,24,26,28",4,90,165,239,100,255,224,254,236,255,224,255,0,48,0,0,174,243,250,255,8,0,4,0,165,1,243,12,95,11,0,0
28.739,hid,"18,19,20,22,23,24,26,28",4,90,165,239,100,255,224,254,236,255,224,255,0,48,0,0,174,243,13,0,13,0,254,255,171,1,241,12,133,11,0,0
28.754,hid,"18,20,22,24,26,28",4,90,165,239,100,255,224,254,236,255,224,255,0,48,0,0,174,243,5,0,4,0,255,255,167,1,255,12,86,11,0,0
28.77,hid,"18,19,20,22,23,24,26,28",4,90,165,239,100,255,224,254,236,255,224,255,0,48,0,0,174,243,253,255,8,0,0,0,177,1,244,12,104,11,0,0
28.785,hid,"18,19,20,22,24,26,27,28",4,90,165,239,100,255,224,254,236,255,224,255,0,48,0,0,174,243,13,0,26,0,1,0,175,1,3,13,116,11,0,0
28.816,hid,"18,20,22,24,26,27,28",4,90,165,239,100,255,224,254,236,255,224,255,0,48,0,0,174,243,2,0,12,0,0,0,156,1,242,12,104,11,0,0
28.831,hid,"18,20,22,23,24,26,27,28",4,90,165,239,100,255,224,254,236,255,224,255,0,48,0,0,174,243,10,0,15,0,254,255,184,1,8,13,127,11,0,0
28.847,hid,"18,20,24,26,27,28",4,90,165,239,100,255,224,254,236,255,224,255,0,48,0,0,174,243,6,0,9,0,254,255,171,1,252,12,110,11,0,0
28.879,hid,"18,19,20,22,23,24,26,27,28",4,90,165,239,100,255,224,254,236,255,224,255,0,48,0,0,174,243,251,255,11,0,1,0,166,1,4,13,98,11,0,0
28.894,hid,"18,20,24,26,27,28",4,90,165,239,100,255,224,254,236,255,224,255,0,48,0,0,174,243,249,255,12,0,1,0,171,1,252,12,104,11,0,0
28.91,hid,"16,18,20,22,24,26,28",4,90,165,239,100,255,224,254,236,255,224,255,0,48,0,0,172,243,248,255,13,0,0,0,173,1,242,12,102,11,0,0
28.925,hid,"18,20,22,26,27,28",4,90,165,239,100,255,224,254,236,255,224,255,0,48,0,0,172,243,253,255,17,0,1,0,173,1,8,13,109,11,0,0
28.957,hid,"18,19,20,24,26,27,28",4,90,165,239,100,255,224,254,236,255,224,255,0,48,0,0,172,243,1,0,10,0,1,0,150,1,237,12,112,11,0,0
28.973,hid,"18,20,22,23,24,26,28",4,90,165,239,100,255,224,254,236,255,224,255,0,48,0,0,172,243,4,0,11,0,255,255,169,1,245,12,102,11,0,0
28.989,hid,"18,20,22,23,24,26,27,28",4,90,165,239,100,255,224,254,236,255,224,255,0,48,0,0,172,243,3,0,14,0,1,0,178,1,0,13,107,11,0,0
29.02,hid,"18,19,20,24,26,28",4,90,165,239,100,255,224,254,236,255,224,255,0,48,0,0,172,243,252,255,10,0,1,0,164,1,6,13,110,11,0,0
29.02,hid,"18,20,24,28",4,90,165,239,100,255,224,254,236,255,224,255,0,48,0,0,172,243,251,255,11,0,1,0,163,1,6,13,109,11,0,0
29.05,hid,"18,20,22,24,26,27,28",4,90,165,239,100,255,224,254,236,255,224,255,0,48,0,0,172,243,246,255,12,0,5,0,173,1,241,12,100,11,0,0
29.066,hid,"18,20,22,24,26,28",4,90,165,239,100,255,224,254,236,255,224,255,0,48,0,0,172,243,255,255,9,0,0,0,174,1,223,12,124,11,0,0
29.096,hid,"18,19,20,22,24,26,28",4,90,165,239,100,255,224,254,236,255,224,255,0,48,0,0,172,243,3,0,1,0,1,0,161,1,250,12,131,11,0,0
29.113,hid,"18,20,22,24,26,28",4,90,165,239,100,255,224,254,236,255,224,255,0,48,0,0,172,243,9,0,2,0,0,0,169,1,243,12,113,11,0,0
29.129,hid,"18,20,22,23,24,26",4,90,165,239,100,255,224,254,236,255,224,255,0,48,0,0,172,243,13,0,5,0,254,255,162,1,246,12,113,11,0,0
29.159,hid,"16,18,22,23,24,26,28",4,90,165,239,100,255,224,254,236,255,224,255,0,48,0,0,170,243,10,0,5,0,1,0,174,1,250,12,98,11,0,0
29.16,hid,"18,20,22,24,26,28",4,90,165,239,100,255,224,254,236,255,224,255,0,48,0,0,170,243,9,0,8,0,2,0,175,1,252,12,88,11,0,0
29.192,hid,"17,18,20,22,24,26,27,28",4,90,165,239,100,255,224,254,236,255,224,255,0,48,0,0,170,241,0,0,13,0,3,0,172,1,2,13,104,11,0,0
29.207,hid,"18,20,22,24,26,27,28",4,90,165,239,100,255,224,254,236,255,224,255,0,48,0,0,170,241,4,0,8,0,1,0,150,1,245,12,110,11,0,0
29.238,hid,"18,20,22,23,24,26,28",4,90,165,239,100,255,224,254,236,255,224,255,0,48,0,0,170,241,3,0,6,0,255,255,178,1,254,12,102,11,0,0
29.253,hid,"18,20,22,23,24,26,28",4,90,165,239,100,255,224,254,236,255,224,255,0,48,0,0,170,241,6,0,7,0,1,0,168,1,243,12,87,11,0,0
29.269,hid,"18,20,24,26,27,28",4,90,165,239,100,255,224,254,236,255,224,255,0,48,0,0,170,241,2,0,15,0,1,0,154,1,7,13,78,11,0,0
29.3,hid,"18,19,20,22,24,26,28",4,90,165,239,100,255,224,254,236,255,224,255,0,48,0,0,170,241,249,255,6,0,3,0,167,1,10,13,103,11,0,0
29.3,hid,"20,24,28",4,90,165,239,100,255,224,254,236,255,224,255,0,48,0,0,170,241,249,255,5,0,3,0,166,1,10,13,104,11,0,0
29.331,hid,"20,22,24,26,28",4,90,165,239,100,255,224,254,236,255,224,255,0,48,0,0,170,241,249,255,10,0,0,0,172,1,2,13,102,11,0,0
29.346,hid,"18,20,22,24,26,27,28",4,90,165,239,100,255,224,254,236,255,224,255,0,48,0,0,170,241,248,255,13,0,2,0,147,1,255,12,106,11,0,0
29.378,hid,"18,20,22,24,26,28",4,90,165,239,100,255,224,254,236,255,224,255,0,48,0,0,170,241,255,255,10,0,5,0,169,1,240,12,128,11,0,0
29.393,hid,"16,17,18,20,22,24,26,28",4,90,165,239,100,255,224,254,236,255,224,255,0,48,0,0,169,235,248,255,5,0,2,0,184,1,249,12,95,11,0,0
29.409,hid,"16,18,20,22,24,28",4,90,165,239,100,255,224,254,236,255,224,255,0,48,0,0,166,235,236,255,9,0,1,0,167,1,249,12,94,11,0,0
29.441,hid,"16,17,18,20,24,26,28",4,90,165,239,100,255,224,254,236,255,224,255,0,48,0,0,162,227,242,255,12,0,1,0,146,1,228,12,113,11,0,0
29.473,hid,"16,17,18,20,22,24,26,28",4,90,165,239,100,255,224,254,236,255,224,255,0,48,0,0,161,224,248,255,7,0,4,0,151,1,247,12,123,11,0,0
29.489,hid,"17,18,20,22,24,28",4,90,165,239,100,255,224,254,236,255,224,255,0,48,0,0,161,222,250,255,9,0,6,0,162,1,247,12,104,11,0,0
29.519,hid,"18,22,24,26,28",4,90,165,239,100,255,224,254,236,255,224,255,0,48,0,0,161,222,251,255,9,0,1,0,151,1,231,12,129,11,0,0
29.535,hid,"18,20,22,24,26,28",4,90,165,239,100,255,224,254,236,255,224,255,0,48,0,0,161,222,255,255,5,0,0,0,155,1,233,12,125,11,0,0
29.549,hid,"18,19,20,22,23,24,26,28",4,90,165,239,100,255,224,254,236,255,224,255,0,48,0,0,161,222,1,0,3,0,254,255,157,1,235,12,123,11,0,0
29.565,hid,"18,19,20,24,26,27,28",4,90,165,239,100,255,224,254,236,255,224,255,0,48,0,0,161,222,253,255,1,0,254,255,158,1,3,13,109,11,0,0
29.596,hid,"18,20,22,24,26,27,28",4,90,165,239,100,255,224,254,236,255,224,255,0,48,0,0,161,222,249,255,3,0,252,255,160,1,245,12,112,11,0,0
29.611,hid,"18,19,20,22,24,26,28",4,90,165,239,100,255,224,254,236,255,224,255,0,48,0,0,161,222,0,0,2,0,251,255,161,1,252,12,118,11,0,0
29.627,hid,"18,19,20,21,22,24,26,28",4,90,165,239,100,255,224,254,236,255,224,255,0,48,0,0,161,222,251,255,252,255,253,255,176,1,250,12,113,11,0,0
29.659,hid,"18,20,22,23,24,26,28",4,90,165,239,100,255,224,254,236,255,224,255,0,48,0,0,161,222,242,255,254,255,0,0,158,1,251,12,98,11,0,0
29.674,hid,"18,24,26,27,28",4,90,165,239,100,255,224,254,236,255,224,255,0,48,0,0,161,222,238,255,254,255,0,0,159,1,4,13,113,11,0,0
29.689,hid,"18,20,22,23,24,26,27,28",4,90,165,239,100,255,224,254,236,255,224,255,0,48,0,0,161,222,244,255,253,255,254,255,150,1,245,12,143,11,0,0
29.72,hid,"18,20,22,24,26,28",4,90,165,239,100,255,224,254,236,255,224,255,0,48,0,0,161,222,245,255,254,255,255,255,161,1,242,12,110,11,0,0
29.721,hid,"18,20,21,22,23,24,26,28",4,90,165,239,100,255,224,254,236,255,224,255,0,48,0,0,161,222,247,255,1,0,0,0,163,1,241,12,107,11,0,0
29.751,hid,"20,22,24,26,28",4,90,165,239,100,255,224,254,236,255,224,255,0,48,0,0,161,222,247,255,10,0,1,0,148,1,252,12,111,11,0,0
29.767,hid,"18,20,22,23,24,26,28",4,90,165,239,100,255,224,254,236,255,224,255,0,48,0,0,161,222,248,255,4,0,254,255,159,1,228,12,145,11,0,0
29.798,hid,"18,20,22,23,24,26,27,28",4,90,165,239,100,255,224,254,236,255,224,255,0,48,0,0,161,222,247,255,7,0,3,0,162,1,5,13,106,11,0,0
29.814,hid,"18,20,24,26,27,28",4,90,165,239,100,255,224,254,236,255,224,255,0,48,0,0,161,222,244,255,10,0,3,0,165,1,247,12,98,11,0,0
29.83,hid,"18,20,22,24,26,28",4,90,165,239,100,255,224,254,236,255,224,255,0,48,0,0,161,222,235,255,11,0,4,0,153,1,249,12,109,11,0,0
29.845,hid,"18,20,22,24,26,28",4,90,165,239,100,255,224,254,236,255,224,255,0,48,0,0,161,222,233,255,6,0,3,0,159,1,240,12,127,11,0,0
29.876,hid,"18,20,22,24,26,28",4,90,165,239,100,255,224,254,236,255,224,255,0,48,0,0,161,222,223,255,3,0,2,0,165,1,242,12,124,11,0,0
29.891,hid,"18,20,22,24,26,28",4,90,165,239,100,255,224,254,236,255,224,255,0,48,0,0,161,222,233,255,7,0,3,0,160,1,240,12,125,11,0,0
29.908,hid,"18,20,22,24,26,28",4,90,165,239,100,255,224,254,236,255,224,255,0,48,0,0,161,222,235,255,12,0,1,0,158,1,247,12,120,11,0,0
29.939,hid,"18,20,22,24,26,28",4,90,165,239,100,255,224,254,236,255,224,255,0,48,0,0,161,222,244,255,10,0,3,0,151,1,223,12,147,11,0,0
29.971,hid,"18,20,22,23,24,28",4,90,165,239,100,255,224,254,236,255,224,255,0,48,0,0,161,222,247,255,2,0,254,255,156,1,223,12,130,11,0,0
29.987,hid,"16,18,20,22,24,26,28",4,90,165,239,100,255,224,254,236,255,224,255,0,48,0,0,159,222,240,255,3,0,255,255,160,1,242,12,114,11,0,0
30.018,hid,"18,22,24,26,28",4,90,165,239,100,255,224,254,236,255,224,255,0,48,0,0,159,222,250,255,3,0,254,255,151,1,223,12,157,11,0,0
30.033,hid,"8,9,10,11,18,20,21,22,24,26,28",4,90,165,239,100,255,224,254,4,0,12,0,0,48,0,0,159,222,254,255,254,255,252,255,153,1,219,12,154,11,0,0
30.049,hid,"18,22,24,26,28",4,90,165,239,100,255,224,254,4,0,12,0,0,48,0,0,159,222,250,255,254,255,250,255,167,1,222,12,111,11,0,0
30.08,hid,"18,20,21,22,26,28",4,90,165,239,100,255,224,254,4,0,12,0,0,48,0,0,159,222,244,255,3,0,253,255,167,1,240,12,125,11,0,0
30.08,hid,"18,22,24,26,28",4,90,165,239,100,255,224,254,4,0,12,0,0,48,0,0,159,222,242,255,3,0,254,255,163,1,235,12,131,11,0,0
30.112,hid,"16,18,20,22,23,24,26,28",4,90,165,239,100,255,224,254,4,0,12,0,0,48,0,0,157,222,252,255,7,0,1,0,136,1,222,12,140,11,0,0
30.127,hid,"18,19,22,24,26,28",4,90,165,239,100,255,224,254,4,0,12,0,0,48,0,0,157,222,0,0,7,0,0,0,153,1,227,12,132,11,0,0
30.159,hid,"18,20,22,23,24,26,28",4,90,165,239,100,255,224,254,4,0,12,0,0,48,0,0,157,222,9,0,2,0,254,255,160,1,220,12,164,11,0,0
30.174,hid,"18,20,22,23,24,26,28",4,90,165,239,100,255,224,254,4,0,12,0,0,48,0,0,157,222,12,0,3,0,0,0,158,1,243,12,134,11,0,0
30.189,hid,"18,20,22,23,24,26,28",4,90,165,239,100,255,224,254,4,0,12,0,0,48,0,0,157,222,4,0,7,0,255,255,152,1,228,12,94,11,0,0
30.205,hid,"18,20,22,23,24,26,28",4,90,165,239,100,255,224,254,4,0,12,0,0,48,0,0,157,222,1,0,11,0,2,0,156,1,241,12,106,11,0,0
30.236,hid,"18,19,20,22,24,26,28",4,90,165,239,100,255,224,254,4,0,12,0,0,48,0,0,157,222,251,255,5,0,1,0,153,1,228,12,132,11,0,0
30.252,hid,"20,26,28",4,90,165,239,100,255,224,254,4,0,12,0,0,48,0,0,157,222,251,255,3,0,1,0,153,1,234,12,142,11,0,0
30.267,hid,"18,19,20,22,23,24,26,28",4,90,165,239,100,255,224,254,4,0,12,0,0,48,0,0,157,222,0,0,0,0,255,255,154,1,215,12,139,11,0,0
30.299,hid,"18,20,21,22,24,26,28",4,90,165,239,100,255,224,254,4,0,12,0,0,48,0,0,157,222,3,0,254,255,251,255,160,1,230,12,126,11,0,0
30.314,hid,"18,20,21,22,24,26,28",4,90,165,239,100,255,224,254,4,0,12,0,0,48,0,0,157,222,1,0,0,0,252,255,153,1,237,12,116,11,0,0
30.33,hid,"18,20,22,24,26,28",4,90,165,239,100,255,224,254,4,0,12,0,0,48,0,0,157,222,3,0,4,0,251,255,147,1,219,12,135,11,0,0
30.346,hid,"18,20,22,24,26,28",4,90,165,239,100,255,224,254,4,0,12,0,0,48,0,0,157,222,4,0,5,0,254,255,149,1,238,12,128,11,0,0
30.377,hid,"18,19,20,22,23,24,26,28",4,90,165,239,100,255,224,254,4,0,12,0,0,48,0,0,157,222,251,255,3,0,1,0,163,1,233,12,116,11,0,0
30.393,hid,"18,20,22,23,24,26,28",4,90,165,239,100,255,224,254,4,0,12,0,0,48,0,0,157,222,250,255,9,0,255,255,167,1,232,12,119,11,0,0
30.409,hid,"18,20,22,23,24,26,28",4,90,165,239,100,255,224,254,4,0,12,0,0,48,0,0,157,222,240,255,4,0,0,0,147,1,228,12,121,11,0,0
30.44,hid,"18,20,22,24,26,28",4,90,165,239,100,255,224,254,4,0,12,0,0,48,0,0,157,222,246,255,6,0,3,0,157,1,222,12,137,11,0,0
30.44,hid,"18,22,24,26,28",4,90,165,239,100,255,224,254,4,0,12,0,0,48,0,0,157,222,250,255,6,0,2,0,153,1,227,12,141,11,0,0
30.47,hid,"18,20,21,22,24,26,28",4,90,165,239,100,255,224,254,4,0,12,0,0,48,0,0,157,222,248,255,255,255,0,0,148,1,229,12,128,11,0,0
30.486,hid,"18,20,21,22,23,26,28",4,90,165,239,100,255,224,254,4,0,12,0,0,48,0,0,157,222,244,255,0,0,255,255,148,1,228,12,124,11,0,0
30.519,hid,"18,20,24,26,28",4,90,165,239,100,255,224,254,4,0,12,0,0,48,0,0,157,222,248,255,4,0,255,255,169,1,227,12,132,11,0,0
30.534,hid,"18,20,22,23,24,26,28",4,90,165,239,100,255,224,254,4,0,12,0,0,48,0,0,157,222,250,255,7,0,1,0,159,1,234,12,137,11,0,0
30.55,hid,"20,22,23,24,26,28",4,90,165,239,100,255,224,254,4,0,12,0,0,48,0,0,157,222,250,255,9,0,253,255,139,1,228,12,144,11,0,0
30.565,hid,"20,22,23,24,26,28",4,90,165,239,100,255,224,254,4,0,12,0,0,48,0,0,157,222,250,255,3,0,1,0,147,1,227,12,138,11,0,0
30.597,hid,"18,20,22,23,24,26",4,90,165,239,100,255,224,254,4,0,12,0,0,48,0,0,157,222,249,255,5,0,254,255,158,1,228,12,138,11,0,0
30.612,hid,"16,20,22,24,26,28",4,90,165,239,100,255,224,254,4,0,12,0,0,48,0,0,156,222,249,255,6,0,251,255,149,1,229,12,112,11,0,0
30.628,hid,"18,20,22,24,26,28",4,90,165,239,100,255,224,254,4,0,12,0,0,48,0,0,156,222,243,255,10,0,255,255,136,1,242,12,125,11,0,0
30.659,hid,"18,20,22,23,24,26,28",4,90,165,239,100,255,224,254,4,0,12,0,0,48,0,0,156,222,238,255,3,0,1,0,160,1,219,12,147,11,0,0
30.674,hid,"18,20,22,23,24,26,28",4,90,165,239,100,255,224,254,4,0,12,0,0,48,0,0,156,222,241,255,1,0,255,255,158,1,226,12,144,11,0,0
30.69,hid,"17,18,24,26,28",4,90,165,239,100,255,224,254,4,0,12,0,0,48,0,0,156,221,237,255,1,0,255,255,138,1,230,12,129,11,0,0
30.706,hid,"18,20,22,23,24,26,28",4,90,165,239,100,255,224,254,4,0,12,0,0,48,0,0,156,221,231,255,3,0,2,0,148,1,222,12,134,11,0,0
30.738,hid,"18,20,22,23,24,26,28",4,90,165,239,100,255,224,254,4,0,12,0,0,48,0,0,156,221,252,255,4,0,255,255,152,1,202,12,162,11,0,0
30.754,hid,"18,20,26,28",4,90,165,239,100,255,224,254,4,0,12,0,0,48,0,0,156,221,247,255,2,0,255,255,152,1,225,12,138,11,0,0
30.769,hid,"18,20,22,24,26,28",4,90,165,239,100,255,224,254,4,0,12,0,0,48,0,0,156,221,248,255,6,0,254,255,154,1,223,12,132,11,0,0
30.8,hid,"18,20,22,23,24,26,28",4,90,165,239,100,255,224,254,4,0,12,0,0,48,0,0,156,221,240,255,8,0,2,0,152,1,220,12,133,11,0,0
30.8,hid,"20,22,24,26,28",4,90,165,239,100,255,224,254,4,0,12,0,0,48,0,0,156,221,240,255,6,0,4,0,156,1,217,12,137,11,0,0
30.832,hid,"18,20,22,24,26,28",4,90,165,239,100,255,224,254,4,0,12,0,0,48,0,0,156,221,249,255,5,0,0,0,162,1,204,12,155,11,0,0
30.848,hid,"18,20,22,24,26,28",4,90,165,239,100,255,224,254,4,0,12,0,0,48,0,0,156,221,237,255,10,0,1,0,144,1,218,12,147,11,0,0
30.878,hid,"18,20,22,24,26,28",4,90,165,239,100,255,224,254,4,0,12,0,0,48,0,0,156,221,248,255,3,0,0,0,157,1,195,12,169,11,0,0
30.894,hid,"18,19,22,23,24,26,28",4,90,165,239,100,255,224,254,4,0,12,0,0,48,0,0,156,221,1,0,3,0,251,255,161,1,204,12,168,11,0,0
30.909,hid,"18,20,22,23,24,26,28",4,90,165,239,100,255,224,254,4,0,12,0,0,48,0,0,156,221,5,0,7,0,0,0,152,1,224,12,156,11,0,0
30.94,hid,"16,18,19,20,22,24,26,28",4,90,165,239,100,255,224,254,4,0,12,0,0,48,0,0,154,221,245,255,10,0,4,0,158,1,223,12,113,11,0,0
30.94,hid,"18,20,22,24,26",4,90,165,239,100,255,224,254,4,0,12,0,0,48,0,0,154,221,243,255,11,0,5,0,160,1,212,12,113,11,0,0
30.97,hid,"18,20,22,24,26,28",4,90,165,239,100,255,224,254,4,0,12,0,0,48,0,0,154,221,244,255,15,0,4,0,136,1,203,12,158,11,0,0
30.986,hid,"18,20,22,24,26,28",4,90,165,239,100,255,224,254,4,0,12,0,0,48,0,0,154,221,246,255,3,0,6,0,139,1,211,12,163,11,0,0
31.017,hid,"16,18,20,21,22,24,26,28",4,90,165,239,100,255,224,254,4,0,12,0,0,48,0,0,150,221,238,255,251,255,1,0,150,1,213,12,126,11,0,0
31.032,hid,"16,20,22,23,24,26,28",4,90,165,239,100,255,224,254,4,0,12,0,0,48,0,0,148,221,238,255,252,255,255,255,155,1,218,12,144,11,0,0
31.049,hid,"16,18,20,22,23,24,26,28",4,90,165,239,100,255,224,254,4,0,12,0,0,48,0,0,147,221,237,255,245,255,2,0,144,1,206,12,163,11,0,0
31.08,hid,"16,17,18,20,22,24,26,28",4,90,165,239,100,255,224,254,4,0,12,0,0,48,0,0,138,219,220,255,248,255,9,0,142,1,207,12,120,11,0,0
31.081,hid,"16,18,20,22,24,26,28",4,90,165,239,100,255,224,254,4,0,12,0,0,48,0,0,136,219,215,255,250,255,10,0,144,1,203,12,121,11,0,0
31.112,hid,"16,17,18,20,21,22,24,26,28",4,90,165,239,100,255,224,254,4,0,12,0,0,48,0,0,131,212,229,255,6,0,1,0,163,1,184,12,182,11,0,0
31.127,hid,"16,17,18,20,22,24,26,28",4,90,165,239,100,255,224,254,4,0,12,0,0,48,0,0,124,210,244,255,10,0,5,0,156,1,198,12,195,11,0,0
31.159,hid,"17,18,20,21,22,23,24,26,28",4,90,165,239,100,255,224,254,4,0,12,0,0,48,0,0,124,202,221,255,245,255,247,255,117,1,200,12,137,11,0,0
31.174,hid,"17,18,20,22,24,26,28",4,90,165,239,100,255,224,254,4,0,12,0,0,48,0,0,124,200,207,255,237,255,244,255,135,1,244,12,174,11,0,0
31.19,hid,"16,17,18,20,22,23,24,26,28",4,90,165,239,100,255,224,254,4,0,12,0,0,48,0,0,126,199,234,255,245,255,1,0,156,1,234,12,183,11,0,0
31.205,hid,"16,18,20,22,24,26,28",4,90,165,239,100,255,224,254,4,0,12,0,0,48,0,0,127,199,241,255,255,255,2,0,166,1,182,12,149,11,0,0
31.237,hid,"17,18,20,22,23,24,26,28",4,90,165,239,100,255,224,254,4,0,12,0,0,48,0,0,127,196,238,255,236,255,255,255,178,1,178,12,195,11,0,0
31.252,hid,"17,18,20,22,23,24,26,28",4,90,165,239,100,255,224,254,4,0,12,0,0,48,0,0,127,193,240,255,245,255,2,0,161,1,186,12,158,11,0,0
31.267,hid,"17,18,20,21,22,24,26,28",4,90,165,239,100,255,224,254,4,0,12,0,0,48,0,0,127,189,241,255,2,0,5,0,152,1,198,12,123,11,0,0
31.299,hid,"16,17,18,20,22,24,26,28",4,90,165,239,100,255,224,254,4,0,12,0,0,48,0,0,123,187,243,255,16,0,6,0,156,1,183,12,162,11,0,0
31.314,hid,"16,18,20,22,24,26,28",4,90,165,239,100,255,224,254,4,0,12,0,0,48,0,0,121,187,253,255,4,0,0,0,154,1,155,12,199,11,0,0
31.33,hid,"16,18,19,22,23,24,26,28",4,90,165,239,100,255,224,254,4,0,12,0,0,48,0,0,119,187,0,0,4,0,254,255,166,1,192,12,181,11,0,0
31.345,hid,"16,18,19,20,22,23,24,26,28",4,90,165,239,100,255,224,254,4,0,12,0,0,48,0,0,115,187,246,255,5,0,2,0,168,1,198,12,138,11,0,0
31.376,hid,"16,18,20,22,23,24,26,28",4,90,165,239,100,255,224,254,4,0,12,0,0,48,0,0,109,187,237,255,6,0,253,255,156,1,183,12,173,11,0,0
31.392,hid,"16,18,20,22,23,24,26,28",4,90,165,239,100,255,224,254,4,0,12,0,0,48,0,0,106,187,238,255,10,0,2,0,142,1,196,12,156,11,0,0
31.407,hid,"16,18,20,22,24,26,28",4,90,165,239,100,255,224,254,4,0,12,0,0,48,0,0,99,187,225,255,11,0,4,0,152,1,211,12,145,11,0,0
31.439,hid,"16,17,18,20,22,24,26,28",4,90,165,239,100,255,224,254,4,0,12,0,0,48,0,0,88,185,215,255,9,0,7,0,149,1,165,12,175,11,0,0
31.454,hid,"16,17,18,20,22,23,24,26,28",4,90,165,239,100,255,224,254,4,0,12,0,0,48,0,0,86,181,224,255,7,0,255,255,154,1,149,12,201,11,0,0
31.454,log,sig#15,,,,,,,,,,,,,,,,,,,,,,,,,,,,,,,,
31.47,hid,"16,17,18,20,21,22,24,26,28",4,90,165,239,100,255,224,254,4,0,12,0,0,48,0,0,84,179,230,255,255,255,250,255,147,1,155,12,202,11,0,0
31.485,hid,"17,18,20,22,24,26,28",4,90,165,239,100,255,224,254,4,0,12,0,0,48,0,0,84,176,233,255,252,255,248,255,150,1,180,12,187,11,0,0
31.516,hid,"16,17,18,20,21,22,23,24,26,28",4,90,165,239,100,255,224,254,4,0,12,0,0,48,0,0,79,171,221,255,5,0,0,0,153,1,182,12,170,11,0,0
31.533,hid,"4,5,6,7,16,17,18,22,23,24,26,28",4,90,165,239,4,0,244,255,4,0,12,0,0,48,0,0,92,168,241,255,5,0,253,255,155,1,160,12,218,11,0,0
31.548,hid,"16,17,18,19,20,22,24,26,28,29",4,90,165,239,4,0,244,255,4,0,12,0,0,48,0,0,144,167,57,0,25,0,234,255,193,1,177,12,24,12,0,0
31.579,hid,"16,18,19,20,22,24,26,28,29",4,90,165,239,4,0,244,255,4,0,12,0,0,48,0,0,181,167,227,255,3,0,247,255,91,1,163,12,70,11,0,0
31.579,log,sig#16,,,,,,,,,,,,,,,,,,,,,,,,,,,,,,,,
31.58,hid,17,4,90,165,239,4,0,244,255,4,0,12,0,0,48,0,0,181,164,227,255,3,0,247,255,91,1,163,12,70,11,0,0
31.61,hid,"16,18,20,22,23,24,26,28",4,90,165,239,4,0,244,255,4,0,12,0,0,48,0,0,187,164,252,255,7,0,2,0,158,1,215,12,152,11,0,0
31.626,hid,"16,17,18,20,22,23,24,26,28",4,90,165,239,4,0,244,255,4,0,12,0,0,48,0,0,155,163,205,255,1,0,254,255,125,1,219,12,111,11,0,0
31.657,hid,"16,17,18,20,22,23,24,25,26,27,28",4,90,165,239,4,0,244,255,4,0,12,0,0,48,0,0,33,209,202,255,31,0,113,0,29,2,49,13,201,11,0,0
31.673,hid,"4,5,6,13,16,17,18,20,22,24,26,28",4,90,165,239,212,255,240,255,4,0,12,0,0,32,0,0,0,235,177,255,52,0,164,0,91,2,133,13,65,11,0,0
31.688,hid,"17,18,20,22,24,25,26,27,28",4,90,165,239,212,255,240,255,4,0,12,0,0,32,0,0,0,214,62,255,65,0,71,0,190,1,109,12,17,11,0,0
31.72,hid,"17,18,20,22,24,26,28",4,90,165,239,212,255,240,255,4,0,12,0,0,32,0,0,0,96,24,255,90,0,14,0,113,1,117,12,217,11,0,0
31.751,hid,"13,17,18,20,22,24,26,28",4,90,165,239,212,255,240,255,4,0,12,0,0,0,0,0,0,0,100,255,149,0,35,0,122,1,101,12,200,11,0,0
31.766,hid,"18,20,22,24,26,28",4,90,165,239,212,255,240,255,4,0,12,0,0,0,0,0,0,0,188,255,241,0,65,0,128,1,145,12,167,11,0,0
31.797,hid,"18,19,20,21,22,24,25,26,27,28",4,90,165,239,212,255,240,255,4,0,12,0,0,0,0,0,0,0,244,0,236,1,70,0,19,2,107,11,181,11,0,0
31.813,hid,"18,19,20,21,22,23,24,26,27,28,29",4,90,165,239,212,255,240,255,4,0,12,0,0,0,0,0,0,0,126,1,67,2,172,255,222,2,95,10,4,12,0,0
31.829,hid,"18,19,20,22,24,25,26,27,28,29",4,90,165,239,212,255,240,255,4,0,12,0,0,0,0,0,0,0,3,2,153,2,123,255,183,1,109,11,233,11,0,0
31.86,hid,"18,19,20,22,23,24,26,27,28,29",4,90,165,239,212,255,240,255,4,0,12,0,0,0,0,0,0,0,235,0,106,2,185,254,150,1,125,12,129,10,0,0
31.89,hid,"18,19,20,22,24,26,28,29",4,90,165,239,212,255,240,255,4,0,12,0,0,0,0,0,0,0,216,255,40,2,30,254,57,1,71,12,19,11,0,0
31.906,hid,"18,19,20,22,24,25,26,27,28,29",4,90,165,239,212,255,240,255,4,0,12,0,0,0,0,0,0,0,207,0,103,2,166,254,236,255,20,13,163,12,0,0
31.938,hid,"18,20,21,22,23,24,26,28,29",4,90,165,239,212,255,240,255,4,0,12,0,0,0,0,0,0,0,124,0,250,1,109,255,57,255,208,13,89,11,0,0
31.953,hid,"18,20,22,24,26,28",4,90,165,239,212,255,240,255,4,0,12,0,0,0,0,0,0,0,45,0,154,1,177,255,30,255,174,13,214,11,0,0
31.969,hid,"18,20,22,24,25,26,28,29",4,90,165,239,212,255,240,255,4,0,12,0,0,0,0,0,0,0,16,0,74,1,214,255,243,254,128,13,57,12,0,0
32.001,hid,"18,19,20,21,22,24,26,27,28",4,90,165,239,212,255,240,255,4,0,12,0,0,0,0,0,0,0,26,255,243,255,172,255,215,254,236,12,101,12,0,0
32.033,hid,"18,20,21,22,24,25,26,27,28,29",4,90,165,239,212,255,240,255,4,0,12,0,0,0,0,0,0,0,201,255,27,0,180,255,72,255,24,13,208,11,0,0
32.049,hid,"8,10,11,18,20,21,22,24,26,28",4,90,165,239,212,255,240,255,92,0,240,255,0,0,0,0,0,0,165,255,251,255,214,255,167,255,111,13,236,11,0,0
32.079,hid,"8,9,10,11,18,20,21,22,24,26,27,28",4,90,165,239,212,255,240,255,40,14,120,246,0,0,0,0,0,0,233,255,16,0,233,255,186,255,193,12,198,11,0,0
32.094,hid,"8,9,10,11,18,20,21,22,24,26,27,28",4,90,165,239,212,255,240,255,48,28,40,241,0,0,0,0,0,0,206,255,250,255,241,255,113,255,25,13,177,11,0,0
32.11,hid,"8,9,10,11,18,20,22,24,26,27,28",4,90,165,239,212,255,240,255,220,43,56,240,0,0,0,0,0,0,191,255,245,255,244,255,145,255,246,12,130,11,0,0
32.125,hid,"8,9,10,11,18,20,22,24,26,28",4,90,165,239,212,255,240,255,132,64,80,243,0,0,0,0,0,0,176,255,241,255,239,255,177,255,234,12,140,11,0,0
32.156,hid,"8,9,10,11,18,20,22,24,26,28",4,90,165,239,212,255,240,255,44,89,0,250,0,0,0,0,0,0,177,255,235,255,241,255,189,255,205,12,188,11,0,0
32.172,hid,"8,9,18,20,22,24,26,28",4,90,165,239,212,255,240,255,184,97,0,250,0,0,0,0,0,0,198,255,231,255,232,255,207,255,160,12,230,11,0,0
32.188,hid,"8,9,10,11,18,20,22,24,26,28",4,90,165,239,212,255,240,255,92,105,56,249,0,0,0,0,0,0,233,255,233,255,236,255,139,255,165,12,233,11,0,0
32.219,hid,"8,9,10,11,18,20,22,24,26,28",4,90,165,239,212,255,240,255,204,118,100,247,0,0,0,0,0,0,209,255,214,255,242,255,159,255,225,12,163,11,0,0
32.234,hid,"8,9,10,11,18,20,22,24,26,28",4,90,165,239,212,255,240,255,132,125,96,246,0,0,0,0,0,0,191,255,209,255,245,255,162,255,232,12,165,11,0,0
32.25,hid,"8,9,10,11,18,24,26,28",4,90,165,239,212,255,240,255,255,127,32,245,0,0,0,0,0,0,186,255,209,255,245,255,154,255,191,12,184,11,0,0
32.265,hid,"10,11,18,22,24,26,28",4,90,165,239,212,255,240,255,255,127,28,243,0,0,0,0,0,0,185,255,209,255,239,255,153,255,176,12,196,11,0,0
32.297,hid,"10,11,18,20,22,24,26,28",4,90,165,239,212,255,240,255,255,127,188,238,0,0,0,0,0,0,208,255,229,255,238,255,192,255,172,12,183,11,0,0
32.313,hid,"10,11,20,22,24,26,28",4,90,165,239,212,255,240,255,255,127,164,235,0,0,0,0,0,0,208,255,239,255,239,255,169,255,178,12,204,11,0,0
32.329,hid,"10,11,18,20,22,26,28",4,90,165,239,212,255,240,255,255,127,12,233,0,0,0,0,0,0,203,255,231,255,244,255,169,255,180,12,189,11,0,0
32.359,hid,"10,11,18,20,22,24,26,28",4,90,165,239,212,255,240,255,255,127,24,231,0,0,0,0,0,0,171,255,242,255,240,255,186,255,218,12,161,11,0,0
32.375,hid,"10,11,18,20,22,24,26,28",4,90,165,239,212,255,240,255,255,127,216,228,0,0,0,0,0,0,165,255,249,255,246,255,190,255,154,12,190,11,0,0
32.39,hid,"10,11,18,22,26,28",4,90,165,239,212,255,240,255,255,127,4,227,0,0,0,0,0,0,166,255,249,255,247,255,190,255,149,12,222,11,0,0
32.406,hid,"10,11,18,20,22,24,26,28",4,90,165,239,212,255,240,255,255,127,80,225,0,0,0,0,0,0,199,255,251,255,255,255,193,255,115,12,254,11,0,0
32.438,hid,"10,11,18,19,20,21,22,23,24,26,28,29",4,90,165,239,212,255,240,255,255,127,212,224,0,0,0,0,0,0,5,0,4,0,2,0,185,255,135,12,4,12,0,0
32.453,hid,"18,20,22,24,26,28,29",4,90,165,239,212,255,240,255,255,127,212,224,0,0,0,0,0,0,4,0,5,0,3,0,170,255,125,12,236,11,0,0
32.468,hid,"18,20,22,24,26,28",4,90,165,239,212,255,240,255,255,127,212,224,0,0,0,0,0,0,9,0,4,0,5,0,161,255,144,12,214,11,0,0
32.5,hid,"10,11,18,19,20,21,22,24,28",4,90,165,239,212,255,240,255,255,127,88,225,0,0,0,0,0,0,247,255,247,255,0,0,176,255,144,12,222,11,0,0
32.531,hid,"10,11,18,20,22,24,26,28",4,90,165,239,212,255,240,255,255,127,156,236,0,0,0,0,0,0,230,255,246,255,1,0,177,255,156,12,209,11,0,0
32.546,hid,"8,9,11,18,20,21,22,24,26,28",4,90,165,239,212,255,240,255,164,77,156,251,0,0,0,0,0,0,251,255,4,0,14,0,172,255,122,12,221,11,0,0
32.577,hid,"8,9,10,11,18,20,21,22,24,26,28",4,90,165,239,212,255,240,255,192,0,212,253,0,0,0,0,0,0,235,255,254,255,16,0,186,255,123,12,254,11,0,0
32.593,hid,"8,9,10,11,18,19,20,21,22,24,25,26,28,29",4,90,165,239,212,255,240,255,116,254,0,1,0,0,0,0,0,0,31,0,33,0,7,0,27,0,81,12,42,12,0,0
32.609,hid,"8,9,10,11,20,22,24,25,26,28,29",4,90,165,239,212,255,240,255,40,0,4,0,0,0,0,0,0,0,31,0,9,0,1,0,127,255,134,12,249,11,0,0
32.64,hid,"18,20,21,22,23,24,26,28",4,90,165,239,212,255,240,255,40,0,4,0,0,0,0,0,0,0,12,0,236,255,252,255,154,255,135,12,244,11,0,0
32.672,hid,"18,22,24,26,28",4,90,165,239,212,255,240,255,40,0,4,0,0,0,0,0,0,0,42,0,236,255,253,255,242,255,147,12,219,11,0,0
32.687,hid,"18,20,22,24,26,28",4,90,165,239,212,255,240,255,40,0,4,0,0,0,0,0,0,0,20,0,242,255,249,255,237,255,163,12,163,11,0,0
32.718,hid,"18,19,20,21,22,24,26,28",4,90,165,239,212,255,240,255,40,0,4,0,0,0,0,0,0,0,217,255,7,0,235,255,211,255,185,12,134,11,0,0
32.733,hid,"18,20,22,24,26,28",4,90,165,239,212,255,240,255,40,0,4,0,0,0,0,0,0,0,178,255,5,0,209,255,253,255,141,12,164,11,0,0
32.75,hid,"18,20,22,24,26,28,29",4,90,165,239,212,255,240,255,40,0,4,0,0,0,0,0,0,0,185,255,4,0,218,255,162,255,159,12,6,12,0,0
32.765,hid,"18,20,22,24,26,28,29",4,90,165,239,212,255,240,255,40,0,4,0,0,0,0,0,0,0,222,255,19,0,255,255,109,255,202,12,249,11,0,0
32.795,hid,"18,20,21,22,23,24,26,28,29",4,90,165,239,212,255,240,255,40,0,4,0,0,0,0,0,0,0,212,255,239,255,9,0,177,255,129,12,32,12,0,0
32.811,hid,"18,20,22,24,26,28",4,90,165,239,212,255,240,255,40,0,4,0,0,0,0,0,0,0,250,255,240,255,4,0,184,255,101,12,54,12,0,0
32.826,hid,"18,19,20,22,24,26,28",4,90,165,239,212,255,240,255,40,0,4,0,0,0,0,0,0,0,12,0,244,255,8,0,187,255,123,12,0,12,0,0
32.857,hid,"18,19,20,21,22,24,26,28,29",4,90,165,239,212,255,240,255,40,0,4,0,0,0,0,0,0,0,235,255,1,0,7,0,193,255,152,12,170,11,0,0
32.873,hid,"18,20,22,24,26,28",4,90,165,239,212,255,240,255,40,0,4,0,0,0,0,0,0,0,209,255,6,0,5,0,196,255,165,12,183,11,0,0
32.888,hid,"18,20,22,24,26,28",4,90,165,239,212,255,240,255,40,0,4,0,0,0,0,0,0,0,200,255,11,0,4,0,197,255,154,12,216,11,0,0
32.92,hid,"18,20,22,24,26,28",4,90,165,239,212,255,240,255,40,0,4,0,0,0,0,0,0,0,195,255,13,0,10,0,143,255,153,12,226,11,0,0
32.92,hid,"18,20,22,24,26,28",4,90,165,239,212,255,240,255,40,0,4,0,0,0,0,0,0,0,192,255,8,0,11,0,135,255,150,12,228,11,0,0
32.951,hid,"18,20,22,24,26,28,29",4,90,165,239,212,255,240,255,40,0,4,0,0,0,0,0,0,0,216,255,7,0,2,0,241,255,73,12,36,12,0,0
32.966,hid,"18,20,22,24,26,28",4,90,165,239,212,255,240,255,40,0,4,0,0,0,0,0,0,0,239,255,13,0,3,0,199,255,78,12,16,12,0,0
32.999,hid,"18,20,22,24,26,28,29",4,90,165,239,212,255,240,255,40,0,4,0,0,0,0,0,0,0,236,255,8,0,9,0,203,255,110,12,224,11,0,0
33.014,hid,"18,20,22,24,26,28",4,90,165,239,212,255,240,255,40,0,4,0,0,0,0,0,0,0,234,255,6,0,6,0,167,255,123,12,230,11,0,0
33.03,hid,"18,20,24,26,28,29",4,90,165,239,212,255,240,255,40,0,4,0,0,0,0,0,0,0,226,255,7,0,6,0,184,255,121,12,2,12,0,0
33.045,hid,"18,20,22,24,28",4,90,165,239,212,255,240,255,40,0,4,0,0,0,0,0,0,0,230,255,5,0,3,0,182,255,121,12,7,12,0,0
33.076,hid,"18,20,22,23,24,26,28,29",4,90,165,239,212,255,240,255,40,0,4,0,0,0,0,0,0,0,209,255,10,0,251,255,179,255,127,12,221,11,0,0
33.091,hid,"18,20,22,24,26,28",4,90,165,239,212,255,240,255,40,0,4,0,0,0,0,0,0,0,195,255,8,0,242,255,120,255,141,12,242,11,0,0
33.107,hid,"4,20,22,24,26,28,29",4,90,165,239,152,255,240,255,40,0,4,0,0,0,0,0,0,0,195,255,10,0,249,255,155,255,118,12,33,12,0,0
33.139,hid,"18,20,22,24,26,28,29",4,90,165,239,152,255,240,255,40,0,4,0,0,0,0,0,0,0,249,255,41,0,255,255,191,255,119,12,244,11,0,0
33.154,hid,"18,20,22,23,24,26,28",4,90,165,239,152,255,240,255,40,0,4,0,0,0,0,0,0,0,218,255,38,0,3,0,166,255,161,12,221,11,0,0
33.17,hid,"18,20,22,24,26,28,29",4,90,165,239,152,255,240,255,40,0,4,0,0,0,0,0,0,0,221,255,33,0,2,0,159,255,100,12,34,12,0,0
33.186,hid,"18,20,22,24,26,28",4,90,165,239,152,255,240,255,40,0,4,0,0,0,0,0,0,0,230,255,14,0,4,0,130,255,85,12,85,12,0,0
33.218,hid,"18,19,20,22,24,26,28",4,90,165,239,152,255,240,255,40,0,4,0,0,0,0,0,0,0,20,0,16,0,1,0,195,255,69,12,34,12,0,0
33.233,hid,"4,6,7,18,22,24,26,28,29",4,90,165,239,204,255,0,0,40,0,4,0,0,0,0,0,0,0,11,0,16,0,2,0,163,255,106,12,249,11,0,0
33.249,hid,"18,19,20,22,24,26,28",4,90,165,239,204,255,0,0,40,0,4,0,0,0,0,0,0,0,243,255,13,0,5,0,173,255,126,12,233,11,0,0
33.28,hid,"18,20,22,24,26",4,90,165,239,204,255,0,0,40,0,4,0,0,0,0,0,0,0,207,255,12,0,8,0,167,255,134,12,233,11,0,0
33.311,hid,"18,20,22,26,28,29",4,90,165,239,204,255,0,0,40,0,4,0,0,0,0,0,0,0,206,255,5,0,3,0,167,255,80,12,44,12,0,0
33.326,hid,"18,20,22,24,26,28",4,90,165,239,204,255,0,0,40,0,4,0,0,0,0,0,0,0,232,255,2,0,2,0,166,255,62,12,64,12,0,0
33.358,hid,"18,20,22,24,26,28",4,90,165,239,204,255,0,0,40,0,4,0,0,0,0,0,0,0,255,255,3,0,0,0,176,255,89,12,29,12,0,0
33.373,hid,"18,22,24,26,28",4,90,165,239,204,255,0,0,40,0,4,0,0,0,0,0,0,0,253,255,3,0,1,0,167,255,87,12,21,12,0,0
33.389,hid,"18,20,24,26,28",4,90,165,239,204,255,0,0,40,0,4,0,0,0,0,0,0,0,242,255,4,0,1,0,163,255,107,12,2,12,0,0
33.42,hid,"18,20,22,24,26,28",4,90,165,239,204,255,0,0,40,0,4,0,0,0,0,0,0,0,241,255,5,0,2,0,173,255,96,12,22,12,0,0
33.42,hid,"18,20,24,26,28",4,90,165,239,204,255,0,0,40,0,4,0,0,0,0,0,0,0,240,255,6,0,2,0,174,255,101,12,19,12,0,0
33.452,hid,"18,20,24,26,28",4,90,165,239,204,255,0,0,40,0,4,0,0,0,0,0,0,0,225,255,5,0,2,0,159,255,97,12,17,12,0,0
33.467,hid,"18,20,22,24,26,28",4,90,165,239,204,255,0,0,40,0,4,0,0,0,0,0,0,0,241,255,1,0,1,0,172,255,65,12,60,12,0,0
33.498,hid,"18,20,24,26,28",4,90,165,239,204,255,0,0,40,0,4,0,0,0,0,0,0,0,255,255,6,0,1,0,171,255,85,12,25,12,0,0
33.514,hid,"18,20,22,23,24,26,28",4,90,165,239,204,255,0,0,40,0,4,0,0,0,0,0,0,0,250,255,7,0,253,255,170,255,93,12,15,12,0,0
33.53,hid,"18,22,24,26,28",4,90,165,239,204,255,0,0,40,0,4,0,0,0,0,0,0,0,240,255,7,0,255,255,172,255,80,12,10,12,0,0
33.546,hid,"18,20,22,24,26",4,90,165,239,204,255,0,0,40,0,4,0,0,0,0,0,0,0,230,255,8,0,254,255,191,255,113,12,10,12,0,0
33.577,hid,"18,20,22,24,26,28",4,90,165,239,204,255,0,0,40,0,4,0,0,0,0,0,0,0,240,255,3,0,255,255,152,255,67,12,69,12,0,0
33.592,hid,"18,20,22,24,26,28",4,90,165,239,204,255,0,0,40,0,4,0,0,0,0,0,0,0,255,255,0,0,254,255,169,255,75,12,36,12,0,0
33.607,hid,"18,20,22,24,26,28",4,90,165,239,204,255,0,0,40,0,4,0,0,0,0,0,0,0,248,255,1,0,253,255,175,255,89,12,25,12,0,0
33.64,hid,"18,19,20,22,24,26,28",4,90,165,239,204,255,0,0,40,0,4,0,0,0,0,0,0,0,6,0,2,0,251,255,154,255,65,12,53,12,0,0
33.64,hid,"18,20,24,26,28",4,90,165,239,204,255,0,0,40,0,4,0,0,0,0,0,0,0,7,0,3,0,251,255,155,255,64,12,52,12,0,0
33.669,hid,"18,20,22,24,26,28",4,90,165,239,204,255,0,0,40,0,4,0,0,0,0,0,0,0,3,0,2,0,253,255,160,255,96,12,17,12,0,0
33.7,hid,"4,18,19,20,22,24,26,28",4,90,165,239,144,255,0,0,40,0,4,0,0,0,0,0,0,0,246,255,5,0,254,255,163,255,80,12,23,12,0,0
33.7,hid,"18,20,24,26,28",4,90,165,239,144,255,0,0,40,0,4,0,0,0,0,0,0,0,245,255,4,0,254,255,159,255,79,12,25,12,0,0
33.732,hid,"4,6,7,18,19,20,22,24,26,28",4,90,165,239,92,255,252,255,40,0,4,0,0,0,0,0,0,0,1,0,0,0,251,255,172,255,50,12,52,12,0,0
33.747,hid,"18,20,22,24,26,28",4,90,165,239,92,255,252,255,40,0,4,0,0,0,0,0,0,0,4,0,3,0,254,255,168,255,81,12,41,12,0,0
33.778,hid,"18,19,22,24,26,28",4,90,165,239,92,255,252,255,40,0,4,0,0,0,0,0,0,0,247,255,3,0,255,255,173,255,89,12,7,12,0,0
33.794,hid,"18,20,22,24,26,28",4,90,165,239,92,255,252,255,40,0,4,0,0,0,0,0,0,0,252,255,1,0,253,255,160,255,70,12,50,12,0,0
33.81,hid,"18,19,20,22,24,26,28",4,90,165,239,92,255,252,255,40,0,4,0,0,0,0,0,0,0,12,0,0,0,252,255,162,255,66,12,59,12,0,0
33.826,hid,"18,20,21,22,24,26,28",4,90,165,239,92,255,252,255,40,0,4,0,0,0,0,0,0,0,16,0,253,255,250,255,163,255,72,12,52,12,0,0
33.857,hid,"18,20,21,22,24,26,28",4,90,165,239,92,255,252,255,40,0,4,0,0,0,0,0,0,0,6,0,0,0,251,255,177,255,96,12,9,12,0,0
33.872,hid,"18,20,22,24,26,28",4,90,165,239,92,255,252,255,40,0,4,0,0,0,0,0,0,0,1,0,2,0,254,255,175,255,83,12,13,12,0,0
33.888,hid,"18,19,20,22,23,24,26,28",4,90,165,239,92,255,252,255,40,0,4,0,0,0,0,0,0,0,249,255,3,0,0,0,164,255,98,12,15,12,0,0
33.92,hid,"4,18,22,23,24,26,28",4,90,165,239,168,255,252,255,40,0,4,0,0,0,0,0,0,0,245,255,3,0,255,255,175,255,89,12,23,12,0,0
33.95,hid,"18,22,24,26,28",4,90,165,239,168,255,252,255,40,0,4,0,0,0,0,0,0,0,244,255,3,0,252,255,171,255,86,12,18,12,0,0
33.965,hid,"4,18,20,22,24,28",4,90,165,239,220,255,252,255,40,0,4,0,0,0,0,0,0,0,245,255,5,0,251,255,176,255,86,12,34,12,0,0
33.997,hid,"18,19,20,22,24,26,28",4,90,165,239,220,255,252,255,40,0,4,0,0,0,0,0,0,0,1,0,4,0,254,255,147,255,88,12,25,12,0,0
34.013,hid,"18,19,20,22,23,24,26,28",4,90,165,239,220,255,252,255,40,0,4,0,0,0,0,0,0,0,242,255,3,0,0,0,160,255,90,12,0,12,0,0
34.028,hid,"4,5,6,18,20,22,24,26,28",4,90,165,239,8,0,244,255,40,0,4,0,0,0,0,0,0,0,241,255,4,0,1,0,172,255,80,12,36,12,0,0
34.058,hid,"18,20,22,24,26,28",4,90,165,239,8,0,244,255,40,0,4,0,0,0,0,0,0,0,245,255,6,0,0,0,164,255,82,12,31,12,0,0
34.074,hid,"18,20,22,24,26,28",4,90,165,239,8,0,244,255,40,0,4,0,0,0,0,0,0,0,240,255,4,0,1,0,145,255,80,12,16,12,0,0
34.09,hid,"18,20,21,22,24,26,28",4,90,165,239,8,0,244,255,40,0,4,0,0,0,0,0,0,0,241,255,255,255,0,0,165,255,71,12,43,12,0,0
34.105,hid,"18,26,28",4,90,165,239,8,0,244,255,40,0,4,0,0,0,0,0,0,0,249,255,255,255,0,0,165,255,66,12,53,12,0,0
34.136,hid,"18,19,20,22,23,24,26,28",4,90,165,239,8,0,244,255,40,0,4,0,0,0,0,0,0,0,13,0,254,255,251,255,167,255,69,12,43,12,0,0
34.151,hid,"18,24,26,28",4,90,165,239,8,0,244,255,40,0,4,0,0,0,0,0,0,0,7,0,254,255,251,255,163,255,84,12,18,12,0,0
34.167,hid,"18,19,20,21,22,24,26,28",4,90,165,239,8,0,244,255,40,0,4,0,0,0,0,0,0,0,255,255,0,0,253,255,166,255,80,12,7,12,0,0
34.198,hid,"18,22,24,26,28",4,90,165,239,8,0,244,255,40,0,4,0,0,0,0,0,0,0,243,255,0,0,255,255,156,255,72,12,43,12,0,0
34.214,hid,"18,19,20,21,24,26,28",4,90,165,239,8,0,244,255,40,0,4,0,0,0,0,0,0,0,0,0,252,255,255,255,152,255,55,12,71,12,0,0
34.23,hid,"18,20,22,24,26,28",4,90,165,239,8,0,244,255,40,0,4,0,0,0,0,0,0,0,12,0,255,255,254,255,159,255,74,12,60,12,0,0
34.245,hid,"18,20,22,23,24,26,28",4,90,165,239,8,0,244,255,40,0,4,0,0,0,0,0,0,0,8,0,254,255,0,0,138,255,98,12,17,12,0,0
34.277,hid,"18,20,22,23,24,26,28",4,90,165,239,8,0,244,255,40,0,4,0,0,0,0,0,0,0,0,0,255,255,253,255,179,255,84,12,41,12,0,0
34.292,hid,"18,22,24,26,28",4,90,165,239,8,0,244,255,40,0,4,0,0,0,0,0,0,0,6,0,255,255,255,255,161,255,77,12,34,12,0,0
34.309,hid,"18,19,20,21,22,23,24,26,28",4,90,165,239,8,0,244,255,40,0,4,0,0,0,0,0,0,0,251,255,0,0,1,0,170,255,89,12,18,12,0,0
34.34,hid,"18,20,21,22,24,26,28",4,90,165,239,8,0,244,255,40,0,4,0,0,0,0,0,0,0,252,255,255,255,0,0,149,255,73,12,38,12,0,0
34.34,hid,"24,26",4,90,165,239,8,0,244,255,40,0,4,0,0,0,0,0,0,0,252,255,255,255,0,0,152,255,74,12,38,12,0,0
34.37,hid,"18,20,21,22,23,24,26,28",4,90,165,239,8,0,244,255,40,0,4,0,0,0,0,0,0,0,247,255,0,0,255,255,163,255,78,12,25,12,0,0
34.386,hid,"18,24,26,28",4,90,165,239,8,0,244,255,40,0,4,0,0,0,0,0,0,0,244,255,0,0,255,255,174,255,79,12,35,12,0,0
34.419,hid,"18,19,20,21,22,24,26,28",4,90,165,239,8,0,244,255,40,0,4,0,0,0,0,0,0,0,3,0,251,255,253,255,154,255,69,12,48,12,0,0
34.435,hid,"4,6,18,20,21,22,24,26,28",4,90,165,239,60,0,252,255,40,0,4,0,0,0,0,0,0,0,0,0,0,0,254,255,167,255,80,12,32,12,0,0
34.451,hid,"18,19,20,21,22,23,24,26,28",4,90,165,239,60,0,252,255,40,0,4,0,0,0,0,0,0,0,251,255,253,255,0,0,168,255,85,12,29,12,0,0
34.468,hid,"18,20,21,24,26,28",4,90,165,239,60,0,252,255,40,0,4,0,0,0,0,0,0,0,243,255,2,0,0,0,173,255,90,12,15,12,0,0
34.5,hid,"18,20,24,26,28",4,90,165,239,60,0,252,255,40,0,4,0,0,0,0,0,0,0,231,255,1,0,0,0,168,255,83,12,30,12,0,0
34.5,hid,"20,24,26",4,90,165,239,60,0,252,255,40,0,4,0,0,0,0,0,0,0,231,255,0,0,0,0,169,255,81,12,30,12,0,0
34.531,hid,"18,20,22,26,28",4,90,165,239,60,0,252,255,40,0,4,0,0,0,0,0,0,0,224,255,4,0,1,0,169,255,78,12,33,12,0,0
34.546,hid,"18,20,22,24,26,28",4,90,165,239,60,0,252,255,40,0,4,0,0,0,0,0,0,0,211,255,7,0,2,0,175,255,101,12,11,12,0,0
34.578,hid,"18,20,22,24,26,28",4,90,165,239,60,0,252,255,40,0,4,0,0,0,0,0,0,0,156,255,17,0,7,0,163,255,90,12,16,12,0,0
34.594,hid,"4,6,7,18,20,22,24,26,28",4,90,165,239,8,0,4,0,40,0,4,0,0,0,0,0,0,0,134,255,20,0,11,0,157,255,85,12,24,12,0,0
34.609,hid,"18,20,22,24,26,28",4,90,165,239,8,0,4,0,40,0,4,0,0,0,0,0,0,0,118,255,18,0,14,0,163,255,69,12,21,12,0,0
34.64,hid,"18,20,24,26,28",4,90,165,239,8,0,4,0,40,0,4,0,0,0,0,0,0,0,144,255,10,0,14,0,157,255,1,12,112,12,0,0
34.64,hid,"18,22,24,28",4,90,165,239,8,0,4,0,40,0,4,0,0,0,0,0,0,0,150,255,10,0,15,0,160,255,1,12,111,12,0,0
34.672,hid,"18,20,24,26,28",4,90,165,239,8,0,4,0,40,0,4,0,0,0,0,0,0,0,146,255,13,0,15,0,166,255,39,12,59,12,0,0
34.687,hid,"18,20,22,24,26,28",4,90,165,239,8,0,4,0,40,0,4,0,0,0,0,0,0,0,138,255,11,0,14,0,158,255,40,12,66,12,0,0
34.718,hid,"18,20,22,24,26,27,28",4,90,165,239,8,0,4,0,40,0,4,0,0,0,0,0,0,0,166,255,4,0,11,0,163,255,233,11,149,12,0,0
34.734,hid,"18,20,22,24,26,28",4,90,165,239,8,0,4,0,40,0,4,0,0,0,0,0,0,0,195,255,1,0,6,0,148,255,220,11,145,12,0,0
34.75,hid,"18,20,22,24,26,28",4,90,165,239,8,0,4,0,40,0,4,0,0,0,0,0,0,0,205,255,4,0,5,0,156,255,247,11,104,12,0,0
34.766,hid,"20,24,26,27,28",4,90,165,239,8,0,4,0,40,0,4,0,0,0,0,0,0,0,205,255,3,0,5,0,164,255,8,12,69,12,0,0
34.797,hid,"18,20,22,24,26,28",4,90,165,239,8,0,4,0,40,0,4,0,0,0,0,0,0,0,161,255,11,0,10,0,200,255,19,12,93,12,0,0
34.812,hid,"18,20,22,24,26,27,28",4,90,165,239,8,0,4,0,40,0,4,0,0,0,0,0,0,0,159,255,3,0,9,0,149,255,247,11,106,12,0,0
34.827,hid,"18,20,22,24,26,28",4,90,165,239,8,0,4,0,40,0,4,0,0,0,0,0,0,0,160,255,6,0,13,0,148,255,237,11,132,12,0,0
34.86,hid,"18,20,22,24,26,28",4,90,165,239,8,0,4,0,40,0,4,0,0,0,0,0,0,0,188,255,13,0,11,0,163,255,222,11,148,12,0,0
34.891,hid,"18,20,22,24,26,28",4,90,165,239,8,0,4,0,40,0,4,0,0,0,0,0,0,0,203,255,10,0,8,0,153,255,240,11,108,12,0,0
34.908,hid,"18,22,24,26,28",4,90,165,239,8,0,4,0,40,0,4,0,0,0,0,0,0,0,191,255,10,0,11,0,164,255,224,11,107,12,0,0
34.939,hid,"18,20,22,24,26,28",4,90,165,239,8,0,4,0,40,0,4,0,0,0,0,0,0,0,157,255,18,0,40,0,200,255,221,11,105,12,0,0
34.954,hid,"18,20,22,24,25,26,28",4,90,165,239,8,0,4,0,40,0,4,0,0,0,0,0,0,0,148,255,2,0,35,0,4,0,227,11,93,12,0,0
34.97,hid,"18,20,22,24,25,26,27,28",4,90,165,239,8,0,4,0,40,0,4,0,0,0,0,0,0,0,93,255,8,0,30,0,186,255,48,12,34,12,0,0
34.986,hid,"18,22,24,26,28",4,90,165,239,8,0,4,0,40,0,4,0,0,0,0,0,0,0,22,255,8,0,29,0,165,255,18,12,19,12,0,0
35.017,hid,"12,18,19,20,22,24,26,28",4,90,165,239,8,0,4,0,40,0,4,0,32,0,0,0,0,0,175,254,12,0,16,0,132,255,17,12,25,12,0,0
35.033,hid,"18,19,20,22,24,26,28,29",4,90,165,239,8,0,4,0,40,0,4,0,32,0,0,0,0,0,215,253,37,0,21,0,162,255,156,12,47,11,0,0
35.048,hid,"18,20,22,24,26,27,28,29",4,90,165,239,8,0,4,0,40,0,4,0,32,0,0,0,0,0,105,253,64,0,58,0,247,255,128,11,123,12,0,0
35.08,hid,"18,19,20,22,24,26,27,28,29",4,90,165,239,8,0,4,0,40,0,4,0,32,0,0,0,0,0,35,254,3,0,71,0,142,255,42,10,10,14,0,0
35.08,hid,"18,20,21,22,24,26,28",4,90,165,239,8,0,4,0,40,0,4,0,32,0,0,0,0,0,73,254,248,255,72,0,129,255,16,10,38,14,0,0
35.111,hid,"18,19,20,22,24,26,28,29",4,90,165,239,8,0,4,0,40,0,4,0,32,0,0,0,0,0,18,255,239,255,112,0,149,255,142,10,69,13,0,0
35.127,hid,"12,18,19,20,21,22,24,25,26,27,28,29",4,90,165,239,8,0,4,0,40,0,4,0,0,0,0,0,0,0,247,253,34,0,188,0,252,254,230,11,27,11,0,0
35.158,hid,"18,19,20,22,24,25,26,28",4,90,165,239,8,0,4,0,40,0,4,0,0,0,0,0,0,0,79,251,15,0,233,0,233,0,112,11,99,11,0,0
35.174,hid,"18,19,20,22,23,24,26,28,29",4,90,165,239,8,0,4,0,40,0,4,0,0,0,0,0,0,0,167,249,66,0,14,1,55,0,210,11,233,10,0,0
35.19,hid,"18,19,20,21,22,24,25,26,27,28,29",4,90,165,239,8,0,4,0,40,0,4,0,0,0,0,0,0,0,182,247,194,255,146,1,103,254,167,9,243,9,0,0
35.205,hid,"18,19,20,22,24,25,26,27,28,29",4,90,165,239,8,0,4,0,40,0,4,0,0,0,0,0,0,0,221,246,63,255,235,1,231,253,150,8,46,10,0,0
35.237,hid,"18,19,20,21,22,24,25,26,27,28,29",4,90,165,239,8,0,4,0,40,0,4,0,0,0,0,0,0,0,230,245,62,0,2,1,154,3,212,7,5,18,0,0
35.253,hid,"18,19,20,22,23,24,26,27,28,29",4,90,165,239,8,0,4,0,40,0,4,0,0,0,0,0,0,0,147,247,117,0,114,0,56,3,83,5,246,19,0,0
35.269,hid,"18,19,20,22,24,25,26,27,28,29",4,90,165,239,8,0,4,0,40,0,4,0,0,0,0,0,0,0,172,251,26,0,53,0,2,255,70,3,46,21,0,0
35.3,hid,"18,19,20,22,23,24,25,26,28,29",4,90,165,239,8,0,4,0,40,0,4,0,0,0,0,0,0,0,180,0,41,0,93,1,196,254,3,3,4,17,0,0
35.331,hid,"18,19,20,22,24,25,26,27,28,29",4,90,165,239,8,0,4,0,40,0,4,0,0,0,0,0,0,0,45,254,81,0,227,1,60,1,107,10,99,11,0,0
35.347,hid,"18,19,20,22,24,25,26,27,28,29",4,90,165,239,8,0,4,0,40,0,4,0,0,0,0,0,0,0,11,253,63,0,238,1,212,255,209,7,135,12,0,0
35.378,hid,"18,19,20,21,22,23,24,25,26,27,28,29",4,90,165,239,8,0,4,0,40,0,4,0,0,0,0,0,0,0,134,252,216,255,23,2,242,254,161,5,249,16,0,0
35.394,hid,"18,19,20,21,22,23,24,25,26,27,28,29",4,90,165,239,8,0,4,0,40,0,4,0,0,0,0,0,0,0,154,253,50,0,133,1,52,0,64,6,17,18,0,0
35.41,hid,"18,19,20,22,24,25,26,27,28,29",4,90,165,239,8,0,4,0,40,0,4,0,0,0,0,0,0,0,197,254,81,0,89,1,228,255,144,5,50,17,0,0
35.425,hid,"18,20,22,24,25,26,28,29",4,90,165,239,8,0,4,0,40,0,4,0,0,0,0,0,0,0,175,254,123,0,170,1,58,0,252,5,218,14,0,0
35.457,hid,"18,19,20,22,24,25,26,27,28,29",4,90,165,239,8,0,4,0,40,0,4,0,0,0,0,0,0,0,90,253,64,0,10,1,157,255,2,4,0,17,0,0
35.473,hid,"18,20,22,23,24,25,26,27,28,29",4,90,165,239,8,0,4,0,40,0,4,0,0,0,0,0,0,0,205,253,132,0,179,0,184,0,206,5,208,16,0,0
35.488,hid,"18,20,22,24,26,28",4,90,165,239,8,0,4,0,40,0,4,0,0,0,0,0,0,0,193,253,202,0,117,0,69,0,227,5,18,16,0,0
35.52,hid,"18,19,20,22,24,25,26,27,28",4,90,165,239,8,0,4,0,40,0,4,0,0,0,0,0,0,0,114,254,237,0,37,0,177,254,205,4,146,16,0,0
35.55,hid,"18,20,22,24,25,26,27,28,29",4,90,165,239,8,0,4,0,40,0,4,0,0,0,0,0,0,0,215,254,241,0,72,0,187,255,227,3,144,15,0,0
35.566,hid,"18,20,22,23,24,26,28",4,90,165,239,8,0,4,0,40,0,4,0,0,0,0,0,0,0,84,254,249,0,187,255,229,255,77,3,48,15,0,0
35.599,hid,"18,19,20,21,22,23,24,25,26,27,28",4,90,165,239,8,0,4,0,40,0,4,0,0,0,0,0,0,0,189,252,14,1,210,253,144,0,18,2,92,15,0,0
35.615,hid,"18,19,20,23,24,26,27,28",4,90,165,239,8,0,4,0,40,0,4,0,0,0,0,0,0,0,205,251,12,1,210,251,186,0,226,0,72,15,0,0
35.63,hid,"18,19,20,21,22,23,24,25,26,28",4,90,165,239,8,0,4,0,40,0,4,0,0,0,0,0,0,0,85,252,75,0,208,250,195,255,217,0,168,15,0,0
35.645,hid,"18,19,20,22,23,24,26,27,28,29",4,90,165,239,8,0,4,0,40,0,4,0,0,0,0,0,0,0,137,253,31,0,33,251,64,255,169,2,218,17,0,0
35.676,hid,"18,19,20,22,23,24,25,26,27,28,29",4,90,165,239,8,0,4,0,40,0,4,0,0,0,0,0,0,0,77,255,16,0,158,252,255,254,214,3,59,16,0,0
35.693,hid,"18,20,21,22,23,24,25,26,28,29",4,90,165,239,8,0,4,0,40,0,4,0,0,0,0,0,0,0,5,255,228,255,140,253,15,255,195,3,204,14,0,0
35.709,hid,"18,19,20,22,23,24,26,27,28,29",4,90,165,239,8,0,4,0,40,0,4,0,0,0,0,0,0,0,161,254,239,255,66,254,100,255,68,4,108,15,0,0
35.74,hid,"18,19,20,22,24,25,26,27,28,29",4,90,165,239,8,0,4,0,40,0,4,0,0,0,0,0,0,0,105,255,168,255,242,254,192,254,14,5,14,16,0,0
35.741,hid,"18,20,22,23,24,26,27,28,29",4,90,165,239,8,0,4,0,40,0,4,0,0,0,0,0,0,0,70,255,149,255,1,255,222,254,200,4,71,15,0,0
35.771,hid,"18,19,20,22,24,25,26,27,28,29",4,90,165,239,8,0,4,0,40,0,4,0,0,0,0,0,0,0,98,252,151,255,226,255,189,255,242,3,127,12,0,0
35.787,hid,"18,19,20,22,23,24,26,28,29",4,90,165,239,8,0,4,0,40,0,4,0,0,0,0,0,0,0,187,250,187,255,93,0,60,255,30,3,162,14,0,0
35.818,hid,"18,19,20,22,23,25,26,27,28,29",4,90,165,239,8,0,4,0,40,0,4,0,0,0,0,0,0,0,62,255,30,255,122,255,60,254,152,1,116,21,0,0
35.835,hid,"18,19,20,22,24,26,27,28,29",4,90,165,239,8,0,4,0,40,0,4,0,0,0,0,0,0,0,157,1,47,255,14,255,109,254,174,0,190,20,0,0
35.85,hid,"18,19,20,21,22,23,24,25,26,27,28,29",4,90,165,239,8,0,4,0,40,0,4,0,0,0,0,0,0,0,59,2,214,254,186,254,172,255,146,1,61,15,0,0
35.866,hid,"18,19,20,22,23,24,26,27,28,29",4,90,165,239,8,0,4,0,40,0,4,0,0,0,0,0,0,0,43,1,96,254,50,255,27,255,104,2,101,13,0,0
35.898,hid,"18,19,20,22,23,24,26,28,29",4,90,165,239,8,0,4,0,40,0,4,0,0,0,0,0,0,0,70,255,103,254,94,0,75,255,91,2,36,15,0,0
35.913,hid,"18,19,20,22,24,26,28,29",4,90,165,239,8,0,4,0,40,0,4,0,0,0,0,0,0,0,225,254,151,254,166,0,87,255,98,2,2,16,0,0
35.928,hid,"18,20,21,22,24,25,26,27,28,29",4,90,165,239,8,0,4,0,40,0,4,0,0,0,0,0,0,0,166,254,92,255,14,0,80,0,79,4,111,17,0,0
35.959,hid,"18,19,20,22,24,25,26,27,28,29",4,90,165,239,8,0,4,0,40,0,4,0,0,0,0,0,0,0,76,253,229,255,26,0,215,255,247,2,196,13,0,0
35.991,hid,"18,19,20,22,24,25,26,28,29",4,90,165,239,8,0,4,0,40,0,4,0,0,0,0,0,0,0,190,250,247,255,62,0,76,0,108,2,197,14,0,0
36.006,hid,"18,20,22,24,26,27,28,29",4,90,165,239,8,0,4,0,40,0,4,0,0,0,0,0,0,0,153,250,253,255,61,0,30,0,235,0,221,15,0,0
36.039,hid,"4,5,6,18,19,20,22,24,25,26,27,28,29",4,90,165,239,236,255,56,0,40,0,4,0,0,0,0,0,0,0,205,252,247,255,37,0,184,255,80,253,77,19,0,0
36.055,hid,"18,19,20,22,23,24,25,26,27,28,29",4,90,165,239,236,255,56,0,40,0,4,0,0,0,0,0,0,0,32,1,234,255,224,255,13,0,42,250,62,21,0,0
36.071,hid,"18,19,20,21,22,23,24,26,27,28,29",4,90,165,239,236,255,56,0,40,0,4,0,0,0,0,0,0,0,80,255,2,0,7,0,14,0,128,3,250,12,0,0
36.086,hid,"18,19,20,21,22,23,24,25,26,27,28,29",4,90,165,239,236,255,56,0,40,0,4,0,0,0,0,0,0,0,33,0,253,255,253,255,255,255,37,255,252,16,0,0
36.117,hid,"18,19,20,22,23,24,25,26,27,28,29",4,90,165,239,236,255,56,0,40,0,4,0,0,0,0,0,0,0,241,255,255,255,1,0,12,0,16,0,246,15,0,0
36.132,hid,"18,20,21,22,23,24,26,27,28,29",4,90,165,239,236,255,56,0,40,0,4,0,0,0,0,0,0,0,254,255,1,0,255,255,14,0,236,255,29,16,0,0
36.149,hid,"18,20,21,22,24,26,27,28,29",4,90,165,239,236,255,56,0,40,0,4,0,0,0,0,0,0,0,252,255,254,255,254,255,4,0,9,0,255,15,0,0
36.18,hid,"18,20,21,22,23,24,25,26,28",4,90,165,239,236,255,56,0,40,0,4,0,0,0,0,0,0,0,248,255,4,0,1,0,249,255,42,0,238,15,0,0
36.18,hid,"18,24,26,28",4,90,165,239,236,255,56,0,40,0,4,0,0,0,0,0,0,0,245,255,4,0,1,0,250,255,45,0,239,15,0,0
36.21,hid,"18,20,22,24,25,26,28",4,90,165,239,236,255,56,0,40,0,4,0,0,0,0,0,0,0,243,255,9,0,2,0,19,0,36,0,237,15,0,0
36.226,hid,"18,20,22,24,25,26,28,29",4,90,165,239,236,255,56,0,40,0,4,0,0,0,0,0,0,0,238,255,8,0,4,0,249,255,17,0,4,16,0,0
36.257,hid,"18,20,22,23,24,25,26,27,28",4,90,165,239,236,255,56,0,40,0,4,0,0,0,0,0,0,0,251,255,3,0,254,255,0,0,249,255,2,16,0,0
36.273,hid,"18,20,22,24,26,27,28,29",4,90,165,239,236,255,56,0,40,0,4,0,0,0,0,0,0,0,254,255,1,0,251,255,11,0,6,0,253,15,0,0
36.289,hid,"18,22,24,26,28,29",4,90,165,239,236,255,56,0,40,0,4,0,0,0,0,0,0,0,252,255,1,0,250,255,16,0,27,0,9,16,0,0
36.32,hid,"18,20,22,24,26,28,29",4,90,165,239,236,255,56,0,40,0,4,0,0,0,0,0,0,0,254,255,2,0,252,255,6,0,21,0,250,15,0,0
36.351,hid,"22,24,25,26,28,29",4,90,165,239,236,255,56,0,40,0,4,0,0,0,0,0,0,0,254,255,2,0,254,255,252,255,6,0,3,16,0,0
36.366,hid,"20,22,24,26,27,28,29",4,90,165,239,236,255,56,0,40,0,4,0,0,0,0,0,0,0,254,255,0,0,253,255,253,255,251,255,252,15,0,0
36.397,hid,"18,22,24,25,26,27,28,29",4,90,165,239,236,255,56,0,40,0,4,0,0,0,0,0,0,0,253,255,0,0,254,255,2,0,1,0,3,16,0,0
36.412,hid,"18,20,22,24,26,27,28,29",4,90,165,239,236,255,56,0,40,0,4,0,0,0,0,0,0,0,254,255,1,0,255,255,1,0,248,255,248,15,0,0
36.428,hid,"18,20,22,23,24,25,26,27,28",4,90,165,239,236,255,56,0,40,0,4,0,0,0,0,0,0,0,255,255,0,0,0,0,253,255,0,0,254,15,0,0
36.458,hid,"20,21,22,23,24,25,26,28",4,90,165,239,236,255,56,0,40,0,4,0,0,0,0,0,0,0,255,255,254,255,255,255,0,0,10,0,244,15,0,0
36.475,hid,"18,19,20,21,22,24,26,28,29",4,90,165,239,236,255,56,0,40,0,4,0,0,0,0,0,0,0,0,0,0,0,252,255,13,0,9,0,3,16,0,0
36.491,hid,"18,19,20,22,24,26,28,29",4,90,165,239,236,255,56,0,40,0,4,0,0,0,0,0,0,0,253,255,3,0,255,255,8,0,8,0,245,15,0,0
36.506,hid,"18,22,24,26,28,29",4,90,165,239,236,255,56,0,40,0,4,0,0,0,0,0,0,0,255,255,3,0,254,255,6,0,2,0,15,16,0,0
36.537,hid,"18,20,24,25,26,28",4,90,165,239,236,255,56,0,40,0,4,0,0,0,0,0,0,0,254,255,2,0,254,255,251,255,20,0,1,16,0,0
36.553,hid,"18,22,24,25,26,28,29",4,90,165,239,236,255,56,0,40,0,4,0,0,0,0,0,0,0,255,255,2,0,253,255,5,0,13,0,254,15,0,0
36.568,hid,"18,20,22,24,26,28,29",4,90,165,239,236,255,56,0,40,0,4,0,0,0,0,0,0,0,254,255,1,0,254,255,8,0,15,0,7,16,0,0
36.599,hid,"18,20,22,24,26,28,29",4,90,165,239,236,255,56,0,40,0,4,0,0,0,0,0,0,0,255,255,3,0,255,255,5,0,8,0,254,15,0,0
36.631,hid,"18,19,20,22,24,25,26,27,28,29",4,90,165,239,236,255,56,0,40,0,4,0,0,0,0,0,0,0,0,0,1,0,254,255,254,255,247,255,0,16,0,0
36.647,hid,"18,19,20,24,26,27,28",4,90,165,239,236,255,56,0,40,0,4,0,0,0,0,0,0,0,255,255,3,0,254,255,255,255,4,0,8,16,0,0
36.679,hid,"18,20,24,25,26,28,29",4,90,165,239,236,255,56,0,40,0,4,0,0,0,0,0,0,0,254,255,0,0,254,255,5,0,10,0,251,15,0,0
36.694,hid,"18,20,24,26,28,29",4,90,165,239,236,255,56,0,40,0,4,0,0,0,0,0,0,0,255,255,1,0,254,255,7,0,18,0,5,16,0,0
36.71,hid,"20,22,23,24,26,28",4,90,165,239,236,255,56,0,40,0,4,0,0,0,0,0,0,0,255,255,0,0,1,0,5,0,19,0,1,16,0,0
36.725,hid,"18,20,22,24,25,26,28",4,90,165,239,236,255,56,0,40,0,4,0,0,0,0,0,0,0,254,255,2,0,0,0,253,255,18,0,3,16,0,0
36.755,hid,"18,20,22,23,24,25,26,28,29",4,90,165,239,236,255,56,0,40,0,4,0,0,0,0,0,0,0,255,255,0,0,253,255,11,0,0,0,251,15,0,0
36.771,hid,"18,19,20,22,24,26,28",4,90,165,239,236,255,56,0,40,0,4,0,0,0,0,0,0,0,0,0,2,0,255,255,6,0,5,0,249,15,0,0
36.786,hid,"18,19,20,24,26,28,29",4,90,165,239,236,255,56,0,40,0,4,0,0,0,0,0,0,0,255,255,1,0,255,255,4,0,6,0,4,16,0,0
36.816,hid,"18,22,24,25,26,27,28",4,90,165,239,236,255,56,0,40,0,4,0,0,0,0,0,0,0,254,255,1,0,253,255,252,255,255,255,7,16,0,0
36.833,hid,"20,22,23,24,26,28,29",4,90,165,239,236,255,56,0,40,0,4,0,0,0,0,0,0,0,254,255,2,0,0,0,248,255,253,255,245,15,0,0
36.849,hid,"18,19,20,22,23,24,25,26,28",4,90,165,239,236,255,56,0,40,0,4,0,0,0,0,0,0,0,0,0,1,0,253,255,5,0,254,255,254,15,0,0
36.88,hid,"18,19,20,24,26,27",4,90,165,239,236,255,56,0,40,0,4,0,0,0,0,0,0,0,255,255,3,0,253,255,6,0,9,0,254,15,0,0
36.91,hid,"18,20,22,24,25,26,28,29",4,90,165,239,236,255,56,0,40,0,4,0,0,0,0,0,0,0,254,255,5,0,255,255,254,255,13,0,5,16,0,0
36.926,hid,"18,20,22,24,25,26,28,29",4,90,165,239,236,255,56,0,40,0,4,0,0,0,0,0,0,0,255,255,3,0,254,255,1,0,8,0,250,15,0,0
36.958,hid,"18,20,22,24,26,28,29",4,90,165,239,236,255,56,0,40,0,4,0,0,0,0,0,0,0,254,255,2,0,255,255,7,0,10,0,2,16,0,0
36.974,hid,"18,20,22,24,26,28",4,90,165,239,236,255,56,0,40,0,4,0,0,0,0,0,0,0,255,255,1,0,254,255,15,0,1,0,7,16,0,0
36.99,hid,"20,22,23,24,26,28,29",4,90,165,239,236,255,56,0,40,0,4,0,0,0,0,0,0,0,255,255,2,0,0,0,14,0,5,0,250,15,0,0
37.005,hid,"20,22,23,24,25,28",4,90,165,239,236,255,56,0,40,0,4,0,0,0,0,0,0,0,255,255,1,0,254,255,255,255,5,0,253,15,0,0
37.036,hid,"20,22,24,25,26,28",4,90,165,239,236,255,56,0,40,0,4,0,0,0,0,0,0,0,255,255,2,0,255,255,6,0,14,0,252,15,0,0
37.052,hid,"18,19,20,22,23,26,28",4,90,165,239,236,255,56,0,40,0,4,0,0,0,0,0,0,0,0,0,0,0,0,0,6,0,11,0,255,15,0,0
37.068,hid,"20,22,23,24,25,26,27,28",4,90,165,239,236,255,56,0,40,0,4,0,0,0,0,0,0,0,0,0,1,0,255,255,254,255,252,255,253,15,0,0
37.099,hid,"18,19,20,22,23,24,25,26,27,28,29",4,90,165,239,236,255,56,0,40,0,4,0,0,0,0,0,0,0,255,255,0,0,0,0,0,0,7,0,5,16,0,0
37.115,hid,"18,19,20,22,23,24,26,27,28",4,90,165,239,236,255,56,0,40,0,4,0,0,0,0,0,0,0,0,0,1,0,255,255,8,0,255,255,0,16,0,0
37.13,hid,"20,21,22,23,26,27,28,29",4,90,165,239,236,255,56,0,40,0,4,0,0,0,0,0,0,0,0,0,255,255,1,0,8,0,10,0,255,15,0,0
37.145,hid,"20,21,22,24,26,28",4,90,165,239,236,255,56,0,40,0,4,0,0,0,0,0,0,0,0,0,1,0,0,0,0,0,11,0,248,15,0,0
37.177,hid,"20,21,22,23,24,25,26,28,29",4,90,165,239,236,255,56,0,40,0,4,0,0,0,0,0,0,0,0,0,254,255,253,255,251,255,2,0,7,16,0,0
37.193,hid,"18,19,20,21,22,23,24,26,28",4,90,165,239,236,255,56,0,40,0,4,0,0,0,0,0,0,0,253,255,3,0,0,0,241,255,10,0,4,16,0,0
37.209,hid,"18,24,25,26,28,29",4,90,165,239,236,255,56,0,40,0,4,0,0,0,0,0,0,0,254,255,3,0,0,0,3,0,2,0,251,15,0,0
37.239,hid,"18,20,22,23,24,26,28,29",4,90,165,239,236,255,56,0,40,0,4,0,0,0,0,0,0,0,255,255,1,0,254,255,2,0,10,0,4,16,0,0
37.254,hid,"18,19,22,24,26,28,29",4,90,165,239,236,255,56,0,40,0,4,0,0,0,0,0,0,0,0,0,1,0,252,255,4,0,24,0,252,15,0,0
37.27,hid,"18,19,20,22,26,28,29",4,90,165,239,236,255,56,0,40,0,4,0,0,0,0,0,0,0,254,255,3,0,255,255,4,0,7,0,9,16,0,0
37.285,hid,"20,24,26,28,29",4,90,165,239,236,255,56,0,40,0,4,0,0,0,0,0,0,0,254,255,2,0,255,255,10,0,2,0,249,15,0,0
37.316,hid,"20,22,23,24,25,26,28,29",4,90,165,239,236,255,56,0,40,0,4,0,0,0,0,0,0,0,254,255,1,0,0,0,254,255,5,0,6,16,0,0
37.331,hid,"18,22,23,24,26,28",4,90,165,239,236,255,56,0,40,0,4,0,0,0,0,0,0,0,255,255,1,0,255,255,252,255,17,0,9,16,0,0
37.347,hid,"18,20,22,23,24,26,28",4,90,165,239,236,255,56,0,40,0,4,0,0,0,0,0,0,0,254,255,2,0,0,0,251,255,5,0,5,16,0,0
37.379,hid,"18,19,20,22,23,24,25,26,28",4,90,165,239,236,255,56,0,40,0,4,0,0,0,0,0,0,0,0,0,1,0,255,255,3,0,4,0,0,16,0,0
37.394,hid,"20,22,24,26,28",4,90,165,239,236,255,56,0,40,0,4,0,0,0,0,0,0,0,0,0,3,0,254,255,7,0,13,0,5,16,0,0
37.409,hid,"18,19,24,26,28,29",4,90,165,239,236,255,56,0,40,0,4,0,0,0,0,0,0,0,254,255,3,0,254,255,12,0,7,0,252,15,0,0
37.426,hid,"18,20,24,26,28",4,90,165,239,236,255,56,0,40,0,4,0,0,0,0,0,0,0,255,255,0,0,254,255,2,0,6,0,250,15,0,0
37.458,hid,"20,22,24,26,28",4,90,165,239,236,255,56,0,40,0,4,0,0,0,0,0,0,0,255,255,1,0,255,255,7,0,4,0,252,15,0,0
37.473,hid,"20,22,23,24,26,28,29",4,90,165,239,236,255,56,0,40,0,4,0,0,0,0,0,0,0,255,255,3,0,0,0,1,0,9,0,10,16,0,0
37.489,hid,"18,19,20,22,23,24,26,28",4,90,165,239,236,255,56,0,40,0,4,0,0,0,0,0,0,0,0,0,0,0,255,255,12,0,2,0,0,16,0,0
37.519,hid,"24,25,26,27,28,29",4,90,165,239,236,255,56,0,40,0,4,0,0,0,0,0,0,0,0,0,0,0,255,255,252,255,253,255,251,15,0,0
37.551,hid,"18,19,20,22,23,24,25,26,27,28",4,90,165,239,236,255,56,0,40,0,4,0,0,0,0,0,0,0,255,255,2,0,1,0,3,0,16,0,252,15,0,0
37.568,hid,"20,22,23,24,26,28,29",4,90,165,239,236,255,56,0,40,0,4,0,0,0,0,0,0,0,255,255,1,0,253,255,10,0,9,0,1,16,0,0
37.598,hid,"18,19,22,24,25,26,28",4,90,165,239,236,255,56,0,40,0,4,0,0,0,0,0,0,0,0,0,1,0,255,255,251,255,2,0,2,16,0,0
37.614,hid,"4,6,18,19,22,24,25,26,28",4,90,165,239,224,255,0,0,40,0,4,0,0,0,0,0,0,0,254,255,1,0,254,255,6,0,16,0,3,16,0,0
37.629,hid,"18,19,20,22,24,26,28",4,90,165,239,224,255,0,0,40,0,4,0,0,0,0,0,0,0,0,0,3,0,255,255,15,0,12,0,6,16,0,0
37.661,hid,"18,19,24,25,26,28,29",4,90,165,239,224,255,0,0,40,0,4,0,0,0,0,0,0,0,255,255,3,0,255,255,252,255,17,0,252,15,0,0
37.693,hid,"18,22,24,25,26,28,29",4,90,165,239,224,255,0,0,40,0,4,0,0,0,0,0,0,0,254,255,3,0,254,255,0,0,10,0,0,16,0,0
37.709,hid,"18,22,24,25,26,28",4,90,165,239,224,255,0,0,40,0,4,0,0,0,0,0,0,0,255,255,3,0,255,255,253,255,5,0,9,16,0,0
37.723,hid,"20,21,22,23,26,28",4,90,165,239,224,255,0,0,40,0,4,0,0,0,0,0,0,0,255,255,255,255,1,0,253,255,9,0,0,16,0,0
37.754,hid,"18,20,21,22,23,24,25,26,28,29",4,90,165,239,224,255,0,0,40,0,4,0,0,0,0,0,0,0,253,255,0,0,255,255,1,0,4,0,251,15,0,0
37.77,hid,"18,19,20,22,23,24,25,26,28,29",4,90,165,239,224,255,0,0,40,0,4,0,0,0,0,0,0,0,0,0,3,0,1,0,255,255,10,0,1,16,0,0
37.785,hid,"18,19,20,22,23,24,28,29",4,90,165,239,224,255,0,0,40,0,4,0,0,0,0,0,0,0,255,255,1,0,255,255,254,255,10,0,249,15,0,0
37.817,hid,"20,22,24,25,26,28,29",4,90,165,239,224,255,0,0,40,0,4,0,0,0,0,0,0,0,255,255,2,0,254,255,5,0,2,0,2,16,0,0
37.833,hid,"18,19,20,26,27,28,29",4,90,165,239,224,255,0,0,40,0,4,0,0,0,0,0,0,0,0,0,1,0,254,255,5,0,249,255,250,15,0,0
37.848,hid,"18,19,20,22,23,24,26,27,28",4,90,165,239,224,255,0,0,40,0,4,0,0,0,0,0,0,0,255,255,2,0,0,0,18,0,9,0,255,15,0,0
37.879,hid,"20,22,23,24,26",4,90,165,239,224,255,0,0,40,0,4,0,0,0,0,0,0,0,255,255,1,0,254,255,9,0,10,0,255,15,0,0
37.91,hid,"18,22,24,25,26,28",4,90,165,239,224,255,0,0,40,0,4,0,0,0,0,0,0,0,254,255,1,0,253,255,252,255,18,0,251,15,0,0
37.926,hid,"20,22,24,26,28,29",4,90,165,239,224,255,0,0,40,0,4,0,0,0,0,0,0,0,254,255,0,0,255,255,255,255,9,0,4,16,0,0
37.956,hid,"18,20,24,25,26,28,29",4,90,165,239,224,255,0,0,40,0,4,0,0,0,0,0,0,0,255,255,1,0,255,255,10,0,7,0,253,15,0,0
37.972,hid,"20,24,26,28,29",4,90,165,239,224,255,0,0,40,0,4,0,0,0,0,0,0,0,255,255,0,0,255,255,11,0,3,0,3,16,0,0
37.988,hid,"20,22,23,24,25,26,28,29",4,90,165,239,224,255,0,0,40,0,4,0,0,0,0,0,0,0,255,255,1,0,0,0,248,255,15,0,255,15,0,0
38.02,hid,"20,22,23,24,26,28,29",4,90,165,239,224,255,0,0,40,0,4,0,0,0,0,0,0,0,255,255,3,0,254,255,254,255,4,0,1,16,0,0
38.051,hid,"22,23,24,25,26,28",4,90,165,239,224,255,0,0,40,0,4,0,0,0,0,0,0,0,255,255,3,0,1,0,14,0,1,0,0,16,0,0
38.066,hid,"18,19,22,23,24,26,27,28",4,90,165,239,224,255,0,0,40,0,4,0,0,0,0,0,0,0,0,0,3,0,254,255,8,0,252,255,2,16,0,0
38.098,hid,"18,19,20,22,23,24,25,26,27,28",4,90,165,239,224,255,0,0,40,0,4,0,0,0,0,0,0,0,255,255,0,0,0,0,247,255,15,0,1,16,0,0
38.114,hid,"20,22,23,24,25,26,28,29",4,90,165,239,224,255,0,0,40,0,4,0,0,0,0,0,0,0,255,255,2,0,255,255,3,0,6,0,250,15,0,0
38.129,hid,"18,20,24,25,26,28,29",4,90,165,239,224,255,0,0,40,0,4,0,0,0,0,0,0,0,254,255,0,0,255,255,251,255,3,0,0,16,0,0
38.145,hid,"18,20,21,22,24,25,26,27,28",4,90,165,239,224,255,0,0,40,0,4,0,0,0,0,0,0,0,255,255,255,255,254,255,9,0,249,255,4,16,0,0
38.176,hid,"18,20,21,24,26,28,29",4,90,165,239,224,255,0,0,40,0,4,0,0,0,0,0,0,0,254,255,1,0,254,255,0,0,255,255,249,15,0,0
38.192,hid,"18,19,20,21,24,26,28,29",4,90,165,239,224,255,0,0,40,0,4,0,0,0,0,0,0,0,0,0,255,255,254,255,2,0,249,255,3,16,0,0
38.207,hid,"18,19,20,21,24,26,27,28,29",4,90,165,239,224,255,0,0,40,0,4,0,0,0,0,0,0,0,255,255,1,0,254,255,11,0,1,0,254,15,0,0
38.239,hid,"20,22,24,26,28,29",4,90,165,239,224,255,0,0,40,0,4,0,0,0,0,0,0,0,255,255,3,0,255,255,5,0,11,0,10,16,0,0
38.254,hid,"18,19,20,22,23,24,25,26,28",4,90,165,239,224,255,0,0,40,0,4,0,0,0,0,0,0,0,0,0,0,0,0,0,253,255,14,0,0,16,0,0
38.271,hid,"18,19,20,22,23,24,26,28,29",4,90,165,239,224,255,0,0,40,0,4,0,0,0,0,0,0,0,254,255,2,0,254,255,248,255,8,0,251,15,0,0
38.286,hid,"18,20,21,24,26,27,28",4,90,165,239,224,255,0,0,40,0,4,0,0,0,0,0,0,0,255,255,255,255,254,255,253,255,255,255,249,15,0,0
38.317,hid,"20,21,22,24,26,27,28",4,90,165,239,224,255,0,0,40,0,4,0,0,0,0,0,0,0,255,255,0,0,255,255,250,255,9,0,253,15,0,0
38.332,hid,"18,20,21,22,24,26,28,29",4,90,165,239,224,255,0,0,40,0,4,0,0,0,0,0,0,0,254,255,255,255,254,255,254,255,2,0,6,16,0,0
38.348,hid,"20,21,22,24,25,26,28,29",4,90,165,239,224,255,0,0,40,0,4,0,0,0,0,0,0,0,254,255,2,0,255,255,1,0,6,0,254,15,0,0
38.38,hid,"18,19,20,24,25,26,28,29",4,90,165,239,224,255,0,0,40,0,4,0,0,0,0,0,0,0,0,0,0,0,255,255,249,255,14,0,0,16,0,0
38.411,hid,"18,19,20,22,23,24,25,26,28",4,90,165,239,224,255,0,0,40,0,4,0,0,0,0,0,0,0,254,255,3,0,0,0,6,0,2,0,6,16,0,0
38.426,hid,"18,19,20,22,23,24,25,26,28",4,90,165,239,224,255,0,0,40,0,4,0,0,0,0,0,0,0,0,0,2,0,253,255,255,255,0,0,1,16,0,0
38.457,hid,"18,19,22,24,26",4,90,165,239,224,255,0,0,40,0,4,0,0,0,0,0,0,0,255,255,2,0,254,255,254,255,8,0,1,16,0,0
38.473,hid,"20,22,23,24,26,28",4,90,165,239,224,255,0,0,40,0,4,0,0,0,0,0,0,0,255,255,3,0,0,0,253,255,7,0,3,16,0,0
38.488,hid,"18,20,22,23,24,25,26,28,29",4,90,165,239,224,255,0,0,40,0,4,0,0,0,0,0,0,0,254,255,2,0,254,255,4,0,3,0,249,15,0,0
38.52,hid,"18,19,24,25,26,28",4,90,165,239,224,255,0,0,40,0,4,0,0,0,0,0,0,0,0,0,2,0,254,255,255,255,8,0,255,15,0,0
38.52,hid,"18,19,20,22,24,25,26,28,29",4,90,165,239,224,255,0,0,40,0,4,0,0,0,0,0,0,0,255,255,3,0,255,255,0,0,5,0,0,16,0,0
38.551,hid,"18,19,20,22,23,24,26,28",4,90,165,239,224,255,0,0,40,0,4,0,0,0,0,0,0,0,0,0,1,0,0,0,3,0,2,0,4,16,0,0
38.566,hid,"20,22,23,24,26,28,29",4,90,165,239,224,255,0,0,40,0,4,0,0,0,0,0,0,0,0,0,0,0,255,255,4,0,6,0,244,15,0,0
38.598,hid,"20,22,24,26,28,29",4,90,165,239,224,255,0,0,40,0,4,0,0,0,0,0,0,0,0,0,1,0,254,255,5,0,5,0,0,16,0,0
38.614,hid,"18,19,20,21,22,24,25,26,28",4,90,165,239,224,255,0,0,40,0,4,0,0,0,0,0,0,0,255,255,254,255,255,255,255,255,2,0,2,16,0,0
38.628,hid,"20,21,22,23,24,25,26,28",4,90,165,239,224,255,0,0,40,0,4,0,0,0,0,0,0,0,255,255,2,0,0,0,2,0,10,0,4,16,0,0
38.66,hid,"18,19,20,22,26,28",4,90,165,239,224,255,0,0,40,0,4,0,0,0,0,0,0,0,0,0,1,0,1,0,2,0,7,0,3,16,0,0
38.66,hid,"22,26,28",4,90,165,239,224,255,0,0,40,0,4,0,0,0,0,0,0,0,0,0,1,0,0,0,2,0,6,0,1,16,0,0
38.69,hid,"18,19,20,22,24,26,28",4,90,165,239,224,255,0,0,40,0,4,0,0,0,0,0,0,0,254,255,0,0,1,0,12,0,10,0,0,16,0,0
38.706,hid,"18,19,22,23,24,26",4,90,165,239,224,255,0,0,40,0,4,0,0,0,0,0,0,0,0,0,0,0,255,255,1,0,11,0,0,16,0,0
38.736,hid,"20,22,23,26,28",4,90,165,239,224,255,0,0,40,0,4,0,0,0,0,0,0,0,0,0,2,0,0,0,1,0,0,0,5,16,0,0
38.751,hid,"18,19,22,23,24,26,28,29",4,90,165,239,224,255,0,0,40,0,4,0,0,0,0,0,0,0,255,255,2,0,255,255,9,0,7,0,255,15,0,0
38.767,hid,"18,19,20,24,26",4,90,165,239,224,255,0,0,40,0,4,0,0,0,0,0,0,0,0,0,3,0,255,255,4,0,11,0,255,15,0,0
38.798,hid,"18,19,20,22,24,25,26,28,29",4,90,165,239,224,255,0,0,40,0,4,0,0,0,0,0,0,0,255,255,1,0,254,255,255,255,9,0,1,16,0,0
38.813,hid,"20,22,24,26,28",4,90,165,239,224,255,0,0,40,0,4,0,0,0,0,0,0,0,255,255,2,0,255,255,251,255,8,0,3,16,0,0
38.83,hid,"20,22,24,25,26,28",4,90,165,239,224,255,0,0,40,0,4,0,0,0,0,0,0,0,255,255,0,0,254,255,13,0,9,0,4,16,0,0
38.846,hid,"18,20,22,24,26,28,29",4,90,165,239,224,255,0,0,40,0,4,0,0,0,0,0,0,0,254,255,1,0,255,255,6,0,8,0,250,15,0,0
38.876,hid,"18,20,22,23,24,26,27,28",4,90,165,239,224,255,0,0,40,0,4,0,0,0,0,0,0,0,255,255,3,0,0,0,17,0,255,255,252,15,0,0
38.892,hid,"20,24,25,26,27,28",4,90,165,239,224,255,0,0,40,0,4,0,0,0,0,0,0,0,255,255,1,0,0,0,252,255,5,0,251,15,0,0
38.908,hid,"18,22,23,24,25,26,27",4,90,165,239,224,255,0,0,40,0,4,0,0,0,0,0,0,0,252,255,1,0,253,255,7,0,254,255,251,15,0,0
38.94,hid,"18,20,22,24,26,27,28,29",4,90,165,239,224,255,0,0,40,0,4,0,0,0,0,0,0,0,255,255,3,0,255,255,2,0,4,0,3,16,0,0
38.94,hid,"20,22,24,26",4,90,165,239,224,255,0,0,40,0,4,0,0,0,0,0,0,0,255,255,2,0,254,255,5,0,5,0,3,16,0,0
38.971,hid,"18,19,20,21,22,24,26,28,29",4,90,165,239,224,255,0,0,40,0,4,0,0,0,0,0,0,0,0,0,255,255,253,255,9,0,14,0,248,15,0,0
38.986,hid,"20,21,22,23,24,26,28,29",4,90,165,239,224,255,0,0,40,0,4,0,0,0,0,0,0,0,0,0,0,0,0,0,12,0,16,0,2,16,0,0
39.018,hid,"18,19,20,24,25,26,28",4,90,165,239,224,255,0,0,40,0,4,0,0,0,0,0,0,0,255,255,2,0,0,0,253,255,3,0,10,16,0,0
39.034,hid,"18,20,21,22,23,24,25,26,28,29",4,90,165,239,224,255,0,0,40,0,4,0,0,0,0,0,0,0,254,255,255,255,255,255,0,0,2,0,255,15,0,0
39.05,hid,"18,19,20,21,22,24,26,27,28",4,90,165,239,224,255,0,0,40,0,4,0,0,0,0,0,0,0,0,0,0,0,254,255,11,0,254,255,249,15,0,0
39.065,hid,"22,24,26,27,28,29",4,90,165,239,224,255,0,0,40,0,4,0,0,0,0,0,0,0,0,0,0,0,255,255,4,0,9,0,2,16,0,0
39.097,hid,"18,19,24,25,26,28",4,90,165,239,224,255,0,0,40,0,4,0,0,0,0,0,0,0,253,255,0,0,255,255,250,255,13,0,0,16,0,0
39.113,hid,"18,19,20,24,26,28,29",4,90,165,239,224,255,0,0,40,0,4,0,0,0,0,0,0,0,0,0,1,0,255,255,253,255,0,0,255,15,0,0
39.128,hid,"18,19,20,24,25,26,27,28",4,90,165,239,224,255,0,0,40,0,4,0,0,0,0,0,0,0,255,255,2,0,255,255,8,0,255,255,254,15,0,0
39.16,hid,"20,24,26,27,28,29",4,90,165,239,224,255,0,0,40,0,4,0,0,0,0,0,0,0,255,255,0,0,255,255,6,0,5,0,3,16,0,0
39.16,hid,"18,19,24,26,28",4,90,165,239,224,255,0,0,40,0,4,0,0,0,0,0,0,0,0,0,0,0,255,255,3,0,7,0,1,16,0,0
39.19,hid,"18,19,20,21,24,26,28,29",4,90,165,239,224,255,0,0,40,0,4,0,0,0,0,0,0,0,255,255,255,255,255,255,2,0,10,0,249,15,0,0
39.206,hid,"18,20,21,22,24,26,28,29",4,90,165,239,224,255,0,0,40,0,4,0,0,0,0,0,0,0,253,255,5,0,254,255,1,0,3,0,6,16,0,0
39.236,hid,"18,20,22,23,24,25,26,27,28,29",4,90,165,239,224,255,0,0,40,0,4,0,0,0,0,0,0,0,255,255,3,0,1,0,252,255,254,255,249,15,0,0
39.252,hid,"20,22,23,24,26,28",4,90,165,239,224,255,0,0,40,0,4,0,0,0,0,0,0,0,255,255,2,0,254,255,249,255,253,255,250,15,0,0
39.268,hid,"22,24,25,26,27,28",4,90,165,239,224,255,0,0,40,0,4,0,0,0,0,0,0,0,255,255,2,0,255,255,10,0,2,0,251,15,0,0
39.299,hid,"20,22,23,24,26,28,29",4,90,165,239,224,255,0,0,40,0,4,0,0,0,0,0,0,0,255,255,3,0,0,0,5,0,6,0,0,16,0,0
39.3,hid,"18,20,24,26",4,90,165,239,224,255,0,0,40,0,4,0,0,0,0,0,0,0,254,255,2,0,0,0,4,0,8,0,0,16,0,0
39.33,hid,"18,19,22,24,26,28",4,90,165,239,224,255,0,0,40,0,4,0,0,0,0,0,0,0,0,0,2,0,1,0,8,0,5,0,1,16,0,0
39.346,hid,"20,22,23,24,26,28",4,90,165,239,224,255,0,0,40,0,4,0,0,0,0,0,0,0,0,0,1,0,255,255,4,0,10,0,0,16,0,0
39.378,hid,"18,19,20,22,24,26,28",4,90,165,239,224,255,0,0,40,0,4,0,0,0,0,0,0,0,254,255,0,0,252,255,11,0,1,0,4,16,0,0
39.394,hid,"20,21,22,24,26,28",4,90,165,239,224,255,0,0,40,0,4,0,0,0,0,0,0,0,254,255,255,255,255,255,2,0,4,0,3,16,0,0
39.41,hid,"20,21,24,26,28",4,90,165,239,224,255,0,0,40,0,4,0,0,0,0,0,0,0,254,255,2,0,255,255,3,0,10,0,5,16,0,0
39.425,hid,"18,20,22,24,26",4,90,165,239,224,255,0,0,40,0,4,0,0,0,0,0,0,0,255,255,1,0,254,255,2,0,12,0,5,16,0,0
39.455,hid,"18,20,22,24,26,28",4,90,165,239,224,255,0,0,40,0,4,0,0,0,0,0,0,0,254,255,0,0,255,255,3,0,11,0,0,16,0,0
39.47,hid,"18,22,23,24,26,28,29",4,90,165,239,224,255,0,0,40,0,4,0,0,0,0,0,0,0,255,255,0,0,1,0,4,0,5,0,253,15,0,0
39.486,hid,"20,21,22,23,24,26,27,28",4,90,165,239,224,255,0,0,40,0,4,0,0,0,0,0,0,0,255,255,255,255,252,255,7,0,253,255,251,15,0,0
39.516,hid,"22,24,25,26,27",4,90,165,239,224,255,0,0,40,0,4,0,0,0,0,0,0,0,255,255,255,255,255,255,250,255,13,0,251,15,0,0
39.532,hid,"18,19,20,21,24,25,26,28",4,90,165,239,224,255,0,0,40,0,4,0,0,0,0,0,0,0,0,0,1,0,255,255,1,0,0,0,253,15,0,0
39.547,hid,"18,19,20,21,22,23,24,26,28,29",4,90,165,239,224,255,0,0,40,0,4,0,0,0,0,0,0,0,253,255,255,255,0,0,4,0,4,0,3,16,0,0
39.579,hid,"18,20,21,22,23,24,26,28",4,90,165,239,224,255,0,0,40,0,4,0,0,0,0,0,0,0,254,255,1,0,254,255,5,0,6,0,2,16,0,0
39.594,hid,"18,24,26,28,29",4,90,165,239,224,255,0,0,40,0,4,0,0,0,0,0,0,0,255,255,1,0,254,255,2,0,10,0,251,15,0,0
39.609,hid,"18,20,22,24,25,26,28,29",4,90,165,239,224,255,0,0,40,0,4,0,0,0,0,0,0,0,254,255,2,0,255,255,248,255,5,0,1,16,0,0
39.625,hid,"18,20,22,23,24,26,28,29",4,90,165,239,224,255,0,0,40,0,4,0,0,0,0,0,0,0,255,255,3,0,0,0,254,255,1,0,254,15,0,0
39.656,hid,"18,19,20,22,23,24,26,28,29",4,90,165,239,224,255,0,0,40,0,4,0,0,0,0,0,0,0,0,0,2,0,252,255,253,255,12,0,2,16,0,0
39.672,hid,"20,22,24,25,26,28,29",4,90,165,239,224,255,0,0,40,0,4,0,0,0,0,0,0,0,0,0,3,0,254,255,0,0,13,0,253,15,0,0
39.687,hid,"18,19,20,22,24,25,26,28",4,90,165,239,224,255,0,0,40,0,4,0,0,0,0,0,0,0,254,255,2,0,255,255,253,255,4,0,250,15,0,0
39.718,hid,"18,20,22,24,25,26,28",4,90,165,239,224,255,0,0,40,0,4,0,0,0,0,0,0,0,255,255,1,0,253,255,9,0,14,0,255,15,0,0
39.733,hid,"18,20,22,24,26,28,29",4,90,165,239,224,255,0,0,40,0,4,0,0,0,0,0,0,0,254,255,3,0,254,255,2,0,6,0,2,16,0,0
39.749,hid,"22,24,26",4,90,165,239,224,255,0,0,40,0,4,0,0,0,0,0,0,0,254,255,3,0,253,255,0,0,8,0,2,16,0,0
39.779,hid,"18,19,22,24,26,28,29",4,90,165,239,224,255,0,0,40,0,4,0,0,0,0,0,0,0,0,0,3,0,252,255,7,0,0,0,254,15,0,0
39.78,hid,"24,26,27",4,90,165,239,224,255,0,0,40,0,4,0,0,0,0,0,0,0,0,0,3,0,252,255,6,0,254,255,254,15,0,0
39.811,hid,"20,22,24,26,27,28,29",4,90,165,239,224,255,0,0,40,0,4,0,0,0,0,0,0,0,0,0,0,0,254,255,4,0,8,0,1,16,0,0
39.827,hid,"18,19,20,22,23,24,25,26,28,29",4,90,165,239,224,255,0,0,40,0,4,0,0,0,0,0,0,0,254,255,3,0,0,0,250,255,10,0,252,15,0,0
39.857,hid,"18,19,20,24,25,26,28,29",4,90,165,239,224,255,0,0,40,0,4,0,0,0,0,0,0,0,0,0,1,0,0,0,0,0,6,0,2,16,0,0
39.872,hid,"18,19,20,22,23,24,25,26",4,90,165,239,224,255,0,0,40,0,4,0,0,0,0,0,0,0,253,255,2,0,255,255,253,255,7,0,2,16,0,0
39.889,hid,"18,19,22,23,24,25,26,28,29",4,90,165,239,224,255,0,0,40,0,4,0,0,0,0,0,0,0,0,0,2,0,0,0,3,0,4,0,244,15,0,0
39.921,hid,"18,19,20,22,23,24,26,28,29",4,90,165,239,224,255,0,0,40,0,4,0,0,0,0,0,0,0,254,255,1,0,255,255,5,0,2,0,3,16,0,0
39.952,hid,"4,5,8,10,18,20,24,26",4,90,165,239,0,0,0,0,0,0,0,0,0,0,0,0,0,0,255,255,2,0,255,255,8,0,9,0,3,16,0,0
39.968,hid,"18,20,21,24,26",4,90,165,239,0,0,0,0,0,0,0,0,0,0,0,0,0,0,253,255,254,255,255,255,5,0,6,0,3,16,0,0
39.999,hid,"18,20,21,24,26,28,29",4,90,165,239,0,0,0,0,0,0,0,0,0,0,0,0,0,0,255,255,2,0,255,255,16,0,2,0,249,15,0,0
40.03,hid,"24,26,28",4,90,165,239,0,0,0,0,0,0,0,0,0,0,0,0,0,0,255,255,2,0,255,255,1,0,6,0,247,15,0,0
40.046,hid,"18,19,22,24,26,28",4,90,165,239,0,0,0,0,0,0,0,0,0,0,0,0,0,0,0,0,2,0,254,255,9,0,9,0,249,15,0,0
40.076,hid,"18,19,20,22,23,24,25,26,28,29",4,90,165,239,0,0,0,0,0,0,0,0,0,0,0,0,0,0,255,255,3,0,0,0,250,255,16,0,0,16,0,0
40.093,hid,"20,24,26,28",4,90,165,239,0,0,0,0,0,0,0,0,0,0,0,0,0,0,255,255,1,0,0,0,252,255,7,0,3,16,0,0
40.109,hid,"18,20,24,26,27,28,29",4,90,165,239,0,0,0,0,0,0,0,0,0,0,0,0,0,0,254,255,3,0,0,0,251,255,254,255,255,15,0,0
40.14,hid,"18,22,23,24,26,27",4,90,165,239,0,0,0,0,0,0,0,0,0,0,0,0,0,0,255,255,3,0,254,255,252,255,3,0,255,15,0,0
40.172,hid,"18,20,22,24,25,26,28",4,90,165,239,0,0,0,0,0,0,0,0,0,0,0,0,0,0,254,255,0,0,255,255,7,0,12,0,253,15,0,0
40.187,hid,"18,20,24,26,28",4,90,165,239,0,0,0,0,0,0,0,0,0,0,0,0,0,0,255,255,1,0,255,255,8,0,11,0,248,15,0,0
40.219,hid,"18,19,20,24,26,28,29",4,90,165,239,0,0,0,0,0,0,0,0,0,0,0,0,0,0,0,0,2,0,255,255,13,0,4,0,5,16,0,0
40.251,hid,"20,22,24,26,28",4,90,165,239,0,0,0,0,0,0,0,0,0,0,0,0,0,0,0,0,1,0,254,255,7,0,8,0,3,16,0,0
40.266,hid,"18,19,20,22,24,25,26,27,28",4,90,165,239,0,0,0,0,0,0,0,0,0,0,0,0,0,0,255,255,0,0,255,255,251,255,232,255,0,16,0,0
40.297,hid,"20,22,24,26,27,28",4,90,165,239,0,0,0,0,0,0,0,0,0,0,0,0,0,0,255,255,2,0,254,255,244,255,23,0,11,16,0,0
40.313,hid,"20,24,26,28,29",4,90,165,239,0,0,0,0,0,0,0,0,0,0,0,0,0,0,255,255,1,0,254,255,245,255,29,0,240,15,0,0
40.328,hid,"18,19,20,21,22,24,26,28,29",4,90,165,239,0,0,0,0,0,0,0,0,0,0,0,0,0,0,0,0,255,255,255,255,254,255,27,0,5,16,0,0
40.36,hid,"18,19,20,21,22,24,25,26,28",4,90,165,239,0,0,0,0,0,0,0,0,0,0,0,0,0,0,254,255,1,0,253,255,8,0,2,0,7,16,0,0
40.391,hid,"18,20,22,24,26,27,28,29",4,90,165,239,0,0,0,0,0,0,0,0,0,0,0,0,0,0,255,255,0,0,255,255,14,0,250,255,251,15,0,0
40.407,hid,"20,22,23,24,26,27",4,90,165,239,0,0,0,0,0,0,0,0,0,0,0,0,0,0,255,255,2,0,0,0,4,0,4,0,251,15,0,0
40.439,hid,"20,24,25,26,28,29",4,90,165,239,0,0,0,0,0,0,0,0,0,0,0,0,0,0,255,255,1,0,0,0,248,255,24,0,5,16,0,0
40.47,hid,"18,19,22,24,25,26,27,28,29",4,90,165,239,0,0,0,0,0,0,0,0,0,0,0,0,0,0,0,0,1,0,1,0,1,0,241,255,251,15,0,0
40.485,hid,"20,22,23,24,26,28",4,90,165,239,0,0,0,0,0,0,0,0,0,0,0,0,0,0,0,0,3,0,252,255,0,0,232,255,254,15,0,0
40.516,hid,"22,24,26,28,29",4,90,165,239,0,0,0,0,0,0,0,0,0,0,0,0,0,0,0,0,3,0,255,255,8,0,248,255,1,16,0,0
40.532,hid,"18,19,20,22,24,26,27,28,29",4,90,165,239,0,0,0,0,0,0,0,0,0,0,0,0,0,0,255,255,2,0,254,255,3,0,15,0,249,15,0,0
40.547,hid,"18,19,20,22,23,24,25,26,28,29",4,90,165,239,0,0,0,0,0,0,0,0,0,0,0,0,0,0,0,0,3,0,1,0,251,255,26,0,3,16,0,0
40.578,hid,"18,19,20,22,23,24,26,28",4,90,165,239,0,0,0,0,0,0,0,0,0,0,0,0,0,0,253,255,1,0,255,255,238,255,13,0,7,16,0,0
40.593,hid,"18,19,20,22,24,26,28,29",4,90,165,239,0,0,0,0,0,0,0,0,0,0,0,0,0,0,0,0,3,0,252,255,252,255,4,0,247,15,0,0
40.608,hid,"22,24,25,26,27,28,29",4,90,165,239,0,0,0,0,0,0,0,0,0,0,0,0,0,0,0,0,3,0,254,255,10,0,255,255,1,16,0,0
40.639,hid,"20,24,26,28,29",4,90,165,239,0,0,0,0,0,0,0,0,0,0,0,0,0,0,0,0,1,0,254,255,6,0,254,255,252,15,0,0
40.671,hid,"18,19,22,24,26,27,28,29",4,90,165,239,0,0,0,0,0,0,0,0,0,0,0,0,0,0,255,255,1,0,255,255,1,0,16,0,4,16,0,0
40.686,hid,"18,20,24,26,28,29",4,90,165,239,0,0,0,0,0,0,0,0,0,0,0,0,0,0,254,255,0,0,255,255,0,0,18,0,247,15,0,0
40.716,hid,"18,20,24,26,28",4,90,165,239,0,0,0,0,0,0,0,0,0,0,0,0,0,0,255,255,1,0,255,255,9,0,11,0,250,15,0,0
40.732,hid,"18,19,22,23,24,26,27,28",4,90,165,239,0,0,0,0,0,0,0,0,0,0,0,0,0,0,0,0,1,0,1,0,3,0,255,255,252,15,0,0
40.749,hid,"18,19,20,22,24,26,27,28",4,90,165,239,0,0,0,0,0,0,0,0,0,0,0,0,0,0,255,255,2,0,0,0,7,0,0,0,254,15,0,0
40.764,hid,"20,24,28,29",4,90,165,239,0,0,0,0,0,0,0,0,0,0,0,0,0,0,255,255,3,0,0,0,1,0,0,0,1,16,0,0
40.795,hid,"18,19,20,26,28",4,90,165,239,0,0,0,0,0,0,0,0,0,0,0,0,0,0,0,0,2,0,0,0,1,0,11,0,2,16,0,0
40.811,hid,"18,19,20,24,26,28",4,90,165,239,0,0,0,0,0,0,0,0,0,0,0,0,0,0,254,255,0,0,0,0,4,0,16,0,3,16,0,0
40.826,hid,"18,20,24,26,28",4,90,165,239,0,0,0,0,0,0,0,0,0,0,0,0,0,0,255,255,2,0,0,0,8,0,10,0,10,16,0,0
40.857,hid,"22,23,24,26,28",4,90,165,239,0,0,0,0,0,0,0,0,0,0,0,0,0,0,255,255,2,0,255,255,1,0,2,0,5,16,0,0
40.872,hid,"18,19,22,24,26,27,28",4,90,165,239,0,0,0,0,0,0,0,0,0,0,0,0,0,0,0,0,2,0,253,255,6,0,255,255,6,16,0,0
40.888,hid,"18,19,20,22,24,26,27,28",4,90,165,239,0,0,0,0,0,0,0,0,0,0,0,0,0,0,255,255,1,0,255,255,9,0,0,0,3,16,0,0
40.918,hid,"18,19,20,24,25,26,28",4,90,165,239,0,0,0,0,0,0,0,0,0,0,0,0,0,0,0,0,0,0,255,255,255,255,10,0,2,16,0,0
40.934,hid,"20,22,24,25,26,28",4,90,165,239,0,0,0,0,0,0,0,0,0,0,0,0,0,0,0,0,2,0,254,255,1,0,8,0,1,16,0,0
40.95,hid,"20,22,23,24,25,26",4,90,165,239,0,0,0,0,0,0,0,0,0,0,0,0,0,0,0,0,3,0,0,0,247,255,3,0,1,16,0,0
40.965,hid,"18,19,20,22,23,24,25,28",4,90,165,239,0,0,0,0,0,0,0,0,0,0,0,0,0,0,254,255,2,0,255,255,5,0,3,0,4,16,0,0
40.996,hid,"18,19,22,23,24,26",4,90,165,239,0,0,0,0,0,0,0,0,0,0,0,0,0,0,0,0,2,0,1,0,10,0,7,0,4,16,0,0
41.011,hid,"18,19,22,23,24,26,28,29",4,90,165,239,0,0,0,0,0,0,0,0,0,0,0,0,0,0,255,255,2,0,255,255,3,0,12,0,250,15,0,0
41.026,hid,"18,19,22,23,24,26,28,29",4,90,165,239,0,0,0,0,0,0,0,0,0,0,0,0,0,0,0,0,2,0,1,0,1,0,2,0,5,16,0,0
41.058,hid,"18,19,20,22,24,25,26,28",4,90,165,239,0,0,0,0,0,0,0,0,0,0,0,0,0,0,254,255,0,0,0,0,251,255,10,0,2,16,0,0
41.074,hid,"20,22,23,24,25,26,27,28",4,90,165,239,0,0,0,0,0,0,0,0,0,0,0,0,0,0,254,255,2,0,255,255,6,0,253,255,9,16,0,0
41.089,hid,"18,20,22,23,24,26,27,28",4,90,165,239,0,0,0,0,0,0,0,0,0,0,0,0,0,0,255,255,1,0,0,0,2,0,0,0,5,16,0,0
41.105,hid,"18,20,21,22,23,24,25,26,28,29",4,90,165,239,0,0,0,0,0,0,0,0,0,0,0,0,0,0,254,255,255,255,254,255,255,255,11,0,249,15,0,0
41.136,hid,"18,20,21,24,25,26,27,28",4,90,165,239,0,0,0,0,0,0,0,0,0,0,0,0,0,0,255,255,2,0,254,255,4,0,255,255,251,15,0,0
41.151,hid,"20,22,23,24,25,26,27,28",4,90,165,239,0,0,0,0,0,0,0,0,0,0,0,0,0,0,255,255,0,0,0,0,254,255,7,0,246,15,0,0
41.167,hid,"18,20,22,23,24,25,26,28",4,90,165,239,0,0,0,0,0,0,0,0,0,0,0,0,0,0,254,255,3,0,254,255,6,0,1,0,255,15,0,0
41.197,hid,"18,20,22,24,26,28,29",4,90,165,239,0,0,0,0,0,0,0,0,0,0,0,0,0,0,255,255,1,0,255,255,1,0,2,0,2,16,0,0
41.213,hid,"18,20,24,25,26,27,28,29",4,90,165,239,0,0,0,0,0,0,0,0,0,0,0,0,0,0,254,255,3,0,255,255,253,255,249,255,255,15,0,0
41.229,hid,"18,19,20,22,23,24,25,26,27,28",4,90,165,239,0,0,0,0,0,0,0,0,0,0,0,0,0,0,0,0,2,0,0,0,6,0,12,0,247,15,0,0
41.245,hid,"18,19,20,22,23,24,25,26,28",4,90,165,239,0,0,0,0,0,0,0,0,0,0,0,0,0,0,255,255,3,0,254,255,255,255,10,0,251,15,0,0
41.276,hid,"18,19,22,23,24,25,26,28,29",4,90,165,239,0,0,0,0,0,0,0,0,0,0,0,0,0,0,0,0,3,0,0,0,0,0,3,0,8,16,0,0
41.291,hid,"20,22,23,24,26,28",4,90,165,239,0,0,0,0,0,0,0,0,0,0,0,0,0,0,0,0,0,0,255,255,11,0,9,0,1,16,0,0
41.307,hid,"18,19,22,24,26,28",4,90,165,239,0,0,0,0,0,0,0,0,0,0,0,0,0,0,254,255,0,0,254,255,6,0,10,0,2,16,0,0
41.338,hid,"18,19,20,24,28,29",4,90,165,239,0,0,0,0,0,0,0,0,0,0,0,0,0,0,0,0,3,0,254,255,20,0,10,0,253,15,0,0
41.354,hid,"18,19,20,22,23,24,26,28,29",4,90,165,239,0,0,0,0,0,0,0,0,0,0,0,0,0,0,255,255,2,0,1,0,10,0,7,0,6,16,0,0
41.369,hid,"22,23,24,26,28",4,90,165,239,0,0,0,0,0,0,0,0,0,0,0,0,0,0,255,255,2,0,253,255,0,0,0,0,5,16,0,0
41.401,hid,"18,19,22,23,24,26,28,29",4,90,165,239,0,0,0,0,0,0,0,0,0,0,0,0,0,0,0,0,2,0,0,0,4,0,9,0,251,15,0,0
41.401,hid,"20,22,24,25,26,28",4,90,165,239,0,0,0,0,0,0,0,0,0,0,0,0,0,0,0,0,1,0,1,0,252,255,5,0,249,15,0,0
41.431,hid,"22,23,24,25,26,28,29",4,90,165,239,0,0,0,0,0,0,0,0,0,0,0,0,0,0,0,0,1,0,254,255,7,0,7,0,3,16,0,0
41.448,hid,"18,19,20,24,26,27,28,29",4,90,165,239,0,0,0,0,0,0,0,0,0,0,0,0,0,0,255,255,2,0,254,255,5,0,251,255,251,15,0,0
41.478,hid,"18,19,20,21,22,24,26,27,28",4,90,165,239,0,0,0,0,0,0,0,0,0,0,0,0,0,0,0,0,255,255,255,255,4,0,1,0,252,15,0,0
41.494,hid,"20,21,22,23,24,26,28,29",4,90,165,239,0,0,0,0,0,0,0,0,0,0,0,0,0,0,0,0,3,0,1,0,5,0,9,0,1,16,0,0
41.51,hid,"18,19,20,21,22,23,24,26,28",4,90,165,239,0,0,0,0,0,0,0,0,0,0,0,0,0,0,255,255,254,255,255,255,6,0,10,0,4,16,0,0
41.525,hid,"20,21,22,23,24,26,28",4,90,165,239,0,0,0,0,0,0,0,0,0,0,0,0,0,0,255,255,1,0,0,0,12,0,8,0,0,16,0,0
41.556,hid,"18,19,24,26,28,29",4,90,165,239,0,0,0,0,0,0,0,0,0,0,0,0,0,0,0,0,1,0,0,0,5,0,17,0,252,15,0,0
41.571,hid,"20,22,23,24,26,28,29",4,90,165,239,0,0,0,0,0,0,0,0,0,0,0,0,0,0,0,0,2,0,255,255,8,0,11,0,0,16,0,0
41.587,hid,"18,19,20,22,23,24,26,28",4,90,165,239,0,0,0,0,0,0,0,0,0,0,0,0,0,0,255,255,3,0,0,0,3,0,1,0,4,16,0,0
41.62,hid,"18,22,24,26,28",4,90,165,239,0,0,0,0,0,0,0,0,0,0,0,0,0,0,254,255,3,0,1,0,7,0,6,0,1,16,0,0
41.62,hid,"24,26,28",4,90,165,239,0,0,0,0,0,0,0,0,0,0,0,0,0,0,254,255,3,0,1,0,6,0,7,0,4,16,0,0
41.65,hid,"18,19,20,26,28",4,90,165,239,0,0,0,0,0,0,0,0,0,0,0,0,0,0,0,0,2,0,1,0,6,0,11,0,2,16,0,0
41.665,hid,"18,19,22,23,24,25,26,28,29",4,90,165,239,0,0,0,0,0,0,0,0,0,0,0,0,0,0,255,255,2,0,254,255,246,255,6,0,251,15,0,0
41.696,hid,"22,24,25,26,28",4,90,165,239,0,0,0,0,0,0,0,0,0,0,0,0,0,0,255,255,2,0,253,255,4,0,7,0,250,15,0,0
41.712,hid,"20,22,24,26",4,90,165,239,0,0,0,0,0,0,0,0,0,0,0,0,0,0,255,255,1,0,255,255,0,0,3,0,250,15,0,0
41.728,hid,"22,24,26,28,29",4,90,165,239,0,0,0,0,0,0,0,0,0,0,0,0,0,0,255,255,1,0,252,255,6,0,8,0,1,16,0,0
41.759,hid,"18,19,22,23,26,28",4,90,165,239,0,0,0,0,0,0,0,0,0,0,0,0,0,0,0,0,1,0,0,0,6,0,6,0,3,16,0,0
41.759,hid,"22,23,24,26",4,90,165,239,0,0,0,0,0,0,0,0,0,0,0,0,0,0,0,0,1,0,255,255,9,0,5,0,3,16,0,0
41.79,hid,"18,19,20,24,26,28",4,90,165,239,0,0,0,0,0,0,0,0,0,0,0,0,0,0,255,255,3,0,255,255,6,0,1,0,1,16,0,0
41.806,hid,"18,19,20,22,24,26,28",4,90,165,239,0,0,0,0,0,0,0,0,0,0,0,0,0,0,0,0,1,0,254,255,7,0,9,0,0,16,0,0
41.836,hid,"20,22,23,24,26,27,28",4,90,165,239,0,0,0,0,0,0,0,0,0,0,0,0,0,0,0,0,0,0,1,0,1,0,249,255,3,16,0,0
41.851,hid,"18,19,22,23,24,26,27,28",4,90,165,239,0,0,0,0,0,0,0,0,0,0,0,0,0,0,255,255,0,0,255,255,2,0,6,0,5,16,0,0
41.867,hid,"18,19,24,26,28,29",4,90,165,239,0,0,0,0,0,0,0,0,0,0,0,0,0,0,0,0,0,0,255,255,0,0,10,0,253,15,0,0
41.898,hid,"18,19,20,22,24,26,28",4,90,165,239,0,0,0,0,0,0,0,0,0,0,0,0,0,0,254,255,2,0,254,255,2,0,9,0,248,15,0,0
41.914,hid,"18,19,20,22,24,25,26,28,29",4,90,165,239,0,0,0,0,0,0,0,0,0,0,0,0,0,0,0,0,1,0,255,255,252,255,3,0,0,16,0,0
41.93,hid,"18,19,20,22,24,25,26",4,90,165,239,0,0,0,0,0,0,0,0,0,0,0,0,0,0,254,255,2,0,254,255,4,0,7,0,0,16,0,0
41.944,hid,"22,24,25,26,28,29",4,90,165,239,0,0,0,0,0,0,0,0,0,0,0,0,0,0,254,255,2,0,253,255,254,255,10,0,252,15,0,0
41.976,hid,"18,22,24,25,26,28,29",4,90,165,239,0,0,0,0,0,0,0,0,0,0,0,0,0,0,255,255,2,0,255,255,5,0,7,0,14,16,0,0
41.991,hid,"18,19,20,22,23,24,26,28,29",4,90,165,239,0,0,0,0,0,0,0,0,0,0,0,0,0,0,0,0,3,0,0,0,3,0,5,0,255,15,0,0
42.007,hid,"18,19,24,25,26,28,29",4,90,165,239,0,0,0,0,0,0,0,0,0,0,0,0,0,0,255,255,3,0,0,0,254,255,18,0,5,16,0,0
42.039,hid,"22,23,24,25,26,27,28",4,90,165,239,0,0,0,0,0,0,0,0,0,0,0,0,0,0,255,255,3,0,255,255,1,0,254,255,2,16,0,0
42.039,hid,"20,22,23,24,25,26,28,29",4,90,165,239,0,0,0,0,0,0,0,0,0,0,0,0,0,0,255,255,2,0,0,0,254,255,251,255,254,15,0,0
42.07,hid,"18,19,22,23,24,25,26,27",4,90,165,239,0,0,0,0,0,0,0,0,0,0,0,0,0,0,0,0,2,0,254,255,11,0,11,0,254,15,0,0
42.086,hid,"18,19,22,24,26,28",4,90,165,239,0,0,0,0,0,0,0,0,0,0,0,0,0,0,255,255,2,0,255,255,12,0,8,0,252,15,0,0
42.117,hid,"18,20,22,24,26,28,29",4,90,165,239,0,0,0,0,0,0,0,0,0,0,0,0,0,0,254,255,0,0,254,255,6,0,16,0,6,16,0,0
42.133,hid,"18,20,21,24,28,29",4,90,165,239,0,0,0,0,0,0,0,0,0,0,0,0,0,0,255,255,255,255,254,255,5,0,16,0,253,15,0,0
42.148,hid,"18,19,20,21,22,26",4,90,165,239,0,0,0,0,0,0,0,0,0,0,0,0,0,0,0,0,1,0,255,255,5,0,5,0,253,15,0,0
42.18,hid,"18,19,20,24,26,28",4,90,165,239,0,0,0,0,0,0,0,0,0,0,0,0,0,0,254,255,0,0,255,255,2,0,15,0,251,15,0,0
42.211,hid,"18,19,22,24,26,28,29",4,90,165,239,0,0,0,0,0,0,0,0,0,0,0,0,0,0,0,0,0,0,254,255,4,0,7,0,7,16,0,0
42.226,hid,"18,19,20,21,22,24,26,28",4,90,165,239,0,0,0,0,0,0,0,0,0,0,0,0,0,0,254,255,255,255,255,255,1,0,6,0,10,16,0,0
42.257,hid,"18,20,21,22,24,25,26,28",4,90,165,239,0,0,0,0,0,0,0,0,0,0,0,0,0,0,255,255,2,0,253,255,255,255,8,0,4,16,0,0
42.273,hid,"18,19,20,22,24,25,26,28,29",4,90,165,239,0,0,0,0,0,0,0,0,0,0,0,0,0,0,0,0,1,0,255,255,10,0,9,0,254,15,0,0
42.289,hid,"18,19,24,25,26,28,29",4,90,165,239,0,0,0,0,0,0,0,0,0,0,0,0,0,0,253,255,1,0,255,255,249,255,15,0,10,16,0,0
42.305,hid,"18,20,21,24,26,28",4,90,165,239,0,0,0,0,0,0,0,0,0,0,0,0,0,0,254,255,255,255,255,255,255,255,6,0,9,16,0,0
42.337,hid,"20,21,24,25,26,28,29",4,90,165,239,0,0,0,0,0,0,0,0,0,0,0,0,0,0,254,255,1,0,255,255,3,0,3,0,251,15,0,0
42.353,hid,"20,22,24,26,28",4,90,165,239,0,0,0,0,0,0,0,0,0,0,0,0,0,0,254,255,2,0,254,255,4,0,13,0,255,15,0,0
42.369,hid,"18,22,24,26",4,90,165,239,0,0,0,0,0,0,0,0,0,0,0,0,0,0,255,255,2,0,253,255,0,0,10,0,255,15,0,0
42.4,hid,"18,19,20,21,22,24,26,28",4,90,165,239,0,0,0,0,0,0,0,0,0,0,0,0,0,0,0,0,255,255,255,255,5,0,12,0,248,15,0,0
42.431,hid,"18,19,20,21,22,23,24,25,26,28,29",4,90,165,239,0,0,0,0,0,0,0,0,0,0,0,0,0,0,254,255,1,0,1,0,253,255,2,0,2,16,0,0
42.447,hid,"18,20,22,23,24,25,26,27,28,29",4,90,165,239,0,0,0,0,0,0,0,0,0,0,0,0,0,0,255,255,2,0,255,255,6,0,252,255,250,15,0,0
42.478,hid,"18,19,22,23,24,26,27,28,29",4,90,165,239,0,0,0,0,0,0,0,0,0,0,0,0,0,0,0,0,2,0,0,0,0,0,0,0,7,16,0,0
42.494,hid,"18,19,22,23,24,25,26,28",4,90,165,239,0,0,0,0,0,0,0,0,0,0,0,0,0,0,254,255,2,0,254,255,253,255,5,0,6,16,0,0
42.51,hid,"18,19,20,24,26,28,29",4,90,165,239,0,0,0,0,0,0,0,0,0,0,0,0,0,0,0,0,1,0,254,255,249,255,6,0,248,15,0,0
42.526,hid,"18,19,20,22,24,25,26,28,29",4,90,165,239,0,0,0,0,0,0,0,0,0,0,0,0,0,0,255,255,3,0,255,255,2,0,4,0,5,16,0,0
42.557,hid,"18,20,22,23,24,26,28",4,90,165,239,0,0,0,0,0,0,0,0,0,0,0,0,0,0,254,255,1,0,0,0,4,0,5,0,0,16,0,0
42.572,hid,"18,22,26",4,90,165,239,0,0,0,0,0,0,0,0,0,0,0,0,0,0,255,255,1,0,1,0,4,0,8,0,0,16,0,0
42.588,hid,"20,22,23,24,25,26,28,29",4,90,165,239,0,0,0,0,0,0,0,0,0,0,0,0,0,0,255,255,2,0,253,255,254,255,5,0,251,15,0,0
42.618,hid,"18,19,22,24,26,28,29",4,90,165,239,0,0,0,0,0,0,0,0,0,0,0,0,0,0,0,0,2,0,255,255,248,255,9,0,1,16,0,0
42.634,hid,"18,19,20,22,24,26,28",4,90,165,239,0,0,0,0,0,0,0,0,0,0,0,0,0,0,254,255,1,0,254,255,252,255,3,0,5,16,0,0
42.649,hid,"20,24,25,26,28,29",4,90,165,239,0,0,0,0,0,0,0,0,0,0,0,0,0,0,254,255,2,0,254,255,11,0,9,0,252,15,0,0
42.665,hid,"18,22,24,26,28,29",4,90,165,239,0,0,0,0,0,0,0,0,0,0,0,0,0,0,255,255,2,0,253,255,8,0,11,0,4,16,0,0
42.696,hid,"20,22,23,24,26,28",4,90,165,239,0,0,0,0,0,0,0,0,0,0,0,0,0,0,255,255,0,0,0,0,6,0,3,0,6,16,0,0
42.712,hid,"18,19,20,22,23,24,26,28,29",4,90,165,239,0,0,0,0,0,0,0,0,0,0,0,0,0,0,0,0,3,0,253,255,3,0,10,0,253,15,0,0
42.728,hid,"18,19,20,22,24,25,26,28",4,90,165,239,0,0,0,0,0,0,0,0,0,0,0,0,0,0,255,255,1,0,254,255,249,255,9,0,250,15,0,0
42.758,hid,"22,24,28,29",4,90,165,239,0,0,0,0,0,0,0,0,0,0,0,0,0,0,255,255,1,0,255,255,254,255,9,0,1,16,0,0
42.774,hid,"22,24,25,26,28",4,90,165,239,0,0,0,0,0,0,0,0,0,0,0,0,0,0,255,255,1,0,254,255,3,0,5,0,0,16,0,0
42.79,hid,"18,19,20,22,24,25,26,28,29",4,90,165,239,0,0,0,0,0,0,0,0,0,0,0,0,0,0,0,0,2,0,255,255,254,255,8,0,250,15,0,0
42.805,hid,"18,19,20,22,23,24,25,26,28,29",4,90,165,239,0,0,0,0,0,0,0,0,0,0,0,0,0,0,254,255,3,0,0,0,2,0,14,0,4,16,0,0
42.837,hid,"18,19,20,22,23,24,26,28",4,90,165,239,0,0,0,0,0,0,0,0,0,0,0,0,0,0,0,0,0,0,255,255,5,0,7,0,8,16,0,0
42.852,hid,"18,19,20,22,23,24,26,28",4,90,165,239,0,0,0,0,0,0,0,0,0,0,0,0,0,0,255,255,1,0,0,0,14,0,13,0,2,16,0,0
42.868,hid,"20,22,24,26,27,28",4,90,165,239,0,0,0,0,0,0,0,0,0,0,0,0,0,0,255,255,2,0,1,0,4,0,255,255,1,16,0,0
42.899,hid,"18,22,23,24,25,26,27,28,29",4,90,165,239,0,0,0,0,0,0,0,0,0,0,0,0,0,0,254,255,2,0,255,255,254,255,2,0,246,15,0,0
42.9,hid,"18,24,26,28",4,90,165,239,0,0,0,0,0,0,0,0,0,0,0,0,0,0,253,255,2,0,255,255,253,255,5,0,248,15,0,0
42.93,hid,"18,19,20,22,24,25,26,27,28",4,90,165,239,0,0,0,0,0,0,0,0,0,0,0,0,0,0,0,0,3,0,254,255,0,0,255,255,253,15,0,0
42.946,hid,"18,19,20,21,22,23,24,25,26,27",4,90,165,239,0,0,0,0,0,0,0,0,0,0,0,0,0,0,255,255,255,255,0,0,252,255,10,0,253,15,0,0
42.977,hid,"20,21,22,23,24,25,26,28,29",4,90,165,239,0,0,0,0,0,0,0,0,0,0,0,0,0,0,255,255,1,0,254,255,0,0,6,0,2,16,0,0
42.993,hid,"22,24,26,28",4,90,165,239,0,0,0,0,0,0,0,0,0,0,0,0,0,0,255,255,1,0,255,255,3,0,13,0,6,16,0,0
43.009,hid,"18,19,24,25,26,28,29",4,90,165,239,0,0,0,0,0,0,0,0,0,0,0,0,0,0,0,0,1,0,255,255,253,255,4,0,254,15,0,0
43.025,hid,"18,19,24,25,26,27,28",4,90,165,239,0,0,0,0,0,0,0,0,0,0,0,0,0,0,255,255,1,0,255,255,1,0,253,255,248,15,0,0
43.056,hid,"18,19,22,23,24,25,26,27,28,29",4,90,165,239,0,0,0,0,0,0,0,0,0,0,0,0,0,0,0,0,1,0,0,0,253,255,9,0,4,16,0,0
43.072,hid,"18,19,20,22,23,24,26,28",4,90,165,239,0,0,0,0,0,0,0,0,0,0,0,0,0,0,255,255,3,0,254,255,247,255,0,0,3,16,0,0
43.087,hid,"18,20,22,24,25,26",4,90,165,239,0,0,0,0,0,0,0,0,0,0,0,0,0,0,254,255,2,0,255,255,1,0,1,0,3,16,0,0
43.118,hid,"18,20,22,24,25,26,27,28",4,90,165,239,0,0,0,0,0,0,0,0,0,0,0,0,0,0,255,255,4,0,253,255,255,255,251,255,1,16,0,0
43.133,hid,"18,19,20,22,24,25,26,27,28",4,90,165,239,0,0,0,0,0,0,0,0,0,0,0,0,0,0,0,0,1,0,255,255,4,0,9,0,8,16,0,0
43.148,hid,"18,19,20,22,24,26,28,29",4,90,165,239,0,0,0,0,0,0,0,0,0,0,0,0,0,0,255,255,3,0,254,255,1,0,0,0,253,15,0,0
43.181,hid,"22,23,24,25,26,28,29",4,90,165,239,0,0,0,0,0,0,0,0,0,0,0,0,0,0,255,255,3,0,1,0,247,255,7,0,2,16,0,0
43.213,hid,"18,20,22,23,24,26,28,29",4,90,165,239,0,0,0,0,0,0,0,0,0,0,0,0,0,0,254,255,1,0,255,255,255,255,5,0,250,15,0,0
43.228,hid,"18,19,20,22,23,24,25,26,28",4,90,165,239,0,0,0,0,0,0,0,0,0,0,0,0,0,0,0,0,2,0,0,0,0,0,12,0,255,15,0,0
43.26,hid,"18,19,20,22,23,24,26,28,29",4,90,165,239,0,0,0,0,0,0,0,0,0,0,0,0,0,0,253,255,1,0,255,255,4,0,9,0,2,16,0,0
43.26,hid,"18,22,23,28",4,90,165,239,0,0,0,0,0,0,0,0,0,0,0,0,0,0,254,255,1,0,0,0,4,0,9,0,0,16,0,0
43.29,hid,"18,19,22,23,24,26,28",4,90,165,239,0,0,0,0,0,0,0,0,0,0,0,0,0,0,0,0,1,0,254,255,3,0,4,0,8,16,0,0
43.305,hid,"20,22,23,24,26,28",4,90,165,239,0,0,0,0,0,0,0,0,0,0,0,0,0,0,0,0,2,0,0,0,2,0,6,0,2,16,0,0
43.336,hid,"18,19,20,22,23,24,26,28",4,90,165,239,0,0,0,0,0,0,0,0,0,0,0,0,0,0,254,255,0,0,254,255,7,0,8,0,4,16,0,0
43.351,hid,"18,19,22,23,24,26,28",4,90,165,239,0,0,0,0,0,0,0,0,0,0,0,0,0,0,0,0,0,0,0,0,2,0,6,0,0,16,0,0
43.366,hid,"18,19,20,22,23,24,25,26,28",4,90,165,239,0,0,0,0,0,0,0,0,0,0,0,0,0,0,255,255,1,0,255,255,255,255,5,0,6,16,0,0
43.398,hid,"18,19,24,25,26,28,29",4,90,165,239,0,0,0,0,0,0,0,0,0,0,0,0,0,0,0,0,1,0,255,255,12,0,6,0,246,15,0,0
43.414,hid,"18,19,22,23,24,26,28",4,90,165,239,0,0,0,0,0,0,0,0,0,0,0,0,0,0,255,255,1,0,0,0,5,0,8,0,252,15,0,0
43.43,hid,"20,22,23,24,26,28",4,90,165,239,0,0,0,0,0,0,0,0,0,0,0,0,0,0,255,255,3,0,253,255,1,0,19,0,254,15,0,0
43.446,hid,"20,22,24,26,28,29",4,90,165,239,0,0,0,0,0,0,0,0,0,0,0,0,0,0,255,255,2,0,255,255,0,0,8,0,2,16,0,0
43.477,hid,"18,19,20,22,24,26,28,29",4,90,165,239,0,0,0,0,0,0,0,0,0,0,0,0,0,0,0,0,0,0,254,255,1,0,0,0,253,15,0,0
43.492,hid,"20,22,24,26,28",4,90,165,239,0,0,0,0,0,0,0,0,0,0,0,0,0,0,0,0,1,0,255,255,5,0,2,0,254,15,0,0
43.508,hid,"18,19,20,24,26,28,29",4,90,165,239,0,0,0,0,0,0,0,0,0,0,0,0,0,0,253,255,2,0,255,255,6,0,9,0,0,16,0,0
43.54,hid,"18,19,20,22,26,28,29",4,90,165,239,0,0,0,0,0,0,0,0,0,0,0,0,0,0,0,0,3,0,254,255,6,0,15,0,253,15,0,0
43.54,hid,"20,22,24,26",4,90,165,239,0,0,0,0,0,0,0,0,0,0,0,0,0,0,0,0,2,0,255,255,5,0,8,0,253,15,0,0
43.571,hid,"20,24,25,26,28",4,90,165,239,0,0,0,0,0,0,0,0,0,0,0,0,0,0,0,0,3,0,255,255,249,255,5,0,255,15,0,0
43.586,hid,"18,22,24,25,26,28,29",4,90,165,239,0,0,0,0,0,0,0,0,0,0,0,0,0,0,1,0,3,0,254,255,3,0,8,0,1,16,0,0
43.617,hid,"18,19,20,22,26,28",4,90,165,239,0,0,0,0,0,0,0,0,0,0,0,0,0,0,255,255,0,0,255,255,3,0,2,0,6,16,0,0
43.633,hid,"18,20,24,26,28,29",4,90,165,239,0,0,0,0,0,0,0,0,0,0,0,0,0,0,254,255,2,0,255,255,2,0,8,0,252,15,0,0
43.649,hid,"18,22,23,24,26,28,29",4,90,165,239,0,0,0,0,0,0,0,0,0,0,0,0,0,0,255,255,2,0,0,0,0,0,0,0,10,16,0,0
43.665,hid,"18,20,22,23,24,26,28",4,90,165,239,0,0,0,0,0,0,0,0,0,0,0,0,0,0,254,255,0,0,255,255,1,0,2,0,1,16,0,0
43.696,hid,"18,24,25,26,28,29",4,90,165,239,0,0,0,0,0,0,0,0,0,0,0,0,0,0,255,255,0,0,255,255,254,255,5,0,255,15,0,0
43.711,hid,"20,24,25,26,28,29",4,90,165,239,0,0,0,0,0,0,0,0,0,0,0,0,0,0,255,255,1,0,255,255,3,0,2,0,4,16,0,0
43.726,hid,"18,19,20,22,23,24,26,28,29",4,90,165,239,0,0,0,0,0,0,0,0,0,0,0,0,0,0,0,0,0,0,0,0,8,0,12,0,249,15,0,0
43.758,hid,"18,19,20,22,23,24,25,26,28",4,90,165,239,0,0,0,0,0,0,0,0,0,0,0,0,0,0,255,255,1,0,254,255,251,255,6,0,254,15,0,0
43.774,hid,"24,25,26,28,29",4,90,165,239,0,0,0,0,0,0,0,0,0,0,0,0,0,0,255,255,1,0,254,255,6,0,4,0,0,16,0,0
43.789,hid,"18,20,22,24,25,26,27,28",4,90,165,239,0,0,0,0,0,0,0,0,0,0,0,0,0,0,254,255,2,0,253,255,252,255,253,255,6,16,0,0
43.805,hid,"18,19,22,24,25,26,27,28",4,90,165,239,0,0,0,0,0,0,0,0,0,0,0,0,0,0,0,0,2,0,255,255,0,0,4,0,9,16,0,0
43.835,hid,"18,19,22,24,26,28",4,90,165,239,0,0,0,0,0,0,0,0,0,0,0,0,0,0,255,255,2,0,253,255,1,0,3,0,2,16,0,0
43.851,hid,"20,22,24,26,28,29",4,90,165,239,0,0,0,0,0,0,0,0,0,0,0,0,0,0,255,255,1,0,254,255,2,0,18,0,249,15,0,0
43.866,hid,"18,20,22,24,26,28",4,90,165,239,0,0,0,0,0,0,0,0,0,0,0,0,0,0,254,255,3,0,255,255,6,0,2,0,253,15,0,0
43.897,hid,"18,19,20,24,26,28",4,90,165,239,0,0,0,0,0,0,0,0,0,0,0,0,0,0,0,0,1,0,255,255,2,0,7,0,251,15,0,0
43.913,hid,"18,19,20,22,24,26,28,29",4,90,165,239,0,0,0,0,0,0,0,0,0,0,0,0,0,0,255,255,2,0,253,255,0,0,4,0,0,16,0,0
43.928,hid,"20,22,24,26,28",4,90,165,239,0,0,0,0,0,0,0,0,0,0,0,0,0,0,255,255,1,0,255,255,7,0,5,0,3,16,0,0
43.959,hid,"18,20,24,25,26,28,29",4,90,165,239,0,0,0,0,0,0,0,0,0,0,0,0,0,0,253,255,3,0,255,255,255,255,9,0,252,15,0,0
43.959,hid,"18,24,26",4,90,165,239,0,0,0,0,0,0,0,0,0,0,0,0,0,0,254,255,3,0,255,255,250,255,10,0,252,15,0,0
43.991,hid,"18,22,23,24,25,26,28",4,90,165,239,0,0,0,0,0,0,0,0,0,0,0,0,0,0,255,255,3,0,0,0,7,0,9,0,253,15,0,0
44.006,hid,"18,19,20,22,23,24,25,26,28,29",4,90,165,239,0,0,0,0,0,0,0,0,0,0,0,0,0,0,0,0,2,0,255,255,254,255,5,0,4,16,0,0
44.037,hid,"18,19,20,22,24,25,28,29",4,90,165,239,0,0,0,0,0,0,0,0,0,0,0,0,0,0,255,255,1,0,254,255,4,0,5,0,250,15,0,0
44.052,hid,"18,22,24,28",4,90,165,239,0,0,0,0,0,0,0,0,0,0,0,0,0,0,254,255,1,0,255,255,0,0,5,0,245,15,0,0
44.068,hid,"18,20,22,23,24,25,26,28",4,90,165,239,0,0,0,0,0,0,0,0,0,0,0,0,0,0,255,255,2,0,1,0,254,255,4,0,248,15,0,0
44.099,hid,"18,20,21,22,23,24,25,28,29",4,90,165,239,0,0,0,0,0,0,0,0,0,0,0,0,0,0,254,255,255,255,254,255,10,0,4,0,7,16,0,0
44.115,hid,"20,21,24,26,28",4,90,165,239,0,0,0,0,0,0,0,0,0,0,0,0,0,0,254,255,2,0,254,255,6,0,13,0,3,16,0,0
44.131,hid,"18,20,24,26,28",4,90,165,239,0,0,0,0,0,0,0,0,0,0,0,0,0,0,255,255,0,0,254,255,2,0,0,0,9,16,0,0
44.146,hid,"18,19,20,22,23,24,25,26,28",4,90,165,239,0,0,0,0,0,0,0,0,0,0,0,0,0,0,0,0,2,0,0,0,254,255,2,0,6,16,0,0
44.178,hid,"18,19,22,24,25,26,28,29",4,90,165,239,0,0,0,0,0,0,0,0,0,0,0,0,0,0,255,255,2,0,1,0,4,0,7,0,250,15,0,0
44.194,hid,"18,19,20,22,23,24,26",4,90,165,239,0,0,0,0,0,0,0,0,0,0,0,0,0,0,0,0,0,0,254,255,10,0,9,0,250,15,0,0
44.209,hid,"18,19,22,23,24,26,28,29",4,90,165,239,0,0,0,0,0,0,0,0,0,0,0,0,0,0,254,255,0,0,0,0,4,0,6,0,5,16,0,0
44.225,hid,"18,19,20,22,23,24,26,28",4,90,165,239,0,0,0,0,0,0,0,0,0,0,0,0,0,0,0,0,2,0,253,255,5,0,11,0,3,16,0,0
44.257,hid,"18,19,22,24,26,28",4,90,165,239,0,0,0,0,0,0,0,0,0,0,0,0,0,0,254,255,2,0,254,255,11,0,2,0,4,16,0,0
44.273,hid,"18,19,22,24,26,28,29",4,90,165,239,0,0,0,0,0,0,0,0,0,0,0,0,0,0,0,0,2,0,255,255,2,0,4,0,251,15,0,0
44.288,hid,"18,19,20,22,24,26,28,29",4,90,165,239,0,0,0,0,0,0,0,0,0,0,0,0,0,0,255,255,3,0,254,255,8,0,14,0,2,16,0,0
44.318,hid,"18,19,22,26,28",4,90,165,239,0,0,0,0,0,0,0,0,0,0,0,0,0,0,0,0,3,0,253,255,8,0,7,0,1,16,0,0
44.334,hid,"20,22,26,28,29",4,90,165,239,0,0,0,0,0,0,0,0,0,0,0,0,0,0,0,0,1,0,254,255,8,0,4,0,252,15,0,0
44.349,hid,"18,19,20,22,24,26,28,29",4,90,165,239,0,0,0,0,0,0,0,0,0,0,0,0,0,0,254,255,3,0,255,255,13,0,19,0,2,16,0,0
44.364,hid,"20,22,24,26,28",4,90,165,239,0,0,0,0,0,0,0,0,0,0,0,0,0,0,254,255,1,0,253,255,19,0,11,0,3,16,0,0
44.396,hid,"22,23,24,26,28",4,90,165,239,0,0,0,0,0,0,0,0,0,0,0,0,0,0,254,255,1,0,1,0,3,0,3,0,0,16,0,0
44.411,hid,"22,24,26,28,29",4,90,165,239,0,0,0,0,0,0,0,0,0,0,0,0,0,0,254,255,1,0,0,0,11,0,6,0,251,15,0,0
44.426,hid,"18,20,22,23,24,26,27,28,29",4,90,165,239,0,0,0,0,0,0,0,0,0,0,0,0,0,0,255,255,0,0,254,255,8,0,255,255,4,16,0,0
44.458,hid,"18,19,20,22,23,24,25,26,27,28,29",4,90,165,239,0,0,0,0,0,0,0,0,0,0,0,0,0,0,0,0,1,0,0,0,255,255,1,0,253,15,0,0
44.473,hid,"18,19,22,24,25,26,28",4,90,165,239,0,0,0,0,0,0,0,0,0,0,0,0,0,0,255,255,1,0,1,0,1,0,5,0,252,15,0,0
44.489,hid,"18,26,28",4,90,165,239,0,0,0,0,0,0,0,0,0,0,0,0,0,0,254,255,1,0,1,0,1,0,7,0,250,15,0,0
44.505,hid,"20,21,24,26,28,29",4,90,165,239,0,0,0,0,0,0,0,0,0,0,0,0,0,0,254,255,255,255,1,0,0,0,11,0,2,16,0,0
44.537,hid,"18,19,20,21,22,23,24,26,28,29",4,90,165,239,0,0,0,0,0,0,0,0,0,0,0,0,0,0,0,0,2,0,254,255,3,0,10,0,252,15,0,0
44.554,hid,"18,19,22,24,26,28",4,90,165,239,0,0,0,0,0,0,0,0,0,0,0,0,0,0,254,255,2,0,255,255,8,0,15,0,248,15,0,0
44.569,hid,"18,19,20,21,22,24,26,28",4,90,165,239,0,0,0,0,0,0,0,0,0,0,0,0,0,0,0,0,255,255,254,255,15,0,14,0,254,15,0,0
44.585,hid,"18,19,20,21,22,24,26,28,29",4,90,165,239,0,0,0,0,0,0,0,0,0,0,0,0,0,0,255,255,2,0,255,255,11,0,11,0,1,16,0,0
44.617,hid,"22,23,24,26,27,28,29",4,90,165,239,0,0,0,0,0,0,0,0,0,0,0,0,0,0,255,255,2,0,0,0,13,0,252,255,252,15,0,0
44.633,hid,"18,19,20,24,26,27,28",4,90,165,239,0,0,0,0,0,0,0,0,0,0,0,0,0,0,0,0,1,0,0,0,11,0,0,0,247,15,0,0
44.648,hid,"20,24,28",4,90,165,239,0,0,0,0,0,0,0,0,0,0,0,0,0,0,0,0,3,0,0,0,8,0,0,0,255,15,0,0
44.68,hid,"18,19,20,22,23,24,25,26,28",4,90,165,239,0,0,0,0,0,0,0,0,0,0,0,0,0,0,255,255,2,0,255,255,248,255,8,0,254,15,0,0
44.68,hid,"22,23,24,26",4,90,165,239,0,0,0,0,0,0,0,0,0,0,0,0,0,0,255,255,2,0,0,0,247,255,9,0,254,15,0,0
44.71,hid,"22,23,24,26,28,29",4,90,165,239,0,0,0,0,0,0,0,0,0,0,0,0,0,0,255,255,2,0,254,255,251,255,12,0,14,16,0,0
44.726,hid,"20,22,23,24,25,26,28,29",4,90,165,239,0,0,0,0,0,0,0,0,0,0,0,0,0,0,255,255,3,0,0,0,4,0,6,0,252,15,0,0
44.757,hid,"18,19,20,24,26,27,28",4,90,165,239,0,0,0,0,0,0,0,0,0,0,0,0,0,0,0,0,1,0,0,0,6,0,244,255,253,15,0,0
44.773,hid,"20,22,23,24,26,28",4,90,165,239,0,0,0,0,0,0,0,0,0,0,0,0,0,0,0,0,2,0,255,255,8,0,252,255,254,15,0,0
44.788,hid,"18,19,20,22,23,24,26,27,28,29",4,90,165,239,0,0,0,0,0,0,0,0,0,0,0,0,0,0,255,255,1,0,0,0,20,0,6,0,1,16,0,0
44.819,hid,"20,22,23,24,26,28,29",4,90,165,239,0,0,0,0,0,0,0,0,0,0,0,0,0,0,255,255,0,0,253,255,5,0,13,0,240,15,0,0
44.85,hid,"18,20,22,28,29",4,90,165,239,0,0,0,0,0,0,0,0,0,0,0,0,0,0,254,255,1,0,255,255,5,0,13,0,5,16,0,0
44.866,hid,"20,26,27,28,29",4,90,165,239,0,0,0,0,0,0,0,0,0,0,0,0,0,0,254,255,0,0,255,255,5,0,251,255,251,15,0,0
44.897,hid,"18,22,24,25,26,27",4,90,165,239,0,0,0,0,0,0,0,0,0,0,0,0,0,0,255,255,0,0,254,255,243,255,13,0,251,15,0,0
44.913,hid,"18,20,21,24,26,28",4,90,165,239,0,0,0,0,0,0,0,0,0,0,0,0,0,0,254,255,255,255,254,255,254,255,9,0,255,15,0,0
44.93,hid,"18,20,24,25,26,28,29",4,90,165,239,0,0,0,0,0,0,0,0,0,0,0,0,0,0,255,255,254,255,254,255,1,0,14,0,9,16,0,0
44.945,hid,"20,21,22,24,26,28,29",4,90,165,239,0,0,0,0,0,0,0,0,0,0,0,0,0,0,255,255,3,0,255,255,0,0,1,0,252,15,0,0
44.977,hid,"20,21,22,24,26,27,28,29",4,90,165,239,0,0,0,0,0,0,0,0,0,0,0,0,0,0,255,255,255,255,254,255,11,0,255,255,1,16,0,0
44.992,hid,"18,19,20,21,22,23,24,28",4,90,165,239,0,0,0,0,0,0,0,0,0,0,0,0,0,0,0,0,1,0,0,0,2,0,255,255,3,16,0,0
45.007,hid,"18,19,22,23,24,26,27,28",4,90,165,239,0,0,0,0,0,0,0,0,0,0,0,0,0,0,255,255,1,0,255,255,7,0,11,0,4,16,0,0
45.038,hid,"18,19,20,22,23,24,25,26,28,29",4,90,165,239,0,0,0,0,0,0,0,0,0,0,0,0,0,0,0,0,3,0,0,0,255,255,15,0,248,15,0,0
45.053,hid,"20,22,23,24,26,28,29",4,90,165,239,0,0,0,0,0,0,0,0,0,0,0,0,0,0,0,0,1,0,255,255,247,255,4,0,0,16,0,0
45.07,hid,"18,19,20,22,23,24,26,28,29",4,90,165,239,0,0,0,0,0,0,0,0,0,0,0,0,0,0,254,255,3,0,0,0,248,255,14,0,251,15,0,0
45.085,hid,"18,20,24,26,28,29",4,90,165,239,0,0,0,0,0,0,0,0,0,0,0,0,0,0,255,255,2,0,0,0,253,255,13,0,5,16,0,0
45.116,hid,"20,22,23,24,25,26,28",4,90,165,239,0,0,0,0,0,0,0,0,0,0,0,0,0,0,255,255,4,0,254,255,25,0,12,0,9,16,0,0
45.131,hid,"18,20,22,24,25,26,28",4,90,165,239,0,0,0,0,0,0,0,0,0,0,0,0,0,0,254,255,1,0,255,255,250,255,8,0,4,16,0,0
45.147,hid,"18,20,24,26,28",4,90,165,239,0,0,0,0,0,0,0,0,0,0,0,0,0,0,255,255,2,0,255,255,248,255,0,0,6,16,0,0
45.178,hid,"18,20,24,25,26,28",4,90,165,239,0,0,0,0,0,0,0,0,0,0,0,0,0,0,254,255,3,0,255,255,9,0,8,0,10,16,0,0
45.193,hid,"18,19,20,22,23,24,25,26,28,29",4,90,165,239,0,0,0,0,0,0,0,0,0,0,0,0,0,0,0,0,2,0,1,0,255,255,1,0,252,15,0,0
45.208,hid,"20,22,23,24,25,26,28,29",4,90,165,239,0,0,0,0,0,0,0,0,0,0,0,0,0,0,0,0,1,0,254,255,2,0,2,0,13,16,0,0
45.24,hid,"18,19,20,24,25,26,28,29",4,90,165,239,0,0,0,0,0,0,0,0,0,0,0,0,0,0,255,255,3,0,254,255,251,255,8,0,249,15,0,0
45.271,hid,"18,20,22,23,24,25,26,28,29",4,90,165,239,0,0,0,0,0,0,0,0,0,0,0,0,0,0,254,255,0,0,1,0,0,0,9,0,3,16,0,0
45.286,hid,"18,19,20,22,23,24,26,28,29",4,90,165,239,0,0,0,0,0,0,0,0,0,0,0,0,0,0,0,0,2,0,255,255,7,0,3,0,255,15,0,0
45.317,hid,"18,19,20,24,26,28,29",4,90,165,239,0,0,0,0,0,0,0,0,0,0,0,0,0,0,254,255,1,0,255,255,3,0,7,0,6,16,0,0
45.332,hid,"18,19,24,26,27,28",4,90,165,239,0,0,0,0,0,0,0,0,0,0,0,0,0,0,0,0,1,0,255,255,1,0,255,255,10,16,0,0
45.347,hid,"20,21,24,26,28,29",4,90,165,239,0,0,0,0,0,0,0,0,0,0,0,0,0,0,0,0,255,255,255,255,12,0,252,255,247,15,0,0
45.378,hid,"18,19,20,21,22,24,26,27,28",4,90,165,239,0,0,0,0,0,0,0,0,0,0,0,0,0,0,254,255,0,0,253,255,7,0,7,0,255,15,0,0
45.394,hid,"18,22,23,24,25,26",4,90,165,239,0,0,0,0,0,0,0,0,0,0,0,0,0,0,255,255,0,0,0,0,249,255,3,0,255,15,0,0
45.41,hid,"20,22,23,24,26,28",4,90,165,239,0,0,0,0,0,0,0,0,0,0,0,0,0,0,255,255,2,0,255,255,252,255,8,0,249,15,0,0
45.426,hid,"18,20,22,23,24,25,26,28,29",4,90,165,239,0,0,0,0,0,0,0,0,0,0,0,0,0,0,254,255,3,0,0,0,2,0,20,0,0,16,0,0
45.457,hid,"18,20,22,23,24,26,28",4,90,165,239,0,0,0,0,0,0,0,0,0,0,0,0,0,0,255,255,2,0,254,255,5,0,0,0,2,16,0,0
45.473,hid,"20,22,24,26,28,29",4,90,165,239,0,0,0,0,0,0,0,0,0,0,0,0,0,0,255,255,3,0,253,255,1,0,4,0,248,15,0,0
45.488,hid,"18,19,20,22,23,24,25,26,28,29",4,90,165,239,0,0,0,0,0,0,0,0,0,0,0,0,0,0,1,0,1,0,0,0,255,255,3,0,6,16,0,0
45.52,hid,"18,19,20,22,23,26,27,28,29",4,90,165,239,0,0,0,0,0,0,0,0,0,0,0,0,0,0,255,255,2,0,255,255,255,255,254,255,240,15,0,0
45.552,hid,"18,20,22,24,25,26,27,28,29",4,90,165,239,0,0,0,0,0,0,0,0,0,0,0,0,0,0,254,255,1,0,253,255,8,0,0,0,0,16,0,0
45.568,hid,"18,19,20,22,24,26,28,29",4,90,165,239,0,0,0,0,0,0,0,0,0,0,0,0,0,0,0,0,2,0,255,255,14,0,9,0,252,15,0,0
45.598,hid,"20,24,28",4,90,165,239,0,0,0,0,0,0,0,0,0,0,0,0,0,0,0,0,0,0,255,255,2,0,9,0,248,15,0,0
45.614,hid,"18,19,20,22,24,26,28",4,90,165,239,0,0,0,0,0,0,0,0,0,0,0,0,0,0,255,255,1,0,254,255,1,0,5,0,252,15,0,0
45.63,hid,"18,19,22,24,25,26,28",4,90,165,239,0,0,0,0,0,0,0,0,0,0,0,0,0,0,0,0,1,0,255,255,253,255,9,0,250,15,0,0
45.645,hid,"24,25,28,29",4,90,165,239,0,0,0,0,0,0,0,0,0,0,0,0,0,0,0,0,1,0,255,255,1,0,9,0,8,16,0,0
45.675,hid,"18,19,20,24,25,26,27,28",4,90,165,239,0,0,0,0,0,0,0,0,0,0,0,0,0,0,255,255,0,0,255,255,255,255,255,255,6,16,0,0
45.691,hid,"18,22,24,26,27,28",4,90,165,239,0,0,0,0,0,0,0,0,0,0,0,0,0,0,254,255,0,0,253,255,249,255,0,0,1,16,0,0
45.707,hid,"18,20,21,22,24,26,28",4,90,165,239,0,0,0,0,0,0,0,0,0,0,0,0,0,0,255,255,255,255,255,255,251,255,9,0,2,16,0,0
45.738,hid,"20,21,22,23,24,25,26,28",4,90,165,239,0,0,0,0,0,0,0,0,0,0,0,0,0,0,255,255,0,0,0,0,0,0,15,0,1,16,0,0
45.753,hid,"18,19,20,22,23,24,25,26,28",4,90,165,239,0,0,0,0,0,0,0,0,0,0,0,0,0,0,0,0,2,0,255,255,255,255,9,0,5,16,0,0
45.769,hid,"18,19,20,22,23,24,25,26,28,29",4,90,165,239,0,0,0,0,0,0,0,0,0,0,0,0,0,0,255,255,0,0,1,0,1,0,4,0,251,15,0,0
45.785,hid,"20,22,23,24,26,28,29",4,90,165,239,0,0,0,0,0,0,0,0,0,0,0,0,0,0,255,255,1,0,255,255,13,0,0,0,3,16,0,0
45.816,hid,"20,22,23,24,26",4,90,165,239,0,0,0,0,0,0,0,0,0,0,0,0,0,0,255,255,2,0,0,0,5,0,8,0,3,16,0,0
45.831,hid,"18,19,24,28,29",4,90,165,239,0,0,0,0,0,0,0,0,0,0,0,0,0,0,0,0,2,0,0,0,4,0,8,0,253,15,0,0
45.847,hid,"18,19,20,24,26,28,29",4,90,165,239,0,0,0,0,0,0,0,0,0,0,0,0,0,0,255,255,3,0,0,0,8,0,5,0,0,16,0,0
45.877,hid,"20,22,23,24,28",4,90,165,239,0,0,0,0,0,0,0,0,0,0,0,0,0,0,255,255,2,0,254,255,0,0,5,0,2,16,0,0
45.893,hid,"18,19,20,26",4,90,165,239,0,0,0,0,0,0,0,0,0,0,0,0,0,0,0,0,3,0,254,255,0,0,11,0,2,16,0,0
45.908,hid,"22,24,25,26,28",4,90,165,239,0,0,0,0,0,0,0,0,0,0,0,0,0,0,0,0,3,0,253,255,250,255,12,0,3,16,0,0
45.94,hid,"18,19,20,22,24,25,26,28,29",4,90,165,239,0,0,0,0,0,0,0,0,0,0,0,0,0,0,254,255,1,0,255,255,8,0,9,0,254,15,0,0
45.94,hid,"24,26",4,90,165,239,0,0,0,0,0,0,0,0,0,0,0,0,0,0,254,255,1,0,255,255,3,0,13,0,254,15,0,0
45.971,hid,"18,20,24,25,26,27,28",4,90,165,239,0,0,0,0,0,0,0,0,0,0,0,0,0,0,255,255,2,0,255,255,247,255,255,255,245,15,0,0
45.986,hid,"20,24,25,26,27,28,29",4,90,165,239,0,0,0,0,0,0,0,0,0,0,0,0,0,0,255,255,0,0,255,255,11,0,6,0,8,16,0,0
46.018,hid,"20,22,23,24,25,26,28,29",4,90,165,239,0,0,0,0,0,0,0,0,0,0,0,0,0,0,255,255,1,0,0,0,254,255,3,0,254,15,0,0
46.034,hid,"22,23,24,26,28,29",4,90,165,239,0,0,0,0,0,0,0,0,0,0,0,0,0,0,255,255,1,0,254,255,250,255,4,0,2,16,0,0
46.05,hid,"18,19,24,26,28,29",4,90,165,239,0,0,0,0,0,0,0,0,0,0,0,0,0,0,0,0,1,0,254,255,247,255,2,0,243,15,0,0
46.065,hid,"18,19,20,24,26,28,29",4,90,165,239,0,0,0,0,0,0,0,0,0,0,0,0,0,0,255,255,0,0,254,255,249,255,8,0,2,16,0,0
46.095,hid,"18,20,21,22,23,24,25,26,28",4,90,165,239,0,0,0,0,0,0,0,0,0,0,0,0,0,0,254,255,255,255,0,0,5,0,15,0,8,16,0,0
46.111,hid,"18,20,21,22,23,24,26,28,29",4,90,165,239,0,0,0,0,0,0,0,0,0,0,0,0,0,0,255,255,2,0,255,255,2,0,12,0,252,15,0,0
46.127,hid,"18,20,22,24,28",4,90,165,239,0,0,0,0,0,0,0,0,0,0,0,0,0,0,254,255,1,0,254,255,1,0,12,0,248,15,0,0
46.158,hid,"18,20,24,26,27,28,29",4,90,165,239,0,0,0,0,0,0,0,0,0,0,0,0,0,0,255,255,2,0,254,255,0,0,246,255,4,16,0,0
46.174,hid,"18,19,20,22,23,24,26,28,29",4,90,165,239,0,0,0,0,0,0,0,0,0,0,0,0,0,0,0,0,3,0,0,0,13,0,253,255,251,15,0,0
46.19,hid,"18,19,20,22,23,24,25,26,27,28",4,90,165,239,0,0,0,0,0,0,0,0,0,0,0,0,0,0,255,255,1,0,255,255,254,255,10,0,253,15,0,0
46.205,hid,"18,20,22,24,25,28,29",4,90,165,239,0,0,0,0,0,0,0,0,0,0,0,0,0,0,252,255,3,0,253,255,0,0,10,0,14,16,0,0
46.237,hid,"18,20,22,24,25,26,27,28",4,90,165,239,0,0,0,0,0,0,0,0,0,0,0,0,0,0,255,255,1,0,255,255,253,255,255,255,7,16,0,0
46.252,hid,"22,24,26,27,28",4,90,165,239,0,0,0,0,0,0,0,0,0,0,0,0,0,0,255,255,1,0,253,255,252,255,6,0,4,16,0,0
46.268,hid,"20,22,24,25,26,28",4,90,165,239,0,0,0,0,0,0,0,0,0,0,0,0,0,0,255,255,2,0,252,255,5,0,7,0,9,16,0,0
46.298,hid,"22,24,26,28",4,90,165,239,0,0,0,0,0,0,0,0,0,0,0,0,0,0,255,255,2,0,255,255,9,0,12,0,5,16,0,0
46.314,hid,"18,19,22,23,26,28,29",4,90,165,239,0,0,0,0,0,0,0,0,0,0,0,0,0,0,0,0,2,0,0,0,9,0,0,0,252,15,0,0
46.329,hid,"18,19,20,22,23,24,25,26,27",4,90,165,239,0,0,0,0,0,0,0,0,0,0,0,0,0,0,255,255,3,0,255,255,255,255,254,255,252,15,0,0
46.345,hid,"20,22,24,26,27,28,29",4,90,165,239,0,0,0,0,0,0,0,0,0,0,0,0,0,0,255,255,0,0,253,255,252,255,0,0,6,16,0,0
46.376,hid,"20,22,24,25,26,27,28",4,90,165,239,0,0,0,0,0,0,0,0,0,0,0,0,0,0,255,255,2,0,254,255,3,0,255,255,5,16,0,0
46.392,hid,"22,24,26,27,28",4,90,165,239,0,0,0,0,0,0,0,0,0,0,0,0,0,0,255,255,2,0,255,255,2,0,7,0,0,16,0,0
46.407,hid,"18,20,24,25,26,28,29",4,90,165,239,0,0,0,0,0,0,0,0,0,0,0,0,0,0,254,255,1,0,255,255,252,255,6,0,253,15,0,0
46.438,hid,"18,24,25,26,28",4,90,165,239,0,0,0,0,0,0,0,0,0,0,0,0,0,0,255,255,1,0,255,255,4,0,9,0,246,15,0,0
46.453,hid,"18,20,21,24,26,28,29",4,90,165,239,0,0,0,0,0,0,0,0,0,0,0,0,0,0,254,255,255,255,255,255,9,0,16,0,26,16,0,0
46.469,hid,"4,6,18,20,21,22,24,26,28,29",4,90,165,239,8,0,56,0,0,0,0,0,0,0,0,0,0,0,253,255,1,0,254,255,5,0,15,0,232,15,0,0
46.485,hid,"18,24,26,28,29",4,90,165,239,8,0,56,0,0,0,0,0,0,0,0,0,0,0,255,255,1,0,254,255,8,0,8,0,19,16,0,0
46.516,hid,"18,19,20,21,24,26,27,28",4,90,165,239,8,0,56,0,0,0,0,0,0,0,0,0,0,0,0,0,255,255,254,255,2,0,252,255,1,16,0,0
46.532,hid,"18,19,20,21,22,23,26,27,28,29",4,90,165,239,8,0,56,0,0,0,0,0,0,0,0,0,0,0,253,255,2,0,0,0,2,0,4,0,253,15,0,0
46.548,hid,"18,19,20,22,24,25,26,28,29",4,90,165,239,8,0,56,0,0,0,0,0,0,0,0,0,0,0,0,0,0,0,1,0,254,255,6,0,0,16,0,0
46.579,hid,"18,19,20,22,23,24,26,27,28",4,90,165,239,8,0,56,0,0,0,0,0,0,0,0,0,0,0,255,255,3,0,254,255,252,255,255,255,8,16,0,0
46.61,hid,"18,19,20,22,24,26,27,28,29",4,90,165,239,8,0,56,0,0,0,0,0,0,0,0,0,0,0,0,0,1,0,255,255,251,255,14,0,248,15,0,0
46.625,hid,"18,19,20,22,24,26,28,29",4,90,165,239,8,0,56,0,0,0,0,0,0,0,0,0,0,0,255,255,3,0,254,255,255,255,10,0,0,16,0,0
46.656,hid,"18,20,22,24,25,26,28,29",4,90,165,239,8,0,56,0,0,0,0,0,0,0,0,0,0,0,253,255,2,0,255,255,5,0,9,0,253,15,0,0
46.672,hid,"18,20,24,26,28",4,90,165,239,8,0,56,0,0,0,0,0,0,0,0,0,0,0,254,255,3,0,255,255,1,0,12,0,255,15,0,0
46.688,hid,"18,20,24,26,28",4,90,165,239,8,0,56,0,0,0,0,0,0,0,0,0,0,0,255,255,2,0,255,255,3,0,18,0,252,15,0,0
46.719,hid,"20,22,24,25,26,27,28,29",4,90,165,239,8,0,56,0,0,0,0,0,0,0,0,0,0,0,255,255,3,0,253,255,254,255,250,255,3,16,0,0
46.719,hid,"20,22,24,25,26",4,90,165,239,8,0,56,0,0,0,0,0,0,0,0,0,0,0,255,255,2,0,254,255,0,0,252,255,3,16,0,0
46.751,hid,"18,19,20,22,24,26,27,28",4,90,165,239,8,0,56,0,0,0,0,0,0,0,0,0,0,0,0,0,1,0,255,255,8,0,7,0,0,16,0,0
46.766,hid,"18,19,24,25,26,28,29",4,90,165,239,8,0,56,0,0,0,0,0,0,0,0,0,0,0,255,255,1,0,255,255,250,255,6,0,254,15,0,0
46.797,hid,"20,22,24,26,28,29",4,90,165,239,8,0,56,0,0,0,0,0,0,0,0,0,0,0,255,255,2,0,253,255,253,255,4,0,7,16,0,0
46.812,hid,"18,19,20,22,24,25,26,28,29",4,90,165,239,8,0,56,0,0,0,0,0,0,0,0,0,0,0,0,0,1,0,255,255,1,0,7,0,250,15,0,0
46.827,hid,"18,19,20,22,24,26,28,29",4,90,165,239,8,0,56,0,0,0,0,0,0,0,0,0,0,0,255,255,0,0,254,255,5,0,2,0,2,16,0,0
46.859,hid,"20,22,24,28",4,90,165,239,8,0,56,0,0,0,0,0,0,0,0,0,0,0,255,255,2,0,255,255,8,0,2,0,15,16,0,0
46.859,hid,"18,19,24,28",4,90,165,239,8,0,56,0,0,0,0,0,0,0,0,0,0,0,0,0,2,0,255,255,2,0,2,0,12,16,0,0
46.89,hid,"20,22,23,24,26,28",4,90,165,239,8,0,56,0,0,0,0,0,0,0,0,0,0,0,0,0,3,0,0,0,6,0,7,0,6,16,0,0
46.906,hid,"18,19,20,21,22,23,24,25,26,28,29",4,90,165,239,8,0,56,0,0,0,0,0,0,0,0,0,0,0,254,255,255,255,254,255,253,255,6,0,246,15,0,0
46.937,hid,"18,20,21,26,28",4,90,165,239,8,0,56,0,0,0,0,0,0,0,0,0,0,0,255,255,0,0,254,255,253,255,4,0,247,15,0,0
46.953,hid,"18,20,22,24,26,28",4,90,165,239,8,0,56,0,0,0,0,0,0,0,0,0,0,0,254,255,1,0,255,255,251,255,6,0,255,15,0,0
46.969,hid,"20,24,25,26,28",4,90,165,239,8,0,56,0,0,0,0,0,0,0,0,0,0,0,254,255,2,0,255,255,5,0,11,0,253,15,0,0
46.985,hid,"18,19,20,24,26,28",4,90,165,239,8,0,56,0,0,0,0,0,0,0,0,0,0,0,1,0,1,0,255,255,0,0,1,0,251,15,0,0
47.016,hid,"18,19,26,28,29",4,90,165,239,8,0,56,0,0,0,0,0,0,0,0,0,0,0,255,255,1,0,255,255,0,0,3,0,12,16,0,0
47.032,hid,"18,24,25,26,27,28,29",4,90,165,239,8,0,56,0,0,0,0,0,0,0,0,0,0,0,254,255,1,0,255,255,253,255,255,255,249,15,0,0
47.047,hid,"20,22,23,24,25,26,27,28,29",4,90,165,239,8,0,56,0,0,0,0,0,0,0,0,0,0,0,254,255,3,0,0,0,7,0,4,0,4,16,0,0
47.078,hid,"18,24,26,28",4,90,165,239,8,0,56,0,0,0,0,0,0,0,0,0,0,0,255,255,3,0,0,0,10,0,7,0,1,16,0,0
47.094,hid,"18,19,24,26,28",4,90,165,239,8,0,56,0,0,0,0,0,0,0,0,0,0,0,0,0,3,0,0,0,3,0,5,0,3,16,0,0
47.109,hid,"18,19,20,22,23,24,25,26,28,29",4,90,165,239,8,0,56,0,0,0,0,0,0,0,0,0,0,0,254,255,2,0,254,255,239,255,4,0,251,15,0,0
47.125,hid,"22,23,24,26,28",4,90,165,239,8,0,56,0,0,0,0,0,0,0,0,0,0,0,254,255,2,0,0,0,252,255,2,0,253,15,0,0
47.156,hid,"20,22,23,24,26",4,90,165,239,8,0,56,0,0,0,0,0,0,0,0,0,0,0,254,255,1,0,254,255,251,255,7,0,253,15,0,0
47.171,hid,"18,22,23,24,25,28,29",4,90,165,239,8,0,56,0,0,0,0,0,0,0,0,0,0,0,255,255,1,0,0,0,8,0,7,0,2,16,0,0
47.187,hid,"20,21,22,23,24,26,28",4,90,165,239,8,0,56,0,0,0,0,0,0,0,0,0,0,0,255,255,255,255,254,255,2,0,3,0,3,16,0,0
47.218,hid,"18,22,26,28",4,90,165,239,8,0,56,0,0,0,0,0,0,0,0,0,0,0,253,255,255,255,253,255,2,0,6,0,5,16,0,0
47.234,hid,"18,20,21,22,24,28",4,90,165,239,8,0,56,0,0,0,0,0,0,0,0,0,0,0,254,255,0,0,254,255,1,0,6,0,7,16,0,0
47.25,hid,"22,23,24,25,26,28",4,90,165,239,8,0,56,0,0,0,0,0,0,0,0,0,0,0,254,255,0,0,1,0,254,255,5,0,2,16,0,0
47.265,hid,"18,20,22,28",4,90,165,239,8,0,56,0,0,0,0,0,0,0,0,0,0,0,255,255,3,0,0,0,254,255,5,0,6,16,0,0
47.296,hid,"18,19,20,21,22,23,24,28",4,90,165,239,8,0,56,0,0,0,0,0,0,0,0,0,0,0,0,0,255,255,254,255,253,255,5,0,3,16,0,0
47.312,hid,"18,19,20,21,22,26,28,29",4,90,165,239,8,0,56,0,0,0,0,0,0,0,0,0,0,0,255,255,0,0,253,255,253,255,10,0,255,15,0,0
47.328,hid,"18,20,21,24,25,26,28",4,90,165,239,8,0,56,0,0,0,0,0,0,0,0,0,0,0,253,255,255,255,253,255,0,0,16,0,253,15,0,0
47.358,hid,"18,20,21,22,24,26,27,28",4,90,165,239,8,0,56,0,0,0,0,0,0,0,0,0,0,0,255,255,1,0,252,255,10,0,255,255,255,15,0,0
47.374,hid,"18,20,22,24,26,27,28,29",4,90,165,239,8,0,56,0,0,0,0,0,0,0,0,0,0,0,253,255,0,0,254,255,17,0,8,0,0,16,0,0
47.39,hid,"18,20,22,24,26,28",4,90,165,239,8,0,56,0,0,0,0,0,0,0,0,0,0,0,255,255,1,0,255,255,6,0,4,0,6,16,0,0
47.405,hid,"18,20,24,26,28,29",4,90,165,239,8,0,56,0,0,0,0,0,0,0,0,0,0,0,254,255,0,0,255,255,0,0,5,0,252,15,0,0
47.437,hid,"18,20,24,25,26,28,29",4,90,165,239,8,0,56,0,0,0,0,0,0,0,0,0,0,0,255,255,3,0,255,255,249,255,4,0,4,16,0,0
47.452,hid,"18,20,24,25,26,28",4,90,165,239,8,0,56,0,0,0,0,0,0,0,0,0,0,0,254,255,2,0,255,255,9,0,14,0,0,16,0,0
47.468,hid,"18,20,22,24,26,28",4,90,165,239,8,0,56,0,0,0,0,0,0,0,0,0,0,0,255,255,3,0,254,255,6,0,10,0,3,16,0,0
47.499,hid,"18,19,20,22,24,26,28,29",4,90,165,239,8,0,56,0,0,0,0,0,0,0,0,0,0,0,0,0,2,0,255,255,12,0,9,0,252,15,0,0
47.5,hid,"24,28",4,90,165,239,8,0,56,0,0,0,0,0,0,0,0,0,0,0,0,0,2,0,255,255,10,0,9,0,254,15,0,0
47.531,hid,"22,23,24,28",4,90,165,239,8,0,56,0,0,0,0,0,0,0,0,0,0,0,0,0,2,0,0,0,6,0,9,0,251,15,0,0
47.545,hid,"18,19,22,23,24,26,28",4,90,165,239,8,0,56,0,0,0,0,0,0,0,0,0,0,0,255,255,2,0,254,255,5,0,1,0,246,15,0,0
47.577,hid,"20,22,24,25,26,27,28",4,90,165,239,8,0,56,0,0,0,0,0,0,0,0,0,0,0,255,255,1,0,255,255,253,255,253,255,251,15,0,0
47.593,hid,"20,22,23,24,26,27,28,29",4,90,165,239,8,0,56,0,0,0,0,0,0,0,0,0,0,0,255,255,2,0,0,0,252,255,11,0,1,16,0,0
47.608,hid,"18,20,21,22,23,24,26",4,90,165,239,8,0,56,0,0,0,0,0,0,0,0,0,0,0,254,255,255,255,255,255,255,255,8,0,1,16,0,0
47.639,hid,"20,21,24,25,26,28",4,90,165,239,8,0,56,0,0,0,0,0,0,0,0,0,0,0,254,255,2,0,255,255,11,0,5,0,0,16,0,0
47.67,hid,"18,19,20,22,24,26,28",4,90,165,239,8,0,56,0,0,0,0,0,0,0,0,0,0,0,0,0,1,0,253,255,7,0,6,0,1,16,0,0
47.686,hid,"18,19,22,24,25,26,28,29",4,90,165,239,8,0,56,0,0,0,0,0,0,0,0,0,0,0,255,255,1,0,254,255,253,255,4,0,253,15,0,0
47.718,hid,"18,22,24,26,28,29",4,90,165,239,8,0,56,0,0,0,0,0,0,0,0,0,0,0,254,255,1,0,255,255,251,255,6,0,4,16,0,0
47.734,hid,"18,24,25,26,28",4,90,165,239,8,0,56,0,0,0,0,0,0,0,0,0,0,0,255,255,1,0,255,255,4,0,5,0,1,16,0,0
47.75,hid,"18,22,23,24,26,28",4,90,165,239,8,0,56,0,0,0,0,0,0,0,0,0,0,0,253,255,1,0,0,0,11,0,14,0,0,16,0,0
47.765,hid,"18,19,24,26,28,29",4,90,165,239,8,0,56,0,0,0,0,0,0,0,0,0,0,0,0,0,1,0,0,0,3,0,15,0,251,15,0,0
47.797,hid,"18,19,22,23,24,26,27,28,29",4,90,165,239,8,0,56,0,0,0,0,0,0,0,0,0,0,0,254,255,1,0,254,255,6,0,255,255,1,16,0,0
47.812,hid,"20,24,25,26,27",4,90,165,239,8,0,56,0,0,0,0,0,0,0,0,0,0,0,254,255,3,0,254,255,255,255,5,0,1,16,0,0
47.828,hid,"18,24,25,28,29",4,90,165,239,8,0,56,0,0,0,0,0,0,0,0,0,0,0,255,255,3,0,254,255,5,0,5,0,255,15,0,0
47.858,hid,"18,20,24,26,28",4,90,165,239,8,0,56,0,0,0,0,0,0,0,0,0,0,0,254,255,0,0,254,255,1,0,12,0,251,15,0,0
47.873,hid,"20,22,23,24,25,26,28,29",4,90,165,239,8,0,56,0,0,0,0,0,0,0,0,0,0,0,254,255,3,0,0,0,250,255,9,0,4,16,0,0
47.889,hid,"20,22,23,24,26,28",4,90,165,239,8,0,56,0,0,0,0,0,0,0,0,0,0,0,254,255,2,0,255,255,252,255,11,0,2,16,0,0
47.905,hid,"20,22,24,25,26,27,28",4,90,165,239,8,0,56,0,0,0,0,0,0,0,0,0,0,0,254,255,3,0,254,255,1,0,253,255,1,16,0,0
47.937,hid,"20,24,26,27,28,29",4,90,165,239,8,0,56,0,0,0,0,0,0,0,0,0,0,0,254,255,2,0,254,255,8,0,7,0,255,15,0,0
47.952,hid,"18,20,22,24,26,28",4,90,165,239,8,0,56,0,0,0,0,0,0,0,0,0,0,0,255,255,1,0,255,255,5,0,0,0,254,15,0,0
47.968,hid,"22,23,24,25,26,27",4,90,165,239,8,0,56,0,0,0,0,0,0,0,0,0,0,0,255,255,1,0,0,0,251,255,253,255,254,15,0,0
47.999,hid,"18,20,22,23,24,25,26,27,28,29",4,90,165,239,8,0,56,0,0,0,0,0,0,0,0,0,0,0,254,255,3,0,254,255,6,0,4,0,9,16,0,0
47.999,hid,"18,24,26,28",4,90,165,239,8,0,56,0,0,0,0,0,0,0,0,0,0,0,255,255,3,0,254,255,5,0,2,0,8,16,0,0
48.031,hid,"20,26,28",4,90,165,239,8,0,56,0,0,0,0,0,0,0,0,0,0,0,255,255,0,0,254,255,5,0,6,0,9,16,0,0
48.046,hid,"18,19,20,22,23,24,26,28,29",4,90,165,239,8,0,56,0,0,0,0,0,0,0,0,0,0,0,0,0,1,0,0,0,2,0,1,0,252,15,0,0
48.077,hid,"18,19,20,21,22,24,25,26,27,28,29",4,90,165,239,8,0,56,0,0,0,0,0,0,0,0,0,0,0,255,255,255,255,1,0,245,255,253,255,2,16,0,0
48.092,hid,"18,20,21,22,23,24,26,28,29",4,90,165,239,8,0,56,0,0,0,0,0,0,0,0,0,0,0,254,255,2,0,253,255,254,255,255,255,255,15,0,0
48.108,hid,"18,20,22,24,26,27,28",4,90,165,239,8,0,56,0,0,0,0,0,0,0,0,0,0,0,255,255,0,0,255,255,252,255,11,0,254,15,0,0
48.14,hid,"22,23,24,25,26,28",4,90,165,239,8,0,56,0,0,0,0,0,0,0,0,0,0,0,255,255,0,0,0,0,2,0,5,0,249,15,0,0
48.172,hid,"18,20,21,22,23,24,26,28",4,90,165,239,8,0,56,0,0,0,0,0,0,0,0,0,0,0,253,255,255,255,255,255,4,0,9,0,251,15,0,0
48.189,hid,"18,19,26,27,28,29",4,90,165,239,8,0,56,0,0,0,0,0,0,0,0,0,0,0,0,0,255,255,255,255,4,0,252,255,4,16,0,0
48.219,hid,"18,19,20,21,24,25,26,27,28,29",4,90,165,239,8,0,56,0,0,0,0,0,0,0,0,0,0,0,254,255,0,0,255,255,250,255,9,0,254,15,0,0
48.251,hid,"20,22,24,26,28,29",4,90,165,239,8,0,56,0,0,0,0,0,0,0,0,0,0,0,254,255,2,0,253,255,245,255,8,0,2,16,0,0
48.266,hid,"20,22,24,26,28",4,90,165,239,8,0,56,0,0,0,0,0,0,0,0,0,0,0,254,255,1,0,255,255,249,255,6,0,5,16,0,0
48.297,hid,"18,20,22,23,24,25,26,27,28",4,90,165,239,8,0,56,0,0,0,0,0,0,0,0,0,0,0,255,255,3,0,0,0,8,0,254,255,2,16,0,0
48.312,hid,"22,23,24,25,26,27,28,29",4,90,165,239,8,0,56,0,0,0,0,0,0,0,0,0,0,0,255,255,3,0,255,255,253,255,7,0,252,15,0,0
48.328,hid,"22,24,25,26,28,29",4,90,165,239,8,0,56,0,0,0,0,0,0,0,0,0,0,0,255,255,3,0,253,255,6,0,12,0,2,16,0,0
48.359,hid,"20,22,24,25,26,28,29",4,90,165,239,8,0,56,0,0,0,0,0,0,0,0,0,0,0,255,255,2,0,254,255,250,255,6,0,252,15,0,0
48.359,hid,"18,20,24,26,28",4,90,165,239,8,0,56,0,0,0,0,0,0,0,0,0,0,0,254,255,3,0,254,255,249,255,5,0,250,15,0,0
48.389,hid,"18,22,24,26,27",4,90,165,239,8,0,56,0,0,0,0,0,0,0,0,0,0,0,253,255,3,0,255,255,254,255,250,255,250,15,0,0
48.419,hid,"18,20,22,24,25,26,27,28,29",4,90,165,239,8,0,56,0,0,0,0,0,0,0,0,0,0,0,254,255,1,0,254,255,10,0,2,0,8,16,0,0
48.45,hid,"18,22,23,24,26,28",4,90,165,239,8,0,56,0,0,0,0,0,0,0,0,0,0,0,255,255,1,0,0,0,5,0,13,0,3,16,0,0
48.466,hid,"18,19,20,22,23,24,26,27,28,29",4,90,165,239,8,0,56,0,0,0,0,0,0,0,0,0,0,0,0,0,2,0,255,255,3,0,255,255,250,15,0,0
48.497,hid,"18,19,20,22,23,24,25,26,27,28,29",4,90,165,239,8,0,56,0,0,0,0,0,0,0,0,0,0,0,253,255,1,0,0,0,253,255,11,0,1,16,0,0
48.514,hid,"18,20,21,22,23,24,25,26,28,29",4,90,165,239,8,0,56,0,0,0,0,0,0,0,0,0,0,0,254,255,255,255,254,255,4,0,3,0,249,15,0,0
48.529,hid,"18,20,21,22,23,24,25,26,27,28",4,90,165,239,8,0,56,0,0,0,0,0,0,0,0,0,0,0,255,255,0,0,0,0,252,255,255,255,253,15,0,0
48.545,hid,"20,22,23,24,26,27,28,29",4,90,165,239,8,0,56,0,0,0,0,0,0,0,0,0,0,0,255,255,2,0,254,255,247,255,3,0,4,16,0,0
48.576,hid,"18,19,20,22,24,25,26,28,29",4,90,165,239,8,0,56,0,0,0,0,0,0,0,0,0,0,0,0,0,1,0,255,255,4,0,5,0,250,15,0,0
48.592,hid,"20,21,22,23,24,26,28",4,90,165,239,8,0,56,0,0,0,0,0,0,0,0,0,0,0,0,0,254,255,0,0,2,0,1,0,254,15,0,0
48.607,hid,"18,19,20,21,22,23,24,25,26,28,29",4,90,165,239,8,0,56,0,0,0,0,0,0,0,0,0,0,0,255,255,1,0,254,255,246,255,7,0,1,16,0,0
48.64,hid,"18,22,24,25,26,28",4,90,165,239,8,0,56,0,0,0,0,0,0,0,0,0,0,0,254,255,1,0,255,255,8,0,3,0,4,16,0,0
48.671,hid,"18,19,24,26,28",4,90,165,239,8,0,56,0,0,0,0,0,0,0,0,0,0,0,0,0,1,0,255,255,1,0,9,0,2,16,0,0
48.687,hid,"18,19,22,24,25,26,28,29",4,90,165,239,8,0,56,0,0,0,0,0,0,0,0,0,0,0,254,255,1,0,254,255,252,255,21,0,253,15,0,0
48.719,hid,"18,19,20,22,24,25,26,28,29",4,90,165,239,8,0,56,0,0,0,0,0,0,0,0,0,0,0,1,0,3,0,255,255,0,0,14,0,6,16,0,0
48.749,hid,"18,19,24,26,28",4,90,165,239,8,0,56,0,0,0,0,0,0,0,0,0,0,0,255,255,3,0,255,255,12,0,5,0,7,16,0,0
48.764,hid,"22,24,25,26,27,28",4,90,165,239,8,0,56,0,0,0,0,0,0,0,0,0,0,0,255,255,3,0,254,255,255,255,251,255,11,16,0,0
48.796,hid,"4,6,18,19,22,24,25,26,27,28",4,90,165,239,0,0,0,0,0,0,0,0,0,0,0,0,0,0,0,0,3,0,253,255,8,0,5,0,9,16,0,0
48.812,hid,"18,19,20,22,23,24,25,26,28",4,90,165,239,0,0,0,0,0,0,0,0,0,0,0,0,0,0,255,255,1,0,0,0,255,255,3,0,3,16,0,0
48.828,hid,"18,20,22,23,24,26,28",4,90,165,239,0,0,0,0,0,0,0,0,0,0,0,0,0,0,254,255,3,0,255,255,253,255,6,0,4,16,0,0
48.859,hid,"18,20,22,24,26,28",4,90,165,239,0,0,0,0,0,0,0,0,0,0,0,0,0,0,255,255,2,0,254,255,254,255,2,0,1,16,0,0
48.891,hid,"20,22,24,25,26,27",4,90,165,239,0,0,0,0,0,0,0,0,0,0,0,0,0,0,255,255,1,0,255,255,10,0,253,255,1,16,0,0
48.907,hid,"18,19,24,26",4,90,165,239,0,0,0,0,0,0,0,0,0,0,0,0,0,0,0,0,1,0,255,255,6,0,255,255,1,16,0,0
48.937,hid,"18,19,20,22,24,26,27,28",4,90,165,239,0,0,0,0,0,0,0,0,0,0,0,0,0,0,255,255,2,0,252,255,4,0,3,0,0,16,0,0
48.953,hid,"22,23,24,25,26,28",4,90,165,239,0,0,0,0,0,0,0,0,0,0,0,0,0,0,255,255,2,0,0,0,253,255,7,0,2,16,0,0
48.968,hid,"18,19,20,22,23,24,25,26,28,29",4,90,165,239,0,0,0,0,0,0,0,0,0,0,0,0,0,0,0,0,1,0,254,255,2,0,6,0,252,15,0,0
48.999,hid,"18,19,20,22,24,26,28,29",4,90,165,239,0,0,0,0,0,0,0,0,0,0,0,0,0,0,255,255,0,0,255,255,7,0,11,0,5,16,0,0
49.0,hid,"22,24,26,28",4,90,165,239,0,0,0,0,0,0,0,0,0,0,0,0,0,0,255,255,0,0,254,255,6,0,12,0,7,16,0,0
49.03,hid,"20,22,23,24,26,28,29",4,90,165,239,0,0,0,0,0,0,0,0,0,0,0,0,0,0,255,255,1,0,0,0,14,0,21,0,253,15,0,0
49.046,hid,"18,19,20,22,23,24,26,28",4,90,165,239,0,0,0,0,0,0,0,0,0,0,0,0,0,0,0,0,2,0,254,255,6,0,13,0,255,15,0,0
49.076,hid,"18,19,22,24,26,27,28,29",4,90,165,239,0,0,0,0,0,0,0,0,0,0,0,0,0,0,255,255,2,0,253,255,7,0,254,255,2,16,0,0
49.092,hid,"22,23,24,26,27,28",4,90,165,239,0,0,0,0,0,0,0,0,0,0,0,0,0,0,255,255,2,0,0,0,4,0,8,0,1,16,0,0
49.106,hid,"18,19,22,23,24,26,28",4,90,165,239,0,0,0,0,0,0,0,0,0,0,0,0,0,0,0,0,2,0,252,255,8,0,2,0,4,16,0,0
49.138,hid,"18,19,20,22,24,26,28",4,90,165,239,0,0,0,0,0,0,0,0,0,0,0,0,0,0,254,255,3,0,255,255,2,0,1,0,2,16,0,0
49.154,hid,"18,22,24,26,28",4,90,165,239,0,0,0,0,0,0,0,0,0,0,0,0,0,0,255,255,3,0,252,255,9,0,3,0,0,16,0,0
49.169,hid,"18,19,22,23,24,28",4,90,165,239,0,0,0,0,0,0,0,0,0,0,0,0,0,0,0,0,3,0,1,0,3,0,3,0,3,16,0,0
49.185,hid,"18,19,20,22,23,24,26,28",4,90,165,239,0,0,0,0,0,0,0,0,0,0,0,0,0,0,255,255,2,0,255,255,6,0,9,0,4,16,0,0
49.216,hid,"20,22,23,24,26,28,29",4,90,165,239,0,0,0,0,0,0,0,0,0,0,0,0,0,0,255,255,3,0,0,0,3,0,5,0,255,15,0,0
49.232,hid,"18,20,22,23,24,25,26,28,29",4,90,165,239,0,0,0,0,0,0,0,0,0,0,0,0,0,0,254,255,2,0,255,255,254,255,4,0,1,16,0,0
49.249,hid,"20,24,25,26,28,29",4,90,165,239,0,0,0,0,0,0,0,0,0,0,0,0,0,0,254,255,1,0,255,255,2,0,6,0,248,15,0,0
49.28,hid,"18,20,22,24",4,90,165,239,0,0,0,0,0,0,0,0,0,0,0,0,0,0,255,255,3,0,254,255,6,0,6,0,248,15,0,0
49.28,hid,"18,22,24,26,28",4,90,165,239,0,0,0,0,0,0,0,0,0,0,0,0,0,0,254,255,3,0,255,255,0,0,3,0,252,15,0,0
49.311,hid,"18,22,24,26,28,29",4,90,165,239,0,0,0,0,0,0,0,0,0,0,0,0,0,0,253,255,3,0,253,255,5,0,5,0,1,16,0,0
49.327,hid,"18,20,22,24,26",4,90,165,239,0,0,0,0,0,0,0,0,0,0,0,0,0,0,254,255,1,0,254,255,0,0,13,0,1,16,0,0
49.358,hid,"18,24,26,28",4,90,165,239,0,0,0,0,0,0,0,0,0,0,0,0,0,0,255,255,1,0,254,255,3,0,12,0,0,16,0,0
49.374,hid,"18,19,20,22,24,26,28,29",4,90,165,239,0,0,0,0,0,0,0,0,0,0,0,0,0,0,0,0,0,0,253,255,9,0,9,0,252,15,0,0
49.389,hid,"18,19,20,22,23,24,26,28",4,90,165,239,0,0,0,0,0,0,0,0,0,0,0,0,0,0,254,255,2,0,0,0,5,0,12,0,253,15,0,0
49.405,hid,"18,20,22,23,24,25,26,28,29",4,90,165,239,0,0,0,0,0,0,0,0,0,0,0,0,0,0,255,255,0,0,254,255,255,255,1,0,3,16,0,0
49.435,hid,"20,22,24,25,26,28,29",4,90,165,239,0,0,0,0,0,0,0,0,0,0,0,0,0,0,255,255,2,0,255,255,4,0,4,0,255,15,0,0
49.45,hid,"20,22,24,26,28",4,90,165,239,0,0,0,0,0,0,0,0,0,0,0,0,0,0,255,255,3,0,254,255,2,0,5,0,252,15,0,0
49.465,hid,"18,19,22,24,26",4,90,165,239,0,0,0,0,0,0,0,0,0,0,0,0,0,0,0,0,3,0,255,255,1,0,2,0,252,15,0,0
49.497,hid,"18,19,22,24,25,26,28",4,90,165,239,0,0,0,0,0,0,0,0,0,0,0,0,0,0,255,255,3,0,254,255,250,255,1,0,249,15,0,0
49.512,hid,"20,22,24,26,28,29",4,90,165,239,0,0,0,0,0,0,0,0,0,0,0,0,0,0,255,255,2,0,255,255,255,255,8,0,0,16,0,0
49.528,hid,"20,22,23,24,25,26,28,29",4,90,165,239,0,0,0,0,0,0,0,0,0,0,0,0,0,0,255,255,3,0,1,0,3,0,10,0,243,15,0,0
49.56,hid,"18,19,22,23,24,26,28,29",4,90,165,239,0,0,0,0,0,0,0,0,0,0,0,0,0,0,0,0,3,0,254,255,7,0,3,0,2,16,0,0
49.59,hid,"20,22,24,26,28",4,90,165,239,0,0,0,0,0,0,0,0,0,0,0,0,0,0,0,0,2,0,255,255,6,0,8,0,1,16,0,0
49.605,hid,"18,19,20,24,26,27,28",4,90,165,239,0,0,0,0,0,0,0,0,0,0,0,0,0,0,254,255,1,0,255,255,12,0,250,255,6,16,0,0
49.636,hid,"18,20,24,26,27,28",4,90,165,239,0,0,0,0,0,0,0,0,0,0,0,0,0,0,253,255,2,0,255,255,4,0,2,0,4,16,0,0
49.652,hid,"18,20,22,26,28",4,90,165,239,0,0,0,0,0,0,0,0,0,0,0,0,0,0,255,255,1,0,254,255,4,0,0,0,0,16,0,0
49.668,hid,"22,24,26,28,29",4,90,165,239,0,0,0,0,0,0,0,0,0,0,0,0,0,0,255,255,1,0,253,255,0,0,9,0,255,15,0,0
49.699,hid,"18,20,22,23,24,25,26,28,29",4,90,165,239,0,0,0,0,0,0,0,0,0,0,0,0,0,0,254,255,0,0,0,0,255,255,1,0,4,16,0,0
49.731,hid,"18,19,20,22,23,24,26,28,29",4,90,165,239,0,0,0,0,0,0,0,0,0,0,0,0,0,0,0,0,1,0,255,255,254,255,10,0,255,15,0,0
49.746,hid,"18,19,20,24,25,26,28",4,90,165,239,0,0,0,0,0,0,0,0,0,0,0,0,0,0,255,255,0,0,255,255,3,0,3,0,253,15,0,0
49.777,hid,"24,25,26,28,29",4,90,165,239,0,0,0,0,0,0,0,0,0,0,0,0,0,0,255,255,0,0,255,255,253,255,10,0,5,16,0,0
49.792,hid,"18,19,20,24,26,28",4,90,165,239,0,0,0,0,0,0,0,0,0,0,0,0,0,0,0,0,2,0,255,255,255,255,4,0,4,16,0,0
49.808,hid,"18,19,20,24,26,27,28",4,90,165,239,0,0,0,0,0,0,0,0,0,0,0,0,0,0,255,255,1,0,255,255,249,255,253,255,1,16,0,0
49.84,hid,"18,20,22,24,25,26,27,28,29",4,90,165,239,0,0,0,0,0,0,0,0,0,0,0,0,0,0,254,255,3,0,254,255,3,0,7,0,251,15,0,0
49.872,hid,"18,22,23,24,25,26,28",4,90,165,239,0,0,0,0,0,0,0,0,0,0,0,0,0,0,255,255,3,0,0,0,255,255,0,0,253,15,0,0
49.888,hid,"20,26,27,28,29",4,90,165,239,0,0,0,0,0,0,0,0,0,0,0,0,0,0,255,255,1,0,0,0,255,255,255,255,3,16,0,0
49.919,hid,"18,20,22,23,24,25,28",4,90,165,239,0,0,0,0,0,0,0,0,0,0,0,0,0,0,254,255,3,0,255,255,4,0,255,255,0,16,0,0
49.95,hid,"18,20,24,26,27,28",4,90,165,239,0,0,0,0,0,0,0,0,0,0,0,0,0,0,255,255,1,0,255,255,0,0,9,0,2,16,0,0
49.966,hid,"18,20,22,23,24,26",4,90,165,239,0,0,0,0,0,0,0,0,0,0,0,0,0,0,254,255,0,0,0,0,6,0,5,0,2,16,0,0
49.998,hid,"20,22,23,24,25,26,28",4,90,165,239,0,0,0,0,0,0,0,0,0,0,0,0,0,0,254,255,1,0,253,255,251,255,4,0,0,16,0,0
50.014,hid,"18,20,22,24,25,26,28",4,90,165,239,0,0,0,0,0,0,0,0,0,0,0,0,0,0,255,255,3,0,255,255,3,0,6,0,1,16,0,0
50.03,hid,"18,19,20,24,25,26,28",4,90,165,239,0,0,0,0,0,0,0,0,0,0,0,0,0,0,0,0,2,0,255,255,253,255,4,0,0,16,0,0
50.045,hid,"22,24,26,28",4,90,165,239,0,0,0,0,0,0,0,0,0,0,0,0,0,0,0,0,2,0,252,255,251,255,3,0,1,16,0,0
50.075,hid,"20,21,22,24,25,26,28,29",4,90,165,239,0,0,0,0,0,0,0,0,0,0,0,0,0,0,0,0,255,255,254,255,2,0,4,0,254,15,0,0
50.092,hid,"18,19,20,21,22,24,26,28,29",4,90,165,239,0,0,0,0,0,0,0,0,0,0,0,0,0,0,255,255,0,0,253,255,0,0,11,0,4,16,0,0
50.107,hid,"18,20,22,23,24,26,28,29",4,90,165,239,0,0,0,0,0,0,0,0,0,0,0,0,0,0,253,255,2,0,1,0,2,0,9,0,254,15,0,0
50.138,hid,"18,20,22,23,24,26,27,28",4,90,165,239,0,0,0,0,0,0,0,0,0,0,0,0,0,0,255,255,0,0,255,255,1,0,255,255,252,15,0,0
50.153,hid,"18,20,24,26,27,28,29",4,90,165,239,0,0,0,0,0,0,0,0,0,0,0,0,0,0,253,255,1,0,255,255,6,0,8,0,0,16,0,0
50.169,hid,"18,22,24,26,28",4,90,165,239,0,0,0,0,0,0,0,0,0,0,0,0,0,0,255,255,1,0,254,255,3,0,1,0,6,16,0,0
50.185,hid,"24,26,28,29",4,90,165,239,0,0,0,0,0,0,0,0,0,0,0,0,0,0,255,255,1,0,254,255,4,0,8,0,254,15,0,0
50.216,hid,"4,5,6,7,18,20,22,24",4,90,165,239,248,255,200,255,0,0,0,0,0,0,0,0,0,0,254,255,2,0,255,255,3,0,8,0,254,15,0,0
50.232,hid,"18,20,22,24,26,28",4,90,165,239,248,255,200,255,0,0,0,0,0,0,0,0,0,0,255,255,1,0,253,255,1,0,9,0,248,15,0,0
50.248,hid,"20,22,24,26,28",4,90,165,239,248,255,200,255,0,0,0,0,0,0,0,0,0,0,255,255,3,0,255,255,7,0,4,0,249,15,0,0
50.279,hid,"18,20,22,24,26,27,28",4,90,165,239,248,255,200,255,0,0,0,0,0,0,0,0,0,0,254,255,2,0,254,255,4,0,254,255,250,15,0,0
50.31,hid,"18,19,20,22,24,25,26,27,28",4,90,165,239,248,255,200,255,0,0,0,0,0,0,0,0,0,0,0,0,3,0,253,255,240,255,7,0,252,15,0,0
50.326,hid,"18,19,22,24,26,28,29",4,90,165,239,248,255,200,255,0,0,0,0,0,0,0,0,0,0,255,255,3,0,255,255,255,255,4,0,0,16,0,0
50.357,hid,"18,19,20,24,25,26",4,90,165,239,248,255,200,255,0,0,0,0,0,0,0,0,0,0,0,0,2,0,255,255,3,0,2,0,0,16,0,0
50.372,hid,"18,19,24,26,28,29",4,90,165,239,248,255,200,255,0,0,0,0,0,0,0,0,0,0,255,255,2,0,255,255,6,0,3,0,254,15,0,0
50.387,hid,"18,19,20,22,24,26",4,90,165,239,248,255,200,255,0,0,0,0,0,0,0,0,0,0,0,0,3,0,253,255,2,0,7,0,254,15,0,0
50.418,hid,"18,19,20,22,23,24,26,27,28,29",4,90,165,239,248,255,200,255,0,0,0,0,0,0,0,0,0,0,255,255,2,0,0,0,6,0,255,255,0,16,0,0
50.434,hid,"22,23,24,26,27,28",4,90,165,239,248,255,200,255,0,0,0,0,0,0,0,0,0,0,255,255,2,0,255,255,1,0,10,0,3,16,0,0
50.449,hid,"18,20,24,26,28,29",4,90,165,239,248,255,200,255,0,0,0,0,0,0,0,0,0,0,254,255,1,0,255,255,10,0,7,0,253,15,0,0
50.464,hid,"18,19,22,24,26,28,29",4,90,165,239,248,255,200,255,0,0,0,0,0,0,0,0,0,0,0,0,1,0,254,255,4,0,4,0,1,16,0,0
50.496,hid,"22,24,26,28",4,90,165,239,248,255,200,255,0,0,0,0,0,0,0,0,0,0,0,0,1,0,255,255,3,0,16,0,4,16,0,0
50.511,hid,"18,19,20,22,23,24,26,28",4,90,165,239,248,255,200,255,0,0,0,0,0,0,0,0,0,0,254,255,3,0,2,0,1,0,9,0,2,16,0,0
50.527,hid,"20,22,23,24,25,26,28,29",4,90,165,239,248,255,200,255,0,0,0,0,0,0,0,0,0,0,254,255,2,0,253,255,255,255,1,0,248,15,0,0
50.558,hid,"18,20,22,24,25,26,28",4,90,165,239,248,255,200,255,0,0,0,0,0,0,0,0,0,0,255,255,1,0,254,255,2,0,4,0,253,15,0,0
50.574,hid,"20,22,24,25,26,28,29",4,90,165,239,248,255,200,255,0,0,0,0,0,0,0,0,0,0,255,255,2,0,255,255,252,255,2,0,4,16,0,0
50.589,hid,"20,22,24,26",4,90,165,239,248,255,200,255,0,0,0,0,0,0,0,0,0,0,255,255,1,0,254,255,245,255,6,0,4,16,0,0
50.604,hid,"20,22,23,24,26,27,28,29",4,90,165,239,248,255,200,255,0,0,0,0,0,0,0,0,0,0,255,255,2,0,0,0,248,255,255,255,254,15,0,0
50.636,hid,"18,19,22,23,24,25,26,27,28",4,90,165,239,248,255,200,255,0,0,0,0,0,0,0,0,0,0,0,0,2,0,254,255,2,0,6,0,248,15,0,0
50.651,hid,"18,19,22,24,28",4,90,165,239,248,255,200,255,0,0,0,0,0,0,0,0,0,0,253,255,2,0,255,255,8,0,6,0,253,15,0,0
50.666,hid,"18,20,22,23,24,25,26,28",4,90,165,239,248,255,200,255,0,0,0,0,0,0,0,0,0,0,255,255,3,0,0,0,252,255,2,0,254,15,0,0
50.698,hid,"18,22,23,24,25,26,28,29",4,90,165,239,248,255,200,255,0,0,0,0,0,0,0,0,0,0,254,255,3,0,255,255,5,0,3,0,3,16,0,0
50.713,hid,"18,22,23,24,25,26,28",4,90,165,239,248,255,200,255,0,0,0,0,0,0,0,0,0,0,255,255,3,0,0,0,247,255,2,0,1,16,0,0
50.728,hid,"18,20,22,23,24,26,28",4,90,165,239,248,255,200,255,0,0,0,0,0,0,0,0,0,0,252,255,0,0,254,255,253,255,0,0,0,16,0,0
50.76,hid,"18,20,24,25,26,28",4,90,165,239,248,255,200,255,0,0,0,0,0,0,0,0,0,0,254,255,3,0,254,255,8,0,7,0,3,16,0,0
50.792,hid,"20,22,24,26,28,29",4,90,165,239,248,255,200,255,0,0,0,0,0,0,0,0,0,0,254,255,1,0,255,255,4,0,1,0,250,15,0,0
50.807,hid,"18,19,22,23,24,26,28,29",4,90,165,239,248,255,200,255,0,0,0,0,0,0,0,0,0,0,0,0,1,0,0,0,8,0,11,0,0,16,0,0
50.838,hid,"22,23,24,25,26,28,29",4,90,165,239,248,255,200,255,0,0,0,0,0,0,0,0,0,0,0,0,1,0,254,255,252,255,1,0,249,15,0,0
50.854,hid,"18,19,20,22,24,26,28",4,90,165,239,248,255,200,255,0,0,0,0,0,0,0,0,0,0,255,255,0,0,255,255,246,255,6,0,250,15,0,0
50.869,hid,"20,22,23,24,25,26,28",4,90,165,239,248,255,200,255,0,0,0,0,0,0,0,0,0,0,255,255,1,0,0,0,1,0,3,0,251,15,0,0
50.885,hid,"18,19,22,23,24,25,28",4,90,165,239,248,255,200,255,0,0,0,0,0,0,0,0,0,0,0,0,1,0,253,255,247,255,3,0,255,15,0,0
50.916,hid,"18,19,22,24,25,26,28",4,90,165,239,248,255,200,255,0,0,0,0,0,0,0,0,0,0,255,255,1,0,255,255,6,0,11,0,253,15,0,0
50.931,hid,"18,22,23,24,26,28,29",4,90,165,239,248,255,200,255,0,0,0,0,0,0,0,0,0,0,254,255,1,0,0,0,5,0,14,0,6,16,0,0
50.946,hid,"18,19,20,22,23,24,26,28,29",4,90,165,239,248,255,200,255,0,0,0,0,0,0,0,0,0,0,0,0,2,0,255,255,6,0,5,0,255,15,0,0
50.976,hid,"20,22,23,24,26,27,28,29",4,90,165,239,248,255,200,255,0,0,0,0,0,0,0,0,0,0,0,0,0,0,0,0,2,0,245,255,10,16,0,0
50.992,hid,"18,19,20,22,23,24,25,26,27,28,29",4,90,165,239,248,255,200,255,0,0,0,0,0,0,0,0,0,0,255,255,1,0,254,255,252,255,0,0,255,15,0,0
51.008,hid,"18,19,22,24,25,26,28",4,90,165,239,248,255,200,255,0,0,0,0,0,0,0,0,0,0,0,0,1,0,255,255,2,0,4,0,251,15,0,0
51.039,hid,"18,19,20,22,24,25,26",4,90,165,239,248,255,200,255,0,0,0,0,0,0,0,0,0,0,255,255,3,0,254,255,254,255,13,0,251,15,0,0
51.07,hid,"18,20,24,25,26,28,29",4,90,165,239,248,255,200,255,0,0,0,0,0,0,0,0,0,0,254,255,1,0,254,255,1,0,0,0,8,16,0,0
51.086,hid,"18,20,22,24,28,29",4,90,165,239,248,255,200,255,0,0,0,0,0,0,0,0,0,0,255,255,3,0,255,255,11,0,0,0,255,15,0,0
51.116,hid,"18,19,20,22,23,24,26,28,29",4,90,165,239,248,255,200,255,0,0,0,0,0,0,0,0,0,0,0,0,1,0,0,0,1,0,12,0,4,16,0,0
51.132,hid,"18,19,20,22,23,24,26,28",4,90,165,239,248,255,200,255,0,0,0,0,0,0,0,0,0,0,254,255,2,0,255,255,0,0,8,0,1,16,0,0
51.148,hid,"22,24,25,26,27,28",4,90,165,239,248,255,200,255,0,0,0,0,0,0,0,0,0,0,254,255,2,0,254,255,249,255,254,255,6,16,0,0
51.179,hid,"20,24,26,27,28",4,90,165,239,248,255,200,255,0,0,0,0,0,0,0,0,0,0,254,255,1,0,254,255,250,255,10,0,2,16,0,0
51.21,hid,"18,20,22,24,25,26,28,29",4,90,165,239,248,255,200,255,0,0,0,0,0,0,0,0,0,0,253,255,2,0,255,255,5,0,3,0,244,15,0,0
51.226,hid,"18,20,22,24,25,28,29",4,90,165,239,248,255,200,255,0,0,0,0,0,0,0,0,0,0,255,255,1,0,253,255,255,255,3,0,4,16,0,0
51.257,hid,"20,24,25,28",4,90,165,239,248,255,200,255,0,0,0,0,0,0,0,0,0,0,255,255,0,0,253,255,6,0,3,0,6,16,0,0
51.273,hid,"18,22,23,24,26,27,28,29",4,90,165,239,248,255,200,255,0,0,0,0,0,0,0,0,0,0,254,255,0,0,0,0,2,0,252,255,248,15,0,0
51.288,hid,"18,19,20,22,23,24,25,26,28",4,90,165,239,248,255,200,255,0,0,0,0,0,0,0,0,0,0,0,0,2,0,255,255,249,255,250,255,250,15,0,0
51.318,hid,"20,24,25,26,27,28",4,90,165,239,248,255,200,255,0,0,0,0,0,0,0,0,0,0,0,0,1,0,255,255,4,0,4,0,255,15,0,0
51.335,hid,"20,22,24,25,26,28",4,90,165,239,248,255,200,255,0,0,0,0,0,0,0,0,0,0,0,0,2,0,254,255,255,255,6,0,254,15,0,0
51.35,hid,"18,19,20,22,24,25,26,28,29",4,90,165,239,248,255,200,255,0,0,0,0,0,0,0,0,0,0,255,255,1,0,253,255,0,0,0,0,1,16,0,0
51.366,hid,"18,19,20,22,24,28,29",4,90,165,239,248,255,200,255,0,0,0,0,0,0,0,0,0,0,0,0,2,0,255,255,4,0,0,0,253,15,0,0
51.396,hid,"18,19,20,22,23,24,26,28",4,90,165,239,248,255,200,255,0,0,0,0,0,0,0,0,0,0,254,255,1,0,0,0,0,0,12,0,252,15,0,0
51.413,hid,"20,22,23,24,25,26,28",4,90,165,239,248,255,200,255,0,0,0,0,0,0,0,0,0,0,254,255,2,0,255,255,253,255,8,0,253,15,0,0
51.428,hid,"18,20,22,24,25,26,28,29",4,90,165,239,248,255,200,255,0,0,0,0,0,0,0,0,0,0,255,255,3,0,254,255,5,0,5,0,6,16,0,0
51.459,hid,"18,19,20,22,23,24,26,28,29",4,90,165,239,248,255,200,255,0,0,0,0,0,0,0,0,0,0,0,0,1,0,0,0,3,0,0,0,247,15,0,0
51.491,hid,"20,22,23,24,26,28,29",4,90,165,239,248,255,200,255,0,0,0,0,0,0,0,0,0,0,0,0,0,0,255,255,8,0,5,0,6,16,0,0
51.506,hid,"18,19,20,22,23,24,26,28",4,90,165,239,248,255,200,255,0,0,0,0,0,0,0,0,0,0,255,255,1,0,0,0,3,0,9,0,1,16,0,0
51.538,hid,"18,20,22,23,24,26",4,90,165,239,248,255,200,255,0,0,0,0,0,0,0,0,0,0,254,255,2,0,254,255,4,0,4,0,1,16,0,0
51.554,hid,"18,20,24,25,26,28,29",4,90,165,239,248,255,200,255,0,0,0,0,0,0,0,0,0,0,255,255,1,0,254,255,255,255,7,0,252,15,0,0
51.57,hid,"18,20,22,24,25,26,28,29",4,90,165,239,248,255,200,255,0,0,0,0,0,0,0,0,0,0,254,255,0,0,255,255,3,0,2,0,1,16,0,0
51.585,hid,"18,19,20,24,26,28",4,90,165,239,248,255,200,255,0,0,0,0,0,0,0,0,0,0,0,0,1,0,255,255,4,0,4,0,5,16,0,0
51.618,hid,"18,19,20,22,24,25,26,27,28,29",4,90,165,239,248,255,200,255,0,0,0,0,0,0,0,0,0,0,253,255,0,0,254,255,250,255,255,255,246,15,0,0
51.634,hid,"18,19,20,22,24,25,26,28,29",4,90,165,239,248,255,200,255,0,0,0,0,0,0,0,0,0,0,0,0,2,0,255,255,5,0,253,255,3,16,0,0
51.65,hid,"18,19,20,22,24,26,27,28",4,90,165,239,248,255,200,255,0,0,0,0,0,0,0,0,0,0,255,255,1,0,254,255,3,0,6,0,2,16,0,0
51.666,hid,"20,22,24,25,26,28",4,90,165,239,248,255,200,255,0,0,0,0,0,0,0,0,0,0,255,255,3,0,255,255,254,255,4,0,0,16,0,0
51.697,hid,"18,19,20,26,27,28",4,90,165,239,248,255,200,255,0,0,0,0,0,0,0,0,0,0,0,0,1,0,255,255,254,255,252,255,5,16,0,0
51.712,hid,"18,19,20,22,24,25,26,27,28",4,90,165,239,248,255,200,255,0,0,0,0,0,0,0,0,0,0,255,255,0,0,253,255,3,0,6,0,1,16,0,0
51.728,hid,"18,20,22,24,26,27,28",4,90,165,239,248,255,200,255,0,0,0,0,0,0,0,0,0,0,254,255,2,0,254,255,2,0,254,255,5,16,0,0
51.759,hid,"18,20,22,24,26,27,28,29",4,90,165,239,248,255,200,255,0,0,0,0,0,0,0,0,0,0,255,255,3,0,255,255,9,0,11,0,251,15,0,0
51.791,hid,"20,24,26,28,29",4,90,165,239,248,255,200,255,0,0,0,0,0,0,0,0,0,0,255,255,2,0,255,255,7,0,5,0,2,16,0,0
51.807,hid,"18,19,20,24,28",4,90,165,239,248,255,200,255,0,0,0,0,0,0,0,0,0,0,0,0,3,0,255,255,2,0,5,0,0,16,0,0
51.838,hid,"18,19,20,22,23,24,26",4,90,165,239,248,255,200,255,0,0,0,0,0,0,0,0,0,0,254,255,1,0,1,0,11,0,4,0,0,16,0,0
51.854,hid,"20,22,23,24,26,28,29",4,90,165,239,248,255,200,255,0,0,0,0,0,0,0,0,0,0,254,255,3,0,255,255,0,0,1,0,248,15,0,0
51.869,hid,"18,19,24,25,26,28,29",4,90,165,239,248,255,200,255,0,0,0,0,0,0,0,0,0,0,0,0,3,0,255,255,252,255,0,0,1,16,0,0
51.885,hid,"20,22,24,26,27",4,90,165,239,248,255,200,255,0,0,0,0,0,0,0,0,0,0,0,0,0,0,254,255,254,255,254,255,1,16,0,0
51.917,hid,"18,19,22,24,26,27,28",4,90,165,239,248,255,200,255,0,0,0,0,0,0,0,0,0,0,255,255,0,0,255,255,247,255,10,0,3,16,0,0
51.932,hid,"18,22,24,25,26,28",4,90,165,239,248,255,200,255,0,0,0,0,0,0,0,0,0,0,254,255,0,0,252,255,1,0,15,0,9,16,0,0
51.948,hid,"18,22,24,26,28",4,90,165,239,248,255,200,255,0,0,0,0,0,0,0,0,0,0,255,255,0,0,254,255,5,0,5,0,3,16,0,0
51.978,hid,"18,19,20,22,23,24,26",4,90,165,239,248,255,200,255,0,0,0,0,0,0,0,0,0,0,1,0,2,0,1,0,10,0,7,0,3,16,0,0
51.994,hid,"18,19,20,24,26,28",4,90,165,239,248,255,200,255,0,0,0,0,0,0,0,0,0,0,255,255,0,0,1,0,1,0,3,0,1,16,0,0
52.009,hid,"18,20,21,22,23,24,25,26,28,29",4,90,165,239,248,255,200,255,0,0,0,0,0,0,0,0,0,0,254,255,255,255,254,255,255,255,10,0,255,15,0,0
52.025,hid,"18,20,21,22,23,24,26,28,29",4,90,165,239,248,255,200,255,0,0,0,0,0,0,0,0,0,0,255,255,1,0,0,0,254,255,7,0,1,16,0,0
52.057,hid,"18,19,20,21,22,23,24,26,27,28",4,90,165,239,248,255,200,255,0,0,0,0,0,0,0,0,0,0,0,0,255,255,254,255,252,255,253,255,0,16,0,0
52.073,hid,"20,21,22,24,26,27,28",4,90,165,239,248,255,200,255,0,0,0,0,0,0,0,0,0,0,0,0,1,0,255,255,253,255,0,0,2,16,0,0
52.089,hid,"22,24,25,26,27,28",4,90,165,239,248,255,200,255,0,0,0,0,0,0,0,0,0,0,0,0,1,0,254,255,4,0,254,255,0,16,0,0
52.104,hid,"18,19,20,21,22,24,26,27,28",4,90,165,239,248,255,200,255,0,0,0,0,0,0,0,0,0,0,254,255,255,255,253,255,5,0,6,0,6,16,0,0
52.135,hid,"18,19,20,21,22,24,26,28,29",4,90,165,239,248,255,200,255,0,0,0,0,0,0,0,0,0,0,1,0,0,0,254,255,2,0,9,0,250,15,0,0
52.151,hid,"18,19,20,22,24,26,28,29",4,90,165,239,248,255,200,255,0,0,0,0,0,0,0,0,0,0,254,255,1,0,255,255,14,0,3,0,5,16,0,0
52.167,hid,"18,24,26,28",4,90,165,239,248,255,200,255,0,0,0,0,0,0,0,0,0,0,255,255,1,0,255,255,1,0,6,0,0,16,0,0
52.198,hid,"18,20,22,23,24,25,28,29",4,90,165,239,248,255,200,255,0,0,0,0,0,0,0,0,0,0,254,255,3,0,0,0,250,255,6,0,252,15,0,0
52.214,hid,"18,20,22,23,24,25,26,28",4,90,165,239,248,255,200,255,0,0,0,0,0,0,0,0,0,0,255,255,2,0,255,255,0,0,3,0,255,15,0,0
52.23,hid,"20,24,26,27,28",4,90,165,239,248,255,200,255,0,0,0,0,0,0,0,0,0,0,255,255,3,0,255,255,10,0,253,255,250,15,0,0
52.245,hid,"18,22,24,26,27,28",4,90,165,239,248,255,200,255,0,0,0,0,0,0,0,0,0,0,254,255,3,0,254,255,6,0,11,0,248,15,0,0
52.277,hid,"18,20,24,25,26,28",4,90,165,239,248,255,200,255,0,0,0,0,0,0,0,0,0,0,255,255,2,0,254,255,253,255,1,0,254,15,0,0
52.292,hid,"18,19,20,24,25,26,28,29",4,90,165,239,248,255,200,255,0,0,0,0,0,0,0,0,0,0,0,0,3,0,254,255,1,0,4,0,0,16,0,0
52.307,hid,"18,19,20,22,24,26,28,29",4,90,165,239,248,255,200,255,0,0,0,0,0,0,0,0,0,0,255,255,2,0,255,255,11,0,9,0,252,15,0,0
52.339,hid,"20,22,24,25,26,28",4,90,165,239,248,255,200,255,0,0,0,0,0,0,0,0,0,0,255,255,3,0,254,255,248,255,8,0,253,15,0,0
52.37,hid,"18,19,20,22,24,25,26,28",4,90,165,239,248,255,200,255,0,0,0,0,0,0,0,0,0,0,0,0,1,0,255,255,8,0,5,0,250,15,0,0
52.386,hid,"18,19,22,23,24,25,26,28",4,90,165,239,248,255,200,255,0,0,0,0,0,0,0,0,0,0,254,255,1,0,0,0,253,255,1,0,249,15,0,0
52.416,hid,"18,20,22,23,24,25,26,27,28,29",4,90,165,239,248,255,200,255,0,0,0,0,0,0,0,0,0,0,255,255,2,0,255,255,4,0,252,255,0,16,0,0
52.432,hid,"20,22,24,26,27,28,29",4,90,165,239,248,255,200,255,0,0,0,0,0,0,0,0,0,0,255,255,1,0,254,255,7,0,0,0,254,15,0,0
52.447,hid,"20,21,22,23,24,26,28,29",4,90,165,239,248,255,200,255,0,0,0,0,0,0,0,0,0,0,255,255,255,255,0,0,3,0,5,0,7,16,0,0
52.478,hid,"20,21,22,23,26,28",4,90,165,239,248,255,200,255,0,0,0,0,0,0,0,0,0,0,255,255,1,0,253,255,3,0,12,0,1,16,0,0
52.494,hid,"18,19,20,22,23,24,26,27,28,29",4,90,165,239,248,255,200,255,0,0,0,0,0,0,0,0,0,0,0,0,0,0,1,0,6,0,255,255,251,15,0,0
52.51,hid,"20,22,23,24,25,26,27,28",4,90,165,239,248,255,200,255,0,0,0,0,0,0,0,0,0,0,0,0,1,0,255,255,252,255,2,0,252,15,0,0
52.526,hid,"4,5,6,7,18,19,20,22,24,25,28,29",4,90,165,239,0,0,0,0,0,0,0,0,0,0,0,0,0,0,255,255,0,0,254,255,6,0,2,0,3,16,0,0
52.557,hid,"18,19,22,23,28",4,90,165,239,0,0,0,0,0,0,0,0,0,0,0,0,0,0,0,0,0,0,0,0,6,0,2,0,0,16,0,0
52.572,hid,"18,19,20,22,23,24,25,26,28,29",4,90,165,239,0,0,0,0,0,0,0,0,0,0,0,0,0,0,254,255,1,0,255,255,255,255,8,0,250,15,0,0
52.588,hid,"18,19,20,22,24,25,26,28",4,90,165,239,0,0,0,0,0,0,0,0,0,0,0,0,0,0,0,0,2,0,254,255,5,0,11,0,251,15,0,0
52.619,hid,"18,19,22,26,28",4,90,165,239,0,0,0,0,0,0,0,0,0,0,0,0,0,0,255,255,2,0,255,255,5,0,4,0,255,15,0,0
52.651,hid,"18,19,20,24,26,28,29",4,90,165,239,0,0,0,0,0,0,0,0,0,0,0,0,0,0,0,0,4,0,255,255,1,0,5,0,5,16,0,0
52.667,hid,"22,23,24,25,26,27,28",4,90,165,239,0,0,0,0,0,0,0,0,0,0,0,0,0,0,0,0,4,0,0,0,252,255,255,255,9,16,0,0
52.698,hid,"20,24,25,26,27,28,29",4,90,165,239,0,0,0,0,0,0,0,0,0,0,0,0,0,0,0,0,2,0,0,0,0,0,8,0,253,15,0,0
52.713,hid,"20,22,23,24,25,26,27",4,90,165,239,0,0,0,0,0,0,0,0,0,0,0,0,0,0,0,0,1,0,255,255,254,255,255,255,253,15,0,0
52.729,hid,"18,19,20,24,25,26,27,28,29",4,90,165,239,0,0,0,0,0,0,0,0,0,0,0,0,0,0,255,255,3,0,255,255,2,0,4,0,2,16,0,0
52.744,hid,"20,26,28",4,90,165,239,0,0,0,0,0,0,0,0,0,0,0,0,0,0,255,255,2,0,255,255,2,0,8,0,0,16,0,0
52.775,hid,"18,19,22,23,24,25,26,27,28",4,90,165,239,0,0,0,0,0,0,0,0,0,0,0,0,0,0,0,0,2,0,0,0,246,255,255,255,1,16,0,0
52.791,hid,"18,19,20,24,26,27",4,90,165,239,0,0,0,0,0,0,0,0,0,0,0,0,0,0,254,255,1,0,0,0,247,255,4,0,1,16,0,0
52.807,hid,"18,20,21,22,23,24,25,26,28,29",4,90,165,239,0,0,0,0,0,0,0,0,0,0,0,0,0,0,255,255,254,255,254,255,5,0,1,0,245,15,0,0
52.838,hid,"18,19,20,21,22,23,24,25,26,28,29",4,90,165,239,0,0,0,0,0,0,0,0,0,0,0,0,0,0,0,0,1,0,0,0,247,255,2,0,10,16,0,0
52.84,hid,"18,19,22,24,26,28",4,90,165,239,0,0,0,0,0,0,0,0,0,0,0,0,0,0,255,255,1,0,1,0,254,255,3,0,11,16,0,0
52.869,hid,"18,19,22,23,24,25,26,28,29",4,90,165,239,0,0,0,0,0,0,0,0,0,0,0,0,0,0,0,0,1,0,255,255,2,0,6,0,255,15,0,0
52.884,hid,"18,19,20,22,23,26,28,29",4,90,165,239,0,0,0,0,0,0,0,0,0,0,0,0,0,0,255,255,2,0,0,0,2,0,9,0,1,16,0,0
52.915,hid,"22,23,24,25,26,28",4,90,165,239,0,0,0,0,0,0,0,0,0,0,0,0,0,0,255,255,2,0,254,255,250,255,2,0,7,16,0,0
52.93,hid,"18,19,20,24,25,26,28",4,90,165,239,0,0,0,0,0,0,0,0,0,0,0,0,0,0,0,0,1,0,254,255,2,0,0,0,3,16,0,0
52.946,hid,"18,19,24,25,26,28,29",4,90,165,239,0,0,0,0,0,0,0,0,0,0,0,0,0,0,255,255,1,0,254,255,250,255,14,0,251,15,0,0
52.978,hid,"18,19,20,22,24,25,26,28,29",4,90,165,239,0,0,0,0,0,0,0,0,0,0,0,0,0,0,0,0,2,0,255,255,1,0,3,0,4,16,0,0
52.994,hid,"24,25,26,28",4,90,165,239,0,0,0,0,0,0,0,0,0,0,0,0,0,0,0,0,2,0,255,255,254,255,2,0,1,16,0,0
53.009,hid,"18,20,22,24,25,26,28",4,90,165,239,0,0,0,0,0,0,0,0,0,0,0,0,0,0,1,0,1,0,253,255,11,0,10,0,2,16,0,0
53.024,hid,"18,20,22,24,26,28",4,90,165,239,0,0,0,0,0,0,0,0,0,0,0,0,0,0,0,0,0,0,252,255,18,0,11,0,4,16,0,0
53.056,hid,"18,19,20,22,24,25,26,28",4,90,165,239,0,0,0,0,0,0,0,0,0,0,0,0,0,0,255,255,2,0,251,255,253,255,5,0,0,16,0,0
53.071,hid,"18,22,24,26,27,28,29",4,90,165,239,0,0,0,0,0,0,0,0,0,0,0,0,0,0,253,255,2,0,250,255,254,255,252,255,252,15,0,0
53.087,hid,"18,19,20,22,24,25,26,28",4,90,165,239,0,0,0,0,0,0,0,0,0,0,0,0,0,0,0,0,3,0,248,255,3,0,241,255,254,15,0,0
53.118,hid,"20,22,24,26,27,28,29",4,90,165,239,0,0,0,0,0,0,0,0,0,0,0,0,0,0,0,0,1,0,251,255,17,0,51,0,5,16,0,0
53.134,hid,"18,19,24,26,28,29",4,90,165,239,0,0,0,0,0,0,0,0,0,0,0,0,0,0,254,255,1,0,251,255,7,0,47,0,245,15,0,0
53.149,hid,"22,24,26,28,29",4,90,165,239,0,0,0,0,0,0,0,0,0,0,0,0,0,0,254,255,1,0,255,255,6,0,21,0,19,16,0,0
53.165,hid,"18,22,23,24,26,28",4,90,165,239,0,0,0,0,0,0,0,0,0,0,0,0,0,0,253,255,1,0,1,0,16,0,5,0,16,16,0,0
53.196,hid,"18,22,23,24,25,26,27,28",4,90,165,239,0,0,0,0,0,0,0,0,0,0,0,0,0,0,255,255,1,0,254,255,251,255,231,255,11,16,0,0
53.213,hid,"18,22,24,28",4,90,165,239,0,0,0,0,0,0,0,0,0,0,0,0,0,0,254,255,1,0,255,255,248,255,231,255,2,16,0,0
53.228,hid,"20,22,23,24,25,26,27,28,29",4,90,165,239,0,0,0,0,0,0,0,0,0,0,0,0,0,0,254,255,0,0,0,0,4,0,0,0,254,15,0,0
53.259,hid,"18,22,23,24,25,26,28",4,90,165,239,0,0,0,0,0,0,0,0,0,0,0,0,0,0,255,255,0,0,254,255,248,255,22,0,243,15,0,0
53.259,hid,"20,22,23,24,26,28",4,90,165,239,0,0,0,0,0,0,0,0,0,0,0,0,0,0,255,255,1,0,0,0,245,255,24,0,246,15,0,0
53.29,hid,"18,19,22,23,24,25,26,27,28,29",4,90,165,239,0,0,0,0,0,0,0,0,0,0,0,0,0,0,0,0,1,0,255,255,4,0,255,255,5,16,0,0
53.305,hid,"18,19,20,22,23,24,26,28,29",4,90,165,239,0,0,0,0,0,0,0,0,0,0,0,0,0,0,255,255,2,0,0,0,3,0,242,255,251,15,0,0
53.338,hid,"20,22,23,24,26,28",4,90,165,239,0,0,0,0,0,0,0,0,0,0,0,0,0,0,255,255,3,0,255,255,0,0,253,255,255,15,0,0
53.353,hid,"18,19,22,23,24,25,26,27,28,29",4,90,165,239,0,0,0,0,0,0,0,0,0,0,0,0,0,0,0,0,3,0,0,0,247,255,7,0,7,16,0,0
53.368,hid,"18,19,22,24,26,28",4,90,165,239,0,0,0,0,0,0,0,0,0,0,0,0,0,0,253,255,3,0,1,0,255,255,26,0,1,16,0,0
53.4,hid,"18,22,23,24,25,26,28",4,90,165,239,0,0,0,0,0,0,0,0,0,0,0,0,0,0,254,255,3,0,253,255,4,0,16,0,0,16,0,0
53.431,hid,"18,20,22,24,26,28",4,90,165,239,0,0,0,0,0,0,0,0,0,0,0,0,0,0,255,255,1,0,255,255,15,0,7,0,4,16,0,0
53.446,hid,"20,22,23,24,26,27,28,29",4,90,165,239,0,0,0,0,0,0,0,0,0,0,0,0,0,0,255,255,3,0,0,0,14,0,239,255,250,15,0,0
53.477,hid,"20,22,23,24,25,26,28,29",4,90,165,239,0,0,0,0,0,0,0,0,0,0,0,0,0,0,255,255,0,0,254,255,251,255,255,255,3,16,0,0
53.493,hid,"18,19,20,24,25,26,27,28,29",4,90,165,239,0,0,0,0,0,0,0,0,0,0,0,0,0,0,0,0,1,0,254,255,4,0,13,0,246,15,0,0
53.508,hid,"18,19,20,22,24,25,26,28,29",4,90,165,239,0,0,0,0,0,0,0,0,0,0,0,0,0,0,254,255,0,0,253,255,254,255,26,0,1,16,0,0
53.539,hid,"18,19,22,24,25,26,28,29",4,90,165,239,0,0,0,0,0,0,0,0,0,0,0,0,0,0,0,0,0,0,255,255,3,0,2,0,252,15,0,0
53.57,hid,"18,19,20,22,24,26,27",4,90,165,239,0,0,0,0,0,0,0,0,0,0,0,0,0,0,255,255,1,0,254,255,11,0,245,255,252,15,0,0
53.586,hid,"20,22,24,26,28,29",4,90,165,239,0,0,0,0,0,0,0,0,0,0,0,0,0,0,255,255,2,0,253,255,4,0,243,255,1,16,0,0
53.618,hid,"18,19,20,22,24,26,27,28",4,90,165,239,0,0,0,0,0,0,0,0,0,0,0,0,0,0,0,0,3,0,254,255,0,0,9,0,4,16,0,0
53.633,hid,"18,19,24,25,26,28,29",4,90,165,239,0,0,0,0,0,0,0,0,0,0,0,0,0,0,255,255,3,0,254,255,244,255,14,0,254,15,0,0
53.648,hid,"18,19,20,22,23,24,28",4,90,165,239,0,0,0,0,0,0,0,0,0,0,0,0,0,0,0,0,1,0,0,0,250,255,14,0,255,15,0,0
53.679,hid,"18,19,26,28",4,90,165,239,0,0,0,0,0,0,0,0,0,0,0,0,0,0,255,255,1,0,0,0,250,255,1,0,249,15,0,0
53.71,hid,"18,20,22,23,24,25,26,28,29",4,90,165,239,0,0,0,0,0,0,0,0,0,0,0,0,0,0,254,255,3,0,254,255,1,0,6,0,5,16,0,0
53.725,hid,"18,26,28,29",4,90,165,239,0,0,0,0,0,0,0,0,0,0,0,0,0,0,255,255,3,0,254,255,1,0,14,0,255,15,0,0
53.757,hid,"18,19,20,22,24,25,26,28,29",4,90,165,239,0,0,0,0,0,0,0,0,0,0,0,0,0,0,0,0,2,0,255,255,252,255,12,0,1,16,0,0
53.772,hid,"20,24,26,27,28,29",4,90,165,239,0,0,0,0,0,0,0,0,0,0,0,0,0,0,0,0,3,0,255,255,251,255,253,255,255,15,0,0
53.788,hid,"18,19,20,24,26,27,28,29",4,90,165,239,0,0,0,0,0,0,0,0,0,0,0,0,0,0,254,255,1,0,255,255,246,255,2,0,3,16,0,0
53.819,hid,"20,22,24,25,26,28,29",4,90,165,239,0,0,0,0,0,0,0,0,0,0,0,0,0,0,254,255,4,0,253,255,8,0,1,0,252,15,0,0
53.851,hid,"20,22,24,26,28",4,90,165,239,0,0,0,0,0,0,0,0,0,0,0,0,0,0,254,255,1,0,254,255,3,0,3,0,255,15,0,0
53.867,hid,"20,22,24,26,28",4,90,165,239,0,0,0,0,0,0,0,0,0,0,0,0,0,0,254,255,0,0,255,255,6,0,9,0,253,15,0,0
53.898,hid,"20,24,26,28,29",4,90,165,239,0,0,0,0,0,0,0,0,0,0,0,0,0,0,254,255,1,0,255,255,8,0,5,0,8,16,0,0
53.913,hid,"20,22,23,24,26,28,29",4,90,165,239,0,0,0,0,0,0,0,0,0,0,0,0,0,0,254,255,0,0,0,0,7,0,4,0,254,15,0,0
53.929,hid,"18,22,23,24,25,26,27,28,29",4,90,165,239,0,0,0,0,0,0,0,0,0,0,0,0,0,0,255,255,0,0,254,255,254,255,252,255,1,16,0,0
53.944,hid,"18,19,20,24,25,26,28,29",4,90,165,239,0,0,0,0,0,0,0,0,0,0,0,0,0,0,0,0,1,0,254,255,3,0,255,255,254,15,0,0
53.976,hid,"24,26,27,28",4,90,165,239,0,0,0,0,0,0,0,0,0,0,0,0,0,0,0,0,1,0,254,255,1,0,5,0,250,15,0,0
53.991,hid,"20,22,23,24,25,26,28",4,90,165,239,0,0,0,0,0,0,0,0,0,0,0,0,0,0,0,0,2,0,1,0,255,255,11,0,249,15,0,0
54.007,hid,"18,19,20,22,23,24,25,26,28,29",4,90,165,239,0,0,0,0,0,0,0,0,0,0,0,0,0,0,255,255,1,0,254,255,7,0,2,0,10,16,0,0
54.038,hid,"18,19,20,22,23,24,26,28",4,90,165,239,0,0,0,0,0,0,0,0,0,0,0,0,0,0,0,0,2,0,0,0,3,0,5,0,0,16,0,0
54.054,hid,"18,19,20,24,26,28",4,90,165,239,0,0,0,0,0,0,0,0,0,0,0,0,0,0,254,255,1,0,0,0,10,0,7,0,3,16,0,0
54.07,hid,"18,19,20,22,23,24,26,28,29",4,90,165,239,0,0,0,0,0,0,0,0,0,0,0,0,0,0,0,0,0,0,253,255,8,0,6,0,252,15,0,0
54.085,hid,"18,19,20,22,24,26,28",4,90,165,239,0,0,0,0,0,0,0,0,0,0,0,0,0,0,255,255,2,0,255,255,1,0,3,0,253,15,0,0
54.116,hid,"18,20,22,23,24,26,28,29",4,90,165,239,0,0,0,0,0,0,0,0,0,0,0,0,0,0,254,255,1,0,0,0,2,0,9,0,1,16,0,0
54.132,hid,"20,22,23,24,26,28,29",4,90,165,239,0,0,0,0,0,0,0,0,0,0,0,0,0,0,254,255,2,0,254,255,6,0,11,0,248,15,0,0
54.148,hid,"18,22,24,25,26,28,29",4,90,165,239,0,0,0,0,0,0,0,0,0,0,0,0,0,0,255,255,2,0,255,255,248,255,9,0,5,16,0,0
54.179,hid,"18,22,24,25,26,27,28,29",4,90,165,239,0,0,0,0,0,0,0,0,0,0,0,0,0,0,254,255,2,0,253,255,2,0,251,255,251,15,0,0
54.179,hid,"24,26,27,28",4,90,165,239,0,0,0,0,0,0,0,0,0,0,0,0,0,0,254,255,2,0,253,255,0,0,1,0,254,15,0,0
54.209,hid,"18,22,24,26,28",4,90,165,239,0,0,0,0,0,0,0,0,0,0,0,0,0,0,255,255,2,0,254,255,11,0,9,0,253,15,0,0
54.224,hid,"20,22,24,25,26,28,29",4,90,165,239,0,0,0,0,0,0,0,0,0,0,0,0,0,0,255,255,0,0,253,255,251,255,0,0,0,16,0,0
54.255,hid,"18,20,22,23,24,25,26,28,29",4,90,165,239,0,0,0,0,0,0,0,0,0,0,0,0,0,0,253,255,1,0,0,0,10,0,11,0,252,15,0,0
54.271,hid,"18,19,22,23,24,26,28",4,90,165,239,0,0,0,0,0,0,0,0,0,0,0,0,0,0,0,0,1,0,255,255,15,0,14,0,255,15,0,0
54.286,hid,"18,19,20,24,26,27,28,29",4,90,165,239,0,0,0,0,0,0,0,0,0,0,0,0,0,0,255,255,2,0,255,255,3,0,254,255,1,16,0,0
54.317,hid,"18,19,24,26,27",4,90,165,239,0,0,0,0,0,0,0,0,0,0,0,0,0,0,0,0,2,0,255,255,5,0,7,0,1,16,0,0
54.333,hid,"18,19,20,21,22,23,24,26,28",4,90,165,239,0,0,0,0,0,0,0,0,0,0,0,0,0,0,255,255,255,255,0,0,4,0,9,0,4,16,0,0
54.348,hid,"18,19,20,21,22,23,24,25,26,28",4,90,165,239,0,0,0,0,0,0,0,0,0,0,0,0,0,0,1,0,0,0,254,255,253,255,3,0,8,16,0,0
54.363,hid,"18,24,26,28",4,90,165,239,0,0,0,0,0,0,0,0,0,0,0,0,0,0,0,0,0,0,254,255,249,255,14,0,11,16,0,0
54.394,hid,"20,22,23,24,25,26,27,28,29",4,90,165,239,0,0,0,0,0,0,0,0,0,0,0,0,0,0,0,0,3,0,0,0,8,0,254,255,242,15,0,0
54.409,hid,"18,20,22,23,24,26,28",4,90,165,239,0,0,0,0,0,0,0,0,0,0,0,0,0,0,2,0,1,0,255,255,5,0,252,255,224,15,0,0
54.425,hid,"18,19,22,23,24,26,27,28,29",4,90,165,239,0,0,0,0,0,0,0,0,0,0,0,0,0,0,254,255,1,0,1,0,16,0,30,0,56,16,0,0
54.457,hid,"18,19,20,21,22,23,24,25,26,27,28,29",4,90,165,239,0,0,0,0,0,0,0,0,0,0,0,0,0,0,0,0,254,255,254,255,251,255,255,255,186,15,0,0
54.472,hid,"18,19,20,21,22,23,24,26,28,29",4,90,165,239,0,0,0,0,0,0,0,0,0,0,0,0,0,0,254,255,6,0,1,0,253,255,247,255,18,16,0,0
54.488,hid,"18,19,20,22,23,24,26,27,28,29",4,90,165,239,0,0,0,0,0,0,0,0,0,0,0,0,0,0,0,0,2,0,254,255,239,255,3,0,219,15,0,0
54.519,hid,"18,19,22,23,24,25,26,28",4,90,165,239,0,0,0,0,0,0,0,0,0,0,0,0,0,0,255,255,2,0,0,0,0,0,23,0,238,15,0,0
54.551,hid,"18,19,22,23,24,26,28",4,90,165,239,0,0,0,0,0,0,0,0,0,0,0,0,0,0,0,0,2,0,255,255,10,0,14,0,249,15,0,0
54.566,hid,"20,22,24,26,27,28,29",4,90,165,239,0,0,0,0,0,0,0,0,0,0,0,0,0,0,0,0,0,0,253,255,5,0,251,255,10,16,0,0
54.598,hid,"18,19,20,22,23,24,25,26,28,29",4,90,165,239,0,0,0,0,0,0,0,0,0,0,0,0,0,0,255,255,2,0,0,0,252,255,245,255,240,15,0,0
54.614,hid,"18,19,22,23,24,26,27,28",4,90,165,239,0,0,0,0,0,0,0,0,0,0,0,0,0,0,1,0,2,0,255,255,253,255,2,0,254,15,0,0
54.629,hid,"18,19,20,22,24,25,26,28,29",4,90,165,239,0,0,0,0,0,0,0,0,0,0,0,0,0,0,255,255,0,0,253,255,0,0,16,0,5,16,0,0
54.644,hid,"18,19,20,22,24,26,28",4,90,165,239,0,0,0,0,0,0,0,0,0,0,0,0,0,0,0,0,1,0,255,255,10,0,11,0,2,16,0,0
54.675,hid,"22,26,28",4,90,165,239,0,0,0,0,0,0,0,0,0,0,0,0,0,0,0,0,1,0,254,255,10,0,22,0,11,16,0,0
54.691,hid,"18,22,23,24,26,28,29",4,90,165,239,0,0,0,0,0,0,0,0,0,0,0,0,0,0,2,0,1,0,0,0,24,0,8,0,251,15,0,0
54.707,hid,"18,20,21,22,23,24,26,28",4,90,165,239,0,0,0,0,0,0,0,0,0,0,0,0,0,0,0,0,254,255,255,255,21,0,10,0,254,15,0,0
54.738,hid,"20,21,22,24,26,27,28,29",4,90,165,239,0,0,0,0,0,0,0,0,0,0,0,0,0,0,0,0,0,0,253,255,2,0,254,255,3,16,0,0
54.754,hid,"18,19,20,22,24,25,26,27,28,29",4,90,165,239,0,0,0,0,0,0,0,0,0,0,0,0,0,0,255,255,1,0,255,255,254,255,4,0,249,15,0,0
54.769,hid,"24,25,26,28",4,90,165,239,0,0,0,0,0,0,0,0,0,0,0,0,0,0,255,255,1,0,255,255,2,0,1,0,243,15,0,0
54.784,hid,"20,24,25,26,28,29",4,90,165,239,0,0,0,0,0,0,0,0,0,0,0,0,0,0,255,255,2,0,255,255,250,255,6,0,1,16,0,0
54.816,hid,"18,19,22,23,24,25,26,28",4,90,165,239,0,0,0,0,0,0,0,0,0,0,0,0,0,0,0,0,2,0,0,0,13,0,7,0,5,16,0,0
54.831,hid,"20,21,22,23,24,26,28",4,90,165,239,0,0,0,0,0,0,0,0,0,0,0,0,0,0,0,0,255,255,255,255,8,0,8,0,3,16,0,0
54.846,hid,"18,19,20,21,24,26,28,29",4,90,165,239,0,0,0,0,0,0,0,0,0,0,0,0,0,0,254,255,0,0,255,255,9,0,1,0,244,15,0,0
54.876,hid,"18,19,24,26,28,29",4,90,165,239,0,0,0,0,0,0,0,0,0,0,0,0,0,0,0,0,0,0,255,255,1,0,17,0,1,16,0,0
54.892,hid,"22,24,26,28",4,90,165,239,0,0,0,0,0,0,0,0,0,0,0,0,0,0,0,0,0,0,254,255,3,0,16,0,5,16,0,0
54.908,hid,"20,21,22,24,26,28",4,90,165,239,0,0,0,0,0,0,0,0,0,0,0,0,0,0,0,0,255,255,255,255,5,0,9,0,9,16,0,0
54.94,hid,"20,21,22,24,25,26,28,29",4,90,165,239,0,0,0,0,0,0,0,0,0,0,0,0,0,0,0,0,2,0,254,255,246,255,1,0,254,15,0,0
54.971,hid,"18,19,20,22,24,26,27,28,29",4,90,165,239,0,0,0,0,0,0,0,0,0,0,0,0,0,0,254,255,3,0,255,255,251,255,253,255,6,16,0,0
54.987,hid,"18,19,20,24,26,27,28,29",4,90,165,239,0,0,0,0,0,0,0,0,0,0,0,0,0,0,0,0,2,0,255,255,252,255,3,0,247,15,0,0
55.018,hid,"20,22,24,25,26,28,29",4,90,165,239,0,0,0,0,0,0,0,0,0,0,0,0,0,0,0,0,1,0,254,255,4,0,17,0,1,16,0,0
55.033,hid,"20,22,23,24,28",4,90,165,239,0,0,0,0,0,0,0,0,0,0,0,0,0,0,0,0,2,0,0,0,9,0,17,0,0,16,0,0
55.049,hid,"22,23,24,26,28",4,90,165,239,0,0,0,0,0,0,0,0,0,0,0,0,0,0,0,0,2,0,253,255,4,0,18,0,2,16,0,0
55.065,hid,"22,23,24,25,26,28",4,90,165,239,0,0,0,0,0,0,0,0,0,0,0,0,0,0,0,0,2,0,0,0,255,255,6,0,0,16,0,0
55.096,hid,"18,19,22,23,24,25,26,28,29",4,90,165,239,0,0,0,0,0,0,0,0,0,0,0,0,0,0,255,255,2,0,255,255,1,0,10,0,255,15,0,0
55.112,hid,"20,24,26",4,90,165,239,0,0,0,0,0,0,0,0,0,0,0,0,0,0,255,255,1,0,255,255,12,0,8,0,255,15,0,0
55.127,hid,"24,26,28,29",4,90,165,239,0,0,0,0,0,0,0,0,0,0,0,0,0,0,255,255,1,0,255,255,16,0,1,0,1,16,0,0
55.158,hid,"18,19,24,26,28",4,90,165,239,0,0,0,0,0,0,0,0,0,0,0,0,0,0,0,0,1,0,255,255,5,0,2,0,5,16,0,0
55.172,hid,"22,24,25,26,28,29",4,90,165,239,0,0,0,0,0,0,0,0,0,0,0,0,0,0,0,0,1,0,254,255,251,255,9,0,251,15,0,0
55.188,hid,"24,25,26,28,29",4,90,165,239,0,0,0,0,0,0,0,0,0,0,0,0,0,0,0,0,1,0,254,255,0,0,3,0,8,16,0,0
55.219,hid,"20,21,24,26,28",4,90,165,239,0,0,0,0,0,0,0,0,0,0,0,0,0,0,0,0,255,255,254,255,11,0,5,0,1,16,0,0
55.25,hid,"18,19,20,21,22,24,25,26,28,29",4,90,165,239,0,0,0,0,0,0,0,0,0,0,0,0,0,0,255,255,1,0,252,255,252,255,16,0,254,15,0,0
55.265,hid,"18,19,20,22,24,25,26,28",4,90,165,239,0,0,0,0,0,0,0,0,0,0,0,0,0,0,0,0,0,0,255,255,15,0,3,0,251,15,0,0
55.297,hid,"18,19,20,22,24,25,28",4,90,165,239,0,0,0,0,0,0,0,0,0,0,0,0,0,0,254,255,2,0,254,255,255,255,3,0,247,15,0,0
55.312,hid,"18,20,22,23,24,25,26,28,29",4,90,165,239,0,0,0,0,0,0,0,0,0,0,0,0,0,0,253,255,0,0,0,0,10,0,2,0,6,16,0,0
55.328,hid,"18,20,22,23,24,26,28,29",4,90,165,239,0,0,0,0,0,0,0,0,0,0,0,0,0,0,254,255,1,0,254,255,2,0,5,0,251,15,0,0
55.359,hid,"20,22,24,26,28,29",4,90,165,239,0,0,0,0,0,0,0,0,0,0,0,0,0,0,254,255,2,0,255,255,10,0,12,0,2,16,0,0
55.39,hid,"18,20,22,23,24,25,28,29",4,90,165,239,0,0,0,0,0,0,0,0,0,0,0,0,0,0,253,255,3,0,0,0,255,255,12,0,248,15,0,0
55.406,hid,"18,20,22,23,24,25,26,28",4,90,165,239,0,0,0,0,0,0,0,0,0,0,0,0,0,0,255,255,1,0,255,255,0,0,7,0,251,15,0,0
55.438,hid,"18,20,22,23,24,26,28,29",4,90,165,239,0,0,0,0,0,0,0,0,0,0,0,0,0,0,254,255,3,0,0,0,13,0,10,0,6,16,0,0
55.453,hid,"18,22,23,24,26,28",4,90,165,239,0,0,0,0,0,0,0,0,0,0,0,0,0,0,255,255,3,0,253,255,12,0,7,0,3,16,0,0
55.469,hid,"18,20,22,24,25,26,28,29",4,90,165,239,0,0,0,0,0,0,0,0,0,0,0,0,0,0,253,255,0,0,255,255,252,255,11,0,253,15,0,0
55.485,hid,"18,19,20,22,24,26,28,29",4,90,165,239,0,0,0,0,0,0,0,0,0,0,0,0,0,0,0,0,4,0,254,255,254,255,5,0,4,16,0,0
55.516,hid,"18,19,20,22,24,25,26,27,28,29",4,90,165,239,0,0,0,0,0,0,0,0,0,0,0,0,0,0,254,255,0,0,253,255,2,0,255,255,249,15,0,0
55.531,hid,"18,20,22,23,24,26,27,28",4,90,165,239,0,0,0,0,0,0,0,0,0,0,0,0,0,0,255,255,1,0,0,0,4,0,3,0,251,15,0,0
55.547,hid,"18,20,22,23,24,25,26,28,29",4,90,165,239,0,0,0,0,0,0,0,0,0,0,0,0,0,0,253,255,2,0,254,255,249,255,9,0,0,16,0,0
55.578,hid,"18,20,22,24,25,26,28",4,90,165,239,0,0,0,0,0,0,0,0,0,0,0,0,0,0,255,255,0,0,253,255,9,0,15,0,1,16,0,0
55.593,hid,"20,22,24,26,28,29",4,90,165,239,0,0,0,0,0,0,0,0,0,0,0,0,0,0,255,255,1,0,255,255,2,0,5,0,251,15,0,0
55.608,hid,"20,22,26,28,29",4,90,165,239,0,0,0,0,0,0,0,0,0,0,0,0,0,0,255,255,3,0,253,255,2,0,7,0,4,16,0,0
55.639,hid,"20,22,24,26,28",4,90,165,239,0,0,0,0,0,0,0,0,0,0,0,0,0,0,255,255,1,0,255,255,5,0,11,0,1,16,0,0
55.67,hid,"18,19,20,22,24,26,28",4,90,165,239,0,0,0,0,0,0,0,0,0,0,0,0,0,0,0,0,0,0,254,255,12,0,7,0,8,16,0,0
55.685,hid,"20,22,26,27,28",4,90,165,239,0,0,0,0,0,0,0,0,0,0,0,0,0,0,0,0,1,0,253,255,12,0,252,255,3,16,0,0
55.717,hid,"20,24,26,27,28,29",4,90,165,239,0,0,0,0,0,0,0,0,0,0,0,0,0,0,0,0,0,0,253,255,5,0,12,0,250,15,0,0
55.733,hid,"20,22,23,24,26,28",4,90,165,239,0,0,0,0,0,0,0,0,0,0,0,0,0,0,0,0,1,0,1,0,4,0,8,0,251,15,0,0
55.749,hid,"18,19,20,22,23,26,28,29",4,90,165,239,0,0,0,0,0,0,0,0,0,0,0,0,0,0,254,255,2,0,253,255,4,0,20,0,8,16,0,0
55.764,hid,"18,19,20,22,24,26,28",4,90,165,239,0,0,0,0,0,0,0,0,0,0,0,0,0,0,0,0,1,0,255,255,8,0,14,0,0,16,0,0
55.795,hid,"18,19,20,22,23,24,26,28,29",4,90,165,239,0,0,0,0,0,0,0,0,0,0,0,0,0,0,255,255,2,0,0,0,4,0,7,0,254,15,0,0
55.812,hid,"18,19,22,23,24,26,28,29",4,90,165,239,0,0,0,0,0,0,0,0,0,0,0,0,0,0,0,0,2,0,255,255,7,0,6,0,1,16,0,0
55.826,hid,"18,19,20,22,26",4,90,165,239,0,0,0,0,0,0,0,0,0,0,0,0,0,0,254,255,1,0,253,255,7,0,3,0,1,16,0,0
55.858,hid,"18,19,20,22,23,26,28",4,90,165,239,0,0,0,0,0,0,0,0,0,0,0,0,0,0,0,0,3,0,0,0,7,0,10,0,9,16,0,0
55.874,hid,"20,22,23,26,28,29",4,90,165,239,0,0,0,0,0,0,0,0,0,0,0,0,0,0,0,0,2,0,254,255,7,0,7,0,255,15,0,0
55.889,hid,"22,23,24,26,28,29",4,90,165,239,0,0,0,0,0,0,0,0,0,0,0,0,0,0,0,0,2,0,0,0,9,0,9,0,4,16,0,0
55.904,hid,"18,19,20,22,23,24,26,28",4,90,165,239,0,0,0,0,0,0,0,0,0,0,0,0,0,0,254,255,1,0,254,255,5,0,5,0,2,16,0,0
55.935,hid,"22,24,26,28",4,90,165,239,0,0,0,0,0,0,0,0,0,0,0,0,0,0,254,255,1,0,255,255,4,0,4,0,1,16,0,0
55.951,hid,"18,19,22,24,25,26,28",4,90,165,239,0,0,0,0,0,0,0,0,0,0,0,0,0,0,0,0,1,0,254,255,255,255,10,0,0,16,0,0
55.966,hid,"18,20,22,24,26,28",4,90,165,239,0,0,0,0,0,0,0,0,0,0,0,0,0,0,1,0,2,0,255,255,254,255,6,0,1,16,0,0
55.997,hid,"18,19,20,22,24,25,26",4,90,165,239,0,0,0,0,0,0,0,0,0,0,0,0,0,0,255,255,0,0,253,255,11,0,9,0,1,16,0,0
56.012,hid,"18,20,22,24,26,28",4,90,165,239,0,0,0,0,0,0,0,0,0,0,0,0,0,0,254,255,2,0,255,255,6,0,8,0,6,16,0,0
56.028,hid,"20,22,23,24,26,28",4,90,165,239,0,0,0,0,0,0,0,0,0,0,0,0,0,0,254,255,1,0,0,0,9,0,1,0,3,16,0,0
56.059,hid,"24,26,28,29",4,90,165,239,0,0,0,0,0,0,0,0,0,0,0,0,0,0,254,255,1,0,0,0,5,0,17,0,255,15,0,0
56.089,hid,"18,22,23,24,25,26,28,29",4,90,165,239,0,0,0,0,0,0,0,0,0,0,0,0,0,0,255,255,1,0,252,255,255,255,5,0,0,16,0,0
56.105,hid,"20,22,23,24,25,26",4,90,165,239,0,0,0,0,0,0,0,0,0,0,0,0,0,0,255,255,3,0,0,0,11,0,15,0,0,16,0,0
56.136,hid,"18,20,22,23,24,26,28,29",4,90,165,239,0,0,0,0,0,0,0,0,0,0,0,0,0,0,254,255,0,0,255,255,2,0,9,0,251,15,0,0
56.152,hid,"18,20,24,26,28",4,90,165,239,0,0,0,0,0,0,0,0,0,0,0,0,0,0,253,255,2,0,255,255,13,0,3,0,254,15,0,0
56.167,hid,"18,19,20,24,26,28,29",4,90,165,239,0,0,0,0,0,0,0,0,0,0,0,0,0,0,0,0,1,0,255,255,5,0,8,0,2,16,0,0
56.198,hid,"18,19,20,22,24,26,28,29",4,90,165,239,0,0,0,0,0,0,0,0,0,0,0,0,0,0,255,255,3,0,254,255,6,0,4,0,247,15,0,0
56.213,hid,"18,19,22,23,24,26,28,29",4,90,165,239,0,0,0,0,0,0,0,0,0,0,0,0,0,0,0,0,3,0,1,0,10,0,5,0,0,16,0,0
56.229,hid,"18,19,20,22,23,24,26,28",4,90,165,239,0,0,0,0,0,0,0,0,0,0,0,0,0,0,254,255,4,0,254,255,5,0,7,0,9,16,0,0
56.245,hid,"22,23,24,26,28,29",4,90,165,239,0,0,0,0,0,0,0,0,0,0,0,0,0,0,254,255,4,0,0,0,7,0,3,0,254,15,0,0
56.276,hid,"20,24,26,28",4,90,165,239,0,0,0,0,0,0,0,0,0,0,0,0,0,0,254,255,2,0,0,0,13,0,4,0,252,15,0,0
56.291,hid,"18,20,22,23,24,26,28",4,90,165,239,0,0,0,0,0,0,0,0,0,0,0,0,0,0,255,255,3,0,255,255,15,0,14,0,255,15,0,0
56.307,hid,"18,19,20,22,23,24,26,28,29",4,90,165,239,0,0,0,0,0,0,0,0,0,0,0,0,0,0,0,0,0,0,0,0,4,0,13,0,1,16,0,0
56.339,hid,"18,19,20,21,22,23,24,26,28",4,90,165,239,0,0,0,0,0,0,0,0,0,0,0,0,0,0,254,255,254,255,254,255,10,0,10,0,3,16,0,0
56.37,hid,"18,20,21,22,24,25,26,28",4,90,165,239,0,0,0,0,0,0,0,0,0,0,0,0,0,0,255,255,0,0,255,255,255,255,7,0,7,16,0,0
56.386,hid,"18,19,20,24,25,26,28,29",4,90,165,239,0,0,0,0,0,0,0,0,0,0,0,0,0,0,0,0,1,0,255,255,7,0,9,0,254,15,0,0
56.418,hid,"20,24,26,28,29",4,90,165,239,0,0,0,0,0,0,0,0,0,0,0,0,0,0,0,0,0,0,255,255,1,0,10,0,2,16,0,0
56.435,hid,"24,26,28,29",4,90,165,239,0,0,0,0,0,0,0,0,0,0,0,0,0,0,0,0,0,0,255,255,3,0,15,0,254,15,0,0
56.451,hid,"18,19,20,21,22,23,24,26,28",4,90,165,239,0,0,0,0,0,0,0,0,0,0,0,0,0,0,255,255,255,255,0,0,6,0,8,0,250,15,0,0
56.466,hid,"18,20,21,24,25,26,28,29",4,90,165,239,0,0,0,0,0,0,0,0,0,0,0,0,0,0,254,255,1,0,0,0,253,255,2,0,7,16,0,0
56.498,hid,"18,19,20,22,23,24,25,26,28,29",4,90,165,239,0,0,0,0,0,0,0,0,0,0,0,0,0,0,0,0,2,0,254,255,2,0,3,0,246,15,0,0
56.513,hid,"20,22,24,25,26,28,29",4,90,165,239,0,0,0,0,0,0,0,0,0,0,0,0,0,0,0,0,0,0,253,255,248,255,8,0,2,16,0,0
56.529,hid,"18,19,20,22,23,24,26",4,90,165,239,0,0,0,0,0,0,0,0,0,0,0,0,0,0,255,255,1,0,0,0,254,255,6,0,2,16,0,0
56.545,hid,"20,22,23,24,25,26,28,29",4,90,165,239,0,0,0,0,0,0,0,0,0,0,0,0,0,0,255,255,3,0,254,255,13,0,12,0,252,15,0,0
56.577,hid,"18,24,28",4,90,165,239,0,0,0,0,0,0,0,0,0,0,0,0,0,0,252,255,3,0,254,255,6,0,12,0,255,15,0,0
56.592,hid,"18,20,22,24,26,28,29",4,90,165,239,0,0,0,0,0,0,0,0,0,0,0,0,0,0,255,255,1,0,255,255,9,0,14,0,6,16,0,0
56.608,hid,"18,20,22,24,26,28",4,90,165,239,0,0,0,0,0,0,0,0,0,0,0,0,0,0,254,255,2,0,254,255,3,0,13,0,11,16,0,0
56.639,hid,"18,20,24,25,26,28",4,90,165,239,0,0,0,0,0,0,0,0,0,0,0,0,0,0,255,255,4,0,254,255,250,255,4,0,0,16,0,0
56.639,hid,"22,24,26,28",4,90,165,239,0,0,0,0,0,0,0,0,0,0,0,0,0,0,255,255,4,0,253,255,255,255,8,0,2,16,0,0
56.67,hid,"18,20,22,23,24,25,26,28,29",4,90,165,239,0,0,0,0,0,0,0,0,0,0,0,0,0,0,254,255,2,0,0,0,0,0,6,0,254,15,0,0
56.685,hid,"18,20,22,23,24,26,28,29",4,90,165,239,0,0,0,0,0,0,0,0,0,0,0,0,0,0,255,255,1,0,252,255,9,0,5,0,1,16,0,0
56.717,hid,"20,22,23,24,26,28",4,90,165,239,0,0,0,0,0,0,0,0,0,0,0,0,0,0,255,255,0,0,0,0,6,0,12,0,2,16,0,0
56.732,hid,"20,22,23,24,26,28,29",4,90,165,239,0,0,0,0,0,0,0,0,0,0,0,0,0,0,255,255,2,0,255,255,9,0,14,0,255,15,0,0
56.747,hid,"18,20,24,26,28",4,90,165,239,0,0,0,0,0,0,0,0,0,0,0,0,0,0,254,255,0,0,255,255,22,0,10,0,253,15,0,0
56.778,hid,"18,20,24,26,28,29",4,90,165,239,0,0,0,0,0,0,0,0,0,0,0,0,0,0,255,255,1,0,255,255,2,0,0,0,0,16,0,0
56.794,hid,"18,19,20,22,24,26,28",4,90,165,239,0,0,0,0,0,0,0,0,0,0,0,0,0,0,1,0,0,0,254,255,11,0,13,0,1,16,0,0
56.809,hid,"18,19,22,23,24,26,28,29",4,90,165,239,0,0,0,0,0,0,0,0,0,0,0,0,0,0,254,255,0,0,1,0,3,0,1,0,254,15,0,0
56.825,hid,"18,19,20,22,24,26,28,29",4,90,165,239,0,0,0,0,0,0,0,0,0,0,0,0,0,0,0,0,1,0,0,0,9,0,7,0,5,16,0,0
56.855,hid,"22,23,24,26,28",4,90,165,239,0,0,0,0,0,0,0,0,0,0,0,0,0,0,0,0,1,0,254,255,1,0,5,0,2,16,0,0
56.87,hid,"18,19,20,24,28,29",4,90,165,239,0,0,0,0,0,0,0,0,0,0,0,0,0,0,253,255,0,0,254,255,7,0,5,0,250,15,0,0
56.886,hid,"18,20,22,23,24,26,28",4,90,165,239,0,0,0,0,0,0,0,0,0,0,0,0,0,0,254,255,1,0,0,0,1,0,6,0,248,15,0,0
56.917,hid,"18,20,24,26,28,29",4,90,165,239,0,0,0,0,0,0,0,0,0,0,0,0,0,0,255,255,2,0,0,0,5,0,13,0,0,16,0,0
56.932,hid,"18,22,23,24,26,28",4,90,165,239,0,0,0,0,0,0,0,0,0,0,0,0,0,0,254,255,2,0,252,255,15,0,21,0,2,16,0,0
56.948,hid,"18,20,22,24,26,28",4,90,165,239,0,0,0,0,0,0,0,0,0,0,0,0,0,0,255,255,3,0,255,255,14,0,12,0,4,16,0,0
56.979,hid,"18,19,20,22,24,25,26,28,29",4,90,165,239,0,0,0,0,0,0,0,0,0,0,0,0,0,0,0,0,2,0,254,255,254,255,0,0,234,15,0,0
57.011,hid,"20,22,23,24,25,26,28",4,90,165,239,0,0,0,0,0,0,0,0,0,0,0,0,0,0,0,0,3,0,0,0,2,0,9,0,248,15,0,0
57.027,hid,"18,19,22,26,28,29",4,90,165,239,0,0,0,0,0,0,0,0,0,0,0,0,0,0,254,255,3,0,1,0,2,0,2,0,6,16,0,0
57.058,hid,"18,20,22,23,24,25,26,28",4,90,165,239,0,0,0,0,0,0,0,0,0,0,0,0,0,0,255,255,1,0,254,255,251,255,6,0,3,16,0,0
57.074,hid,"18,19,20,22,24,25,26,28,29",4,90,165,239,0,0,0,0,0,0,0,0,0,0,0,0,0,0,0,0,3,0,255,255,9,0,13,0,251,15,0,0
57.089,hid,"18,19,20,22,24,26,28,29",4,90,165,239,0,0,0,0,0,0,0,0,0,0,0,0,0,0,254,255,2,0,254,255,10,0,25,0,7,16,0,0
57.104,hid,"18,20,22,24,26,28",4,90,165,239,0,0,0,0,0,0,0,0,0,0,0,0,0,0,255,255,1,0,255,255,1,0,9,0,10,16,0,0
57.134,hid,"18,19,24,26,28",4,90,165,239,0,0,0,0,0,0,0,0,0,0,0,0,0,0,0,0,1,0,255,255,5,0,0,0,7,16,0,0
57.15,hid,"18,19,20,21,22,23,24,26,28",4,90,165,239,0,0,0,0,0,0,0,0,0,0,0,0,0,0,255,255,255,255,0,0,0,0,6,0,3,16,0,0
57.165,hid,"20,21,22,23,24,25,26,28",4,90,165,239,0,0,0,0,0,0,0,0,0,0,0,0,0,0,255,255,0,0,254,255,253,255,7,0,4,16,0,0
57.196,hid,"18,20,22,24,26,28",4,90,165,239,0,0,0,0,0,0,0,0,0,0,0,0,0,0,254,255,1,0,255,255,244,255,14,0,7,16,0,0
57.213,hid,"20,22,23,24,25,26,28,29",4,90,165,239,0,0,0,0,0,0,0,0,0,0,0,0,0,0,254,255,2,0,0,0,9,0,12,0,252,15,0,0
57.228,hid,"18,19,20,21,22,23,24,26,28,29",4,90,165,239,0,0,0,0,0,0,0,0,0,0,0,0,0,0,0,0,255,255,254,255,16,0,18,0,0,16,0,0
57.259,hid,"18,19,20,21,24,26,28,29",4,90,165,239,0,0,0,0,0,0,0,0,0,0,0,0,0,0,254,255,1,0,254,255,22,0,10,0,242,15,0,0
57.29,hid,"18,20,21,24,26,28,29",4,90,165,239,0,0,0,0,0,0,0,0,0,0,0,0,0,0,253,255,255,255,254,255,13,0,3,0,6,16,0,0
57.305,hid,"18,19,20,21,22,23,24,26,28",4,90,165,239,0,0,0,0,0,0,0,0,0,0,0,0,0,0,0,0,1,0,0,0,0,0,7,0,4,16,0,0
57.336,hid,"20,22,23,24,25,26,28,29",4,90,165,239,0,0,0,0,0,0,0,0,0,0,0,0,0,0,0,0,3,0,255,255,250,255,6,0,254,15,0,0
57.352,hid,"18,19,22,26,28",4,90,165,239,0,0,0,0,0,0,0,0,0,0,0,0,0,0,255,255,3,0,254,255,250,255,1,0,249,15,0,0
57.368,hid,"18,24,26,28,29",4,90,165,239,0,0,0,0,0,0,0,0,0,0,0,0,0,0,254,255,3,0,254,255,255,255,11,0,3,16,0,0
57.399,hid,"18,19,20,22,24,25,26,28",4,90,165,239,0,0,0,0,0,0,0,0,0,0,0,0,0,0,0,0,2,0,255,255,12,0,9,0,8,16,0,0
57.43,hid,"18,19,20,22,26,28",4,90,165,239,0,0,0,0,0,0,0,0,0,0,0,0,0,0,254,255,3,0,254,255,12,0,14,0,1,16,0,0
57.445,hid,"18,24,26,28",4,90,165,239,0,0,0,0,0,0,0,0,0,0,0,0,0,0,255,255,3,0,254,255,4,0,20,0,5,16,0,0
57.476,hid,"18,20,22,24,25,26,28",4,90,165,239,0,0,0,0,0,0,0,0,0,0,0,0,0,0,254,255,1,0,255,255,254,255,1,0,1,16,0,0
57.492,hid,"18,19,20,24,28",4,90,165,239,0,0,0,0,0,0,0,0,0,0,0,0,0,0,0,0,2,0,255,255,237,255,1,0,6,16,0,0
57.508,hid,"20,21,22,24,26,27,28",4,90,165,239,0,0,0,0,0,0,0,0,0,0,0,0,0,0,0,0,255,255,253,255,245,255,250,255,0,16,0,0
57.539,hid,"18,19,20,21,22,23,24,25,26,27,28",4,90,165,239,0,0,0,0,0,0,0,0,0,0,0,0,0,0,255,255,0,0,0,0,8,0,8,0,1,16,0,0
57.57,hid,"18,19,20,24,26,28,29",4,90,165,239,0,0,0,0,0,0,0,0,0,0,0,0,0,0,0,0,2,0,0,0,17,0,13,0,252,15,0,0
57.586,hid,"18,19,22,23,24,26,28,29",4,90,165,239,0,0,0,0,0,0,0,0,0,0,0,0,0,0,254,255,2,0,255,255,13,0,10,0,6,16,0,0
57.618,hid,"18,20,26,28,29",4,90,165,239,0,0,0,0,0,0,0,0,0,0,0,0,0,0,255,255,1,0,255,255,13,0,15,0,253,15,0,0
57.633,hid,"20,21,22,24,25,26,28,29",4,90,165,239,0,0,0,0,0,0,0,0,0,0,0,0,0,0,255,255,255,255,254,255,250,255,11,0,2,16,0,0
57.649,hid,"20,21,22,23,24,26,27,28,29",4,90,165,239,0,0,0,0,0,0,0,0,0,0,0,0,0,0,255,255,2,0,1,0,244,255,255,255,249,15,0,0
57.664,hid,"18,20,22,24,26,28,29",4,90,165,239,0,0,0,0,0,0,0,0,0,0,0,0,0,0,253,255,3,0,0,0,246,255,248,255,0,16,0,0
57.696,hid,"18,19,20,22,23,24,26,27,28",4,90,165,239,0,0,0,0,0,0,0,0,0,0,0,0,0,0,0,0,1,0,255,255,253,255,4,0,2,16,0,0
57.711,hid,"18,19,20,24,25,26,28",4,90,165,239,0,0,0,0,0,0,0,0,0,0,0,0,0,0,255,255,2,0,255,255,4,0,9,0,0,16,0,0
57.727,hid,"20,22,23,24,26,28,29",4,90,165,239,0,0,0,0,0,0,0,0,0,0,0,0,0,0,255,255,1,0,0,0,17,0,12,0,249,15,0,0
57.758,hid,"18,19,22,23,24,26,28,29",4,90,165,239,0,0,0,0,0,0,0,0,0,0,0,0,0,0,0,0,1,0,255,255,22,0,21,0,10,16,0,0
57.773,hid,"20,22,24,26,28,29",4,90,165,239,0,0,0,0,0,0,0,0,0,0,0,0,0,0,0,0,3,0,254,255,10,0,17,0,244,15,0,0
57.789,hid,"18,19,20,26,28",4,90,165,239,0,0,0,0,0,0,0,0,0,0,0,0,0,0,255,255,2,0,254,255,10,0,6,0,254,15,0,0
57.805,hid,"22,24,26,27,28,29",4,90,165,239,0,0,0,0,0,0,0,0,0,0,0,0,0,0,255,255,2,0,255,255,3,0,244,255,19,16,0,0
57.837,hid,"18,19,22,24,25,26,28",4,90,165,239,0,0,0,0,0,0,0,0,0,0,0,0,0,0,0,0,2,0,254,255,241,255,249,255,1,16,0,0
57.853,hid,"22,24,26,27,28",4,90,165,239,0,0,0,0,0,0,0,0,0,0,0,0,0,0,0,0,2,0,253,255,255,255,15,0,5,16,0,0
57.868,hid,"22,24,25,26,28",4,90,165,239,0,0,0,0,0,0,0,0,0,0,0,0,0,0,0,0,2,0,254,255,7,0,27,0,0,16,0,0
57.899,hid,"20,22,24,26,28,29",4,90,165,239,0,0,0,0,0,0,0,0,0,0,0,0,0,0,0,0,0,0,255,255,18,0,23,0,251,15,0,0
57.929,hid,"18,19,20,22,24,26,28,29",4,90,165,239,0,0,0,0,0,0,0,0,0,0,0,0,0,0,255,255,1,0,252,255,1,0,5,0,4,16,0,0
57.944,hid,"20,22,23,24,25,26,28",4,90,165,239,0,0,0,0,0,0,0,0,0,0,0,0,0,0,255,255,0,0,0,0,254,255,2,0,1,16,0,0
57.977,hid,"18,19,20,22,23,24,26,28,29",4,90,165,239,0,0,0,0,0,0,0,0,0,0,0,0,0,0,0,0,3,0,255,255,252,255,19,0,254,15,0,0
57.992,hid,"20,22,24,25,26",4,90,165,239,0,0,0,0,0,0,0,0,0,0,0,0,0,0,0,0,1,0,254,255,11,0,25,0,254,15,0,0
58.008,hid,"18,19,22,23,26,28",4,90,165,239,0,0,0,0,0,0,0,0,0,0,0,0,0,0,254,255,1,0,0,0,11,0,21,0,252,15,0,0
58.039,hid,"18,22,23,24,25,26,27,28",4,90,165,239,0,0,0,0,0,0,0,0,0,0,0,0,0,0,255,255,1,0,252,255,243,255,252,255,255,15,0,0
58.04,hid,"22,24,26,28",4,90,165,239,0,0,0,0,0,0,0,0,0,0,0,0,0,0,255,255,1,0,253,255,244,255,250,255,254,15,0,0
58.07,hid,"22,24,26,27,28,29",4,90,165,239,0,0,0,0,0,0,0,0,0,0,0,0,0,0,255,255,1,0,254,255,254,255,2,0,3,16,0,0
58.085,hid,"18,20,22,24,25,26,28",4,90,165,239,0,0,0,0,0,0,0,0,0,0,0,0,0,0,254,255,2,0,255,255,13,0,18,0,5,16,0,0
58.117,hid,"18,22,24,26,28,29",4,90,165,239,0,0,0,0,0,0,0,0,0,0,0,0,0,0,255,255,2,0,253,255,12,0,17,0,252,15,0,0
58.133,hid,"20,22,24,26,28",4,90,165,239,0,0,0,0,0,0,0,0,0,0,0,0,0,0,255,255,3,0,254,255,5,0,19,0,255,15,0,0
58.148,hid,"20,22,23,24,26,28,29",4,90,165,239,0,0,0,0,0,0,0,0,0,0,0,0,0,0,255,255,2,0,0,0,18,0,10,0,1,16,0,0
58.179,hid,"18,19,20,22,23,24,26,28,29",4,90,165,239,0,0,0,0,0,0,0,0,0,0,0,0,0,0,0,0,3,0,254,255,7,0,3,0,254,15,0,0
58.179,hid,"18,19,26,28",4,90,165,239,0,0,0,0,0,0,0,0,0,0,0,0,0,0,255,255,3,0,254,255,7,0,1,0,251,15,0,0
58.21,hid,"20,22,23,24,25,26,27,28",4,90,165,239,0,0,0,0,0,0,0,0,0,0,0,0,0,0,255,255,2,0,0,0,253,255,252,255,253,15,0,0
58.225,hid,"18,20,22,23,26,27,28",4,90,165,239,0,0,0,0,0,0,0,0,0,0,0,0,0,0,254,255,1,0,255,255,253,255,16,0,251,15,0,0
58.257,hid,"18,24,25,26,28,29",4,90,165,239,0,0,0,0,0,0,0,0,0,0,0,0,0,0,255,255,1,0,255,255,15,0,15,0,1,16,0,0
58.272,hid,"18,22,23,26,28,29",4,90,165,239,0,0,0,0,0,0,0,0,0,0,0,0,0,0,254,255,1,0,0,0,15,0,13,0,249,15,0,0
58.288,hid,"18,20,22,23,24,26,27,28,29",4,90,165,239,0,0,0,0,0,0,0,0,0,0,0,0,0,0,255,255,3,0,255,255,4,0,253,255,4,16,0,0
58.32,hid,"20,24,25,26,27,28,29",4,90,165,239,0,0,0,0,0,0,0,0,0,0,0,0,0,0,255,255,2,0,255,255,242,255,8,0,255,15,0,0
58.351,hid,"20,24,26,28",4,90,165,239,0,0,0,0,0,0,0,0,0,0,0,0,0,0,255,255,1,0,255,255,240,255,6,0,248,15,0,0
58.366,hid,"18,22,24,25,28,29",4,90,165,239,0,0,0,0,0,0,0,0,0,0,0,0,0,0,254,255,1,0,254,255,3,0,6,0,8,16,0,0
58.398,hid,"20,26,27,28,29",4,90,165,239,0,0,0,0,0,0,0,0,0,0,0,0,0,0,254,255,0,0,254,255,3,0,254,255,253,15,0,0
58.413,hid,"18,20,22,24,28,29",4,90,165,239,0,0,0,0,0,0,0,0,0,0,0,0,0,0,255,255,1,0,255,255,6,0,254,255,2,16,0,0
58.429,hid,"20,22,26,27,28,29",4,90,165,239,0,0,0,0,0,0,0,0,0,0,0,0,0,0,255,255,2,0,254,255,6,0,2,0,254,15,0,0
58.444,hid,"20,22,24,26,28,29",4,90,165,239,0,0,0,0,0,0,0,0,0,0,0,0,0,0,255,255,1,0,255,255,7,0,11,0,1,16,0,0
58.475,hid,"18,19,20,24,26,28",4,90,165,239,0,0,0,0,0,0,0,0,0,0,0,0,0,0,0,0,3,0,255,255,6,0,21,0,5,16,0,0
58.491,hid,"18,19,22,23,24,26,28,29",4,90,165,239,0,0,0,0,0,0,0,0,0,0,0,0,0,0,255,255,3,0,0,0,2,0,22,0,255,15,0,0
58.506,hid,"20,22,24,26",4,90,165,239,0,0,0,0,0,0,0,0,0,0,0,0,0,0,255,255,2,0,1,0,3,0,8,0,255,15,0,0
58.538,hid,"20,22,23,24,26,28,29",4,90,165,239,0,0,0,0,0,0,0,0,0,0,0,0,0,0,255,255,3,0,251,255,5,0,2,0,6,16,0,0
58.554,hid,"18,22,23,24,26,28,29",4,90,165,239,0,0,0,0,0,0,0,0,0,0,0,0,0,0,254,255,3,0,0,0,4,0,8,0,250,15,0,0
58.57,hid,"18,19,20,22,23,24,26,28,29",4,90,165,239,0,0,0,0,0,0,0,0,0,0,0,0,0,0,0,0,1,0,255,255,10,0,9,0,0,16,0,0
58.585,hid,"20,24,26,28",4,90,165,239,0,0,0,0,0,0,0,0,0,0,0,0,0,0,0,0,2,0,255,255,19,0,3,0,14,16,0,0
58.617,hid,"18,19,20,22,24,25,26,28",4,90,165,239,0,0,0,0,0,0,0,0,0,0,0,0,0,0,254,255,1,0,254,255,254,255,2,0,2,16,0,0
58.632,hid,"18,19,22,24,26,28,29",4,90,165,239,0,0,0,0,0,0,0,0,0,0,0,0,0,0,0,0,1,0,255,255,245,255,4,0,249,15,0,0
58.648,hid,"18,19,20,21,24,26,28,29",4,90,165,239,0,0,0,0,0,0,0,0,0,0,0,0,0,0,255,255,255,255,255,255,246,255,8,0,8,16,0,0
58.679,hid,"20,21,22,23,24,25,26,28",4,90,165,239,0,0,0,0,0,0,0,0,0,0,0,0,0,0,255,255,1,0,1,0,2,0,6,0,3,16,0,0
58.71,hid,"22,23,24,26,28",4,90,165,239,0,0,0,0,0,0,0,0,0,0,0,0,0,0,255,255,1,0,254,255,13,0,5,0,1,16,0,0
58.725,hid,"20,22,24,26,28,29",4,90,165,239,0,0,0,0,0,0,0,0,0,0,0,0,0,0,255,255,0,0,255,255,19,0,1,0,255,15,0,0
58.756,hid,"22,24,26,28,29",4,90,165,239,0,0,0,0,0,0,0,0,0,0,0,0,0,0,255,255,0,0,253,255,2,0,12,0,1,16,0,0
58.772,hid,"18,22,24,26,28",4,90,165,239,0,0,0,0,0,0,0,0,0,0,0,0,0,0,254,255,0,0,254,255,6,0,11,0,0,16,0,0
58.788,hid,"18,22,24,25,26,28,29",4,90,165,239,0,0,0,0,0,0,0,0,0,0,0,0,0,0,255,255,0,0,255,255,251,255,3,0,253,15,0,0
58.819,hid,"24,25,26,28,29",4,90,165,239,0,0,0,0,0,0,0,0,0,0,0,0,0,0,255,255,0,0,255,255,7,0,7,0,1,16,0,0
58.849,hid,"20,22,24,26,28",4,90,165,239,0,0,0,0,0,0,0,0,0,0,0,0,0,0,255,255,1,0,253,255,16,0,10,0,7,16,0,0
58.865,hid,"18,19,20,22,24,26,28,29",4,90,165,239,0,0,0,0,0,0,0,0,0,0,0,0,0,0,0,0,0,0,255,255,11,0,18,0,252,15,0,0
58.895,hid,"18,19,22,24,25,26,28,29",4,90,165,239,0,0,0,0,0,0,0,0,0,0,0,0,0,0,255,255,0,0,254,255,253,255,12,0,2,16,0,0
58.912,hid,"18,20,22,24,26,28",4,90,165,239,0,0,0,0,0,0,0,0,0,0,0,0,0,0,254,255,2,0,253,255,251,255,5,0,1,16,0,0
58.928,hid,"18,19,20,22,24,25,26,27,28,29",4,90,165,239,0,0,0,0,0,0,0,0,0,0,0,0,0,0,0,0,3,0,252,255,0,0,253,255,254,15,0,0
58.96,hid,"18,19,22,24,26,27,28,29",4,90,165,239,0,0,0,0,0,0,0,0,0,0,0,0,0,0,254,255,3,0,255,255,6,0,13,0,2,16,0,0
58.991,hid,"18,19,20,24,26,28",4,90,165,239,0,0,0,0,0,0,0,0,0,0,0,0,0,0,0,0,0,0,255,255,12,0,4,0,5,16,0,0
59.006,hid,"24,26,28",4,90,165,239,0,0,0,0,0,0,0,0,0,0,0,0,0,0,0,0,0,0,255,255,10,0,7,0,4,16,0,0
59.038,hid,"18,19,20,22,24,25,26,27",4,90,165,239,0,0,0,0,0,0,0,0,0,0,0,0,0,0,255,255,3,0,254,255,249,255,252,255,4,16,0,0
59.053,hid,"20,22,24,26,27,28",4,90,165,239,0,0,0,0,0,0,0,0,0,0,0,0,0,0,255,255,1,0,255,255,245,255,8,0,1,16,0,0
59.069,hid,"18,20,22,24,26,28",4,90,165,239,0,0,0,0,0,0,0,0,0,0,0,0,0,0,254,255,2,0,252,255,246,255,5,0,4,16,0,0
59.084,hid,"18,20,24,26,28",4,90,165,239,0,0,0,0,0,0,0,0,0,0,0,0,0,0,255,255,1,0,252,255,255,255,2,0,3,16,0,0
59.116,hid,"18,20,22,24,25,26,28",4,90,165,239,0,0,0,0,0,0,0,0,0,0,0,0,0,0,253,255,3,0,254,255,5,0,11,0,10,16,0,0
59.131,hid,"18,20,22,24,25,26,28,29",4,90,165,239,0,0,0,0,0,0,0,0,0,0,0,0,0,0,254,255,2,0,253,255,254,255,6,0,248,15,0,0
59.147,hid,"18,20,22,24,26,28",4,90,165,239,0,0,0,0,0,0,0,0,0,0,0,0,0,0,255,255,3,0,254,255,251,255,4,0,250,15,0,0
59.176,hid,"20,24,25,26,28,29",4,90,165,239,0,0,0,0,0,0,0,0,0,0,0,0,0,0,255,255,1,0,254,255,6,0,3,0,4,16,0,0
59.192,hid,"22,24,26,28,29",4,90,165,239,0,0,0,0,0,0,0,0,0,0,0,0,0,0,255,255,1,0,253,255,8,0,26,0,255,15,0,0
59.208,hid,"18,22,24,26,28,29",4,90,165,239,0,0,0,0,0,0,0,0,0,0,0,0,0,0,254,255,1,0,254,255,10,0,24,0,13,16,0,0
59.239,hid,"20,24,26,28",4,90,165,239,0,0,0,0,0,0,0,0,0,0,0,0,0,0,254,255,2,0,254,255,13,0,4,0,1,16,0,0
59.27,hid,"18,22,23,24,26,27,28,29",4,90,165,239,0,0,0,0,0,0,0,0,0,0,0,0,0,0,255,255,2,0,0,0,2,0,253,255,253,15,0,0
59.285,hid,"18,19,22,23,24,25,26,27",4,90,165,239,0,0,0,0,0,0,0,0,0,0,0,0,0,0,0,0,2,0,253,255,254,255,10,0,253,15,0,0
59.317,hid,"18,19,20,22,23,24,25,26,28,29",4,90,165,239,0,0,0,0,0,0,0,0,0,0,0,0,0,0,255,255,3,0,0,0,2,0,26,0,8,16,0,0
59.332,hid,"18,19,26,28,29",4,90,165,239,0,0,0,0,0,0,0,0,0,0,0,0,0,0,0,0,3,0,0,0,2,0,19,0,251,15,0,0
59.348,hid,"18,19,22,23,24,26,28,29",4,90,165,239,0,0,0,0,0,0,0,0,0,0,0,0,0,0,255,255,3,0,252,255,4,0,9,0,2,16,0,0
59.363,hid,"18,20,22,24,26,27,28,29",4,90,165,239,0,0,0,0,0,0,0,0,0,0,0,0,0,0,254,255,1,0,254,255,2,0,252,255,251,15,0,0
59.395,hid,"20,22,24,26,28,29",4,90,165,239,0,0,0,0,0,0,0,0,0,0,0,0,0,0,254,255,0,0,253,255,3,0,255,255,14,16,0,0
59.41,hid,"18,20,24,26,27,28",4,90,165,239,0,0,0,0,0,0,0,0,0,0,0,0,0,0,255,255,1,0,253,255,12,0,14,0,4,16,0,0
59.426,hid,"22,24,25,26,28",4,90,165,239,0,0,0,0,0,0,0,0,0,0,0,0,0,0,255,255,1,0,254,255,254,255,15,0,3,16,0,0
59.458,hid,"18,20,22,24,25,26,28",4,90,165,239,0,0,0,0,0,0,0,0,0,0,0,0,0,0,254,255,0,0,253,255,6,0,7,0,5,16,0,0
59.474,hid,"18,19,20,22,24,26,28",4,90,165,239,0,0,0,0,0,0,0,0,0,0,0,0,0,0,0,0,3,0,255,255,14,0,6,0,4,16,0,0
59.489,hid,"18,19,20,21,22,24,25,26,28,29",4,90,165,239,0,0,0,0,0,0,0,0,0,0,0,0,0,0,254,255,255,255,254,255,249,255,0,0,244,15,0,0
59.504,hid,"18,20,21,24,25,26,28",4,90,165,239,0,0,0,0,0,0,0,0,0,0,0,0,0,0,255,255,0,0,254,255,1,0,1,0,241,15,0,0
59.536,hid,"20,22,24,25,26,28,29",4,90,165,239,0,0,0,0,0,0,0,0,0,0,0,0,0,0,255,255,1,0,255,255,254,255,7,0,1,16,0,0
59.552,hid,"18,19,20,22,24,26,28",4,90,165,239,0,0,0,0,0,0,0,0,0,0,0,0,0,0,0,0,0,0,254,255,249,255,12,0,4,16,0,0
59.568,hid,"20,22,24,25,26,28",4,90,165,239,0,0,0,0,0,0,0,0,0,0,0,0,0,0,0,0,1,0,253,255,1,0,23,0,0,16,0,0
59.599,hid,"22,24,26,28",4,90,165,239,0,0,0,0,0,0,0,0,0,0,0,0,0,0,0,0,1,0,254,255,10,0,10,0,12,16,0,0
59.599,hid,"18,20,22,26,28",4,90,165,239,0,0,0,0,0,0,0,0,0,0,0,0,0,0,1,0,2,0,255,255,10,0,8,0,8,16,0,0
59.63,hid,"18,22,24,26,28,29",4,90,165,239,0,0,0,0,0,0,0,0,0,0,0,0,0,0,0,0,2,0,253,255,6,0,7,0,250,15,0,0
59.645,hid,"22,24,25,26,28,29",4,90,165,239,0,0,0,0,0,0,0,0,0,0,0,0,0,0,0,0,2,0,255,255,250,255,13,0,6,16,0,0
59.676,hid,"18,19,20,22,24,28,29",4,90,165,239,0,0,0,0,0,0,0,0,0,0,0,0,0,0,255,255,1,0,254,255,254,255,13,0,248,15,0,0
59.691,hid,"20,22,23,26,28,29",4,90,165,239,0,0,0,0,0,0,0,0,0,0,0,0,0,0,255,255,3,0,0,0,254,255,15,0,2,16,0,0
59.707,hid,"18,19,22,23,24,25,26,28",4,90,165,239,0,0,0,0,0,0,0,0,0,0,0,0,0,0,0,0,3,0,253,255,6,0,7,0,9,16,0,0
59.737,hid,"18,19,20,22,24,26,28,29",4,90,165,239,0,0,0,0,0,0,0,0,0,0,0,0,0,0,255,255,2,0,254,255,9,0,4,0,246,15,0,0
59.754,hid,"18,22,24,25,26,28",4,90,165,239,0,0,0,0,0,0,0,0,0,0,0,0,0,0,254,255,2,0,255,255,251,255,2,0,253,15,0,0
59.769,hid,"18,22,23,24,25,26,28,29",4,90,165,239,0,0,0,0,0,0,0,0,0,0,0,0,0,0,255,255,2,0,0,0,6,0,3,0,1,16,0,0
59.785,hid,"22,23,24,25,26,28,29",4,90,165,239,0,0,0,0,0,0,0,0,0,0,0,0,0,0,255,255,2,0,254,255,255,255,7,0,250,15,0,0
59.816,hid,"18,19,20,22,23,24,25,28",4,90,165,239,0,0,0,0,0,0,0,0,0,0,0,0,0,0,0,0,1,0,0,0,5,0,7,0,253,15,0,0
59.832,hid,"22,23,24,25,26,28,29",4,90,165,239,0,0,0,0,0,0,0,0,0,0,0,0,0,0,0,0,1,0,254,255,250,255,8,0,3,16,0,0
59.849,hid,"18,19,22,24,25,26,28,29",4,90,165,239,0,0,0,0,0,0,0,0,0,0,0,0,0,0,255,255,1,0,255,255,2,0,7,0,250,15,0,0
59.864,hid,"18,24,28",4,90,165,239,0,0,0,0,0,0,0,0,0,0,0,0,0,0,254,255,1,0,255,255,5,0,7,0,255,15,0,0
59.895,hid,"18,19,24,26,28",4,90,165,239,0,0,0,0,0,0,0,0,0,0,0,0,0,0,0,0,1,0,255,255,8,0,4,0,251,15,0,0
59.911,hid,"18,19,20,21,22,23,24,26,28,29",4,90,165,239,0,0,0,0,0,0,0,0,0,0,0,0,0,0,255,255,255,255,0,0,9,0,15,0,6,16,0,0
59.926,hid,"20,21,22,26,28",4,90,165,239,0,0,0,0,0,0,0,0,0,0,0,0,0,0,255,255,0,0,1,0,9,0,8,0,9,16,0,0
59.956,hid,"20,22,23,24,26,28",4,90,165,239,0,0,0,0,0,0,0,0,0,0,0,0,0,0,255,255,1,0,255,255,0,0,9,0,1,16,0,0
59.972,hid,"18,24,26,27,28,29",4,90,165,239,0,0,0,0,0,0,0,0,0,0,0,0,0,0,254,255,1,0,255,255,1,0,253,255,253,15,0,0
59.988,hid,"18,19,20,21,22,23,24,25,26,27,28,29",4,90,165,239,0,0,0,0,0,0,0,0,0,0,0,0,0,0,0,0,255,255,0,0,247,255,5,0,4,16,0,0
60.02,hid,"18,19,20,21,22,23,24,25,28",4,90,165,239,0,0,0,0,0,0,0,0,0,0,0,0,0,0,254,255,2,0,254,255,9,0,5,0,5,16,0,0
60.02,hid,"18,24,26,28",4,90,165,239,0,0,0,0,0,0,0,0,0,0,0,0,0,0,255,255,2,0,254,255,10,0,7,0,8,16,0,0
60.051,hid,"20,24,26,28",4,90,165,239,0,0,0,0,0,0,0,0,0,0,0,0,0,0,255,255,1,0,254,255,8,0,11,0,7,16,0,0
60.067,hid,"18,20,24,26,28,29",4,90,165,239,0,0,0,0,0,0,0,0,0,0,0,0,0,0,254,255,2,0,254,255,0,0,3,0,254,15,0,0
60.098,hid,"18,19,20,24,26,28,29",4,90,165,239,0,0,0,0,0,0,0,0,0,0,0,0,0,0,0,0,1,0,254,255,7,0,17,0,0,16,0,0
60.113,hid,"18,19,20,22,24,25,26,28,29",4,90,165,239,0,0,0,0,0,0,0,0,0,0,0,0,0,0,255,255,3,0,255,255,252,255,5,0,255,15,0,0
60.129,hid,"18,22,24,26,28,29",4,90,165,239,0,0,0,0,0,0,0,0,0,0,0,0,0,0,254,255,3,0,254,255,253,255,1,0,1,16,0,0
60.144,hid,"20,22,23,24,25,26,28,29",4,90,165,239,0,0,0,0,0,0,0,0,0,0,0,0,0,0,254,255,1,0,0,0,1,0,10,0,250,15,0,0
60.175,hid,"18,19,20,24,25,26,28,29",4,90,165,239,0,0,0,0,0,0,0,0,0,0,0,0,0,0,0,0,2,0,0,0,252,255,9,0,3,16,0,0
60.19,hid,"18,19,20,22,23,24,25,26",4,90,165,239,0,0,0,0,0,0,0,0,0,0,0,0,0,0,255,255,1,0,254,255,0,0,8,0,3,16,0,0
60.206,hid,"18,19,20,22,24,25,26,28",4,90,165,239,0,0,0,0,0,0,0,0,0,0,0,0,0,0,0,0,3,0,255,255,253,255,4,0,5,16,0,0
60.238,hid,"20,22,24,25,26,28,29",4,90,165,239,0,0,0,0,0,0,0,0,0,0,0,0,0,0,0,0,2,0,254,255,3,0,0,0,249,15,0,0
60.254,hid,"20,24,26,28,29",4,90,165,239,0,0,0,0,0,0,0,0,0,0,0,0,0,0,0,0,1,0,254,255,0,0,14,0,1,16,0,0
60.269,hid,"18,19,20,24,25,26,28",4,90,165,239,0,0,0,0,0,0,0,0,0,0,0,0,0,0,254,255,0,0,254,255,253,255,18,0,7,16,0,0
60.285,hid,"18,19,26,28",4,90,165,239,0,0,0,0,0,0,0,0,0,0,0,0,0,0,0,0,0,0,254,255,253,255,7,0,2,16,0,0
60.316,hid,"18,19,20,22,24,26,28",4,90,165,239,0,0,0,0,0,0,0,0,0,0,0,0,0,0,255,255,2,0,255,255,255,255,1,0,5,16,0,0
60.332,hid,"20,22,23,24,25,26,28,29",4,90,165,239,0,0,0,0,0,0,0,0,0,0,0,0,0,0,255,255,0,0,1,0,5,0,9,0,249,15,0,0
60.348,hid,"18,19,20,22,23,24,26,28",4,90,165,239,0,0,0,0,0,0,0,0,0,0,0,0,0,0,0,0,1,0,253,255,15,0,6,0,255,15,0,0
60.378,hid,"20,21,22,23,24,26,28,29",4,90,165,239,0,0,0,0,0,0,0,0,0,0,0,0,0,0,0,0,255,255,1,0,6,0,2,0,2,16,0,0
60.394,hid,"18,19,22,23,24,26,28",4,90,165,239,0,0,0,0,0,0,0,0,0,0,0,0,0,0,255,255,255,255,255,255,4,0,5,0,6,16,0,0
60.41,hid,"18,19,20,21,24,26,28",4,90,165,239,0,0,0,0,0,0,0,0,0,0,0,0,0,0,1,0,3,0,255,255,3,0,8,0,5,16,0,0
60.425,hid,"18,20,22,23,26,28",4,90,165,239,0,0,0,0,0,0,0,0,0,0,0,0,0,0,0,0,0,0,0,0,3,0,4,0,0,16,0,0
60.457,hid,"20,22,23,24,26,28",4,90,165,239,0,0,0,0,0,0,0,0,0,0,0,0,0,0,0,0,2,0,255,255,1,0,3,0,2,16,0,0
60.472,hid,"18,19,20,22,26,28",4,90,165,239,0,0,0,0,0,0,0,0,0,0,0,0,0,0,255,255,1,0,254,255,1,0,5,0,4,16,0,0
60.488,hid,"18,20,24,26,28",4,90,165,239,0,0,0,0,0,0,0,0,0,0,0,0,0,0,254,255,0,0,254,255,5,0,9,0,1,16,0,0
60.519,hid,"18,20,24,25,26,28,29",4,90,165,239,0,0,0,0,0,0,0,0,0,0,0,0,0,0,255,255,2,0,254,255,254,255,17,0,254,15,0,0
60.55,hid,"20,24,25,26,28,29",4,90,165,239,0,0,0,0,0,0,0,0,0,0,0,0,0,0,255,255,1,0,254,255,18,0,11,0,0,16,0,0
60.565,hid,"20,22,23,24,26,28",4,90,165,239,0,0,0,0,0,0,0,0,0,0,0,0,0,0,255,255,3,0,0,0,4,0,12,0,5,16,0,0
60.597,hid,"22,23,24,25,26",4,90,165,239,0,0,0,0,0,0,0,0,0,0,0,0,0,0,255,255,3,0,254,255,251,255,17,0,5,16,0,0
60.612,hid,"20,22,23,24,25,26,28",4,90,165,239,0,0,0,0,0,0,0,0,0,0,0,0,0,0,255,255,2,0,0,0,13,0,15,0,3,16,0,0
60.628,hid,"20,22,23,24,26,28,29",4,90,165,239,0,0,0,0,0,0,0,0,0,0,0,0,0,0,255,255,3,0,253,255,10,0,11,0,254,15,0,0
60.659,hid,"18,20,22,24,26,28",4,90,165,239,0,0,0,0,0,0,0,0,0,0,0,0,0,0,253,255,2,0,254,255,9,0,15,0,255,15,0,0
60.69,hid,"18,19,24,26,28",4,90,165,239,0,0,0,0,0,0,0,0,0,0,0,0,0,0,0,0,2,0,254,255,13,0,10,0,254,15,0,0
60.705,hid,"18,19,20,21,22,24,26,28",4,90,165,239,0,0,0,0,0,0,0,0,0,0,0,0,0,0,255,255,255,255,255,255,4,0,4,0,250,15,0,0
60.738,hid,"18,20,21,22,24,26,28,29",4,90,165,239,0,0,0,0,0,0,0,0,0,0,0,0,0,0,254,255,1,0,254,255,0,0,6,0,5,16,0,0
60.753,hid,"18,24,28,29",4,90,165,239,0,0,0,0,0,0,0,0,0,0,0,0,0,0,255,255,1,0,254,255,9,0,6,0,255,15,0,0
60.769,hid,"18,19,20,21,24,26,28,29",4,90,165,239,0,0,0,0,0,0,0,0,0,0,0,0,0,0,0,0,255,255,254,255,1,0,10,0,5,16,0,0
60.785,hid,"18,19,20,21,22,23,24,26,28",4,90,165,239,0,0,0,0,0,0,0,0,0,0,0,0,0,0,254,255,1,0,0,0,4,0,14,0,8,16,0,0
60.816,hid,"18,20,22,23,24,26,28",4,90,165,239,0,0,0,0,0,0,0,0,0,0,0,0,0,0,255,255,2,0,254,255,6,0,12,0,3,16,0,0
60.832,hid,"18,19,22,24,26,28",4,90,165,239,0,0,0,0,0,0,0,0,0,0,0,0,0,0,0,0,2,0,255,255,13,0,16,0,2,16,0,0
60.848,hid,"18,19,26,28",4,90,165,239,0,0,0,0,0,0,0,0,0,0,0,0,0,0,252,255,2,0,255,255,13,0,13,0,7,16,0,0
60.879,hid,"18,19,24,26,28,29",4,90,165,239,0,0,0,0,0,0,0,0,0,0,0,0,0,0,0,0,2,0,255,255,5,0,11,0,251,15,0,0
60.911,hid,"18,19,22,24,26,28,29",4,90,165,239,0,0,0,0,0,0,0,0,0,0,0,0,0,0,255,255,2,0,253,255,1,0,10,0,2,16,0,0
60.927,hid,"20,22,23,24,26,28,29",4,90,165,239,0,0,0,0,0,0,0,0,0,0,0,0,0,0,255,255,1,0,0,0,10,0,3,0,252,15,0,0
60.958,hid,"20,22,23,24,26,28,29",4,90,165,239,0,0,0,0,0,0,0,0,0,0,0,0,0,0,255,255,3,0,254,255,3,0,4,0,11,16,0,0
60.974,hid,"18,22,26,28,29",4,90,165,239,0,0,0,0,0,0,0,0,0,0,0,0,0,0,254,255,3,0,255,255,3,0,18,0,255,15,0,0
60.989,hid,"18,22,24,26,28",4,90,165,239,0,0,0,0,0,0,0,0,0,0,0,0,0,0,253,255,3,0,252,255,6,0,24,0,247,15,0,0
61.004,hid,"18,22,24,25,26,27,28",4,90,165,239,0,0,0,0,0,0,0,0,0,0,0,0,0,0,255,255,3,0,254,255,242,255,253,255,255,15,0,0
61.036,hid,"18,19,20,22,24,26,27,28,29",4,90,165,239,0,0,0,0,0,0,0,0,0,0,0,0,0,0,1,0,2,0,255,255,253,255,23,0,4,16,0,0
61.051,hid,"18,20,22,24,25,26,28",4,90,165,239,0,0,0,0,0,0,0,0,0,0,0,0,0,0,0,0,0,0,254,255,0,0,7,0,3,16,0,0
61.066,hid,"20,21,22,24,26,28",4,90,165,239,0,0,0,0,0,0,0,0,0,0,0,0,0,0,0,0,255,255,252,255,3,0,6,0,5,16,0,0
61.098,hid,"18,19,20,21,22,24,26,28,29",4,90,165,239,0,0,0,0,0,0,0,0,0,0,0,0,0,0,253,255,1,0,254,255,11,0,11,0,247,15,0,0
61.114,hid,"18,20,22,23,24,26,28",4,90,165,239,0,0,0,0,0,0,0,0,0,0,0,0,0,0,255,255,0,0,0,0,10,0,5,0,250,15,0,0
61.129,hid,"18,19,20,21,24,26,28,29",4,90,165,239,0,0,0,0,0,0,0,0,0,0,0,0,0,0,0,0,254,255,0,0,0,0,9,0,3,16,0,0
61.144,hid,"20,21,22,23",4,90,165,239,0,0,0,0,0,0,0,0,0,0,0,0,0,0,0,0,2,0,255,255,0,0,9,0,3,16,0,0
61.174,hid,"18,19,20,24,26,28,29",4,90,165,239,0,0,0,0,0,0,0,0,0,0,0,0,0,0,255,255,1,0,255,255,6,0,13,0,255,15,0,0
61.19,hid,"18,19,20,22,23,24,25,26,28,29",4,90,165,239,0,0,0,0,0,0,0,0,0,0,0,0,0,0,0,0,0,0,1,0,255,255,6,0,7,16,0,0
61.205,hid,"18,19,20,22,24,26,28",4,90,165,239,0,0,0,0,0,0,0,0,0,0,0,0,0,0,255,255,1,0,0,0,254,255,2,0,6,16,0,0
61.235,hid,"18,19,20,21,22,23,24,25,26,28",4,90,165,239,0,0,0,0,0,0,0,0,0,0,0,0,0,0,0,0,255,255,254,255,6,0,10,0,2,16,0,0
61.25,hid,"18,19,20,21,22,24,26,28",4,90,165,239,0,0,0,0,0,0,0,0,0,0,0,0,0,0,255,255,3,0,255,255,2,0,18,0,1,16,0,0
61.267,hid,"18,19,20,22,24,26,28,29",4,90,165,239,0,0,0,0,0,0,0,0,0,0,0,0,0,0,0,0,0,0,253,255,9,0,24,0,252,15,0,0
61.298,hid,"18,19,22,24,26,28,29",4,90,165,239,0,0,0,0,0,0,0,0,0,0,0,0,0,0,254,255,0,0,255,255,0,0,10,0,2,16,0,0
61.313,hid,"18,20,24,25,26,28",4,90,165,239,0,0,0,0,0,0,0,0,0,0,0,0,0,0,255,255,1,0,255,255,254,255,3,0,3,16,0,0
61.329,hid,"22,24,26,27,28",4,90,165,239,0,0,0,0,0,0,0,0,0,0,0,0,0,0,255,255,1,0,253,255,250,255,254,255,1,16,0,0
61.344,hid,"18,19,20,22,26,28,29",4,90,165,239,0,0,0,0,0,0,0,0,0,0,0,0,0,0,0,0,2,0,254,255,250,255,255,255,255,15,0,0
61.375,hid,"18,19,20,22,24,25,26,27,28,29",4,90,165,239,0,0,0,0,0,0,0,0,0,0,0,0,0,0,255,255,4,0,255,255,17,0,20,0,1,16,0,0
61.39,hid,"18,20,24,26,28",4,90,165,239,0,0,0,0,0,0,0,0,0,0,0,0,0,0,254,255,1,0,255,255,7,0,16,0,8,16,0,0
61.406,hid,"18,20,22,23,26,28",4,90,165,239,0,0,0,0,0,0,0,0,0,0,0,0,0,0,255,255,2,0,0,0,7,0,9,0,5,16,0,0
61.437,hid,"18,19,24,26,28",4,90,165,239,0,0,0,0,0,0,0,0,0,0,0,0,0,0,0,0,2,0,0,0,5,0,0,0,7,16,0,0
61.453,hid,"20,22,23,24,25,26,28,29",4,90,165,239,0,0,0,0,0,0,0,0,0,0,0,0,0,0,0,0,3,0,255,255,249,255,5,0,254,15,0,0
61.469,hid,"18,19,20,24,25,26,28,29",4,90,165,239,0,0,0,0,0,0,0,0,0,0,0,0,0,0,255,255,1,0,255,255,3,0,7,0,4,16,0,0
61.485,hid,"18,19,20,24,26,28",4,90,165,239,0,0,0,0,0,0,0,0,0,0,0,0,0,0,0,0,0,0,255,255,0,0,3,0,2,16,0,0
61.516,hid,"20,24,26,28,29",4,90,165,239,0,0,0,0,0,0,0,0,0,0,0,0,0,0,0,0,1,0,255,255,2,0,5,0,248,15,0,0
61.532,hid,"24,26,28,29",4,90,165,239,0,0,0,0,0,0,0,0,0,0,0,0,0,0,0,0,1,0,255,255,0,0,10,0,4,16,0,0
61.548,hid,"20,24,26,28",4,90,165,239,0,0,0,0,0,0,0,0,0,0,0,0,0,0,0,0,2,0,255,255,18,0,3,0,0,16,0,0
61.579,hid,"18,19,20,22,23,24,26,28",4,90,165,239,0,0,0,0,0,0,0,0,0,0,0,0,0,0,255,255,1,0,0,0,16,0,6,0,4,16,0,0
61.61,hid,"22,23,24,26,28,29",4,90,165,239,0,0,0,0,0,0,0,0,0,0,0,0,0,0,255,255,1,0,255,255,0,0,4,0,245,15,0,0
61.625,hid,"18,19,20,24,26,28",4,90,165,239,0,0,0,0,0,0,0,0,0,0,0,0,0,0,0,0,0,0,255,255,1,0,1,0,253,15,0,0
61.656,hid,"22,24,26,28,29",4,90,165,239,0,0,0,0,0,0,0,0,0,0,0,0,0,0,0,0,0,0,254,255,6,0,14,0,10,16,0,0
61.672,hid,"22,23,24,26,27,28",4,90,165,239,0,0,0,0,0,0,0,0,0,0,0,0,0,0,0,0,0,0,2,0,10,0,254,255,2,16,0,0
61.688,hid,"20,22,24,25,26,27,28",4,90,165,239,0,0,0,0,0,0,0,0,0,0,0,0,0,0,0,0,1,0,1,0,253,255,2,0,9,16,0,0
61.719,hid,"18,19,20,22,23,24,26,28",4,90,165,239,0,0,0,0,0,0,0,0,0,0,0,0,0,0,255,255,2,0,255,255,244,255,3,0,8,16,0,0
61.749,hid,"18,19,20,24,25,26,28,29",4,90,165,239,0,0,0,0,0,0,0,0,0,0,0,0,0,0,0,0,1,0,255,255,10,0,1,0,243,15,0,0
61.765,hid,"18,19,20,24,26,28",4,90,165,239,0,0,0,0,0,0,0,0,0,0,0,0,0,0,254,255,0,0,255,255,9,0,11,0,250,15,0,0
61.796,hid,"18,22,23,24,26,28,29",4,90,165,239,0,0,0,0,0,0,0,0,0,0,0,0,0,0,253,255,0,0,0,0,4,0,19,0,8,16,0,0
61.812,hid,"18,20,22,23,24,26,28,29",4,90,165,239,0,0,0,0,0,0,0,0,0,0,0,0,0,0,254,255,2,0,255,255,5,0,8,0,253,15,0,0
61.828,hid,"20,24,25,26,28,29",4,90,165,239,0,0,0,0,0,0,0,0,0,0,0,0,0,0,254,255,3,0,255,255,253,255,11,0,1,16,0,0
61.859,hid,"18,20,22,24,25,26,28",4,90,165,239,0,0,0,0,0,0,0,0,0,0,0,0,0,0,255,255,1,0,252,255,8,0,10,0,5,16,0,0
61.89,hid,"20,22,24,25,26,28,29",4,90,165,239,0,0,0,0,0,0,0,0,0,0,0,0,0,0,255,255,4,0,255,255,255,255,8,0,253,15,0,0
61.906,hid,"18,19,20,24,25,26,28",4,90,165,239,0,0,0,0,0,0,0,0,0,0,0,0,0,0,0,0,3,0,255,255,7,0,5,0,245,15,0,0
61.938,hid,"18,19,20,22,24,26,28,29",4,90,165,239,0,0,0,0,0,0,0,0,0,0,0,0,0,0,255,255,2,0,254,255,8,0,10,0,1,16,0,0
61.952,hid,"20,24,26,28",4,90,165,239,0,0,0,0,0,0,0,0,0,0,0,0,0,0,255,255,1,0,254,255,9,0,11,0,3,16,0,0
61.968,hid,"18,19,20,24,25,26,28",4,90,165,239,0,0,0,0,0,0,0,0,0,0,0,0,0,0,0,0,0,0,254,255,252,255,4,0,4,16,0,0
61.999,hid,"18,19,20,22,23,24,25,26,28,29",4,90,165,239,0,0,0,0,0,0,0,0,0,0,0,0,0,0,255,255,1,0,0,0,0,0,10,0,253,15,0,0
62.03,hid,"20,22,23,24,25,28,29",4,90,165,239,0,0,0,0,0,0,0,0,0,0,0,0,0,0,255,255,2,0,254,255,251,255,10,0,7,16,0,0
