t,rms,lo,mid,hi,air,sig
0.034,0.001632,0.000884,0.00079,0.000306,0.000438,0
0.037,0.001605,0.00083,0.000715,0.000277,0.000416,0
0.065,0.001875,0.001365,0.000473,0.000316,0.000402,0
0.08,0.001912,0.001164,0.000514,0.000316,0.000423,0
0.111,0.001427,0.000794,0.000537,0.000312,0.000408,0
0.115,0.001742,0.000892,0.000665,0.000308,0.00044,0
0.142,0.001488,0.000707,0.00076,0.000345,0.000472,0
0.157,0.001637,0.001016,0.000629,0.000308,0.000407,0
0.188,0.001855,0.001114,0.000643,0.000319,0.000433,0
0.204,0.001508,0.000969,0.000508,0.000275,0.000365,0
0.219,0.002167,0.001235,0.000576,0.000326,0.000438,0
0.251,0.002029,0.001144,0.000586,0.000293,0.000393,0
0.254,0.001191,0.000637,0.000465,0.000291,0.000373,0
0.283,0.002064,0.001256,0.00052,0.000275,0.000371,0
0.299,0.001699,0.001088,0.000567,0.000307,0.000396,0
0.33,0.001109,0.000498,0.000494,0.000299,0.000383,0
0.346,0.001595,0.001009,0.000506,0.0003,0.000373,0
0.361,0.002169,0.001277,0.000526,0.00029,0.000365,0
0.377,0.002092,0.001119,0.000628,0.000272,0.000381,0
0.408,0.002227,0.001342,0.000517,0.000308,0.000403,0
0.422,0.001989,0.001029,0.000717,0.000301,0.000416,0
0.439,0.001637,0.00092,0.000683,0.000306,0.000421,0
0.468,0.001653,0.000834,0.000656,0.000292,0.000411,0
0.484,0.001588,0.000951,0.000609,0.000262,0.000379,0
0.499,0.001468,0.000737,0.000656,0.000293,0.000401,0
0.53,0.001704,0.000918,0.000638,0.000291,0.000394,0
0.546,0.001576,0.000779,0.000617,0.000291,0.000416,0
0.561,0.001947,0.001042,0.000571,0.000299,0.000409,0
0.577,0.001936,0.0011,0.000758,0.000287,0.000432,0
0.607,0.002086,0.001308,0.00066,0.000296,0.000426,0
0.623,0.001469,0.00078,0.00065,0.000289,0.000406,0
0.637,0.002393,0.001521,0.000818,0.000313,0.000465,0
0.668,0.001815,0.000908,0.000754,0.000288,0.000443,0
0.684,0.001823,0.001207,0.000592,0.000267,0.00036,0
0.699,0.001566,0.000771,0.000718,0.000292,0.000424,0
0.73,0.001282,0.000769,0.000528,0.000296,0.000396,0
0.746,0.001538,0.000835,0.00061,0.000306,0.000416,0
0.762,0.001512,0.000876,0.000559,0.000297,0.000404,0
0.777,0.00171,0.001111,0.000604,0.000273,0.000393,0
0.808,0.001931,0.001246,0.000673,0.00025,0.000377,0
0.824,0.001326,0.000831,0.000533,0.00027,0.000373,0
0.839,0.001496,0.000835,0.000611,0.000252,0.000367,0
0.872,0.001743,0.000919,0.000706,0.000289,0.000438,0
0.875,0.001654,0.000881,0.0007,0.00029,0.000415,0
0.903,0.001818,0.001065,0.000688,0.000278,0.000394,0
0.918,0.002033,0.001117,0.000827,0.000291,0.000456,0
0.949,0.001761,0.000989,0.000734,0.000278,0.000423,0
0.965,0.002401,0.001415,0.000879,0.000306,0.000485,0
0.979,0.001758,0.00078,0.000845,0.000309,0.000469,0
1.011,0.001559,0.000875,0.000696,0.000275,0.000407,0
1.014,0.00146,0.000856,0.000555,0.000271,0.000392,0
1.041,0.001367,0.000815,0.000501,0.000242,0.000342,0
1.057,0.00137,0.000737,0.000629,0.000269,0.000385,0
1.088,0.001974,0.001015,0.000714,0.000292,0.000432,0
1.103,0.001822,0.001057,0.000724,0.000337,0.000462,0
1.118,0.002243,0.001428,0.000838,0.000327,0.000488,0
1.149,0.001759,0.001096,0.000715,0.00027,0.000402,0
1.165,0.001667,0.000671,0.000774,0.00028,0.000416,0
1.179,0.002009,0.001005,0.000803,0.00036,0.0005,0
1.21,0.002045,0.001168,0.000726,0.000315,0.000441,0
1.226,0.001651,0.000991,0.000591,0.000289,0.000393,0
1.242,0.00168,0.001053,0.00058,0.000293,0.000389,0
1.258,0.001565,0.000749,0.00071,0.000301,0.000413,0
1.288,0.001965,0.001061,0.000698,0.000342,0.000461,0
1.304,0.001941,0.001179,0.000518,0.000281,0.000389,0
1.32,0.002067,0.001448,0.00051,0.000293,0.000378,0
1.351,0.001485,0.000878,0.000503,0.000301,0.000396,0
1.354,0.002142,0.001413,0.000568,0.000295,0.000391,0
1.382,0.001615,0.001046,0.000468,0.000298,0.000394,0
1.397,0.001876,0.001244,0.000581,0.000286,0.000392,0
1.427,0.001606,0.000997,0.000647,0.000316,0.000427,0
1.444,0.001971,0.001224,0.000717,0.000305,0.000437,0
1.458,0.001482,0.000846,0.000572,0.000261,0.000356,0
1.489,0.001474,0.000831,0.000506,0.000274,0.000354,0
1.504,0.001428,0.000793,0.000559,0.000296,0.000396,0
1.52,0.001577,0.000695,0.000792,0.000277,0.000426,0
1.55,0.002133,0.001033,0.001007,0.000314,0.000511,0
1.565,0.002437,0.001228,0.001116,0.000342,0.000552,0
1.58,0.001935,0.000626,0.001028,0.0004,0.000569,0
1.612,0.0022,0.001037,0.001081,0.000422,0.000612,0
1.614,0.001823,0.000711,0.000936,0.000347,0.000516,0
1.643,0.001695,0.000753,0.000815,0.000338,0.000494,0
1.66,0.001882,0.001115,0.000681,0.000402,0.000534,0
1.692,0.002097,0.001215,0.00053,0.000361,0.000463,0
1.697,0.001604,0.000957,0.000514,0.000355,0.000438,0
1.723,0.001476,0.000749,0.00061,0.000349,0.000443,0
1.738,0.001824,0.000829,0.000695,0.00034,0.000446,0
1.77,0.001976,0.00142,0.000601,0.000339,0.000447,0
1.784,0.001634,0.001034,0.000568,0.000338,0.000444,0
1.8,0.001401,0.00072,0.000605,0.000369,0.000462,0
1.831,0.001809,0.001155,0.000648,0.00032,0.000427,0
1.834,0.001491,0.000969,0.000582,0.000352,0.000453,0
1.862,0.001686,0.001091,0.000492,0.000318,0.000408,0
1.879,0.001459,0.000859,0.000508,0.000334,0.00042,0
1.909,0.001355,0.000642,0.000569,0.000356,0.000449,0
1.924,0.001189,0.000559,0.000541,0.000342,0.000429,0
1.94,0.001836,0.001115,0.00055,0.000356,0.000438,0
1.972,0.001777,0.000836,0.00057,0.000376,0.000467,0
1.974,0.001435,0.000748,0.000532,0.000385,0.000462,0
2.002,0.001566,0.000891,0.000442,0.000482,0.000519,0
2.018,0.001407,0.000776,0.000396,0.00043,0.000489,0
2.048,0.001983,0.001221,0.00066,0.000376,0.00048,0
2.063,0.001557,0.001087,0.000526,0.000344,0.000421,0
2.079,0.001626,0.000895,0.000634,0.000365,0.000465,0
2.11,0.001817,0.001174,0.000605,0.000413,0.000479,0
2.127,0.001875,0.001036,0.000669,0.00038,0.000491,0
2.142,0.001993,0.00082,0.000714,0.000383,0.000481,0
2.158,0.001877,0.001153,0.000574,0.000407,0.000487,0
2.189,0.001688,0.001092,0.00054,0.000468,0.000531,0
2.205,0.001343,0.000533,0.000495,0.000484,0.000512,0
2.221,0.001696,0.000787,0.000662,0.000464,0.000562,0
2.238,0.001741,0.000909,0.000712,0.000438,0.000546,0
2.268,0.001911,0.000996,0.000711,0.000451,0.000545,0
2.283,0.001556,0.000745,0.000661,0.000499,0.000585,0
2.298,0.001575,0.000914,0.000659,0.000444,0.000544,0
2.329,0.00155,0.000765,0.000788,0.000455,0.000572,0
2.345,0.001662,0.000879,0.000884,0.000478,0.000611,0
2.361,0.001723,0.000859,0.00084,0.000465,0.000607,0
2.376,0.001502,0.000627,0.000911,0.000462,0.000643,0
2.407,0.001648,0.000816,0.000874,0.000442,0.000616,0
2.422,0.002185,0.001207,0.000949,0.000427,0.00061,0
2.438,0.002154,0.001252,0.000962,0.000466,0.000622,0
2.47,0.002295,0.001416,0.001026,0.000487,0.000666,0
2.485,0.002008,0.001188,0.001027,0.000518,0.00071,0
2.501,0.001973,0.000968,0.000993,0.000508,0.00069,0
2.517,0.001817,0.000647,0.001096,0.000534,0.000737,0
2.548,0.002159,0.000966,0.001138,0.000518,0.000801,0
2.563,0.002087,0.000747,0.001314,0.000505,0.000828,0
2.579,0.002227,0.000884,0.001316,0.000521,0.000829,0
2.61,0.002525,0.001305,0.001394,0.000544,0.000877,0
2.624,0.002488,0.001262,0.001443,0.000552,0.00086,0
2.64,0.002434,0.001166,0.001346,0.000518,0.000778,0
2.672,0.002024,0.001325,0.000579,0.000437,0.000509,0
2.675,0.002245,0.001435,0.00069,0.000424,0.000517,0
2.702,0.001734,0.00106,0.000621,0.000375,0.000456,0
2.716,0.001373,0.000712,0.000516,0.000402,0.000501,0
2.749,0.001622,0.000966,0.000569,0.000394,0.000471,0
2.765,0.001345,0.000694,0.0006,0.000392,0.000472,0
2.781,0.001631,0.000835,0.000713,0.000425,0.000524,0
2.796,0.002512,0.001569,0.000728,0.0004,0.000517,0
2.828,0.002142,0.001253,0.000684,0.00041,0.000555,0
2.844,0.002154,0.001376,0.000679,0.000385,0.000482,0
2.859,0.001956,0.001248,0.000758,0.000415,0.000502,0
2.89,0.001698,0.000887,0.000697,0.000365,0.00048,0
2.906,0.00164,0.000687,0.000748,0.000363,0.000486,0
2.922,0.001694,0.000987,0.000735,0.000365,0.000509,0
2.936,0.001798,0.001131,0.000778,0.000371,0.000484,0
2.968,0.001641,0.000996,0.000733,0.000355,0.00048,0
2.983,0.001413,0.000726,0.000653,0.000329,0.000448,0
2.999,0.001874,0.00127,0.000615,0.000322,0.000434,0
3.03,0.00174,0.001071,0.000701,0.000345,0.000474,0
3.044,0.001409,0.000748,0.000722,0.000362,0.000482,0
3.06,0.001837,0.00124,0.00079,0.000362,0.00049,0
3.09,0.001768,0.000988,0.000722,0.000346,0.000474,0
3.106,0.001871,0.000995,0.000747,0.00036,0.000504,0
3.12,0.001543,0.00075,0.000799,0.00035,0.000491,0
3.137,0.001516,0.000633,0.00083,0.000361,0.000495,0
3.167,0.001456,0.00084,0.000734,0.000337,0.000453,0
3.182,0.001782,0.000935,0.00071,0.000341,0.000463,0
3.198,0.001928,0.001291,0.000649,0.000353,0.000469,0
3.229,0.001413,0.000852,0.000647,0.00033,0.000421,0
3.246,0.001549,0.000803,0.000766,0.000329,0.000469,0
3.261,0.001865,0.001079,0.000781,0.000303,0.000464,0
3.278,0.001535,0.000825,0.000671,0.000323,0.000454,0
3.309,0.002051,0.001166,0.001027,0.000388,0.000585,0
3.324,0.001683,0.000799,0.001038,0.000387,0.000588,0
3.339,0.002227,0.001294,0.001117,0.000372,0.000593,0
3.37,0.001655,0.000609,0.001098,0.000361,0.00057,0
3.386,0.001835,0.00087,0.000986,0.000349,0.00053,0
3.401,0.002087,0.00118,0.001018,0.000349,0.000563,0
3.417,0.001861,0.001083,0.00099,0.000308,0.000522,0
3.448,0.001483,0.000672,0.000853,0.0003,0.00047,0
3.464,0.00159,0.000629,0.000873,0.000287,0.000456,0
3.479,0.001394,0.000638,0.000833,0.000311,0.00047,0
3.51,0.001703,0.001033,0.000734,0.0003,0.00043,0
3.526,0.001599,0.000769,0.000813,0.000284,0.000436,0
3.541,0.001543,0.000861,0.000747,0.000286,0.000442,0
3.558,0.002493,0.00147,0.000694,0.000266,0.00041,0
3.588,0.001779,0.001057,0.000643,0.000288,0.000434,0
3.603,0.002928,0.002082,0.00069,0.000271,0.000434,0
3.619,0.002047,0.001114,0.000628,0.000279,0.000412,0
3.651,0.00213,0.001214,0.0007,0.00028,0.000426,0
3.654,0.003276,0.002136,0.000788,0.000299,0.000465,0
3.681,0.003313,0.002097,0.000832,0.000301,0.000472,0
3.697,0.003366,0.0024,0.00093,0.000324,0.000526,0
3.728,0.002782,0.001743,0.000713,0.000306,0.000446,0
3.744,0.002569,0.001459,0.000655,0.000296,0.000419,0
3.759,0.002379,0.001456,0.000767,0.000317,0.000471,0
3.79,0.002106,0.001457,0.000691,0.000322,0.000504,0
3.793,0.00225,0.001335,0.000609,0.000312,0.00046,0
3.822,0.001975,0.001195,0.000613,0.000304,0.000434,0
3.838,0.002554,0.001191,0.000554,0.000288,0.000383,0
3.868,0.001879,0.001137,0.000797,0.000385,0.000591,0
3.885,0.002666,0.001653,0.000644,0.000308,0.00045,0
3.9,0.002699,0.001654,0.000679,0.000272,0.000424,0
3.931,0.003588,0.00252,0.000775,0.000333,0.000497,0
3.934,0.003799,0.002476,0.000683,0.000283,0.000426,0
3.964,0.003694,0.002536,0.000685,0.000288,0.000413,0
3.978,0.002718,0.002291,0.000724,0.000308,0.000467,0
4.01,0.00185,0.001118,0.000561,0.000303,0.000434,0
4.025,0.002809,0.001876,0.000619,0.000305,0.000455,0
4.041,0.003639,0.002202,0.000609,0.000348,0.000529,0
4.056,0.002623,0.001501,0.000624,0.000346,0.000529,0
4.087,0.002858,0.001558,0.0006,0.000304,0.000454,0
4.103,0.003936,0.002972,0.000709,0.000312,0.000455,0
4.118,0.003027,0.002042,0.000585,0.000284,0.000423,0
4.148,0.00366,0.002471,0.000669,0.000302,0.000438,0
4.164,0.002147,0.001251,0.000613,0.000302,0.000424,0
4.18,0.002082,0.001338,0.000671,0.000255,0.00038,0
4.211,0.003135,0.001654,0.000646,0.000268,0.000402,0
4.213,0.003009,0.002093,0.000705,0.000303,0.00046,0
4.243,0.002182,0.00131,0.000479,0.000245,0.000347,0
4.259,0.003184,0.001756,0.00104,0.000386,0.000704,0
4.29,0.004979,0.002699,0.000956,0.000326,0.000549,0
4.305,0.004605,0.002522,0.000748,0.000332,0.000519,0
4.321,0.002355,0.00137,0.000792,0.000327,0.000525,0
4.336,0.002754,0.001674,0.000709,0.000324,0.000535,0
4.368,0.003013,0.001796,0.001008,0.000361,0.000614,0
4.384,0.001771,0.001049,0.001004,0.000334,0.000582,0
4.4,0.002249,0.001534,0.001161,0.000364,0.000652,0
4.415,0.00247,0.00185,0.000923,0.000308,0.000547,0
4.446,0.002542,0.001866,0.000804,0.00027,0.000457,0
4.461,0.002259,0.001299,0.000744,0.000333,0.0006,0
4.477,0.002357,0.001502,0.00114,0.000381,0.000705,0
4.509,0.00265,0.001533,0.001054,0.000394,0.000719,0
4.524,0.002788,0.001099,0.001337,0.000466,0.000802,0
4.54,0.003414,0.00192,0.000792,0.000356,0.0005,0
4.57,0.002336,0.0013,0.000827,0.000313,0.000497,0
4.586,0.001928,0.001074,0.000646,0.000258,0.000396,0
4.602,0.002272,0.001275,0.000881,0.000365,0.000645,0
4.617,0.002439,0.001556,0.000919,0.0003,0.000528,0
4.648,0.001403,0.000653,0.000732,0.000284,0.000455,0
4.663,0.001644,0.000856,0.000648,0.000276,0.000397,0
4.679,0.001673,0.000954,0.000778,0.000336,0.000528,0
4.71,0.001915,0.000911,0.000924,0.000452,0.000641,0
4.726,0.001406,0.000712,0.000597,0.000326,0.000465,0
4.741,0.001853,0.000919,0.000856,0.000325,0.000539,0
4.757,0.00182,0.000896,0.000841,0.000353,0.000558,0
4.787,0.002189,0.00104,0.000961,0.000348,0.000577,0
4.803,0.001987,0.000695,0.001038,0.000388,0.000644,0
4.819,0.002303,0.001201,0.001007,0.000445,0.000705,0
4.851,0.002099,0.001098,0.001058,0.000399,0.000689,0
4.856,0.002176,0.000928,0.001118,0.000379,0.000673,0
4.882,0.001912,0.000952,0.001,0.000345,0.000576,0
4.898,0.001818,0.00091,0.000917,0.000355,0.000598,0
4.928,0.001671,0.000727,0.000872,0.000379,0.000584,0
4.944,0.001768,0.000748,0.001,0.00035,0.000557,0
4.958,0.00196,0.000894,0.000892,0.000349,0.000556,0
4.99,0.001922,0.000792,0.001055,0.000428,0.000702,0
5.006,0.002016,0.001108,0.000923,0.000381,0.000614,0
5.02,0.001572,0.000683,0.000919,0.000398,0.000637,0
5.052,0.001563,0.000592,0.000859,0.000406,0.000595,0
5.055,0.002056,0.00093,0.000938,0.000378,0.000581,0
5.083,0.002086,0.000749,0.001096,0.000433,0.000641,0
5.099,0.002561,0.001276,0.001112,0.00042,0.00068,0
5.13,0.002344,0.001155,0.001107,0.00042,0.000655,0
5.146,0.002166,0.001074,0.001097,0.000381,0.000622,0
5.161,0.002219,0.00107,0.001075,0.00037,0.000584,0
5.177,0.001955,0.001175,0.000906,0.000372,0.000532,0
5.207,0.001924,0.000969,0.000864,0.000349,0.000492,0
5.224,0.001828,0.001228,0.00066,0.000374,0.000471,0
5.239,0.001452,0.000809,0.000535,0.000321,0.000404,0
5.271,0.001457,0.000778,0.000629,0.000303,0.000455,0
5.274,0.001859,0.000876,0.000777,0.000302,0.000454,0
5.303,0.001795,0.000789,0.000852,0.000339,0.000516,0
5.318,0.001445,0.000662,0.000711,0.000351,0.000495,0
5.349,0.001797,0.001005,0.000722,0.000364,0.000523,0
5.366,0.001993,0.001158,0.000704,0.000349,0.00048,0
5.38,0.001921,0.001144,0.000778,0.000369,0.000501,0
5.413,0.002282,0.00126,0.000821,0.000535,0.000675,0
5.415,0.002705,0.001815,0.000689,0.000403,0.000529,0
5.444,0.002405,0.001359,0.000696,0.000432,0.000552,0
5.459,0.003647,0.002456,0.000804,0.000463,0.000616,0
5.491,0.004505,0.003325,0.001039,0.000628,0.000848,0
5.494,0.003172,0.001796,0.000837,0.000671,0.000886,0
5.522,0.003531,0.002239,0.000872,0.000694,0.00084,0
5.538,0.004326,0.00278,0.000781,0.00078,0.000854,0
5.568,0.004662,0.003613,0.000831,0.000644,0.000791,0
5.583,0.004117,0.002857,0.000797,0.000583,0.000741,0
5.599,0.004601,0.003342,0.000897,0.000605,0.000764,0
5.63,0.005122,0.003856,0.000962,0.000623,0.000772,0
5.645,0.005346,0.003781,0.00121,0.000644,0.000845,0
5.661,0.004209,0.002928,0.001177,0.000716,0.000876,0
5.676,0.003461,0.002278,0.001131,0.000845,0.000998,0
5.708,0.004733,0.003285,0.001347,0.001028,0.00113,0
5.725,0.005957,0.00397,0.001742,0.000895,0.001103,0
5.739,0.00483,0.002369,0.001265,0.000821,0.000931,0
5.77,0.005862,0.004214,0.001202,0.000792,0.000909,0
5.787,0.004563,0.003124,0.000978,0.000744,0.000863,0
5.801,0.00694,0.004482,0.001095,0.000622,0.000768,0
5.817,0.004225,0.003034,0.000862,0.000581,0.000684,0
5.849,0.005034,0.00415,0.001084,0.000567,0.000758,0
5.864,0.003519,0.002221,0.000957,0.000483,0.000656,0
5.879,0.004635,0.002695,0.000833,0.00048,0.000609,0
5.911,0.006644,0.004493,0.00133,0.000522,0.000792,0
5.914,0.0035,0.002344,0.000813,0.000525,0.000625,0
5.942,0.004492,0.003435,0.000827,0.000466,0.000579,0
5.957,0.004935,0.003356,0.001006,0.000487,0.000661,0
5.988,0.00379,0.002276,0.000717,0.000445,0.000571,0
6.005,0.00436,0.003206,0.000838,0.000477,0.000644,0
6.021,0.004507,0.003104,0.000776,0.000401,0.000569,0
6.036,0.00439,0.002816,0.000816,0.000424,0.000605,0
6.068,0.003721,0.002909,0.000827,0.000381,0.000561,0
6.083,0.00299,0.001849,0.000881,0.000407,0.000599,0
6.098,0.003088,0.002311,0.000743,0.000369,0.000544,0
6.129,0.002437,0.001561,0.000729,0.000337,0.000491,0
6.145,0.002262,0.001485,0.000728,0.000356,0.000507,0
6.16,0.002296,0.001576,0.00069,0.000345,0.000521,0
6.19,0.002983,0.002306,0.000861,0.000421,0.000606,0
6.206,0.002223,0.001646,0.000647,0.000375,0.000516,0
6.221,0.002933,0.001933,0.00073,0.000517,0.000704,0
6.237,0.002278,0.001501,0.000706,0.000361,0.000538,0
6.269,0.00276,0.001922,0.000751,0.000319,0.000507,0
6.284,0.002496,0.001838,0.000661,0.000341,0.000498,0
6.299,0.002872,0.001967,0.000785,0.000332,0.000517,0
6.331,0.003013,0.002349,0.000798,0.000333,0.000527,0
6.335,0.00206,0.001412,0.000671,0.000332,0.000488,0
6.362,0.002699,0.002257,0.000761,0.000346,0.000526,0
6.377,0.002132,0.001612,0.000719,0.000317,0.000525,0
6.409,0.002612,0.00214,0.00072,0.000332,0.00053,0
6.424,0.002095,0.001681,0.000552,0.000304,0.000449,0
6.44,0.00218,0.001551,0.000571,0.0003,0.000427,0
6.471,0.001915,0.001528,0.0006,0.000293,0.000436,0
6.474,0.002088,0.00159,0.000718,0.000299,0.000482,0
6.502,0.002384,0.001822,0.000785,0.000343,0.000525,0
6.518,0.001836,0.001421,0.000698,0.000307,0.000504,0
6.55,0.001688,0.00106,0.000652,0.000277,0.000445,0
6.564,0.001345,0.000817,0.000659,0.000273,0.000438,0
6.579,0.001682,0.001096,0.000646,0.000326,0.000481,0
6.611,0.001586,0.001147,0.000656,0.000329,0.000484,0
6.614,0.001351,0.000891,0.000544,0.000305,0.000474,0
6.644,0.001596,0.000922,0.000644,0.000325,0.000523,0
6.659,0.001436,0.000613,0.000754,0.00034,0.000571,0
6.69,0.001529,0.000796,0.00073,0.000368,0.000579,0
6.705,0.002441,0.001634,0.000891,0.000427,0.000673,0
6.72,0.001849,0.001176,0.000728,0.000329,0.000535,0
6.752,0.00187,0.001044,0.000826,0.000368,0.00061,0
6.755,0.002669,0.00181,0.000925,0.000384,0.000635,0
6.785,0.003719,0.002426,0.000864,0.000389,0.000653,0
6.799,0.003317,0.001936,0.000858,0.000469,0.000739,0
6.83,0.003324,0.002276,0.001007,0.000457,0.000747,0
6.834,0.003971,0.003028,0.001111,0.000454,0.000768,0
6.862,0.003687,0.0015,0.001682,0.000646,0.001105,0
6.88,0.003704,0.002105,0.001342,0.000571,0.000907,0
6.909,0.003774,0.001951,0.001431,0.000599,0.000916,0
6.924,0.003571,0.002183,0.001332,0.000654,0.000857,0
6.94,0.003337,0.0021,0.001285,0.000625,0.000853,0
6.973,0.003102,0.001788,0.001024,0.000677,0.000896,0
6.975,0.004542,0.003059,0.001096,0.000737,0.000956,0
7.004,0.003281,0.001865,0.001076,0.000638,0.000897,0
7.019,0.005502,0.003071,0.001231,0.000691,0.000923,0
7.051,0.005896,0.004435,0.001224,0.000761,0.001026,0
7.054,0.003835,0.002402,0.001047,0.00072,0.000892,0
7.082,0.005069,0.003032,0.00111,0.000671,0.000846,0
7.097,0.005771,0.003001,0.001145,0.00062,0.000851,0
7.128,0.004144,0.002757,0.000912,0.000572,0.00073,0
7.144,0.004475,0.002845,0.001056,0.000539,0.00073,0
7.161,0.005457,0.003761,0.001069,0.00058,0.000751,0
7.176,0.003805,0.002295,0.000943,0.000619,0.000736,0
7.207,0.005633,0.003184,0.001269,0.000817,0.000961,0
7.224,0.005738,0.004033,0.001422,0.001013,0.001131,0
7.238,0.005332,0.004254,0.001163,0.000938,0.001042,0
7.269,0.005566,0.00335,0.001343,0.000873,0.000981,0
7.285,0.004645,0.002593,0.001117,0.000843,0.000935,0
7.301,0.004693,0.0032,0.000987,0.000694,0.000827,0
7.316,0.002797,0.001907,0.000882,0.000596,0.000698,0
7.348,0.005042,0.00313,0.001161,0.000581,0.000751,0
7.364,0.006449,0.004683,0.001325,0.000588,0.000809,0
7.379,0.005286,0.003905,0.001409,0.000671,0.000871,0
7.411,0.003823,0.001586,0.001111,0.000616,0.000744,0
7.414,0.007343,0.004236,0.001362,0.00056,0.000759,0
7.442,0.007426,0.004714,0.00134,0.000629,0.000811,0
7.458,0.004877,0.003123,0.001039,0.000584,0.000691,0
7.488,0.008259,0.005465,0.001369,0.000579,0.000844,0
7.505,0.003555,0.002442,0.000721,0.000511,0.000586,0
7.52,0.006412,0.004338,0.000824,0.000359,0.0005,0
7.551,0.007275,0.004501,0.000848,0.000364,0.000494,0
7.554,0.005991,0.003435,0.001047,0.000408,0.000599,0
7.582,0.004259,0.002586,0.000889,0.000369,0.000508,0
7.599,0.00536,0.003769,0.000871,0.000472,0.000585,0
7.629,0.005003,0.003251,0.000949,0.000362,0.000547,0
7.645,0.004865,0.003527,0.00093,0.000309,0.000516,0
7.661,0.00379,0.0027,0.000928,0.000311,0.000523,0
7.677,0.002749,0.001666,0.000895,0.000295,0.000524,0
7.709,0.003727,0.002287,0.000891,0.000323,0.000548,0
7.724,0.003183,0.002298,0.000994,0.000338,0.000582,0
7.74,0.002758,0.001621,0.00098,0.000306,0.000548,0
7.755,0.002149,0.001266,0.000889,0.000282,0.000487,0
7.786,0.002367,0.001636,0.000763,0.000297,0.000485,0
7.802,0.004033,0.002909,0.001029,0.00041,0.000625,0
7.819,0.003633,0.002135,0.00114,0.000418,0.000668,0
7.85,0.004001,0.002369,0.001289,0.000536,0.000805,0
7.866,0.004537,0.002714,0.001259,0.000722,0.000909,0
7.881,0.006358,0.004351,0.001426,0.000768,0.000951,0
7.897,0.007047,0.004398,0.001924,0.000896,0.0013,0
7.929,0.011011,0.006744,0.001774,0.000965,0.001282,0
7.943,0.011174,0.006319,0.002196,0.001136,0.001414,0
7.958,0.008879,0.005485,0.001593,0.001016,0.001197,0
7.99,0.017147,0.010075,0.00162,0.001169,0.001347,0
8.005,0.009182,0.006524,0.002169,0.001367,0.001709,0
8.022,0.004055,0.002236,0.001223,0.001354,0.001502,0
8.036,0.006539,0.004428,0.00127,0.001211,0.001334,0
8.068,0.006988,0.004256,0.00135,0.001106,0.001362,0
8.083,0.012132,0.006975,0.001599,0.001159,0.00137,0
8.098,0.007988,0.00493,0.001687,0.001664,0.001664,0
8.129,0.01069,0.004737,0.00141,0.001132,0.001355,0
8.144,0.013932,0.007538,0.002455,0.001462,0.002053,0
8.16,0.016738,0.007441,0.001957,0.00141,0.001501,0
8.192,0.019779,0.014273,0.002284,0.000988,0.001313,0
8.195,0.008869,0.006361,0.00177,0.001099,0.001281,0
8.223,0.012951,0.006043,0.001843,0.001075,0.001406,0
8.239,0.018722,0.008734,0.001765,0.001369,0.001487,0
8.27,0.009964,0.006267,0.002049,0.001316,0.001691,0
8.273,0.013682,0.005878,0.00152,0.001404,0.001471,0
8.302,0.017197,0.010208,0.002039,0.001208,0.001464,0
8.319,0.015067,0.009059,0.001919,0.0014,0.001614,0
8.348,0.010637,0.007781,0.0018,0.00144,0.001665,0
8.364,0.008059,0.005387,0.001383,0.000971,0.001134,0
8.379,0.012026,0.006442,0.001598,0.000925,0.001159,0
8.411,0.010207,0.005196,0.001472,0.000814,0.001041,0
8.414,0.012943,0.009106,0.002018,0.000791,0.001149,0
8.442,0.005044,0.003165,0.001287,0.000617,0.000748,0
8.459,0.004283,0.002952,0.001252,0.000523,0.000698,0
8.49,0.003596,0.002093,0.001255,0.000583,0.000754,0
8.505,0.003573,0.001948,0.001008,0.000498,0.000593,0
8.52,0.005903,0.002856,0.000959,0.000502,0.00061,0
8.551,0.004786,0.002322,0.000902,0.00047,0.000586,0
8.554,0.003329,0.00208,0.000814,0.000426,0.000543,0
8.582,0.006312,0.003055,0.000739,0.000813,0.000797,0
8.598,0.005326,0.003174,0.000858,0.000841,0.00083,0
8.629,0.005297,0.003246,0.000909,0.000607,0.000738,0
8.644,0.005309,0.003388,0.001143,0.000653,0.000849,0
8.66,0.005359,0.003658,0.001516,0.000701,0.000948,0
8.69,0.005797,0.003391,0.001815,0.000885,0.001165,0
8.693,0.005966,0.003809,0.00149,0.00093,0.001151,0
8.722,0.007587,0.004351,0.001775,0.000726,0.001031,0
8.738,0.009641,0.00668,0.001796,0.001069,0.001357,0
8.769,0.011749,0.007883,0.002884,0.001182,0.001824,0
8.784,0.01097,0.006842,0.002897,0.001052,0.001744,0
8.8,0.007673,0.005052,0.002204,0.000867,0.001357,0
8.832,0.006415,0.004057,0.001266,0.000466,0.000719,0
8.835,0.008027,0.003537,0.001491,0.000489,0.00077,0
8.863,0.005586,0.002849,0.001328,0.000441,0.000693,0
8.879,0.00442,0.002782,0.001438,0.000513,0.000801,0
8.91,0.005159,0.00293,0.001178,0.001028,0.001169,0
8.925,0.007732,0.005798,0.001856,0.001854,0.002186,0
8.941,0.004286,0.00298,0.001622,0.000995,0.001277,0
8.957,0.006012,0.003859,0.001781,0.001626,0.001731,0
8.989,0.009813,0.003819,0.003865,0.005615,0.005777,0
9.003,0.007464,0.004294,0.002054,0.002222,0.002439,0
9.019,0.008304,0.005357,0.001716,0.001815,0.001749,0
9.051,0.006152,0.003396,0.001363,0.001423,0.001503,0
9.054,0.006319,0.003426,0.001673,0.001284,0.001368,0
9.081,0.008902,0.006339,0.002306,0.002549,0.002705,0
9.096,0.010244,0.005914,0.002813,0.003281,0.003444,0
9.127,0.011236,0.004725,0.002587,0.003662,0.003688,0
9.143,0.012395,0.006635,0.002341,0.003679,0.00356,0
9.158,0.011024,0.004585,0.001768,0.002229,0.002328,0
9.19,0.022813,0.010786,0.0021,0.002008,0.002014,0
9.205,0.01495,0.006219,0.001614,0.001749,0.0017,0
9.22,0.014966,0.008368,0.001989,0.001702,0.001855,0
9.235,0.007725,0.004029,0.001475,0.001563,0.001613,0
9.266,0.008336,0.004367,0.001247,0.001529,0.001494,0
9.283,0.00881,0.004899,0.001224,0.001642,0.001542,0
9.297,0.005465,0.002721,0.001452,0.00147,0.001378,0
9.328,0.005683,0.003546,0.001873,0.0014,0.001422,0
9.344,0.005081,0.003154,0.001705,0.001005,0.001165,0
9.359,0.002911,0.001551,0.001331,0.000727,0.000864,0
9.391,0.003411,0.002505,0.000951,0.000556,0.000682,0
9.393,0.003575,0.002163,0.001052,0.000616,0.000726,0
9.42,0.003432,0.002334,0.001183,0.000536,0.000718,0
9.437,0.003048,0.001746,0.001305,0.000463,0.000721,0
9.466,0.002868,0.002002,0.001063,0.000352,0.000556,0
9.482,0.002099,0.001113,0.000973,0.000323,0.000518,0
9.498,0.002571,0.001516,0.001203,0.000339,0.000584,0
9.528,0.00264,0.001461,0.00138,0.000397,0.00069,0
9.544,0.00283,0.001505,0.001489,0.000342,0.00066,0
9.559,0.002629,0.001624,0.001144,0.000316,0.000549,0
9.591,0.001663,0.001142,0.000599,0.000272,0.000408,0
9.594,0.00168,0.000909,0.000781,0.000252,0.00043,0
9.621,0.001879,0.001258,0.000782,0.000246,0.000412,0
9.637,0.002017,0.001008,0.000979,0.000284,0.000487,0
9.669,0.002044,0.000888,0.001298,0.000305,0.000575,0
9.684,0.002549,0.001179,0.001339,0.000923,0.001028,0
9.7,0.001865,0.000749,0.000758,0.000684,0.000745,0
9.734,0.004024,0.001067,0.002256,0.001463,0.001763,0
9.737,0.004799,0.001827,0.00191,0.001388,0.001698,0
9.763,0.003151,0.001332,0.001621,0.000932,0.001217,0
9.779,0.00545,0.002612,0.001189,0.001416,0.001526,0
9.81,0.007551,0.00333,0.0015,0.001171,0.001434,0
9.826,0.006311,0.001803,0.001692,0.001222,0.001527,0
9.84,0.00772,0.002782,0.0014,0.000948,0.001151,0
9.856,0.004199,0.001429,0.000979,0.000698,0.000973,0
9.886,0.002097,0.000679,0.001071,0.000894,0.001112,0
9.902,0.002631,0.001085,0.001112,0.000889,0.001068,0
9.917,0.003442,0.000954,0.001212,0.001223,0.001298,0
9.948,0.00495,0.001784,0.00137,0.001302,0.001353,0
9.964,0.003065,0.001071,0.00115,0.000807,0.000888,0
9.979,0.002317,0.000788,0.001163,0.000934,0.001046,0
10.01,0.003152,0.001264,0.001167,0.000639,0.000798,0
10.026,0.002322,0.001001,0.00085,0.000524,0.0006,0
10.042,0.002328,0.000743,0.001231,0.000442,0.000655,0
10.058,0.002465,0.000973,0.00114,0.000396,0.000589,0
10.09,0.003676,0.001219,0.001039,0.000404,0.000556,0
10.106,0.00361,0.001289,0.000727,0.000293,0.000429,0
10.122,0.0024,0.000877,0.000685,0.000327,0.000415,0
10.136,0.001919,0.000826,0.000967,0.000271,0.000463,0
10.167,0.00214,0.000804,0.001389,0.000319,0.000594,0
10.182,0.002492,0.001021,0.001532,0.000341,0.000657,0
10.198,0.002492,0.000858,0.00116,0.000518,0.000627,0
10.229,0.002679,0.000822,0.001297,0.001126,0.00129,0
10.245,0.002701,0.001154,0.001476,0.000581,0.000803,0
10.261,0.002547,0.001122,0.001492,0.000583,0.000782,0
10.277,0.001829,0.000612,0.001086,0.000635,0.000706,0
10.309,0.001632,0.000567,0.000973,0.00045,0.000572,0
10.323,0.001931,0.000676,0.001026,0.000613,0.000718,0
10.339,0.001539,0.000671,0.000873,0.000317,0.00046,0
10.371,0.001477,0.000782,0.000736,0.000292,0.000418,0
10.374,0.001392,0.000863,0.000569,0.000328,0.000405,0
10.403,0.002464,0.000785,0.000815,0.001638,0.001528,0
10.419,0.003936,0.002349,0.001435,0.001194,0.001483,1
10.449,0.002932,0.001999,0.001043,0.00099,0.000948,0
10.465,0.0035,0.001386,0.001504,0.001555,0.001955,0
10.48,0.003713,0.001738,0.001532,0.001107,0.001151,0
10.513,0.003967,0.002465,0.00173,0.000746,0.000981,1
10.515,0.009356,0.004298,0.001941,0.002618,0.002859,0
10.544,0.010992,0.004512,0.002687,0.003349,0.003302,0
10.559,0.010297,0.005453,0.002958,0.003509,0.003475,0
10.59,0.012083,0.006209,0.003621,0.001634,0.00212,0
10.605,0.010895,0.006292,0.002497,0.001138,0.001576,0
10.621,0.006564,0.003397,0.002348,0.001065,0.001493,0
10.637,0.007384,0.004335,0.002612,0.002577,0.002758,0
10.668,0.008902,0.005265,0.002246,0.003295,0.003326,0
10.686,0.007957,0.003906,0.002953,0.004234,0.004374,0
10.7,0.007108,0.003496,0.002436,0.003626,0.003739,0
10.732,0.008594,0.005899,0.003361,0.00316,0.003263,0
10.734,0.006941,0.00376,0.002584,0.002492,0.002864,0
10.762,0.006924,0.003351,0.003005,0.002272,0.002596,0
10.779,0.010528,0.007597,0.002138,0.001963,0.002153,0
10.809,0.009088,0.006612,0.00223,0.001931,0.002088,0
10.825,0.010263,0.006896,0.002591,0.002765,0.002858,0
10.84,0.007306,0.004121,0.002569,0.003031,0.002884,0
10.872,0.005741,0.002448,0.002509,0.00262,0.002642,0
10.876,0.0071,0.003692,0.002774,0.002774,0.003123,0
10.903,0.00716,0.003862,0.002933,0.002355,0.002527,0
10.919,0.00749,0.004975,0.002834,0.00254,0.002603,0
10.95,0.006738,0.002969,0.002855,0.001751,0.002054,0
10.966,0.007073,0.004068,0.002545,0.001284,0.001717,0
10.981,0.011201,0.006688,0.002303,0.001427,0.001979,0
10.997,0.007871,0.004505,0.002756,0.001525,0.001966,0
11.028,0.006852,0.003866,0.002845,0.001847,0.002579,0
11.043,0.004787,0.001759,0.002839,0.001735,0.002254,0
11.06,0.005453,0.00268,0.002394,0.002158,0.002318,0
11.089,0.005881,0.002302,0.003329,0.001644,0.002252,0
11.105,0.005485,0.002941,0.002837,0.001504,0.002127,0
11.121,0.005492,0.002362,0.002858,0.001647,0.002201,0
11.136,0.008552,0.005359,0.003189,0.001465,0.002108,0
11.169,0.006056,0.003407,0.002924,0.001382,0.001971,0
11.184,0.0054,0.003159,0.002461,0.001101,0.001613,0
11.2,0.005329,0.003369,0.002468,0.001083,0.001618,0
11.215,0.006255,0.004258,0.002721,0.00144,0.00207,0
11.247,0.00557,0.003764,0.0023,0.001247,0.001856,0
11.263,0.007132,0.004266,0.002214,0.000971,0.001466,0
11.278,0.004859,0.002604,0.002465,0.000957,0.00144,0
11.31,0.005053,0.002687,0.002799,0.001014,0.001531,0
11.325,0.005367,0.003138,0.002635,0.001091,0.00155,0
11.342,0.004453,0.002019,0.002716,0.00108,0.001552,0
11.357,0.003873,0.001826,0.002053,0.000959,0.001258,0
11.389,0.006098,0.003692,0.002082,0.000907,0.001248,0
11.405,0.005116,0.003409,0.002331,0.000941,0.001368,0
11.421,0.006702,0.004857,0.002371,0.000896,0.001318,0
11.437,0.006459,0.004398,0.002636,0.000859,0.001343,0
11.467,0.005484,0.004249,0.001786,0.000807,0.001145,0
11.483,0.003335,0.002168,0.001267,0.000793,0.001007,0
11.498,0.004082,0.002464,0.001805,0.000838,0.001168,0
11.529,0.006242,0.003391,0.002732,0.001239,0.001674,0
11.544,0.006243,0.003895,0.001901,0.001039,0.00138,0
11.559,0.004985,0.002902,0.001982,0.001247,0.001598,0
11.59,0.004445,0.002718,0.002027,0.00107,0.001405,0
11.606,0.004812,0.001795,0.002846,0.001149,0.001581,0
11.622,0.005164,0.003698,0.002123,0.000993,0.001314,0
11.637,0.00494,0.002392,0.002174,0.001026,0.001377,0
11.668,0.005989,0.002565,0.004103,0.001185,0.00193,0
11.684,0.005293,0.001624,0.003829,0.001187,0.001855,0
11.699,0.005377,0.002765,0.00293,0.001011,0.001582,0
11.731,0.004434,0.00208,0.002817,0.000935,0.00147,0
11.734,0.003892,0.002505,0.001908,0.000845,0.001221,0
11.763,0.003572,0.001791,0.001937,0.00098,0.001299,0
11.778,0.003622,0.001559,0.00223,0.001036,0.001403,0
11.81,0.004717,0.002263,0.002863,0.001031,0.001588,0
11.814,0.005396,0.00337,0.003019,0.001033,0.001598,0
11.842,0.004979,0.002608,0.003289,0.001065,0.00168,0
11.858,0.004975,0.002828,0.002892,0.000892,0.001502,0
11.889,0.005078,0.002587,0.002564,0.001016,0.001503,0
11.906,0.004775,0.002535,0.002716,0.000864,0.001432,0
11.922,0.00451,0.002371,0.002858,0.000797,0.001446,0
11.937,0.005174,0.003224,0.002962,0.000838,0.001497,0
11.968,0.005717,0.003401,0.003075,0.000934,0.00159,0
11.983,0.004936,0.002291,0.002705,0.000887,0.001486,0
11.999,0.004704,0.002266,0.003016,0.000949,0.001591,0
12.029,0.004557,0.00147,0.003313,0.001051,0.001717,0
12.045,0.005215,0.002479,0.002751,0.000969,0.001511,0
12.061,0.004521,0.001994,0.002745,0.001156,0.001652,0
12.076,0.00491,0.001963,0.003284,0.001036,0.001678,0
12.108,0.004858,0.002186,0.003065,0.000989,0.001573,0
12.123,0.004611,0.001909,0.002531,0.000904,0.001408,0
12.139,0.003891,0.002115,0.002067,0.000773,0.001227,0
12.17,0.00415,0.001624,0.00268,0.000773,0.001381,0
12.185,0.004661,0.001875,0.00274,0.000844,0.001388,0
12.2,0.004469,0.002286,0.002294,0.000774,0.001236,0
12.216,0.003791,0.001688,0.00228,0.00072,0.001234,0
12.248,0.003404,0.001309,0.002462,0.000823,0.001325,0
12.263,0.004156,0.001713,0.002621,0.000873,0.001442,0
12.279,0.00276,0.001208,0.00134,0.000836,0.001127,0
12.31,0.003911,0.001924,0.002207,0.000841,0.001304,0
12.313,0.003939,0.001409,0.002613,0.000763,0.001313,0
12.342,0.004718,0.002578,0.002706,0.000803,0.001362,0
12.358,0.004189,0.002364,0.002412,0.00078,0.001298,0
12.39,0.004406,0.002231,0.002022,0.000732,0.001149,0
12.405,0.003374,0.001432,0.002141,0.000718,0.001119,0
12.422,0.003731,0.001351,0.002136,0.000789,0.001212,0
12.437,0.004047,0.001843,0.002276,0.000738,0.001234,0
12.467,0.003467,0.001318,0.002049,0.00078,0.001194,0
12.483,0.003019,0.001568,0.001894,0.000721,0.00109,0
12.497,0.003651,0.001512,0.002502,0.000982,0.001434,0
12.529,0.003791,0.001892,0.002338,0.001185,0.001546,0
12.544,0.003858,0.001697,0.002053,0.001146,0.001457,0
12.56,0.00351,0.002126,0.001942,0.000806,0.001142,0
12.59,0.003863,0.002007,0.002031,0.00077,0.001168,0
12.593,0.003854,0.001588,0.00241,0.000794,0.001295,0
12.622,0.003741,0.001751,0.00225,0.000831,0.001251,0
12.638,0.003576,0.001548,0.001946,0.000742,0.001115,0
12.669,0.004028,0.001671,0.002578,0.000763,0.00128,0
12.684,0.004293,0.002016,0.002511,0.000738,0.00129,0
12.699,0.004291,0.001498,0.002848,0.000829,0.00147,0
12.73,0.003086,0.001245,0.002151,0.000637,0.001111,0
12.733,0.003144,0.001374,0.001993,0.000663,0.001104,0
12.764,0.003101,0.001411,0.0019,0.000651,0.001081,0
12.778,0.003179,0.001238,0.002062,0.00062,0.001093,0
12.809,0.003448,0.001191,0.002558,0.000727,0.001285,0
12.824,0.003174,0.000868,0.002571,0.000722,0.00128,0
12.84,0.003132,0.001006,0.002478,0.000695,0.001232,0
12.871,0.003507,0.00125,0.002528,0.000711,0.001258,0
12.873,0.002994,0.000827,0.002069,0.000719,0.001154,0
12.905,0.003518,0.001459,0.002284,0.000783,0.001271,0
12.918,0.003302,0.001187,0.002327,0.000737,0.001219,0
12.948,0.003337,0.001046,0.002539,0.000687,0.001232,0
12.966,0.003324,0.000924,0.002616,0.000703,0.001252,0
12.981,0.00366,0.001241,0.002679,0.000712,0.001299,0
12.999,0.003205,0.001134,0.002313,0.000702,0.001183,0
13.028,0.00305,0.001197,0.001958,0.000641,0.001063,0
13.043,0.002931,0.000876,0.002115,0.000686,0.001121,0
13.058,0.002655,0.001145,0.001686,0.000567,0.000917,0
13.089,0.00304,0.000909,0.002079,0.000658,0.001109,0
13.104,0.003016,0.001292,0.001641,0.000672,0.001055,0
13.12,0.002779,0.001343,0.001804,0.000701,0.001122,0
13.136,0.003054,0.001131,0.001739,0.000673,0.001062,0
13.167,0.003207,0.001822,0.001619,0.000642,0.000969,0
13.183,0.00299,0.001071,0.001764,0.000685,0.001045,0
13.199,0.003005,0.001167,0.001864,0.000752,0.001168,0
13.229,0.002674,0.001115,0.001476,0.000676,0.001069,0
13.246,0.002766,0.000978,0.00173,0.000657,0.001041,0
13.262,0.002817,0.00151,0.001556,0.000543,0.000892,0
13.278,0.003043,0.001126,0.001967,0.000631,0.001076,0
13.309,0.00305,0.001051,0.001842,0.000629,0.001024,0
13.324,0.002977,0.00098,0.001726,0.00053,0.000903,0
13.339,0.00252,0.000901,0.001408,0.000618,0.000936,0
13.37,0.002577,0.000842,0.001657,0.00063,0.001024,0
13.386,0.003212,0.00144,0.00185,0.000715,0.001149,0
13.403,0.003585,0.001226,0.002484,0.000765,0.001307,0
13.417,0.00339,0.001516,0.002008,0.00062,0.001061,0
13.45,0.002928,0.001271,0.001597,0.000583,0.000944,0
13.464,0.002921,0.001231,0.001729,0.000669,0.001062,0
13.479,0.003126,0.001938,0.001526,0.000604,0.000981,0
13.51,0.002597,0.001656,0.001117,0.000511,0.000762,0
13.513,0.002921,0.001464,0.001569,0.000568,0.000941,0
13.542,0.002641,0.001204,0.00164,0.000523,0.00088,0
13.557,0.002424,0.001304,0.0014,0.00051,0.000832,0
13.589,0.002502,0.001064,0.001265,0.000563,0.000853,0
13.603,0.002751,0.001588,0.001367,0.000542,0.000882,0
13.618,0.00308,0.001415,0.001546,0.000616,0.001021,0
13.65,0.003518,0.001393,0.002053,0.000641,0.001098,0
13.653,0.00326,0.001099,0.002018,0.000702,0.001148,0
13.681,0.003185,0.001993,0.001423,0.000725,0.001089,0
13.696,0.003312,0.001594,0.001692,0.000677,0.001092,0
13.727,0.003176,0.001483,0.001582,0.000669,0.001063,0
13.745,0.003082,0.001645,0.00153,0.000631,0.000995,0
13.758,0.00336,0.001885,0.001812,0.000622,0.001022,0
13.789,0.004729,0.001425,0.003322,0.000909,0.001582,0
13.804,0.00358,0.000992,0.002401,0.000924,0.001467,0
13.819,0.004445,0.001798,0.002702,0.001097,0.001701,0
13.852,0.003185,0.001417,0.001868,0.000947,0.001336,0
13.854,0.002697,0.00117,0.001516,0.000731,0.001103,0
13.883,0.003381,0.001816,0.001757,0.000843,0.001227,0
13.897,0.003728,0.001585,0.002464,0.000842,0.001334,0
13.929,0.003893,0.001646,0.00265,0.000862,0.001373,0
13.945,0.003896,0.002011,0.002202,0.000793,0.00121,0
13.961,0.002893,0.001417,0.001647,0.000703,0.000982,0
13.978,0.003567,0.001998,0.001743,0.000724,0.001046,0
14.007,0.002686,0.000999,0.001514,0.000791,0.001011,0
14.023,0.00322,0.001866,0.001524,0.000655,0.000903,0
14.038,0.003259,0.001644,0.001793,0.000748,0.001062,0
14.069,0.003185,0.001598,0.001529,0.000771,0.001053,0
14.085,0.002733,0.00126,0.00141,0.000722,0.00097,0
14.1,0.003312,0.00159,0.001886,0.000847,0.001196,0
14.115,0.003792,0.002506,0.001863,0.000808,0.001169,0
14.148,0.003529,0.002265,0.001493,0.000777,0.001095,0
14.164,0.003159,0.001578,0.001718,0.000756,0.001071,0
14.179,0.003449,0.001675,0.001672,0.00077,0.001084,0
14.209,0.00352,0.00198,0.001373,0.000839,0.001125,0
14.225,0.003352,0.001826,0.001703,0.000818,0.001158,0
14.241,0.002574,0.001411,0.001079,0.000779,0.001013,0
14.258,0.002816,0.001113,0.001649,0.000826,0.001197,0
14.289,0.002884,0.001715,0.001348,0.000738,0.000979,0
14.304,0.003099,0.001458,0.001447,0.000888,0.001118,0
14.321,0.002803,0.001183,0.001581,0.000866,0.001231,0
14.336,0.002499,0.001008,0.001408,0.000796,0.001096,0
14.367,0.003006,0.001197,0.001586,0.00087,0.001248,0
14.383,0.003143,0.001178,0.00193,0.001011,0.001361,0
14.399,0.003051,0.00101,0.001895,0.000888,0.001255,0
14.43,0.002865,0.00091,0.001939,0.000808,0.001211,0
14.433,0.003557,0.001439,0.002283,0.00097,0.001497,0
14.463,0.003123,0.001118,0.001627,0.001227,0.001749,0
14.477,0.003698,0.001562,0.002182,0.000968,0.001495,0
14.509,0.00311,0.000852,0.002268,0.00096,0.001485,0
14.525,0.002868,0.000947,0.002019,0.000904,0.001349,0
14.541,0.003135,0.001037,0.002216,0.000924,0.001356,0
14.556,0.003229,0.000983,0.002257,0.00091,0.001326,0
14.589,0.003486,0.001106,0.002617,0.000935,0.001496,0
14.604,0.003199,0.00098,0.002093,0.000912,0.001358,0
14.62,0.003545,0.001343,0.002308,0.001063,0.001698,0
14.65,0.003793,0.001468,0.002464,0.001111,0.001775,0
14.653,0.003407,0.001341,0.002191,0.000766,0.001257,0
14.684,0.002683,0.00089,0.001962,0.000731,0.001152,0
14.698,0.003384,0.000999,0.002233,0.000874,0.001398,0
14.729,0.003654,0.001285,0.002104,0.001063,0.001582,0
14.745,0.003328,0.001791,0.0017,0.000963,0.001322,0
14.76,0.003081,0.000882,0.002095,0.001156,0.001589,0
14.776,0.002523,0.000696,0.001697,0.001053,0.001371,0
14.808,0.002975,0.000985,0.001939,0.000931,0.001295,0
14.824,0.002622,0.001115,0.001531,0.000905,0.001236,0
14.84,0.002996,0.001617,0.00152,0.000893,0.001235,0
14.871,0.002664,0.001032,0.001667,0.000882,0.001273,0
14.875,0.003263,0.001636,0.001727,0.000973,0.001319,0
14.902,0.00228,0.001062,0.001336,0.000719,0.001002,0
14.917,0.002666,0.001109,0.00159,0.000724,0.001049,0
14.947,0.002577,0.001274,0.001197,0.000738,0.001017,0
14.965,0.002937,0.001509,0.001389,0.000821,0.001115,0
14.98,0.002983,0.001707,0.001447,0.000702,0.001014,0
15.012,0.002194,0.000844,0.001203,0.000659,0.000929,0
15.014,0.002893,0.00105,0.001868,0.000655,0.001067,0
15.043,0.002548,0.000871,0.001615,0.000612,0.000924,0
15.06,0.001968,0.000703,0.001108,0.00053,0.000752,0
15.075,0.001932,0.000815,0.001072,0.000498,0.000715,0
15.106,0.003228,0.002153,0.001482,0.000513,0.000813,0
15.121,0.002189,0.000896,0.001222,0.000559,0.000812,0
15.136,0.002006,0.000851,0.001095,0.000547,0.000739,0
15.168,0.002294,0.000644,0.001476,0.000584,0.000843,0
15.183,0.002322,0.001278,0.001025,0.000564,0.000748,0
15.199,0.00176,0.000712,0.001,0.000631,0.000787,0
15.229,0.002692,0.001167,0.001413,0.001006,0.001167,0
15.246,0.00217,0.001071,0.000952,0.00099,0.001108,0
15.261,0.002076,0.000901,0.00106,0.000797,0.001005,0
15.276,0.00215,0.001047,0.001125,0.00064,0.000871,0
15.307,0.002626,0.001333,0.001315,0.00057,0.000811,0
15.321,0.001937,0.000961,0.000938,0.000586,0.000758,0
15.339,0.002307,0.001256,0.001228,0.000583,0.000794,0
15.367,0.00168,0.000832,0.000873,0.00049,0.000645,0
15.383,0.003111,0.001444,0.001793,0.00054,0.000868,0
15.399,0.002242,0.000743,0.001467,0.00053,0.00078,0
15.43,0.002193,0.001087,0.001118,0.000556,0.000739,0
15.445,0.002289,0.001335,0.000883,0.000523,0.000664,0
15.46,0.002201,0.00137,0.000896,0.000553,0.000697,0
15.476,0.001921,0.000884,0.000878,0.000446,0.0006,0
15.507,0.001885,0.001044,0.000702,0.00044,0.00055,0
15.522,0.002455,0.001529,0.001126,0.000486,0.000691,0
15.538,0.002489,0.001748,0.001032,0.000489,0.000657,0
15.57,0.001826,0.001007,0.000776,0.000491,0.000635,0
15.585,0.001661,0.00086,0.000792,0.000573,0.000736,0
15.601,0.001671,0.000876,0.000754,0.000619,0.000786,0
15.618,0.002013,0.001122,0.000875,0.000629,0.000767,0
15.647,0.002358,0.001113,0.001241,0.000526,0.000765,0
15.663,0.001867,0.001124,0.00085,0.00044,0.000602,0
15.679,0.001666,0.000778,0.000864,0.0004,0.000578,0
15.711,0.002714,0.001734,0.001141,0.000435,0.000659,0
15.713,0.00254,0.001482,0.001231,0.000497,0.000729,0
15.742,0.001814,0.000976,0.000913,0.000473,0.000661,0
15.758,0.002299,0.001159,0.001251,0.000528,0.000801,0
15.788,0.002889,0.001953,0.001167,0.000538,0.000765,0
15.804,0.002752,0.001595,0.001188,0.000756,0.001003,0
15.819,0.003128,0.001688,0.001418,0.000953,0.001174,0
15.851,0.002889,0.001652,0.001326,0.000828,0.001097,0
15.853,0.002844,0.001479,0.001319,0.000682,0.001018,0
15.882,0.002933,0.001475,0.001501,0.000584,0.00088,0
15.897,0.002434,0.001462,0.001012,0.00051,0.000722,0
15.928,0.002282,0.001369,0.001089,0.000472,0.000669,0
15.945,0.002593,0.00134,0.001412,0.000584,0.000874,0
15.959,0.002435,0.001284,0.00118,0.0005,0.000751,0
15.991,0.00239,0.001211,0.001082,0.000428,0.000651,0
15.994,0.002007,0.000779,0.001083,0.000405,0.000629,0
16.022,0.002401,0.000964,0.001314,0.000448,0.000716,0
16.038,0.002701,0.001399,0.001179,0.00044,0.000684,0
16.068,0.002696,0.001477,0.001353,0.000531,0.000818,0
16.085,0.002865,0.001361,0.001468,0.000586,0.000915,0
16.1,0.003075,0.00159,0.001292,0.000529,0.000805,0
16.132,0.00308,0.001692,0.001222,0.000547,0.000829,0
16.134,0.002649,0.001455,0.001304,0.000551,0.000807,0
16.162,0.003259,0.00159,0.001733,0.000557,0.00091,0
16.178,0.003353,0.001982,0.00149,0.000605,0.000938,0
16.209,0.002996,0.001321,0.001562,0.000635,0.001019,0
16.224,0.003443,0.002101,0.001496,0.000634,0.000996,0
16.24,0.002507,0.001185,0.001263,0.000611,0.000933,0
16.271,0.003058,0.001724,0.001496,0.000659,0.001032,0
16.274,0.003582,0.001975,0.001728,0.000771,0.001163,0
16.303,0.003264,0.001768,0.001697,0.000754,0.001165,0
16.317,0.002956,0.001125,0.00177,0.000942,0.001336,0
16.349,0.003024,0.001199,0.0016,0.001094,0.001539,0
16.365,0.003096,0.001241,0.001553,0.001052,0.001482,0
16.38,0.003306,0.001357,0.001901,0.001172,0.001677,0
16.397,0.003321,0.001505,0.00178,0.001095,0.001462,0
16.428,0.003442,0.001238,0.002153,0.000991,0.001403,0
16.444,0.003237,0.001525,0.001538,0.000803,0.001111,0
16.461,0.003347,0.001475,0.001868,0.000797,0.001216,0
16.476,0.002697,0.001156,0.001611,0.00077,0.001098,0
16.507,0.002792,0.001251,0.001607,0.000813,0.001176,0
16.524,0.00397,0.002152,0.001868,0.000754,0.001141,0
16.539,0.002949,0.001306,0.00155,0.000897,0.001134,0
16.57,0.003161,0.001679,0.001458,0.000778,0.00105,0
16.587,0.003038,0.00158,0.001635,0.000812,0.001127,0
16.602,0.003301,0.001691,0.001819,0.000828,0.001137,0
16.617,0.003271,0.001592,0.001886,0.000703,0.00106,0
16.649,0.002763,0.001101,0.001473,0.000821,0.001088,0
16.663,0.003225,0.001548,0.001587,0.000924,0.001272,0
16.679,0.003935,0.001902,0.002067,0.000989,0.001407,0
16.711,0.003053,0.001099,0.001539,0.00082,0.001143,0
16.714,0.003015,0.001557,0.001596,0.000828,0.001167,0
16.744,0.003436,0.001255,0.002021,0.000801,0.001199,0
16.758,0.00323,0.001302,0.001539,0.000789,0.001091,0
16.789,0.003216,0.001328,0.001761,0.000733,0.001114,0
16.804,0.00234,0.001241,0.001299,0.000675,0.000983,0
16.819,0.003096,0.001482,0.0017,0.000711,0.001052,0
16.852,0.002888,0.000932,0.001835,0.000854,0.001211,1
16.854,0.002506,0.000922,0.001481,0.000687,0.001001,0
16.882,0.002798,0.001143,0.001544,0.00079,0.001123,0
16.897,0.003513,0.001274,0.002202,0.000828,0.001284,0
16.929,0.004679,0.001877,0.002935,0.001086,0.001598,0
16.944,0.003983,0.001517,0.002603,0.000861,0.001372,1
16.959,0.004013,0.001579,0.002456,0.0008,0.001272,0
16.991,0.003797,0.001447,0.00187,0.001022,0.001313,0
16.993,0.007958,0.002169,0.003207,0.003758,0.004012,0
17.023,0.00891,0.003163,0.002584,0.003952,0.00402,0
17.037,0.011599,0.005607,0.002904,0.004098,0.004313,0
17.069,0.008504,0.003519,0.002031,0.003356,0.003514,0
17.084,0.006992,0.004096,0.002051,0.001549,0.001783,0
17.099,0.006985,0.003503,0.001901,0.002153,0.002024,0
17.13,0.006047,0.002709,0.001553,0.001271,0.001477,0
17.133,0.004291,0.002442,0.001292,0.001297,0.001437,0
17.163,0.006756,0.004469,0.001576,0.001011,0.001225,0
17.177,0.008779,0.004947,0.00189,0.00122,0.001557,0
17.208,0.008921,0.005902,0.001641,0.000974,0.001198,0
17.225,0.003895,0.001339,0.001193,0.000966,0.001161,0
17.24,0.004813,0.002207,0.001306,0.00105,0.001193,0
17.271,0.003395,0.001237,0.001467,0.001269,0.001339,0
17.273,0.003527,0.00159,0.001181,0.001348,0.001427,0
17.302,0.002798,0.001328,0.001226,0.000892,0.001081,0
17.319,0.002619,0.001293,0.001256,0.000799,0.000966,0
17.348,0.002019,0.000804,0.000872,0.000744,0.00084,0
17.365,0.002837,0.00104,0.000833,0.000632,0.000738,0
17.38,0.002215,0.001066,0.001046,0.000576,0.000737,0
17.396,0.002009,0.001281,0.000763,0.000536,0.000632,0
17.426,0.002466,0.001223,0.000924,0.000559,0.000672,0
17.442,0.001928,0.000706,0.000838,0.000512,0.00062,0
17.457,0.001733,0.000717,0.000736,0.000406,0.000535,0
17.489,0.001667,0.000745,0.000725,0.00043,0.00054,0
17.506,0.002142,0.00095,0.000793,0.000481,0.000647,0
17.52,0.002089,0.00092,0.000697,0.000491,0.000605,0
17.535,0.001246,0.00068,0.000574,0.000483,0.000629,0
17.567,0.001748,0.000871,0.000811,0.000487,0.000584,0
17.582,0.00181,0.001001,0.000836,0.000407,0.000549,0
17.597,0.001852,0.001069,0.000586,0.000437,0.00051,0
17.628,0.001844,0.00099,0.000688,0.000339,0.000471,0
17.645,0.001483,0.000801,0.000747,0.000327,0.000457,0
17.66,0.001652,0.000791,0.000809,0.000343,0.000473,0
17.692,0.001564,0.000565,0.000633,0.000374,0.000456,0
17.695,0.001994,0.001027,0.000732,0.0003,0.000446,0
17.723,0.001409,0.000561,0.000674,0.000316,0.000435,0
17.739,0.001446,0.000842,0.000679,0.000271,0.000402,0
17.769,0.001462,0.000865,0.000633,0.000308,0.000424,0
17.784,0.001338,0.000749,0.000621,0.00026,0.000384,0
17.8,0.001772,0.001142,0.000588,0.000284,0.000375,0
17.83,0.001142,0.000515,0.000597,0.000254,0.000368,0
17.833,0.001333,0.000722,0.000747,0.00029,0.000427,0
17.862,0.001337,0.000706,0.000712,0.000248,0.000383,0
17.877,0.001895,0.001072,0.000793,0.000234,0.000406,0
17.908,0.001598,0.000984,0.000752,0.000259,0.000416,0
17.924,0.001435,0.000638,0.000784,0.000252,0.000425,0
17.94,0.001632,0.000794,0.000791,0.000295,0.000449,0
17.971,0.00193,0.001013,0.000895,0.000263,0.000444,0
17.974,0.002085,0.001234,0.000992,0.000271,0.000472,0
18.003,0.001741,0.000806,0.00097,0.000273,0.000482,0
18.018,0.002001,0.001043,0.001097,0.000294,0.000539,0
18.049,0.002004,0.000774,0.001188,0.000303,0.000559,0
18.064,0.002132,0.000886,0.001249,0.000365,0.000618,0
18.081,0.001494,0.000617,0.000938,0.000254,0.000461,0
18.096,0.001814,0.001035,0.00084,0.00032,0.000481,0
18.127,0.00188,0.000668,0.001256,0.000316,0.000585,0
18.143,0.002182,0.000978,0.001337,0.000345,0.000618,0
18.159,0.002422,0.001336,0.001333,0.000355,0.000619,0
18.191,0.002001,0.001137,0.000855,0.000327,0.000462,0
18.194,0.00174,0.000955,0.000864,0.000281,0.000447,0
18.222,0.001473,0.000791,0.000765,0.000255,0.000406,0
18.238,0.001445,0.000739,0.000859,0.000298,0.00045,0
18.268,0.001494,0.000737,0.000842,0.000287,0.000434,0
18.284,0.00174,0.000762,0.000736,0.000274,0.000394,0
18.299,0.001573,0.000809,0.000834,0.000256,0.000436,0
18.33,0.001643,0.00072,0.000889,0.000288,0.000529,0
18.333,0.001452,0.00053,0.000954,0.000338,0.000604,0
18.361,0.001669,0.000966,0.00091,0.000303,0.000533,0
18.377,0.001461,0.000663,0.00096,0.000327,0.000576,0
18.409,0.001643,0.000764,0.001064,0.000299,0.000573,0
18.423,0.001457,0.000636,0.000971,0.000291,0.000537,0
18.439,0.001627,0.000873,0.001002,0.000307,0.000578,0
18.471,0.001613,0.000631,0.00108,0.000307,0.000582,0
18.474,0.001688,0.000556,0.001269,0.000357,0.000681,0
18.504,0.001932,0.000915,0.001301,0.000349,0.000693,0
18.52,0.001775,0.000626,0.001292,0.000328,0.000659,0
18.551,0.001816,0.000709,0.001188,0.000324,0.000633,0
18.553,0.001833,0.000704,0.001269,0.000336,0.000671,0
18.583,0.002048,0.000814,0.00145,0.000397,0.000803,0
18.598,0.001836,0.000606,0.00133,0.000389,0.000778,0
18.629,0.001904,0.000765,0.001149,0.000364,0.000698,0
18.645,0.001643,0.000704,0.001026,0.000329,0.000623,0
18.661,0.001565,0.000735,0.000929,0.00031,0.000581,0
18.676,0.001531,0.000516,0.000884,0.00032,0.000586,0
18.708,0.001526,0.00061,0.000928,0.000335,0.000649,0
18.723,0.001612,0.000739,0.000969,0.000386,0.000711,0
18.738,0.001663,0.000677,0.000962,0.000458,0.00076,0
18.769,0.00215,0.001058,0.001036,0.000481,0.00083,0
18.784,0.001792,0.000773,0.001043,0.000505,0.000864,0
18.8,0.00194,0.001022,0.001101,0.000516,0.000883,0
18.815,0.001877,0.000644,0.001151,0.000443,0.000818,0
18.85,0.001819,0.000655,0.001159,0.000445,0.000833,0
18.863,0.001732,0.000701,0.001033,0.000378,0.000714,0
18.878,0.0018,0.000934,0.001011,0.000366,0.00069,0
18.908,0.001856,0.00072,0.001104,0.000394,0.000753,0
18.924,0.001629,0.00057,0.001033,0.000393,0.000743,0
18.941,0.00201,0.000951,0.001094,0.000398,0.000795,0
18.954,0.002118,0.001053,0.00105,0.000387,0.000759,0
18.986,0.001736,0.000493,0.001087,0.000456,0.000858,0
19.002,0.001496,0.000551,0.000819,0.000403,0.000692,0
19.019,0.001462,0.000419,0.000959,0.000429,0.000794,0
19.05,0.002089,0.001132,0.001025,0.000438,0.000756,0
19.065,0.001957,0.000775,0.001015,0.000447,0.000751,0
19.082,0.002382,0.000661,0.001165,0.000465,0.000874,0
19.096,0.002492,0.00097,0.001278,0.000506,0.000977,0
19.127,0.001839,0.000679,0.000987,0.000395,0.000746,0
19.142,0.001728,0.000686,0.001058,0.000374,0.000718,0
19.158,0.001827,0.000772,0.000964,0.000375,0.000711,0
19.189,0.001797,0.000945,0.000935,0.000361,0.000691,0
19.204,0.001565,0.000503,0.000975,0.000386,0.00074,0
19.219,0.001537,0.000586,0.000961,0.000373,0.000702,0
19.252,0.001645,0.000751,0.000965,0.000363,0.00069,0
19.255,0.001801,0.00097,0.000793,0.000335,0.000617,0
19.283,0.002754,0.001105,0.000879,0.000353,0.000662,0
19.299,0.001715,0.0006,0.000827,0.000331,0.000619,0
19.33,0.001518,0.000843,0.000757,0.000282,0.000518,0
19.345,0.001347,0.000859,0.000658,0.00026,0.000418,0
19.36,0.001277,0.000569,0.000697,0.000271,0.00046,0
19.377,0.001175,0.000473,0.000617,0.000277,0.00043,0
19.408,0.001268,0.00061,0.000624,0.000285,0.000404,0
19.424,0.002013,0.000755,0.000803,0.000308,0.000527,0
19.439,0.002131,0.000898,0.000857,0.000361,0.000596,0
19.47,0.001395,0.000561,0.000729,0.000332,0.000526,0
19.473,0.00128,0.000595,0.000671,0.00032,0.000495,0
19.502,0.001264,0.000467,0.00072,0.000297,0.000508,0
19.52,0.001204,0.000417,0.00074,0.000305,0.000537,0
19.533,0.00136,0.000678,0.000689,0.000299,0.000501,0
19.564,0.00109,0.000552,0.000568,0.000259,0.000409,0
19.579,0.001598,0.00113,0.000551,0.000254,0.000376,0
19.612,0.001212,0.000731,0.000529,0.000249,0.000365,0
19.615,0.001035,0.00045,0.000507,0.000259,0.000391,0
19.642,0.001401,0.000942,0.000427,0.000247,0.00036,0
19.658,0.001212,0.000857,0.000409,0.000237,0.00034,0
19.688,0.001756,0.001014,0.000532,0.000267,0.000423,0
19.705,0.001221,0.00056,0.000685,0.000272,0.00047,0
19.719,0.001325,0.000644,0.000765,0.000274,0.000471,0
19.751,0.002106,0.000806,0.000663,0.000267,0.000463,0
19.755,0.001898,0.001034,0.000742,0.000276,0.000494,0
19.783,0.000998,0.000422,0.000542,0.000234,0.000347,0
19.801,0.001229,0.000768,0.000502,0.000229,0.00035,0
19.815,0.001037,0.000521,0.000456,0.000215,0.000317,0
19.847,0.001119,0.000534,0.000422,0.000244,0.000327,0
19.862,0.00137,0.000733,0.000471,0.000223,0.000364,0
19.877,0.001213,0.000723,0.000515,0.00025,0.000399,0
19.908,0.001339,0.00074,0.000486,0.000209,0.000313,0
19.924,0.001754,0.000984,0.000524,0.000282,0.000385,0
19.94,0.001041,0.000663,0.000409,0.000356,0.000453,0
19.97,0.00151,0.001098,0.000394,0.000357,0.000449,0
19.973,0.001232,0.000637,0.00044,0.000389,0.000509,0
20.002,0.001641,0.001258,0.000451,0.000345,0.000459,0
20.018,0.001412,0.000979,0.000466,0.000304,0.000416,0
20.049,0.001221,0.000753,0.000444,0.000279,0.000361,0
20.065,0.001204,0.000696,0.000357,0.000284,0.000377,0
20.08,0.001329,0.000843,0.00045,0.000286,0.000367,0
20.095,0.001319,0.001096,0.000348,0.000259,0.00032,0
20.128,0.001605,0.000998,0.000395,0.000224,0.000315,0
20.143,0.001335,0.000614,0.000334,0.000223,0.000291,0
20.16,0.001609,0.00098,0.000454,0.000253,0.000337,0
20.192,0.00135,0.000723,0.000431,0.000301,0.000363,0
20.194,0.00177,0.001137,0.000548,0.000272,0.000378,0
20.224,0.001713,0.001136,0.000528,0.000255,0.000375,0
20.238,0.00152,0.001033,0.000486,0.000264,0.00036,0
20.27,0.001809,0.000822,0.000449,0.000245,0.00032,0
20.287,0.003356,0.002068,0.000623,0.000267,0.000405,0
20.302,0.001821,0.0012,0.000471,0.000254,0.000378,0
20.317,0.001511,0.00104,0.000379,0.000217,0.000296,0
20.348,0.001154,0.000665,0.000423,0.000296,0.000389,0
20.363,0.001614,0.001028,0.000354,0.000245,0.000331,0
20.381,0.001699,0.001027,0.000389,0.00031,0.000405,0
20.394,0.001478,0.000742,0.000381,0.000316,0.000384,0
20.425,0.001582,0.001155,0.00041,0.000322,0.00039,0
20.44,0.001857,0.00116,0.000435,0.000386,0.000481,0
20.455,0.001975,0.001092,0.000528,0.000363,0.000448,0
20.487,0.001177,0.00068,0.000407,0.00032,0.000419,0
20.503,0.001573,0.001022,0.000426,0.00024,0.000326,0
20.519,0.001788,0.001113,0.000377,0.000214,0.000292,0
20.551,0.001857,0.00102,0.000399,0.000227,0.000321,0
20.553,0.001714,0.001351,0.000339,0.000243,0.000296,0
20.582,0.003957,0.001594,0.000377,0.000218,0.000284,0
20.597,0.002919,0.001948,0.000447,0.000216,0.000297,0
20.629,0.001601,0.001304,0.000382,0.00025,0.000325,0
20.645,0.001316,0.000741,0.000375,0.000252,0.000312,0
20.663,0.002375,0.00125,0.000384,0.000237,0.0003,0
20.676,0.001656,0.001121,0.000432,0.00024,0.000314,0
20.707,0.001383,0.000729,0.000346,0.000248,0.000311,0
20.722,0.002242,0.001144,0.000347,0.000261,0.000319,0
20.737,0.001688,0.001249,0.000335,0.000288,0.000352,0
20.768,0.00159,0.00111,0.000372,0.000327,0.000418,0
20.783,0.001397,0.000487,0.000404,0.000367,0.000476,0
20.801,0.001659,0.000887,0.000342,0.000408,0.000516,0
20.815,0.001683,0.001044,0.000426,0.000322,0.000408,0
20.846,0.001771,0.0013,0.00038,0.000283,0.000357,0
20.862,0.001236,0.000666,0.000333,0.000259,0.000317,0
20.877,0.001236,0.0008,0.000303,0.000275,0.000335,0
20.909,0.000973,0.000529,0.000291,0.000318,0.000375,0
20.924,0.001208,0.000636,0.000278,0.000319,0.000371,0
20.94,0.001275,0.000765,0.000364,0.000365,0.000445,0
20.972,0.001081,0.000548,0.00034,0.00037,0.000458,0
20.974,0.001228,0.000653,0.000366,0.000423,0.000517,0
21.003,0.001162,0.000678,0.000359,0.000413,0.000521,0
21.019,0.001197,0.000673,0.000374,0.000334,0.000405,0
21.053,0.001062,0.000662,0.000296,0.000253,0.000309,0
21.056,0.000951,0.000549,0.000313,0.000238,0.000306,0
21.084,0.001262,0.000857,0.000333,0.000227,0.000295,0
21.099,0.000932,0.000558,0.000246,0.000207,0.000254,0
21.13,0.001298,0.000674,0.000369,0.000208,0.000279,0
21.133,0.001015,0.000594,0.000279,0.000215,0.000255,0
21.161,0.001496,0.000662,0.000281,0.000182,0.000226,0
21.178,0.001558,0.000762,0.000267,0.000198,0.000224,0
21.207,0.001539,0.000913,0.000301,0.000194,0.000238,0
21.222,0.000889,0.000492,0.000288,0.000217,0.000252,0
21.24,0.001172,0.000553,0.000352,0.000225,0.00027,0
21.268,0.001319,0.000678,0.000352,0.000204,0.000254,0
21.283,0.001084,0.000544,0.000363,0.000191,0.000254,0
21.299,0.000978,0.000625,0.000294,0.000192,0.000247,0
21.332,0.001203,0.000676,0.000363,0.000201,0.000268,0
21.335,0.001116,0.000477,0.000307,0.000263,0.000311,0
21.363,0.001132,0.000566,0.000343,0.000353,0.000437,0
21.378,0.001042,0.000459,0.00038,0.000432,0.000566,0
21.408,0.001213,0.000577,0.000417,0.000399,0.000512,0
21.426,0.000928,0.000388,0.000373,0.000358,0.000455,0
21.44,0.001162,0.000489,0.000429,0.000415,0.000551,0
21.455,0.001755,0.000709,0.000569,0.000622,0.000936,0
21.487,0.001442,0.000705,0.000375,0.000458,0.00056,0
21.503,0.001498,0.000667,0.000389,0.000372,0.000453,0
21.519,0.001134,0.000509,0.000423,0.000343,0.000431,0
21.55,0.00112,0.000459,0.000454,0.000376,0.000519,0
21.552,0.001559,0.00072,0.000427,0.000406,0.000506,0
21.582,0.001085,0.000384,0.000422,0.000435,0.000536,0
21.597,0.001308,0.000626,0.000403,0.00034,0.000437,0
21.628,0.001278,0.000568,0.000381,0.000354,0.000434,0
21.644,0.00123,0.000647,0.000413,0.000413,0.000519,0
21.661,0.001493,0.000743,0.00044,0.000466,0.000567,0
21.676,0.001296,0.000479,0.000449,0.000487,0.000576,0
21.707,0.001073,0.000287,0.000389,0.000512,0.000632,0
21.724,0.001477,0.000641,0.000445,0.000408,0.000517,0
21.738,0.001299,0.000647,0.000413,0.000374,0.000455,0
21.77,0.001295,0.000623,0.000377,0.000322,0.000414,0
21.773,0.001272,0.000528,0.000352,0.000302,0.000382,0
21.802,0.001314,0.000602,0.000405,0.00025,0.000337,0
21.819,0.001535,0.000776,0.000453,0.000255,0.00034,0
21.849,0.001348,0.000664,0.000347,0.000188,0.000249,0
21.866,0.001069,0.000501,0.000365,0.000184,0.000252,0
21.881,0.001036,0.000564,0.000309,0.000173,0.000226,0
21.896,0.001227,0.000637,0.000295,0.000164,0.000211,0
21.927,0.001449,0.000816,0.000363,0.000185,0.000255,0
21.942,0.00138,0.000636,0.000229,0.000161,0.000193,0
21.959,0.001274,0.000514,0.000328,0.000161,0.000217,0
21.989,0.001268,0.000578,0.000385,0.000202,0.000268,0
22.004,0.001434,0.000563,0.000316,0.000193,0.000245,0
22.021,0.001608,0.000836,0.000383,0.000229,0.000295,0
22.035,0.001196,0.000566,0.000378,0.000265,0.000353,0
22.066,0.001334,0.000587,0.000366,0.000262,0.000335,0
22.081,0.001478,0.000631,0.000423,0.000296,0.000384,0
22.097,0.001297,0.000554,0.000452,0.000274,0.000351,0
22.128,0.001844,0.000694,0.000437,0.000277,0.000343,0
22.144,0.003496,0.00085,0.001972,0.001281,0.001557,0
22.161,0.004621,0.001743,0.001704,0.001401,0.001688,0
22.175,0.003923,0.001526,0.001236,0.001308,0.001824,0
22.209,0.004846,0.002031,0.000912,0.001271,0.001447,0
22.223,0.003241,0.001619,0.00061,0.000809,0.000947,0
22.238,0.003886,0.000941,0.00212,0.001437,0.001738,0
22.269,0.004679,0.001798,0.001604,0.001426,0.001623,0
22.285,0.002693,0.001167,0.00105,0.001108,0.001446,0
22.301,0.005624,0.002673,0.000933,0.001399,0.001482,0
22.317,0.007619,0.003075,0.001196,0.000995,0.001257,0
22.347,0.005376,0.001574,0.001416,0.001049,0.001417,0
22.363,0.007008,0.002642,0.001266,0.001014,0.001296,0
22.378,0.004338,0.00134,0.000675,0.000702,0.000902,0
22.41,0.002478,0.000855,0.000743,0.000905,0.001107,0
22.412,0.002294,0.001027,0.000612,0.000909,0.001037,0
22.44,0.00204,0.000659,0.000612,0.00114,0.001125,0
22.456,0.005441,0.00186,0.000721,0.00134,0.001363,0
22.486,0.003136,0.001402,0.000578,0.000756,0.00076,0
22.502,0.001656,0.000689,0.000528,0.000821,0.000879,0
22.517,0.001824,0.000687,0.000447,0.000702,0.000709,0
22.549,0.001599,0.000568,0.000371,0.000505,0.000494,0
22.565,0.002665,0.000943,0.000403,0.000336,0.000388,0
22.581,0.00196,0.000809,0.000399,0.000343,0.000384,0
22.597,0.002449,0.000851,0.000351,0.000324,0.000338,0
22.627,0.002969,0.001109,0.000506,0.000253,0.000342,0
22.643,0.001735,0.00069,0.000423,0.00026,0.000306,0
22.658,0.001854,0.000795,0.000337,0.000213,0.000254,0
22.692,0.001979,0.000811,0.000308,0.000165,0.000216,0
22.695,0.001367,0.000773,0.000404,0.000175,0.000251,0
22.722,0.000845,0.000439,0.000356,0.000142,0.00021,0
22.737,0.00154,0.000651,0.00032,0.000115,0.000177,0
22.768,0.001508,0.000655,0.000299,0.000124,0.000177,0
22.785,0.001481,0.000696,0.000282,0.00012,0.00017,0
22.799,0.001501,0.000673,0.000278,0.000121,0.000173,0
22.829,0.001314,0.00055,0.000311,0.000138,0.000195,0
22.844,0.001494,0.000658,0.000282,0.00012,0.000174,0
22.86,0.001717,0.000806,0.000326,0.000123,0.000184,0
22.892,0.001499,0.00068,0.000288,0.000107,0.000162,0
22.894,0.001819,0.000771,0.000257,0.000109,0.000157,0
22.924,0.001357,0.000651,0.000303,0.000119,0.000175,0
22.938,0.001766,0.000747,0.000283,0.000147,0.000205,0
22.97,0.001675,0.000636,0.000344,0.000318,0.000353,0
22.984,0.001667,0.000762,0.000435,0.000506,0.000557,0
23.0,0.001882,0.000882,0.000386,0.000424,0.000464,0
23.017,0.001658,0.000623,0.000273,0.000298,0.000318,0
23.048,0.001687,0.000812,0.000324,0.000434,0.000455,0
23.064,0.001871,0.000736,0.000394,0.000435,0.000485,0
23.079,0.001517,0.000643,0.00035,0.000377,0.000432,0
23.109,0.001624,0.000796,0.00039,0.000507,0.000543,0
23.125,0.001742,0.000567,0.000385,0.000458,0.000504,0
23.142,0.001577,0.000699,0.000459,0.000431,0.000511,0
23.159,0.001786,0.000921,0.000527,0.000604,0.000681,0
23.188,0.001578,0.00066,0.000358,0.000367,0.000433,0
23.203,0.001342,0.000584,0.000344,0.000329,0.000432,0
23.219,0.001536,0.00066,0.000377,0.000152,0.000219,0
23.251,0.0018,0.00098,0.000455,0.000124,0.000216,0
23.255,0.001519,0.000888,0.000433,0.000122,0.000213,0
23.282,0.001865,0.001018,0.000492,0.000138,0.000235,0
23.298,0.001739,0.001234,0.000497,0.000141,0.000249,0
23.328,0.00181,0.001167,0.000434,0.00013,0.000223,0
23.345,0.00176,0.001121,0.000415,0.000117,0.000208,0
23.359,0.001618,0.001024,0.000406,0.000141,0.000226,0
23.391,0.002028,0.001295,0.000408,0.000183,0.000262,0
23.394,0.001866,0.000862,0.000369,0.000329,0.000406,0
23.421,0.0016,0.000913,0.000341,0.000458,0.000477,0
23.438,0.002071,0.001275,0.00045,0.000459,0.000485,0
23.468,0.001721,0.000897,0.000488,0.000451,0.000467,0
23.485,0.001638,0.000979,0.000499,0.000341,0.000384,0
23.499,0.001596,0.000905,0.000544,0.0003,0.000367,0
23.531,0.001927,0.000851,0.000487,0.000378,0.000442,0
23.535,0.001653,0.000898,0.000443,0.000304,0.000381,0
23.562,0.002277,0.00098,0.00055,0.000213,0.000317,0
23.58,0.00194,0.000848,0.000511,0.000274,0.00035,0
23.594,0.00158,0.000852,0.000439,0.000334,0.000403,0
23.624,0.001597,0.000761,0.000446,0.000291,0.00034,0
23.64,0.001683,0.000982,0.000525,0.000326,0.000414,0
23.655,0.001445,0.000635,0.00064,0.000242,0.000374,0
23.687,0.001675,0.000828,0.000548,0.000183,0.000327,0
23.702,0.001313,0.0006,0.000545,0.000187,0.000343,0
23.718,0.001576,0.000745,0.000586,0.000182,0.00033,0
23.748,0.001516,0.000545,0.000632,0.000176,0.00034,0
23.765,0.001336,0.000652,0.000576,0.000161,0.000309,0
23.779,0.001338,0.000663,0.000371,0.000123,0.000215,0
23.81,0.001429,0.000754,0.00037,0.000113,0.000194,0
23.813,0.001252,0.000618,0.000412,0.000146,0.000246,0
23.842,0.001427,0.000561,0.000551,0.000153,0.000297,0
23.859,0.00137,0.000546,0.000597,0.000158,0.000311,0
23.889,0.002145,0.000883,0.000987,0.000244,0.000479,0
23.906,0.002423,0.001043,0.001041,0.00025,0.000493,0
23.922,0.002057,0.000868,0.000896,0.000259,0.000479,0
23.938,0.002178,0.000972,0.000908,0.000299,0.000502,0
23.969,0.002161,0.000892,0.000844,0.000362,0.000532,0
23.984,0.001971,0.001043,0.000844,0.000456,0.000618,0
23.999,0.00202,0.000866,0.000959,0.00039,0.000595,0
24.03,0.001904,0.00079,0.000832,0.000322,0.000489,0
24.033,0.0019,0.000869,0.000882,0.000351,0.000542,0
24.062,0.002286,0.001044,0.001144,0.000458,0.000683,0
24.077,0.0024,0.0009,0.001196,0.000546,0.000756,0
24.109,0.002457,0.001056,0.001315,0.000444,0.000682,0
24.124,0.002478,0.001155,0.00118,0.000361,0.000601,0
24.139,0.002286,0.000976,0.001084,0.000428,0.00062,0
24.17,0.002118,0.001062,0.0009,0.000463,0.000608,0
24.172,0.001945,0.000964,0.000671,0.000338,0.000433,0
24.203,0.002041,0.000828,0.001038,0.000465,0.000645,0
24.218,0.002584,0.00112,0.001336,0.000476,0.000724,0
24.248,0.00211,0.000914,0.00103,0.000395,0.000586,0
24.263,0.002212,0.001196,0.001042,0.000394,0.000582,0
24.279,0.002003,0.000962,0.000897,0.000421,0.000571,0
24.31,0.002001,0.000853,0.00095,0.000368,0.000567,0
24.313,0.00217,0.000786,0.001062,0.000365,0.000609,0
24.341,0.002355,0.000854,0.001023,0.000257,0.000484,0
24.356,0.002116,0.000812,0.000986,0.000232,0.000449,0
24.389,0.001794,0.000747,0.000756,0.000187,0.000354,0
24.403,0.00244,0.001005,0.000973,0.000229,0.000464,0
24.418,0.00238,0.000951,0.00099,0.000219,0.000456,0
24.45,0.002168,0.000916,0.000883,0.000212,0.000434,0
24.452,0.002106,0.000856,0.000868,0.0002,0.000411,0
24.482,0.001884,0.000727,0.000882,0.000215,0.000432,0
24.497,0.001828,0.000755,0.000982,0.000216,0.000444,0
24.529,0.001676,0.000658,0.000868,0.00022,0.000425,0
24.543,0.002018,0.000728,0.000812,0.00023,0.000399,0
24.559,0.00184,0.000779,0.00072,0.000215,0.000361,0
24.589,0.001628,0.000635,0.000816,0.000225,0.000383,0
24.604,0.001467,0.00058,0.000806,0.000184,0.00035,0
24.621,0.001778,0.000797,0.000902,0.000206,0.0004,0
24.636,0.001603,0.000584,0.000837,0.000216,0.000392,0
24.669,0.001773,0.000899,0.000899,0.000208,0.000413,0
24.682,0.001552,0.00065,0.000802,0.000187,0.000367,0
24.698,0.001729,0.000796,0.000863,0.000211,0.000395,0
24.729,0.001935,0.000972,0.000885,0.000205,0.000397,0
24.744,0.001838,0.000704,0.000955,0.00022,0.000422,0
24.762,0.001755,0.000627,0.000923,0.000197,0.000396,0
24.775,0.001768,0.000783,0.000847,0.000183,0.000369,0
24.808,0.001628,0.000605,0.000816,0.000172,0.000348,0
24.822,0.001579,0.000579,0.000808,0.000186,0.00036,0
24.837,0.001762,0.000726,0.000867,0.000214,0.000399,0
24.868,0.001706,0.000763,0.000784,0.000234,0.000404,0
24.883,0.001206,0.000519,0.000663,0.000185,0.000327,0
24.899,0.001261,0.000449,0.000718,0.000188,0.00034,0
24.93,0.00125,0.000474,0.000635,0.000184,0.000314,0
24.945,0.000921,0.000354,0.000562,0.000164,0.000279,0
24.96,0.001108,0.000452,0.000578,0.00018,0.000288,0
24.976,0.001322,0.000561,0.000568,0.000154,0.000271,0
25.007,0.001363,0.000673,0.000545,0.000151,0.000271,0
25.023,0.001395,0.000519,0.000611,0.000163,0.000293,0
25.039,0.001493,0.000579,0.000713,0.000177,0.000329,0
25.07,0.001677,0.000781,0.000635,0.000177,0.000309,0
25.085,0.001469,0.000634,0.00055,0.000177,0.000285,0
25.102,0.001499,0.000846,0.000482,0.000173,0.000259,1
25.117,0.001224,0.000535,0.000506,0.000168,0.000267,0
25.148,0.001133,0.000515,0.000428,0.000168,0.000242,0
25.163,0.001073,0.000542,0.000433,0.000202,0.000283,0
25.179,0.001012,0.000446,0.000433,0.000207,0.000285,0
25.21,0.001613,0.000643,0.000666,0.000298,0.000421,1
25.213,0.006097,0.003427,0.001603,0.002601,0.002814,0
25.243,0.008382,0.004299,0.002495,0.00312,0.003048,0
25.258,0.0084,0.005174,0.002586,0.003401,0.00333,0
25.289,0.010749,0.006288,0.002807,0.001426,0.001798,0
25.304,0.011945,0.007381,0.002293,0.001129,0.001558,0
25.32,0.007324,0.00404,0.001573,0.001065,0.001307,0
25.337,0.006993,0.003922,0.002016,0.002646,0.002788,0
25.367,0.009315,0.005454,0.001727,0.003211,0.00322,0
25.383,0.007763,0.004219,0.002062,0.0043,0.004386,0
25.398,0.006549,0.003174,0.001937,0.003482,0.003652,0
25.43,0.008102,0.005788,0.002499,0.003101,0.003089,0
25.433,0.008223,0.004551,0.002439,0.002433,0.002778,0
25.46,0.006321,0.002771,0.002277,0.0023,0.002537,0
25.475,0.010416,0.00728,0.001942,0.001955,0.002172,0
25.508,0.008833,0.006195,0.001636,0.001972,0.002037,0
25.526,0.009929,0.006632,0.001925,0.0029,0.002885,0
25.54,0.00636,0.003568,0.001875,0.002867,0.002676,0
25.556,0.005367,0.002663,0.001751,0.002566,0.00254,0
25.587,0.007063,0.003687,0.002448,0.002836,0.00312,0
25.603,0.007074,0.004149,0.002273,0.002215,0.002355,0
25.619,0.00692,0.004722,0.002068,0.002504,0.002456,0
25.649,0.006819,0.003552,0.002496,0.00168,0.001914,0
25.665,0.006027,0.003483,0.00189,0.001274,0.001603,0
25.68,0.011589,0.007727,0.002111,0.001403,0.001915,0
25.696,0.007499,0.004654,0.002167,0.001455,0.001796,0
25.728,0.006039,0.003331,0.002476,0.001839,0.002549,0
25.743,0.003794,0.001241,0.002074,0.001724,0.00215,0
25.759,0.005415,0.002856,0.002151,0.002114,0.002232,0
25.79,0.004735,0.001658,0.0024,0.001535,0.002015,0
25.792,0.004959,0.002639,0.002181,0.001466,0.002023,0
25.821,0.005285,0.002878,0.002271,0.001636,0.002116,0
25.836,0.008203,0.005303,0.002266,0.001357,0.001847,0
25.868,0.006066,0.00397,0.002266,0.001341,0.001821,0
25.884,0.006053,0.004062,0.002449,0.001079,0.00163,0
25.902,0.006061,0.0039,0.002293,0.00104,0.001564,0
25.916,0.005385,0.003323,0.002274,0.0015,0.002089,0
25.947,0.006081,0.003895,0.00228,0.001169,0.001744,0
25.963,0.006015,0.003155,0.002088,0.000969,0.001455,0
25.978,0.004526,0.002354,0.002232,0.000952,0.001404,0
26.009,0.004497,0.002615,0.002144,0.000938,0.001338,0
26.026,0.004634,0.002471,0.001799,0.000998,0.001324,0
26.042,0.004621,0.002532,0.002254,0.001046,0.001452,0
26.057,0.003851,0.001812,0.001913,0.000951,0.001229,0
26.088,0.006747,0.004012,0.002137,0.000931,0.001315,0
26.103,0.004434,0.002775,0.001552,0.000809,0.001091,0
26.118,0.006703,0.005186,0.001834,0.000868,0.001227,0
26.149,0.006733,0.004533,0.001945,0.000819,0.001215,0
26.165,0.005187,0.00365,0.00182,0.000787,0.00116,0
26.182,0.003645,0.00216,0.001496,0.000797,0.001058,0
26.195,0.004844,0.002902,0.002104,0.00091,0.00134,0
26.227,0.005803,0.003036,0.002415,0.001186,0.001567,0
26.242,0.007224,0.00431,0.002059,0.001047,0.001441,0
26.258,0.0046,0.002751,0.002064,0.001201,0.001593,0
26.29,0.004558,0.002759,0.00183,0.001097,0.001445,0
26.293,0.004909,0.001717,0.00245,0.001113,0.001518,0
26.323,0.005316,0.0038,0.002013,0.00101,0.001326,0
26.338,0.005251,0.003059,0.002417,0.001021,0.001425,0
26.369,0.004938,0.002178,0.002945,0.001133,0.001653,0
26.384,0.005571,0.002494,0.002996,0.001122,0.001682,0
26.4,0.005595,0.003322,0.002726,0.000991,0.001552,0
26.416,0.00306,0.001505,0.001791,0.000838,0.001207,0
26.447,0.004265,0.003101,0.001812,0.000863,0.001249,0
26.464,0.003945,0.001714,0.002326,0.001023,0.001469,0
26.478,0.003795,0.001855,0.002272,0.001016,0.001408,0
26.509,0.004002,0.001554,0.002483,0.001046,0.001542,0
26.524,0.004852,0.003231,0.002056,0.001001,0.001389,0
26.539,0.005005,0.002747,0.002504,0.000996,0.001461,0
26.571,0.004293,0.002573,0.001895,0.000755,0.001176,0
26.573,0.005086,0.003163,0.001931,0.000948,0.001334,0
26.602,0.005006,0.003048,0.001868,0.000789,0.001238,0
26.617,0.004804,0.002798,0.002061,0.000744,0.001263,0
26.647,0.005567,0.00367,0.00244,0.000767,0.001327,0
26.663,0.005824,0.00382,0.00226,0.000915,0.001404,0
26.679,0.004979,0.002671,0.001997,0.000789,0.001246,0
26.71,0.004268,0.002567,0.001784,0.000799,0.001209,0
26.712,0.003524,0.001261,0.002123,0.000942,0.00138,0
26.741,0.005373,0.0028,0.002021,0.000949,0.001335,0
26.757,0.003656,0.001951,0.001618,0.001061,0.001363,0
26.787,0.00433,0.001842,0.002267,0.000978,0.0014,0
26.803,0.004998,0.002234,0.002421,0.000901,0.001384,0
26.818,0.004482,0.002226,0.001943,0.000862,0.001267,0
26.849,0.004143,0.002194,0.001916,0.000756,0.001171,0
26.864,0.00401,0.001772,0.002173,0.000687,0.001186,0
26.882,0.004273,0.00232,0.002051,0.000768,0.001155,0
26.896,0.004638,0.002592,0.002017,0.00076,0.001139,0
26.927,0.004097,0.002488,0.001777,0.000639,0.001063,0
26.943,0.003395,0.001744,0.001718,0.000779,0.001129,0
26.959,0.004198,0.001935,0.002198,0.000807,0.001306,0
26.99,0.003155,0.001363,0.001425,0.000848,0.001125,0
26.992,0.004465,0.002332,0.001735,0.000805,0.001172,0
27.021,0.003708,0.001624,0.002012,0.000685,0.001096,0
27.037,0.004569,0.002595,0.00216,0.000734,0.001201,0
27.07,0.003998,0.002092,0.001739,0.000731,0.001128,0
27.083,0.004571,0.00265,0.001876,0.000692,0.001069,0
27.099,0.003149,0.001075,0.001736,0.000695,0.000993,0
27.13,0.003074,0.001421,0.001338,0.000688,0.000971,0
27.133,0.00399,0.00204,0.001894,0.00068,0.001077,0
27.163,0.00341,0.001787,0.001521,0.000731,0.001009,0
27.177,0.002938,0.001718,0.001245,0.000619,0.000834,0
27.209,0.003315,0.001875,0.001279,0.000921,0.001118,0
27.225,0.003497,0.001967,0.00131,0.001123,0.001283,0
27.24,0.003981,0.002238,0.001103,0.001054,0.001207,0
27.256,0.003222,0.001894,0.001642,0.000768,0.001049,0
27.286,0.003593,0.00204,0.001485,0.000712,0.001003,0
27.301,0.003261,0.001457,0.001386,0.000695,0.00098,0
27.318,0.003627,0.001799,0.001476,0.000761,0.001032,0
27.349,0.003422,0.001915,0.001192,0.000652,0.000858,0
27.365,0.003757,0.001641,0.001884,0.000678,0.00103,0
27.38,0.003787,0.001642,0.001874,0.000616,0.001043,0
27.396,0.004465,0.002082,0.001966,0.00064,0.001063,0
27.428,0.002644,0.001285,0.0013,0.000518,0.00081,0
27.444,0.003513,0.001991,0.001575,0.000608,0.000951,0
27.46,0.003344,0.002177,0.00122,0.000565,0.000844,0
27.475,0.003402,0.001879,0.001339,0.000529,0.000817,0
27.507,0.002845,0.001188,0.001525,0.000604,0.000936,0
27.522,0.002991,0.001454,0.001543,0.000634,0.000953,0
27.537,0.00287,0.001248,0.001214,0.000502,0.000727,0
27.569,0.003232,0.001877,0.00138,0.000588,0.00088,0
27.585,0.003053,0.001427,0.001521,0.000678,0.000988,0
27.601,0.00256,0.001289,0.001201,0.000628,0.000877,0
27.617,0.002647,0.00109,0.001463,0.000629,0.000886,0
27.647,0.002541,0.001072,0.001343,0.00052,0.000761,0
27.662,0.00271,0.001378,0.001246,0.000514,0.000734,0
27.678,0.002901,0.00149,0.001349,0.000535,0.000777,0
27.709,0.002164,0.000867,0.00107,0.000547,0.000713,0
27.724,0.00245,0.001238,0.001134,0.000531,0.000764,0
27.74,0.002514,0.001087,0.001328,0.000572,0.00083,0
27.77,0.002151,0.000872,0.001169,0.000494,0.000725,0
27.772,0.00263,0.00104,0.001405,0.000591,0.000888,0
27.8,0.002899,0.001511,0.001411,0.00065,0.000991,0
27.816,0.002453,0.001043,0.001494,0.000627,0.000977,0
27.847,0.003359,0.001752,0.001686,0.000694,0.001096,0
27.862,0.002694,0.001233,0.001323,0.000628,0.000911,0
27.878,0.003239,0.001449,0.001825,0.000689,0.001075,0
27.909,0.003479,0.001472,0.00199,0.000785,0.001252,0
27.926,0.002547,0.001069,0.00158,0.000696,0.001101,0
27.941,0.002656,0.001333,0.001367,0.000637,0.000957,0
27.956,0.002051,0.000884,0.001255,0.000535,0.000831,0
27.987,0.002979,0.001494,0.001769,0.000597,0.001005,0
28.003,0.002721,0.001375,0.001448,0.000579,0.000904,0
28.019,0.002594,0.001022,0.001355,0.000478,0.000777,0
28.05,0.002399,0.000937,0.001381,0.000582,0.00092,0
28.052,0.002489,0.000968,0.001443,0.000598,0.000934,0
28.082,0.002767,0.001118,0.001621,0.000681,0.001085,0
28.097,0.002941,0.000992,0.001914,0.000677,0.001134,0
28.128,0.002767,0.001047,0.001602,0.000572,0.000934,0
28.144,0.002413,0.001131,0.001276,0.000541,0.000855,0
28.16,0.002269,0.000894,0.001399,0.000617,0.00094,0
28.176,0.003027,0.001532,0.001573,0.000609,0.000996,0
28.208,0.002454,0.001232,0.001436,0.000538,0.000871,0
28.223,0.002592,0.000733,0.001715,0.000571,0.000978,0
28.237,0.002098,0.000818,0.001291,0.000494,0.000795,0
28.268,0.002129,0.000777,0.001193,0.000494,0.000765,0
28.284,0.002072,0.001062,0.001012,0.000526,0.000765,0
28.299,0.001992,0.001126,0.001065,0.000502,0.000775,0
28.33,0.002616,0.00106,0.001441,0.000565,0.000933,0
28.333,0.00349,0.001152,0.002249,0.000661,0.001151,0
28.361,0.002707,0.001011,0.001647,0.00066,0.001047,0
28.376,0.002806,0.001602,0.001501,0.000654,0.001016,0
28.408,0.002821,0.001259,0.001449,0.000626,0.001,0
28.423,0.003152,0.001618,0.001524,0.000651,0.001014,0
28.439,0.002591,0.001063,0.00135,0.000606,0.000934,0
28.47,0.003325,0.001765,0.001885,0.000635,0.00103,0
28.472,0.004463,0.001596,0.002839,0.000846,0.001421,0
28.502,0.003588,0.001112,0.002257,0.00093,0.001452,0
28.517,0.003858,0.001151,0.00253,0.00104,0.001606,0
28.549,0.003577,0.00216,0.001556,0.000895,0.001243,0
28.563,0.002566,0.001559,0.001226,0.000699,0.001021,0
28.579,0.002985,0.00158,0.001321,0.000799,0.001122,0
28.609,0.003359,0.00168,0.002111,0.000811,0.001247,0
28.624,0.003271,0.001766,0.001937,0.00078,0.001141,0
28.64,0.00333,0.001888,0.001612,0.000745,0.001073,0
28.656,0.003022,0.001452,0.001593,0.000678,0.000941,0
28.689,0.002348,0.000906,0.001293,0.000634,0.000877,0
28.703,0.002877,0.001388,0.001198,0.000735,0.000921,0
28.718,0.002684,0.001517,0.001224,0.000615,0.000819,0
28.75,0.002719,0.001267,0.001445,0.000677,0.000938,0
28.753,0.002568,0.001148,0.001223,0.000749,0.000959,0
28.781,0.002246,0.001369,0.001043,0.000687,0.000889,0
28.798,0.003108,0.001877,0.001466,0.000755,0.001012,0
28.83,0.002953,0.001932,0.001338,0.000741,0.001005,0
28.833,0.003435,0.002122,0.001518,0.000732,0.001042,0
28.86,0.00328,0.001874,0.001479,0.000747,0.001024,0
28.876,0.003702,0.001969,0.001309,0.000702,0.000959,0
28.909,0.003033,0.001626,0.001405,0.000778,0.001105,0
28.922,0.003184,0.001982,0.001515,0.000759,0.001066,0
28.938,0.002126,0.001141,0.001001,0.000761,0.000995,0
28.969,0.0025,0.000962,0.001321,0.00079,0.001112,0
28.984,0.003117,0.001554,0.00136,0.000705,0.000957,0
29.0,0.002331,0.001149,0.001204,0.000853,0.001066,0
29.017,0.002847,0.001332,0.001419,0.000803,0.001139,0
29.047,0.002391,0.000977,0.001311,0.000734,0.001014,0
29.063,0.002924,0.000979,0.001515,0.000822,0.001199,0
29.078,0.003268,0.001266,0.002054,0.000996,0.001392,0
29.109,0.00306,0.001065,0.002092,0.000849,0.001243,0
29.125,0.00262,0.000819,0.001925,0.000789,0.001182,0
29.14,0.00334,0.001409,0.002146,0.000917,0.001441,0
29.156,0.002954,0.000819,0.001736,0.001187,0.001721,0
29.187,0.003269,0.001231,0.001972,0.000907,0.001385,0
29.204,0.003303,0.001191,0.002162,0.000911,0.001406,0
29.218,0.003243,0.00121,0.002085,0.000896,0.00136,0
29.25,0.002926,0.000856,0.002032,0.000877,0.001284,0
29.266,0.003038,0.001138,0.001961,0.000849,0.001221,0
29.281,0.003772,0.0017,0.002591,0.000901,0.001467,0
29.298,0.003523,0.001219,0.002077,0.000889,0.001356,0
29.329,0.00355,0.001228,0.00231,0.001071,0.001747,0
29.345,0.003325,0.001179,0.002224,0.001023,0.001643,0
29.361,0.003379,0.00125,0.002195,0.000754,0.001265,0
29.375,0.002891,0.001039,0.002019,0.000702,0.001153,0
29.407,0.003594,0.001352,0.002259,0.000855,0.001393,0
29.422,0.003539,0.001526,0.001878,0.000962,0.001455,0
29.439,0.003457,0.001922,0.00175,0.000946,0.001345,0
29.468,0.002994,0.000891,0.001982,0.00113,0.001522,0
29.483,0.002667,0.000932,0.001647,0.001013,0.001327,0
29.499,0.002826,0.000914,0.001593,0.000886,0.001191,0
29.529,0.002594,0.000963,0.001497,0.000892,0.001237,0
29.546,0.002926,0.001394,0.001553,0.000866,0.001239,0
29.561,0.003162,0.001317,0.001786,0.000871,0.001268,0
29.577,0.003237,0.00169,0.001678,0.000898,0.00124,0
29.608,0.002568,0.001428,0.001361,0.000677,0.00096,0
29.624,0.002494,0.00103,0.001487,0.000657,0.000987,0
29.641,0.002069,0.000823,0.001151,0.000654,0.000891,0
29.655,0.002847,0.0012,0.001353,0.000801,0.001105,0
29.687,0.002472,0.001119,0.001246,0.000684,0.000981,0
29.702,0.002175,0.001024,0.001099,0.00058,0.000839,0
29.717,0.003108,0.0014,0.001885,0.000596,0.001018,0
29.749,0.002331,0.000736,0.001506,0.000521,0.00084,0
29.764,0.002204,0.000936,0.000919,0.000442,0.000662,0
29.78,0.002231,0.001119,0.00109,0.000427,0.000647,0
29.796,0.002908,0.00163,0.001505,0.000453,0.000762,0
29.827,0.002388,0.001089,0.001184,0.000454,0.000723,0
29.843,0.002242,0.001001,0.001231,0.000444,0.000685,0
29.858,0.002746,0.001526,0.001254,0.00049,0.000723,0
29.89,0.002484,0.00109,0.001121,0.000444,0.000675,0
29.905,0.002655,0.001669,0.00095,0.000624,0.00078,0
29.921,0.002759,0.00118,0.00139,0.000966,0.001119,0
29.936,0.002359,0.001216,0.00098,0.000945,0.001068,0
29.968,0.002525,0.000836,0.001089,0.000718,0.00094,0
29.983,0.003021,0.00185,0.00102,0.000552,0.000745,0
29.998,0.0027,0.001599,0.001243,0.000499,0.000751,0
30.03,0.001454,0.000635,0.000696,0.000481,0.000615,0
30.033,0.00241,0.001229,0.001139,0.000522,0.000714,0
30.06,0.002157,0.001186,0.000843,0.000415,0.000594,0
30.076,0.003003,0.00111,0.001803,0.000478,0.000834,0
30.107,0.002785,0.001272,0.001526,0.000477,0.000767,0
30.122,0.002623,0.001326,0.000837,0.000411,0.000582,0
30.137,0.002166,0.001192,0.000664,0.000409,0.000526,0
30.168,0.002243,0.001589,0.00083,0.000448,0.000612,0
30.184,0.002013,0.001165,0.000902,0.000352,0.000525,0
30.2,0.001949,0.001006,0.000742,0.000385,0.000512,0
30.216,0.002416,0.001094,0.001262,0.000472,0.000694,0
30.246,0.002944,0.001957,0.001014,0.000461,0.000637,0
30.261,0.002021,0.001188,0.000636,0.000469,0.000573,0
30.277,0.00225,0.001348,0.000745,0.00051,0.000667,0
30.309,0.001938,0.001026,0.000738,0.000579,0.000742,0
30.325,0.002202,0.001471,0.000918,0.000601,0.000738,0
30.342,0.002994,0.001843,0.001234,0.000475,0.000725,0
30.358,0.002191,0.00123,0.000781,0.000372,0.000527,0
30.39,0.002323,0.001399,0.000948,0.000374,0.000575,0
30.394,0.002084,0.001212,0.001021,0.000394,0.000595,0
30.42,0.002384,0.001215,0.001149,0.000474,0.000698,0
30.437,0.002428,0.001572,0.000905,0.000455,0.000662,0
30.467,0.002141,0.001004,0.001149,0.000478,0.000737,0
30.483,0.002405,0.001296,0.001048,0.000555,0.000759,0
30.499,0.002459,0.000995,0.001332,0.000787,0.001049,0
30.531,0.002774,0.001363,0.001331,0.000881,0.001101,0
30.534,0.002475,0.001146,0.001315,0.000834,0.001106,0
30.56,0.002605,0.001204,0.001261,0.000676,0.001009,0
30.576,0.00284,0.001267,0.001454,0.000547,0.000852,0
30.606,0.00242,0.001551,0.000992,0.000464,0.000662,0
30.623,0.001942,0.001142,0.001026,0.000426,0.000619,0
30.637,0.003213,0.001646,0.001415,0.000517,0.000807,0
30.668,0.00229,0.000984,0.001112,0.00041,0.000659,0
30.683,0.002679,0.00171,0.001062,0.000393,0.000612,0
30.699,0.002146,0.001095,0.001062,0.000373,0.000592,0
30.729,0.002341,0.001143,0.001189,0.000401,0.00064,0
30.745,0.002327,0.00094,0.001,0.000378,0.000601,0
30.761,0.002061,0.000901,0.001107,0.00042,0.000658,0
30.776,0.002547,0.00118,0.001295,0.000515,0.000806,0
30.807,0.002971,0.001535,0.001231,0.000502,0.000751,0
30.822,0.003072,0.001837,0.001236,0.000503,0.000806,0
30.838,0.00263,0.001158,0.001263,0.000485,0.000767,0
30.868,0.003393,0.001501,0.001693,0.000534,0.00089,0
30.884,0.003075,0.001406,0.001432,0.000563,0.000893,0
30.9,0.002645,0.001155,0.00137,0.000572,0.000927,0
30.916,0.00274,0.001198,0.00143,0.000609,0.00096,0
30.947,0.002305,0.000922,0.001237,0.000594,0.000916,0
30.963,0.003009,0.001642,0.001467,0.000653,0.001019,0
30.978,0.002807,0.001069,0.001553,0.000705,0.001111,0
31.009,0.003276,0.001681,0.00173,0.000709,0.001138,0
31.024,0.003157,0.001354,0.001818,0.000888,0.001351,0
31.04,0.003329,0.001796,0.001574,0.001116,0.001552,0
31.055,0.003089,0.00164,0.001555,0.001054,0.001501,0
31.089,0.003338,0.001111,0.001955,0.001208,0.00171,0
31.102,0.003527,0.001551,0.001839,0.001041,0.001395,0
31.118,0.003494,0.001243,0.002046,0.000978,0.001367,0
31.15,0.002855,0.001335,0.001607,0.000813,0.001145,0
31.152,0.002856,0.001395,0.001788,0.000762,0.001136,0
31.185,0.002602,0.001057,0.001484,0.00075,0.00104,0
31.197,0.00309,0.00163,0.001566,0.000782,0.001137,0
31.228,0.003555,0.001608,0.001854,0.000742,0.001104,0
31.244,0.0033,0.001973,0.001546,0.000847,0.00108,0
31.26,0.002836,0.001391,0.001575,0.000796,0.001085,0
31.277,0.004418,0.002916,0.001648,0.000838,0.001155,0
31.305,0.00503,0.002068,0.001754,0.000805,0.001104,0
31.322,0.003424,0.001486,0.001694,0.000695,0.001,0
31.337,0.003591,0.002424,0.001343,0.000768,0.001036,0
31.369,0.002965,0.00115,0.001518,0.000939,0.001278,0
31.384,0.00342,0.001399,0.002117,0.001,0.001422,0
31.4,0.003544,0.002168,0.001454,0.000729,0.001034,0
31.416,0.003826,0.002285,0.001641,0.000787,0.001135,0
31.446,0.003723,0.001783,0.001986,0.000783,0.001177,0
31.463,0.003115,0.001253,0.001638,0.000839,0.001175,0
31.478,0.002853,0.001115,0.001606,0.000717,0.001067,0
31.511,0.002135,0.00083,0.001309,0.000695,0.000996,0
31.513,0.003001,0.001596,0.001723,0.000739,0.001075,0
31.541,0.002829,0.000943,0.001725,0.000843,0.00118,0
31.557,0.002642,0.001017,0.001631,0.0007,0.001055,0
31.588,0.003536,0.001823,0.001728,0.000788,0.001129,1
31.604,0.003833,0.001656,0.002249,0.000828,0.001303,0
31.619,0.004469,0.001668,0.00295,0.001039,0.001536,0
31.651,0.003934,0.001206,0.002664,0.000848,0.001362,0
31.654,0.003794,0.001345,0.002534,0.00081,0.001317,0
31.681,0.003085,0.001176,0.001878,0.000875,0.001228,1
31.698,0.003516,0.001337,0.001954,0.001007,0.001407,0
31.728,0.006125,0.002077,0.002277,0.002055,0.002309,0
31.744,0.008883,0.002672,0.003448,0.004445,0.004575,0
31.759,0.009366,0.004981,0.002607,0.003855,0.003927,0
31.791,0.010686,0.004502,0.002838,0.003997,0.004185,0
31.794,0.008439,0.004795,0.002061,0.001983,0.002149,0
31.824,0.005553,0.002777,0.001529,0.001462,0.001573,0
31.84,0.005311,0.001772,0.001324,0.001917,0.001761,0
31.854,0.005863,0.003179,0.001579,0.001327,0.00151,0
31.886,0.005442,0.002781,0.001727,0.000995,0.001243,0
31.901,0.007096,0.004886,0.001639,0.001121,0.001277,0
31.917,0.009368,0.005176,0.001474,0.001143,0.001485,0
31.948,0.005214,0.003424,0.001546,0.000938,0.001198,0
31.963,0.005174,0.002272,0.001516,0.001148,0.001242,0
31.979,0.003949,0.001612,0.001129,0.001259,0.001246,0
32.01,0.0037,0.001567,0.001271,0.001149,0.001184,0
32.012,0.003164,0.001276,0.001385,0.000814,0.000953,0
32.041,0.002374,0.001488,0.000834,0.000701,0.000765,0
32.056,0.002384,0.001391,0.00089,0.000684,0.000745,0
32.087,0.002508,0.001194,0.000956,0.000531,0.000656,0
32.102,0.002,0.001092,0.000926,0.000532,0.000651,0
32.12,0.001817,0.000722,0.000864,0.000538,0.000621,0
32.134,0.001753,0.000622,0.00094,0.000441,0.000585,0
32.165,0.001848,0.001047,0.000747,0.000415,0.000526,0
32.181,0.002505,0.001168,0.000679,0.000415,0.000508,0
32.197,0.002166,0.001028,0.000718,0.00035,0.000479,0
32.228,0.001268,0.000639,0.00061,0.000354,0.000468,0
32.244,0.00147,0.00073,0.000619,0.000336,0.000469,0
32.26,0.002016,0.001073,0.000812,0.000301,0.000457,0
32.275,0.001702,0.00074,0.000891,0.000314,0.000481,0
32.306,0.001241,0.000475,0.000655,0.000263,0.000391,0
32.321,0.001613,0.001195,0.000529,0.00026,0.000369,0
32.336,0.001389,0.000594,0.000647,0.000251,0.00037,0
32.368,0.00163,0.000865,0.000657,0.000272,0.000388,0
32.384,0.001536,0.001111,0.000678,0.000249,0.00039,0
32.4,0.001139,0.000489,0.00078,0.000252,0.000413,0
32.415,0.001556,0.00092,0.000768,0.000271,0.000421,0
32.447,0.001356,0.000647,0.000756,0.00026,0.000408,0
32.462,0.001669,0.001025,0.000781,0.000316,0.000451,0
32.477,0.001336,0.000767,0.000759,0.000248,0.000394,0
32.509,0.001032,0.000388,0.000711,0.00023,0.000378,0
32.525,0.001879,0.001011,0.000764,0.000239,0.000395,0
32.54,0.001499,0.000843,0.000685,0.000239,0.000377,0
32.556,0.001263,0.000825,0.000616,0.00024,0.000365,0
32.587,0.001393,0.00099,0.000584,0.00017,0.000279,0
32.602,0.002304,0.001552,0.000608,0.000176,0.000293,0
32.618,0.001614,0.000905,0.000602,0.000218,0.000316,0
32.649,0.001137,0.000793,0.000566,0.000167,0.00027,0
32.666,0.001344,0.000874,0.000582,0.000165,0.000274,0
32.681,0.001508,0.00082,0.000559,0.000177,0.000276,0
32.695,0.001218,0.000845,0.000515,0.00015,0.000247,0
32.727,0.001336,0.00102,0.000513,0.000171,0.000261,0
32.741,0.001161,0.000862,0.000494,0.000152,0.00024,0
32.757,0.001068,0.000627,0.000546,0.000154,0.000259,0
32.788,0.001682,0.000843,0.000779,0.000196,0.00035,0
32.803,0.001492,0.000676,0.000878,0.000187,0.000375,0
32.821,0.00137,0.000688,0.000922,0.000212,0.000398,0
32.835,0.001495,0.00083,0.000909,0.000201,0.000391,0
32.867,0.001443,0.000737,0.000893,0.000202,0.000387,0
32.881,0.001675,0.000819,0.000999,0.000219,0.000428,0
32.898,0.00163,0.000686,0.001118,0.000241,0.000478,0
32.929,0.001766,0.000886,0.001216,0.000266,0.000518,0
32.945,0.001536,0.000503,0.001343,0.000272,0.000559,0
32.961,0.001929,0.001058,0.001123,0.000241,0.000477,0
32.976,0.000975,0.000518,0.000625,0.000167,0.00029,0
33.007,0.00138,0.000971,0.000648,0.000166,0.000297,0
33.022,0.001387,0.000772,0.000896,0.000217,0.000402,0
33.037,0.001222,0.000627,0.000851,0.000212,0.000391,0
33.068,0.001286,0.000542,0.000887,0.000203,0.000391,0
33.084,0.001576,0.000712,0.001204,0.000246,0.000506,0
33.101,0.001644,0.000772,0.001239,0.000259,0.000522,0
33.115,0.001759,0.001131,0.000957,0.000214,0.000417,0
33.148,0.00121,0.000551,0.000923,0.000206,0.000402,0
33.162,0.00145,0.000922,0.000868,0.000189,0.000372,0
33.178,0.000983,0.000558,0.000631,0.000164,0.000287,0
33.209,0.00112,0.000599,0.00069,0.000165,0.000305,0
33.224,0.001411,0.000928,0.000702,0.000168,0.000309,0
33.243,0.001012,0.000666,0.000502,0.000132,0.000232,0
33.256,0.00104,0.000451,0.000671,0.000154,0.000294,0
33.287,0.001958,0.000811,0.001263,0.000256,0.000529,0
33.302,0.001925,0.000812,0.001379,0.000278,0.000576,0
33.318,0.001656,0.000623,0.001357,0.000269,0.000565,0
33.35,0.001485,0.00072,0.001131,0.000231,0.000474,0
33.352,0.001248,0.000464,0.001,0.000208,0.000425,0
33.382,0.001505,0.000799,0.001071,0.000225,0.000456,0
33.397,0.001451,0.0006,0.001098,0.000233,0.000465,0
33.43,0.001072,0.000464,0.000801,0.000183,0.000351,0
33.434,0.001148,0.000761,0.000457,0.00016,0.000248,0
33.46,0.001079,0.000716,0.000434,0.000133,0.000221,0
33.477,0.001332,0.000631,0.000949,0.000196,0.0004,0
33.507,0.001242,0.000726,0.000657,0.000161,0.000294,0
33.525,0.000849,0.000494,0.000433,0.00014,0.000221,0
33.538,0.00082,0.000428,0.000478,0.000152,0.000243,0
33.569,0.000849,0.000456,0.000407,0.000143,0.00022,0
33.585,0.000945,0.000522,0.000543,0.000146,0.000258,0
33.6,0.000892,0.000486,0.00043,0.000163,0.000247,0
33.618,0.001112,0.000722,0.000489,0.000152,0.000243,0
33.646,0.001248,0.000766,0.000523,0.00016,0.000258,0
33.662,0.001282,0.000653,0.000445,0.000147,0.000232,0
33.677,0.001261,0.000621,0.000854,0.0002,0.000375,0
33.71,0.001333,0.00084,0.000691,0.000178,0.000318,0
33.714,0.00079,0.000467,0.000399,0.000142,0.000218,0
33.74,0.001053,0.000617,0.000422,0.000145,0.000229,0
33.756,0.001157,0.00073,0.000583,0.000152,0.000271,0
33.788,0.001165,0.000653,0.000733,0.000176,0.000328,0
33.804,0.001233,0.000594,0.000732,0.000178,0.000328,0
33.818,0.001194,0.000388,0.000926,0.000202,0.000394,0
33.85,0.001616,0.000627,0.001332,0.000265,0.000551,0
33.853,0.0016,0.000543,0.001293,0.000258,0.000534,0
33.88,0.001339,0.000695,0.000629,0.000155,0.000283,0
33.899,0.00088,0.000561,0.000416,0.00013,0.000213,0
33.927,0.000986,0.000589,0.000473,0.000132,0.000226,0
33.943,0.000959,0.000593,0.000437,0.00016,0.000244,0
33.958,0.000872,0.000575,0.00037,0.000128,0.000198,0
33.991,0.000837,0.000455,0.000243,0.000119,0.000162,0
33.994,0.001059,0.000512,0.00066,0.000169,0.000299,0
34.021,0.001169,0.00068,0.000694,0.00017,0.000312,0
34.037,0.000976,0.000419,0.000665,0.000159,0.000294,0
34.067,0.001067,0.000632,0.000542,0.000146,0.000254,0
34.083,0.001461,0.001088,0.000492,0.00015,0.000247,0
34.098,0.001021,0.000546,0.000702,0.000162,0.000307,0
34.129,0.000874,0.000481,0.000351,0.000126,0.00019,0
34.145,0.001239,0.000824,0.000632,0.000155,0.000282,0
34.16,0.001078,0.000466,0.000655,0.000156,0.000289,0
34.177,0.000763,0.000397,0.000366,0.000131,0.000201,0
34.207,0.001077,0.000694,0.000383,0.00013,0.000208,0
34.223,0.001224,0.000837,0.000468,0.00016,0.00025,0
34.239,0.00118,0.000737,0.00046,0.000155,0.00025,0
34.272,0.001131,0.000685,0.000455,0.000158,0.000248,0
34.274,0.001178,0.000649,0.000449,0.000173,0.000271,0
34.301,0.00137,0.000793,0.000639,0.000255,0.000433,0
34.317,0.00136,0.000654,0.000772,0.000265,0.000447,0
34.348,0.00152,0.000899,0.00081,0.000275,0.000468,0
34.364,0.001894,0.000967,0.001108,0.000326,0.00059,0
34.379,0.001841,0.000951,0.00108,0.000342,0.000608,0
34.411,0.001826,0.000882,0.001102,0.000384,0.000663,0
34.414,0.001657,0.000858,0.000891,0.000309,0.000555,0
34.441,0.001831,0.001006,0.000778,0.000382,0.000656,0
34.456,0.001768,0.000912,0.000699,0.000349,0.000599,0
34.487,0.001788,0.00091,0.000883,0.00036,0.000637,0
34.503,0.001815,0.000977,0.000823,0.000329,0.000602,0
34.519,0.001361,0.00065,0.000729,0.000314,0.000554,0
34.552,0.00132,0.000755,0.000576,0.000196,0.000335,0
34.556,0.001251,0.000517,0.000676,0.000215,0.000362,0
34.584,0.001353,0.000475,0.000902,0.000241,0.00044,0
34.6,0.001378,0.000559,0.000943,0.000248,0.000445,0
34.615,0.001383,0.000577,0.000897,0.000243,0.000438,0
34.647,0.001255,0.000433,0.000871,0.000254,0.000457,0
34.663,0.001214,0.000351,0.000899,0.000236,0.00044,0
34.679,0.001508,0.00079,0.000757,0.000234,0.000405,0
34.71,0.001617,0.000662,0.000786,0.000242,0.000426,0
34.712,0.001464,0.000582,0.00059,0.000231,0.000375,0
34.742,0.001317,0.000563,0.000598,0.000221,0.00037,0
34.757,0.001172,0.000546,0.000682,0.000236,0.000382,0
34.789,0.001477,0.000838,0.000686,0.000235,0.000376,0
34.805,0.00154,0.000844,0.000654,0.00022,0.000369,0
34.82,0.001719,0.000752,0.000816,0.000228,0.000416,0
34.837,0.001433,0.00065,0.000787,0.000234,0.000417,0
34.867,0.001338,0.00051,0.00075,0.000228,0.000409,0
34.884,0.001371,0.000566,0.000828,0.00025,0.000454,0
34.899,0.001405,0.000582,0.000595,0.000238,0.000407,0
34.932,0.001218,0.000516,0.000741,0.000252,0.000437,0
34.935,0.001485,0.000609,0.000871,0.000286,0.000493,0
34.961,0.001398,0.000665,0.00065,0.000264,0.000441,0
34.977,0.001366,0.000587,0.000666,0.000277,0.000462,0
35.008,0.001354,0.000603,0.000722,0.00027,0.000467,0
35.024,0.001416,0.000627,0.000809,0.000276,0.000461,0
35.039,0.001381,0.000568,0.000735,0.00027,0.000469,0
35.07,0.00172,0.000726,0.000833,0.00028,0.000493,0
35.073,0.001677,0.000729,0.000912,0.000288,0.000509,0
35.101,0.00161,0.00073,0.000775,0.000254,0.000425,0
35.118,0.00148,0.000736,0.000629,0.000216,0.000347,0
35.148,0.001509,0.00068,0.00061,0.000222,0.000351,0
35.164,0.001468,0.000662,0.000597,0.000249,0.000413,0
35.179,0.001212,0.000732,0.000559,0.000209,0.000325,0
35.21,0.001109,0.000571,0.000561,0.000204,0.00032,0
35.213,0.000973,0.000396,0.000536,0.000209,0.000329,0
35.24,0.000793,0.000436,0.000326,0.0002,0.000289,0
35.256,0.000901,0.000485,0.000369,0.000212,0.000339,0
35.287,0.000964,0.000407,0.000562,0.000236,0.000373,0
35.302,0.001256,0.000507,0.000794,0.000264,0.000441,0
35.318,0.001171,0.000617,0.000747,0.000252,0.000406,0
35.349,0.001107,0.000618,0.000516,0.000239,0.000354,0
35.364,0.00108,0.000655,0.000422,0.000228,0.000345,0
35.379,0.000936,0.000363,0.00046,0.000238,0.000332,0
35.41,0.001028,0.000477,0.000583,0.000255,0.000373,0
35.413,0.001165,0.000609,0.000565,0.000233,0.000353,0
35.441,0.001078,0.000375,0.000668,0.000261,0.000412,0
35.458,0.001305,0.000494,0.000833,0.000288,0.00045,0
35.489,0.001129,0.000527,0.000667,0.000247,0.000386,0
35.505,0.001224,0.000581,0.0005,0.000227,0.000337,0
35.52,0.001119,0.000565,0.000547,0.000235,0.00037,0
35.537,0.001031,0.000522,0.00046,0.000249,0.000364,0
35.566,0.000946,0.000445,0.000474,0.00024,0.000345,0
35.581,0.001133,0.000578,0.000529,0.000244,0.000351,0
35.597,0.001075,0.000583,0.000447,0.000257,0.000372,0
35.629,0.001029,0.000527,0.000493,0.000249,0.000368,0
35.632,0.001215,0.000444,0.000613,0.000289,0.000427,0
35.66,0.001258,0.000549,0.000631,0.000289,0.00044,0
35.675,0.001299,0.000581,0.000703,0.000308,0.000469,0
35.706,0.00171,0.000897,0.000809,0.000317,0.000527,0
35.724,0.001514,0.000654,0.000745,0.000297,0.000475,0
35.738,0.001154,0.000644,0.000565,0.000277,0.000405,0
35.768,0.000882,0.000431,0.000377,0.000267,0.000376,0
35.784,0.000968,0.000326,0.00047,0.000269,0.000391,0
35.799,0.001127,0.000573,0.000531,0.00028,0.000425,0
35.817,0.001493,0.000618,0.000888,0.000315,0.000536,0
35.847,0.001531,0.000693,0.000898,0.000333,0.000543,0
35.862,0.001362,0.000428,0.000831,0.000324,0.000527,0
35.878,0.001358,0.000709,0.000618,0.000273,0.000433,0
35.911,0.001054,0.000481,0.000448,0.000284,0.000436,0
35.914,0.001381,0.000754,0.000512,0.000271,0.000417,0
35.939,0.001181,0.00057,0.000508,0.000294,0.000464,0
35.972,0.001236,0.000623,0.000543,0.000266,0.000416,0
35.974,0.001409,0.00066,0.000682,0.000278,0.00043,0
36.004,0.001711,0.000844,0.000803,0.00029,0.000466,0
36.018,0.001336,0.000733,0.000635,0.00028,0.000418,0
36.049,0.001125,0.000535,0.00047,0.00028,0.000404,0
36.065,0.001071,0.000518,0.000458,0.000292,0.000421,0
36.08,0.001442,0.000765,0.000558,0.000279,0.000417,0
36.096,0.00119,0.00049,0.000704,0.000275,0.000442,0
36.125,0.001507,0.000657,0.000796,0.000349,0.000561,0
36.141,0.001541,0.00086,0.000784,0.000303,0.000497,0
36.156,0.001528,0.000784,0.000693,0.000297,0.000476,0
36.188,0.001424,0.000728,0.000565,0.000265,0.00043,0
36.203,0.001261,0.000794,0.000464,0.000275,0.000415,0
36.219,0.001202,0.000701,0.000546,0.000294,0.000459,0
36.251,0.001034,0.000481,0.000495,0.000294,0.000463,0
36.254,0.001532,0.000774,0.000504,0.000301,0.000468,0
36.282,0.001492,0.00081,0.000667,0.000327,0.000533,0
36.298,0.001367,0.000683,0.000748,0.000314,0.000506,0
36.33,0.001485,0.000784,0.00069,0.000327,0.000549,0
36.332,0.001334,0.000758,0.000579,0.000265,0.000435,0
36.361,0.001022,0.000441,0.000549,0.000264,0.000412,0
36.378,0.001033,0.000418,0.000597,0.00028,0.000454,0
36.408,0.001261,0.000618,0.000516,0.000295,0.000474,0
36.424,0.001315,0.000667,0.000437,0.000276,0.000427,0
36.44,0.00148,0.000865,0.000575,0.000308,0.000461,0
36.455,0.001519,0.00071,0.000747,0.000302,0.000484,0
36.487,0.001542,0.000597,0.000764,0.0003,0.000498,0
36.502,0.001554,0.000718,0.000672,0.000302,0.000494,0
36.518,0.001046,0.000536,0.000494,0.00027,0.000418,0
36.55,0.001259,0.000546,0.000556,0.000309,0.000499,0
36.552,0.001249,0.000634,0.000523,0.000283,0.000452,0
36.581,0.001306,0.000701,0.000509,0.000275,0.000426,0
36.597,0.001295,0.000742,0.000603,0.000269,0.000411,0
36.628,0.001596,0.000763,0.000705,0.000282,0.000442,0
36.643,0.002177,0.000855,0.000779,0.000309,0.000503,0
36.66,0.001431,0.000662,0.000574,0.000276,0.000446,0
36.675,0.001178,0.000653,0.000477,0.000314,0.000481,0
36.705,0.001169,0.000616,0.000456,0.000303,0.000473,0
36.722,0.001535,0.000975,0.000514,0.000351,0.000546,0
36.737,0.001302,0.000713,0.000559,0.000314,0.000491,0
36.768,0.001414,0.000809,0.00066,0.000301,0.000493,0
36.784,0.001451,0.000614,0.000702,0.000293,0.000486,0
36.799,0.001442,0.000809,0.000586,0.000268,0.000418,0
36.831,0.001194,0.000615,0.000527,0.000281,0.000449,0
36.833,0.001302,0.000798,0.000457,0.000287,0.00038,0
36.862,0.001199,0.000569,0.000404,0.000357,0.000426,0
36.878,0.001116,0.00055,0.000447,0.000282,0.000456,0
36.909,0.00147,0.000818,0.00049,0.000331,0.000504,0
36.925,0.001431,0.000957,0.000461,0.000269,0.000412,0
36.942,0.001276,0.000764,0.000471,0.000283,0.000446,0
36.955,0.001572,0.001089,0.000495,0.000252,0.000364,0
36.986,0.001364,0.000904,0.000384,0.000288,0.000388,0
37.002,0.001366,0.000686,0.000499,0.000279,0.000424,0
37.018,0.001227,0.000686,0.000484,0.000274,0.000405,0
37.05,0.001106,0.000591,0.000464,0.000289,0.000434,0
37.053,0.00128,0.000664,0.000555,0.000271,0.000431,0
37.08,0.000993,0.000604,0.000401,0.000241,0.000335,0
37.096,0.001256,0.000496,0.000782,0.000267,0.000439,0
37.127,0.001573,0.000734,0.000889,0.000272,0.000475,0
37.143,0.001443,0.00079,0.000916,0.000297,0.000494,0
37.159,0.001301,0.000629,0.000762,0.000262,0.000446,0
37.191,0.001269,0.000678,0.000764,0.00026,0.00043,0
37.193,0.001537,0.000876,0.000755,0.00025,0.000416,0
37.225,0.001856,0.001164,0.000786,0.000243,0.000419,0
37.237,0.001471,0.000857,0.00091,0.000277,0.000473,0
37.268,0.001315,0.000481,0.000996,0.000277,0.000506,0
37.284,0.001452,0.000608,0.000974,0.000258,0.000476,0
37.3,0.001344,0.000699,0.000862,0.000282,0.00046,0
37.316,0.001378,0.000845,0.000737,0.000265,0.000413,0
37.347,0.00148,0.00068,0.000824,0.000274,0.000441,0
37.362,0.001726,0.00098,0.001025,0.000307,0.000513,0
37.378,0.001716,0.000772,0.001125,0.000327,0.000566,0
37.411,0.001555,0.000521,0.001148,0.000347,0.000582,0
37.414,0.001457,0.000738,0.000962,0.000292,0.000491,0
37.439,0.001388,0.000655,0.000944,0.000308,0.000502,0
37.471,0.001555,0.000706,0.000938,0.000318,0.000495,0
37.474,0.001799,0.000827,0.001237,0.000344,0.00062,0
37.503,0.001773,0.000975,0.001261,0.000323,0.000606,0
37.519,0.001442,0.000632,0.000994,0.000302,0.000523,0
37.549,0.001649,0.000747,0.001067,0.000293,0.00053,0
37.564,0.001651,0.000555,0.001298,0.000344,0.000624,0
37.58,0.001153,0.000484,0.000853,0.000263,0.000453,0
37.597,0.001797,0.000787,0.001415,0.000359,0.000674,0
37.626,0.002268,0.00071,0.001991,0.000455,0.00092,0
37.642,0.002056,0.00078,0.001575,0.000386,0.000756,0
37.658,0.002258,0.000889,0.001526,0.000376,0.000724,0
37.688,0.002155,0.000779,0.001723,0.000416,0.000819,0
37.704,0.0023,0.000964,0.0017,0.000405,0.000799,0
37.719,0.001725,0.000922,0.000974,0.000297,0.000506,0
37.751,0.001491,0.000753,0.000754,0.000265,0.000416,0
37.755,0.001069,0.000389,0.000709,0.000269,0.000395,0
37.782,0.00165,0.000634,0.000782,0.000251,0.000411,0
37.798,0.001859,0.000756,0.000583,0.000205,0.000318,0
37.83,0.001595,0.000835,0.000619,0.000248,0.000371,0
37.833,0.001859,0.001245,0.000625,0.000244,0.000368,0
37.863,0.001834,0.000996,0.000466,0.000213,0.000297,0
37.878,0.001694,0.000959,0.000778,0.00026,0.00041,0
37.908,0.002036,0.001223,0.000812,0.000256,0.000422,0
37.925,0.001921,0.001111,0.000474,0.000232,0.00033,0
37.942,0.001856,0.001079,0.000565,0.000219,0.000333,0
37.957,0.002547,0.001425,0.000863,0.000268,0.000449,0
37.989,0.002195,0.001242,0.000517,0.000228,0.000331,0
38.004,0.001845,0.001105,0.000538,0.000227,0.000341,0
38.02,0.002604,0.001483,0.000997,0.000283,0.000505,0
38.037,0.002145,0.001018,0.001081,0.000291,0.000532,0
38.067,0.001976,0.001097,0.000702,0.000247,0.000384,0
38.083,0.002384,0.0014,0.000682,0.000218,0.000357,0
38.098,0.001755,0.000911,0.000635,0.000234,0.000376,0
38.131,0.001605,0.000853,0.000487,0.000206,0.000316,0
38.134,0.00217,0.001232,0.000887,0.000274,0.000461,0
38.161,0.003775,0.000957,0.002337,0.001195,0.001553,0
38.178,0.003938,0.001168,0.001719,0.001409,0.00161,0
38.209,0.00314,0.001069,0.001417,0.001152,0.001462,0
38.225,0.00522,0.00236,0.00112,0.000937,0.001074,0
38.24,0.006662,0.003124,0.001214,0.001293,0.001494,0
38.255,0.005608,0.00199,0.001666,0.001146,0.001485,0
38.288,0.008565,0.002924,0.001552,0.001054,0.00141,0
38.303,0.004666,0.001904,0.000947,0.000743,0.000942,0
38.32,0.001965,0.00068,0.000844,0.00084,0.001029,0
38.334,0.001731,0.000577,0.000823,0.000991,0.001166,0
38.365,0.002296,0.000859,0.000906,0.000813,0.000966,0
38.38,0.004109,0.001173,0.001098,0.001403,0.001431,0
38.395,0.003422,0.00109,0.000837,0.001068,0.001054,0
38.427,0.001836,0.00081,0.000498,0.000733,0.000758,0
38.444,0.002105,0.000744,0.00078,0.000862,0.000936,0
38.46,0.002646,0.00091,0.000672,0.000574,0.000614,0
38.476,0.001781,0.000896,0.000616,0.000334,0.000432,0
38.508,0.001797,0.000661,0.000847,0.000447,0.000559,0
38.522,0.002497,0.001013,0.000878,0.000356,0.000504,0
38.537,0.003348,0.001234,0.000751,0.000369,0.000474,0
38.569,0.003651,0.001584,0.000718,0.000339,0.000449,0
38.585,0.001646,0.000509,0.000545,0.000306,0.000393,0
38.601,0.001436,0.000631,0.000757,0.000264,0.000416,0
38.617,0.001227,0.000471,0.000734,0.00028,0.00041,0
38.648,0.00164,0.000672,0.000638,0.000257,0.000372,0
38.664,0.001485,0.000611,0.000608,0.00025,0.000364,0
38.68,0.001093,0.000451,0.000545,0.000267,0.000368,0
38.697,0.00087,0.000264,0.000609,0.000262,0.000383,0
38.727,0.001133,0.000455,0.00075,0.000253,0.000403,1
38.743,0.001371,0.000397,0.000988,0.000269,0.000475,0
38.759,0.00116,0.000335,0.000857,0.000263,0.000437,0
38.789,0.001075,0.000449,0.000673,0.000277,0.000402,0
38.805,0.001162,0.000519,0.000582,0.000258,0.000369,1
38.821,0.00182,0.000415,0.000699,0.000819,0.000889,0
38.838,0.007214,0.004426,0.001946,0.002811,0.0031,0
38.868,0.008863,0.004511,0.002589,0.004102,0.003822,0
38.884,0.008699,0.00557,0.002715,0.002055,0.002272,0
38.899,0.012438,0.008004,0.002503,0.001016,0.001441,0
38.932,0.008308,0.005362,0.002063,0.001208,0.001654,0
38.934,0.006959,0.004828,0.001429,0.001545,0.001614,0
38.961,0.008109,0.003533,0.001978,0.003197,0.003316,0
38.977,0.008246,0.004235,0.001757,0.003513,0.003604,0
39.008,0.007842,0.003901,0.002089,0.004224,0.004333,0
39.024,0.007443,0.003705,0.002563,0.003309,0.003331,0
39.04,0.006842,0.004232,0.002483,0.002689,0.002921,0
39.055,0.007398,0.004285,0.002638,0.00251,0.00273,0
39.086,0.009191,0.005133,0.002153,0.00206,0.002352,0
39.102,0.010345,0.007699,0.001929,0.001614,0.001823,0
39.118,0.007369,0.003847,0.001814,0.002554,0.002626,0
39.149,0.010137,0.007659,0.002098,0.002911,0.002726,0
39.167,0.00573,0.002795,0.002124,0.002774,0.00272,0
39.181,0.006406,0.004259,0.001702,0.002323,0.002292,0
39.197,0.006848,0.002372,0.002861,0.002802,0.003127,0
39.228,0.006925,0.003807,0.00213,0.002511,0.002522,0
39.243,0.006342,0.003574,0.00248,0.002254,0.002345,0
39.259,0.00714,0.004047,0.002385,0.00137,0.001749,0
39.274,0.009008,0.004055,0.001991,0.001281,0.001693,0
39.305,0.008339,0.005054,0.002475,0.001627,0.002084,0
39.321,0.007353,0.005206,0.00227,0.00161,0.002048,0
39.338,0.005234,0.00194,0.002585,0.001894,0.002597,0
39.369,0.004391,0.00121,0.002357,0.002124,0.002304,0
39.387,0.00555,0.003409,0.002306,0.001536,0.001887,0
39.402,0.004959,0.002049,0.002583,0.001568,0.002149,0
39.417,0.004885,0.002406,0.002184,0.001626,0.002173,0
39.448,0.00521,0.003128,0.001959,0.001476,0.001894,0
39.463,0.007687,0.004915,0.002315,0.001357,0.001811,0
39.479,0.005837,0.002932,0.002426,0.001248,0.001766,0
39.512,0.005386,0.003537,0.002246,0.001062,0.001553,0
39.516,0.0051,0.002753,0.002287,0.00113,0.001638,0
39.542,0.006584,0.004516,0.002292,0.001532,0.002203,0
39.558,0.005815,0.003534,0.002035,0.000967,0.001412,0
39.589,0.005616,0.002998,0.002195,0.000903,0.001351,0
39.604,0.004006,0.002572,0.00213,0.000987,0.001361,0
39.62,0.004469,0.002852,0.002066,0.000909,0.001267,0
39.636,0.004186,0.00222,0.00192,0.001065,0.00137,0
39.667,0.004609,0.002818,0.002044,0.000991,0.001318,0
39.682,0.003714,0.002088,0.001691,0.000965,0.001198,0
39.697,0.006198,0.004459,0.001805,0.000875,0.001201,0
39.728,0.005068,0.002946,0.001644,0.000849,0.00113,0
39.744,0.005803,0.004235,0.002052,0.000931,0.001323,0
39.759,0.005626,0.003938,0.001602,0.000796,0.00107,0
39.79,0.003883,0.002347,0.001663,0.000784,0.001083,0
39.793,0.003511,0.001808,0.001714,0.000843,0.001139,0
39.821,0.005577,0.002776,0.002381,0.000968,0.001408,0
39.836,0.005967,0.00263,0.002428,0.001228,0.001599,0
39.868,0.005675,0.003394,0.002092,0.001206,0.001555,0
39.883,0.004591,0.003278,0.001517,0.000987,0.001244,0
39.901,0.003833,0.001807,0.002008,0.001115,0.001395,0
39.915,0.005232,0.003034,0.00208,0.001071,0.001391,0
39.947,0.004262,0.002698,0.002041,0.000976,0.001285,0
39.962,0.005827,0.00339,0.002962,0.001111,0.001592,0
39.978,0.005322,0.002901,0.003097,0.001133,0.001622,0
40.009,0.004263,0.002322,0.002194,0.000964,0.001404,0
40.026,0.004486,0.002826,0.002317,0.000947,0.001366,0
40.04,0.003991,0.002379,0.001747,0.000822,0.001155,0
40.055,0.003719,0.00201,0.001877,0.000923,0.001248,0
40.086,0.003243,0.001357,0.001966,0.001059,0.001373,0
40.101,0.003891,0.001615,0.002551,0.000973,0.001459,0
40.117,0.004681,0.00252,0.002185,0.001011,0.001404,0
40.148,0.004712,0.003329,0.002086,0.00097,0.001356,0
40.164,0.004058,0.002324,0.002025,0.00087,0.00124,0
40.18,0.004217,0.002687,0.002027,0.000947,0.001335,0
40.194,0.00404,0.002455,0.001891,0.000772,0.0012,0
40.226,0.005236,0.003593,0.002218,0.000818,0.001297,0
40.243,0.004035,0.001768,0.002361,0.000767,0.001336,0
40.26,0.004889,0.003157,0.00248,0.000785,0.001313,0
40.274,0.005055,0.002949,0.002263,0.000856,0.001376,0
40.305,0.004691,0.00268,0.00164,0.000763,0.001145,0
40.321,0.003388,0.001182,0.00202,0.000914,0.001304,0
40.336,0.003716,0.001438,0.001897,0.000848,0.001243,0
40.368,0.004791,0.002586,0.001924,0.001062,0.00141,0
40.383,0.003665,0.002177,0.001717,0.000948,0.001285,0
40.399,0.00477,0.002379,0.002587,0.000993,0.001494,0
40.43,0.003216,0.001338,0.001983,0.000882,0.001254,0
40.433,0.004536,0.002699,0.001802,0.000687,0.001125,0
40.461,0.003945,0.002563,0.001891,0.000766,0.001186,0
40.476,0.004104,0.00174,0.002445,0.0008,0.001299,0
40.508,0.004095,0.002103,0.001973,0.000712,0.001101,0
40.523,0.004341,0.002041,0.001897,0.000694,0.001091,0
40.538,0.002681,0.001408,0.001585,0.000693,0.00104,0
40.569,0.003516,0.001449,0.002072,0.000799,0.001264,0
40.572,0.00305,0.001782,0.001496,0.00081,0.001157,0
40.601,0.002765,0.001454,0.001324,0.000805,0.00107,0
40.616,0.003389,0.001972,0.001476,0.000723,0.001023,0
40.648,0.004748,0.002395,0.002359,0.000714,0.001212,0
40.662,0.003062,0.001695,0.001573,0.000684,0.001044,0
40.679,0.003194,0.001855,0.00145,0.000675,0.000981,0
40.693,0.003554,0.00205,0.001706,0.000711,0.001025,0
40.725,0.003008,0.001285,0.001486,0.000696,0.000988,0
40.741,0.004071,0.002039,0.001645,0.000678,0.001013,0
40.756,0.003671,0.001599,0.001936,0.000711,0.001105,0
40.788,0.003189,0.001689,0.001337,0.000678,0.000918,0
40.803,0.00244,0.001297,0.001133,0.000707,0.000895,0
40.818,0.002725,0.0013,0.001194,0.001091,0.001233,0
40.849,0.003628,0.001878,0.001282,0.001184,0.001359,0
40.852,0.003506,0.00184,0.001348,0.000791,0.001002,0
40.881,0.003327,0.001774,0.001411,0.000745,0.000992,0
40.898,0.002737,0.001306,0.001396,0.000679,0.000959,0
40.929,0.003547,0.00181,0.001565,0.000729,0.001,0
40.945,0.003412,0.001453,0.001489,0.000742,0.001014,0
40.962,0.002865,0.001354,0.001236,0.000645,0.000853,0
40.977,0.003804,0.001757,0.001779,0.000664,0.001017,0
41.008,0.003054,0.001126,0.001752,0.000611,0.00098,0
41.024,0.003102,0.001311,0.001585,0.00072,0.001131,0
41.039,0.003759,0.00125,0.002019,0.001439,0.002357,0
41.071,0.003929,0.001539,0.002054,0.00137,0.002268,0
41.074,0.002692,0.001129,0.001519,0.000795,0.001301,0
41.102,0.002785,0.001127,0.001555,0.000808,0.001302,0
41.119,0.002627,0.001182,0.001419,0.000648,0.001012,0
41.151,0.002148,0.000891,0.001107,0.000577,0.000795,0
41.154,0.002365,0.001234,0.001184,0.000522,0.000749,0
41.18,0.002246,0.000782,0.001161,0.000615,0.000869,0
41.196,0.002986,0.001115,0.001471,0.000654,0.000954,0
41.226,0.002686,0.001418,0.00128,0.000632,0.000865,0
41.243,0.002129,0.001037,0.001099,0.000523,0.000722,0
41.258,0.001808,0.000796,0.00097,0.000492,0.000662,0
41.289,0.002477,0.001159,0.001068,0.000539,0.000717,0
41.305,0.0023,0.000796,0.001246,0.000551,0.000774,0
41.321,0.002347,0.00101,0.001205,0.000573,0.000777,0
41.336,0.00209,0.000778,0.001173,0.000538,0.00078,0
41.367,0.002353,0.000966,0.001271,0.000583,0.00084,0
41.383,0.002194,0.000832,0.001187,0.000491,0.000717,0
41.401,0.002605,0.000835,0.001508,0.000641,0.000969,0
41.415,0.002635,0.000829,0.001593,0.000666,0.001058,0
41.446,0.002333,0.000917,0.001445,0.00069,0.001024,0
41.461,0.002787,0.001367,0.001421,0.000644,0.000966,0
41.477,0.0027,0.000832,0.001604,0.000657,0.000981,0
41.507,0.002778,0.000889,0.001629,0.000671,0.000991,0
41.523,0.002653,0.000852,0.00184,0.000753,0.001216,0
41.539,0.003188,0.001249,0.001903,0.000694,0.001135,0
41.57,0.002058,0.000708,0.0012,0.00056,0.000841,0
41.573,0.003393,0.001719,0.001918,0.000553,0.000959,0
41.603,0.002722,0.000875,0.001659,0.000645,0.001038,0
41.618,0.002664,0.000981,0.001513,0.00051,0.000845,0
41.649,0.002463,0.000922,0.001401,0.000526,0.000848,0
41.652,0.002366,0.000748,0.001418,0.000615,0.000977,0
41.681,0.002816,0.001085,0.001461,0.000592,0.000954,0
41.697,0.003529,0.001678,0.001899,0.000742,0.00119,0
41.728,0.002528,0.000908,0.001587,0.000604,0.000999,0
41.744,0.002423,0.001003,0.001411,0.000539,0.000864,0
41.759,0.002235,0.000894,0.001302,0.000588,0.00089,0
41.791,0.002557,0.001234,0.001458,0.00064,0.001015,0
41.794,0.002511,0.001286,0.001246,0.000538,0.000807,0
41.822,0.002563,0.001052,0.001416,0.000553,0.000882,0
41.838,0.002696,0.001601,0.00129,0.000514,0.000825,0
41.869,0.002088,0.000936,0.001176,0.000441,0.00071,0
41.872,0.002877,0.001068,0.001569,0.000531,0.000865,0
41.901,0.00264,0.001201,0.001458,0.000547,0.000852,0
41.917,0.002366,0.000716,0.00146,0.00054,0.000906,0
41.948,0.003298,0.001041,0.002057,0.000648,0.001116,0
41.963,0.004104,0.001178,0.002492,0.000717,0.001268,0
41.979,0.002397,0.001184,0.001301,0.000647,0.000987,0
42.01,0.002928,0.001192,0.001628,0.000633,0.001016,0
42.013,0.003143,0.001283,0.001657,0.000628,0.001019,0
42.041,0.00261,0.001293,0.001322,0.000602,0.000954,0
42.057,0.002781,0.00145,0.001444,0.000612,0.000934,0
42.089,0.003955,0.001316,0.002596,0.000719,0.001236,0
42.104,0.00413,0.001517,0.002926,0.000929,0.001536,0
42.12,0.003467,0.001178,0.001896,0.000984,0.001475,0
42.135,0.003623,0.001635,0.002303,0.000964,0.001471,0
42.168,0.003099,0.001441,0.001454,0.000815,0.001149,0
42.182,0.002905,0.001299,0.001202,0.000755,0.001031,0
42.198,0.002744,0.00137,0.00136,0.000701,0.001029,0
42.23,0.00394,0.00173,0.002493,0.00087,0.001357,0
42.232,0.002675,0.000971,0.001603,0.000754,0.001063,0
42.262,0.002683,0.001357,0.001439,0.000646,0.000931,0
42.277,0.003312,0.001408,0.00166,0.00072,0.000982,0
42.309,0.002466,0.001215,0.001166,0.000658,0.000857,0
42.312,0.003065,0.001809,0.001358,0.000691,0.000905,0
42.34,0.002651,0.001359,0.001336,0.000713,0.000902,0
42.356,0.002778,0.001084,0.001332,0.000664,0.000925,0
42.388,0.003055,0.001845,0.001218,0.000746,0.000945,0
42.403,0.002864,0.001643,0.001329,0.000686,0.00093,0
42.419,0.003392,0.002153,0.001433,0.000781,0.001023,0
42.452,0.002823,0.001335,0.001386,0.000767,0.001063,0
42.455,0.004021,0.001802,0.001876,0.000759,0.001135,0
42.482,0.004279,0.002068,0.001454,0.000703,0.000967,0
42.498,0.003739,0.002415,0.00126,0.000755,0.001023,0
42.528,0.002591,0.001435,0.001254,0.000752,0.00104,0
42.544,0.003427,0.001803,0.001479,0.000796,0.001144,0
42.558,0.002444,0.001135,0.001099,0.000742,0.001002,0
42.59,0.002907,0.001661,0.001334,0.000756,0.001087,0
42.593,0.00328,0.001955,0.001471,0.000876,0.001177,0
42.62,0.002656,0.001219,0.001426,0.000881,0.00126,0
42.637,0.00297,0.001195,0.001664,0.000811,0.001237,0
42.667,0.00253,0.000911,0.001467,0.000792,0.001174,0
42.683,0.003085,0.001176,0.001861,0.000927,0.001355,0
42.698,0.003431,0.00113,0.002178,0.000984,0.001413,0
42.729,0.003379,0.001055,0.002429,0.000841,0.00136,0
42.745,0.002634,0.000912,0.001913,0.000783,0.001175,0
42.762,0.003113,0.000725,0.002067,0.001248,0.001876,0
42.777,0.003518,0.001172,0.002214,0.001011,0.001584,0
42.807,0.003279,0.001136,0.002223,0.000947,0.001481,0
42.823,0.003418,0.00121,0.002233,0.000895,0.001388,0
42.839,0.00287,0.000937,0.002017,0.00088,0.001314,0
42.87,0.002959,0.001035,0.002026,0.000853,0.001236,0
42.872,0.003808,0.001566,0.002604,0.000905,0.001521,0
42.899,0.003748,0.001276,0.002497,0.000936,0.001531,0
42.915,0.003386,0.001074,0.002462,0.00096,0.001541,0
42.947,0.003633,0.001228,0.00259,0.001092,0.001881,0
42.961,0.003496,0.00114,0.002501,0.000959,0.001596,0
42.977,0.003359,0.001043,0.002568,0.000772,0.001393,0
43.01,0.00379,0.001913,0.002196,0.000743,0.00123,0
43.012,0.003249,0.001134,0.001711,0.000888,0.001373,0
43.041,0.003663,0.001428,0.00209,0.000957,0.001417,0
43.056,0.002919,0.001028,0.001912,0.00097,0.001408,0
43.087,0.002863,0.00093,0.001889,0.001222,0.0016,0
43.103,0.00295,0.001198,0.001766,0.000927,0.001267,0
43.118,0.003464,0.001748,0.001604,0.000871,0.001209,0
43.149,0.002817,0.000998,0.001571,0.000872,0.001244,0
43.164,0.003682,0.00171,0.00197,0.000912,0.001351,0
43.18,0.003259,0.001145,0.001506,0.000887,0.001258,0
43.196,0.003209,0.001718,0.001788,0.000823,0.001195,0
43.229,0.002992,0.001154,0.001732,0.000709,0.001068,0
43.242,0.002623,0.001336,0.001352,0.000637,0.000939,0
43.257,0.002422,0.000955,0.001229,0.000803,0.001041,0
43.29,0.002425,0.000721,0.001649,0.000757,0.001146,0
43.292,0.002182,0.001207,0.00104,0.000662,0.000937,0
43.323,0.003467,0.001496,0.001463,0.000616,0.000958,0
43.338,0.003399,0.001338,0.002057,0.000567,0.001003,0
43.368,0.002283,0.001206,0.001279,0.000526,0.000798,0
43.385,0.002029,0.000987,0.001157,0.000512,0.000776,0
43.401,0.002711,0.001407,0.001449,0.000468,0.000762,0
43.418,0.003065,0.001882,0.001446,0.000493,0.000805,0
43.448,0.002359,0.001003,0.001312,0.000464,0.00076,0
43.463,0.002726,0.001258,0.0017,0.000514,0.000841,0
43.48,0.00254,0.001188,0.001451,0.000504,0.000798,0
43.496,0.002114,0.000898,0.001132,0.000565,0.000788,0
43.527,0.002398,0.000954,0.001327,0.000837,0.001028,0
43.542,0.00245,0.001089,0.001006,0.000927,0.001088,0
43.56,0.002813,0.000966,0.001375,0.000916,0.001125,0
43.575,0.003434,0.001999,0.001413,0.000678,0.00097,0
43.605,0.002451,0.001049,0.001472,0.000573,0.000864,0
43.621,0.002304,0.001137,0.001096,0.000526,0.000748,0
43.636,0.002889,0.001512,0.001258,0.000516,0.000776,0
43.668,0.003194,0.001319,0.001595,0.000588,0.00091,0
43.684,0.003047,0.001323,0.001892,0.00055,0.00094,0
43.7,0.002927,0.001299,0.00178,0.000497,0.000858,0
43.716,0.002827,0.001668,0.001464,0.000517,0.000824,0
43.748,0.002485,0.001465,0.001224,0.000447,0.000717,0
43.764,0.002244,0.001414,0.001101,0.000474,0.000688,0
43.781,0.002575,0.001801,0.001042,0.000464,0.000672,0
43.796,0.002324,0.001309,0.001112,0.000386,0.000611,0
43.827,0.002131,0.001344,0.001034,0.000429,0.000615,0
43.844,0.002663,0.001454,0.001305,0.00049,0.000736,0
43.859,0.003481,0.002285,0.001134,0.000513,0.00071,0
43.89,0.002062,0.001039,0.000828,0.000483,0.000639,0
43.893,0.001919,0.001134,0.00078,0.00053,0.000708,0
43.921,0.00238,0.00168,0.000944,0.000617,0.000781,0
43.938,0.002257,0.001016,0.001222,0.000594,0.000825,0
43.97,0.002284,0.001185,0.001213,0.000419,0.00066,0
43.972,0.00244,0.001686,0.000966,0.000387,0.000591,0
44.0,0.002754,0.001673,0.001233,0.000431,0.000688,0
44.016,0.002268,0.001341,0.001046,0.000431,0.000653,0
44.048,0.002282,0.001182,0.001183,0.000482,0.000725,0
44.064,0.002542,0.001533,0.001162,0.000428,0.000688,0
44.078,0.002622,0.001457,0.00132,0.000533,0.000814,0
44.11,0.00315,0.002034,0.001158,0.000651,0.000871,0
44.113,0.003293,0.001708,0.001497,0.000869,0.001123,0
44.141,0.003065,0.001685,0.001335,0.000912,0.001141,0
44.157,0.002915,0.00136,0.001266,0.000792,0.001121,0
44.187,0.004174,0.001664,0.001388,0.000601,0.000926,0
44.205,0.00289,0.001378,0.001303,0.000533,0.000772,0
44.218,0.00213,0.00132,0.000863,0.000427,0.000604,0
44.251,0.002524,0.001221,0.001324,0.000517,0.000771,0
44.253,0.002817,0.001159,0.001562,0.000495,0.000823,0
44.281,0.001907,0.000977,0.000941,0.000394,0.000607,0
44.298,0.00237,0.0012,0.001115,0.000368,0.000616,0
44.327,0.002413,0.001422,0.001218,0.000395,0.000646,0
44.343,0.002676,0.001289,0.001184,0.000407,0.000662,0
44.359,0.00237,0.001304,0.001142,0.000439,0.000678,0
44.392,0.00267,0.001284,0.001281,0.000498,0.000798,0
44.395,0.002594,0.001146,0.001186,0.00055,0.000812,0
44.421,0.0036,0.002059,0.001443,0.000576,0.000891,0
44.437,0.002466,0.001187,0.001146,0.000514,0.000773,0
44.468,0.003414,0.002087,0.001474,0.000558,0.000865,0
44.485,0.003193,0.001341,0.001604,0.000549,0.00088,0
44.499,0.003505,0.00183,0.001588,0.000599,0.000965,0
44.515,0.00344,0.002041,0.001486,0.000652,0.001041,0
44.546,0.003348,0.002399,0.001339,0.000578,0.000927,0
44.562,0.002998,0.001556,0.001385,0.000617,0.000958,0
44.579,0.002939,0.001388,0.001496,0.000669,0.001051,0
44.609,0.00283,0.001043,0.001581,0.000714,0.001092,0
44.625,0.003122,0.001206,0.001773,0.000779,0.001196,0
44.64,0.003194,0.001078,0.001865,0.000968,0.001472,0
44.655,0.003196,0.00123,0.001601,0.001162,0.001583,0
44.686,0.0033,0.001676,0.00166,0.0011,0.001532,0
44.702,0.00353,0.001245,0.001737,0.001091,0.001502,0
44.718,0.003498,0.001259,0.002029,0.001085,0.001494,0
44.748,0.003216,0.001142,0.00188,0.000854,0.001212,0
44.766,0.002876,0.001103,0.001761,0.000752,0.001111,0
44.78,0.003278,0.001479,0.001687,0.000787,0.001142,0
44.795,0.002673,0.00117,0.001593,0.00077,0.001131,0
44.825,0.003344,0.001656,0.001894,0.000774,0.001177,0
44.841,0.003069,0.00138,0.001573,0.000852,0.001095,0
44.859,0.003137,0.001541,0.001588,0.000764,0.001053,0
44.888,0.00305,0.001402,0.001618,0.000795,0.001094,0
44.904,0.003394,0.002091,0.001716,0.000883,0.001189,0
44.92,0.003068,0.001332,0.001778,0.00074,0.001068,0
44.935,0.00284,0.001291,0.00159,0.000734,0.00102,0
44.966,0.002629,0.001088,0.001406,0.000877,0.001162,0
44.982,0.003344,0.001394,0.001789,0.000946,0.001315,0
44.998,0.002828,0.000832,0.001815,0.000862,0.001227,0
45.028,0.00309,0.001613,0.001417,0.000766,0.00108,0
45.045,0.003086,0.001184,0.001611,0.000797,0.001139,0
45.061,0.003135,0.001291,0.001958,0.000772,0.001161,0
45.077,0.002873,0.000967,0.0017,0.000847,0.001198,0
45.108,0.002598,0.001006,0.001508,0.000721,0.001063,0
45.124,0.002522,0.001165,0.001291,0.000698,0.000982,0
45.14,0.002437,0.000788,0.001571,0.000796,0.001076,0
45.155,0.002983,0.001181,0.001773,0.000805,0.001179,1
45.186,0.002449,0.000745,0.001549,0.000776,0.001123,0
45.201,0.002929,0.001076,0.001843,0.000789,0.001171,0
45.216,0.004486,0.00181,0.002762,0.000968,0.001539,0
45.247,0.003578,0.001699,0.002173,0.000943,0.001336,1
45.262,0.004256,0.001114,0.003086,0.000839,0.001435,0
45.277,0.003374,0.001377,0.001789,0.000875,0.0012,0
45.309,0.006682,0.002269,0.002343,0.002444,0.002634,0
45.326,0.009075,0.003053,0.0033,0.004352,0.004549,0
45.339,0.009878,0.005627,0.002429,0.003858,0.004015,0
45.354,0.011002,0.004925,0.002762,0.003913,0.004147,0
45.385,0.007263,0.003755,0.002008,0.001928,0.002092,0
45.4,0.006054,0.00289,0.001884,0.001537,0.001607,0
45.415,0.006778,0.003131,0.001498,0.001899,0.001773,0
45.447,0.005607,0.002816,0.001454,0.001272,0.001463,0
45.462,0.005489,0.003214,0.001386,0.000986,0.001169,0
45.478,0.007461,0.004593,0.001873,0.001241,0.00147,0
45.51,0.010239,0.005533,0.001849,0.001115,0.00144,0
45.512,0.004772,0.002842,0.001496,0.000929,0.001208,0
45.541,0.005241,0.00267,0.001421,0.001169,0.001274,0
45.557,0.003862,0.001373,0.001285,0.001231,0.001248,0
45.587,0.003826,0.001546,0.001127,0.001117,0.001172,0
45.602,0.00314,0.001159,0.001191,0.000808,0.000959,0
45.618,0.002113,0.000777,0.001116,0.000764,0.000885,0
45.648,0.002268,0.000686,0.001129,0.00078,0.000864,0
45.664,0.001924,0.000999,0.000688,0.000508,0.000598,0
45.679,0.002108,0.001169,0.000908,0.000541,0.000668,0
45.695,0.002296,0.00099,0.000945,0.00058,0.000685,0
45.726,0.002577,0.001757,0.00096,0.000505,0.000656,0
45.742,0.002847,0.001095,0.000791,0.00044,0.000571,0
45.758,0.003304,0.001638,0.000833,0.000443,0.00057,0
45.788,0.002048,0.000874,0.000736,0.000396,0.000529,0
45.805,0.001511,0.000824,0.000655,0.000371,0.00051,0
45.821,0.002334,0.001561,0.000729,0.000447,0.000581,0
45.837,0.002029,0.001264,0.000643,0.00047,0.000622,0
45.868,0.001734,0.000854,0.000786,0.000592,0.000769,0
45.883,0.001672,0.000939,0.000668,0.000504,0.000664,0
45.9,0.003108,0.001209,0.000787,0.000507,0.000679,0
45.915,0.002781,0.00133,0.000647,0.000406,0.000543,0
45.945,0.002217,0.001014,0.00063,0.000422,0.000558,0
45.961,0.001348,0.000801,0.000534,0.000344,0.000456,0
45.976,0.001342,0.000852,0.000444,0.000298,0.000377,0
46.008,0.001606,0.000999,0.000503,0.00028,0.000373,0
46.023,0.001411,0.00083,0.000501,0.000241,0.000344,0
46.039,0.001083,0.000659,0.000419,0.000217,0.000301,0
46.069,0.001974,0.001324,0.000507,0.000297,0.000384,0
46.072,0.001654,0.000722,0.000397,0.000354,0.000443,0
46.101,0.001329,0.000608,0.000452,0.000348,0.000442,0
46.116,0.001635,0.001194,0.000487,0.000393,0.000496,0
46.147,0.002132,0.001482,0.000445,0.000352,0.000437,0
46.162,0.001361,0.000819,0.000372,0.000305,0.000383,0
46.179,0.001265,0.000909,0.000432,0.000302,0.000387,0
46.208,0.001467,0.000999,0.000386,0.000277,0.000346,0
46.223,0.001766,0.001025,0.000402,0.000265,0.000337,0
46.239,0.002171,0.001731,0.000461,0.000255,0.000346,0
46.271,0.001753,0.00106,0.000434,0.000216,0.000295,0
46.274,0.001356,0.000876,0.00043,0.00025,0.000326,0
46.301,0.001681,0.001256,0.000408,0.000198,0.000274,0
46.317,0.002034,0.001492,0.000439,0.000212,0.000299,0
46.347,0.00134,0.000977,0.000392,0.00021,0.000278,0
46.366,0.001875,0.001223,0.000422,0.000229,0.000298,0
46.379,0.00122,0.000644,0.000451,0.000206,0.000293,0
46.41,0.001912,0.001416,0.00043,0.00024,0.000315,0
46.413,0.001534,0.000897,0.000415,0.00022,0.000288,0
46.441,0.002015,0.001545,0.000504,0.000227,0.00032,0
46.456,0.001356,0.00071,0.000397,0.000253,0.000316,0
46.487,0.001974,0.00133,0.000422,0.000269,0.000325,0
46.504,0.002364,0.001488,0.00042,0.000257,0.000334,0
46.518,0.002712,0.001637,0.000425,0.000229,0.000297,0
46.55,0.00206,0.001356,0.0004,0.000215,0.000305,0
46.553,0.002174,0.001767,0.000392,0.000222,0.000296,0
46.581,0.002356,0.001695,0.000371,0.000199,0.000265,0
46.597,0.002321,0.001549,0.00047,0.000239,0.000321,0
46.627,0.002208,0.001616,0.000433,0.000256,0.000342,0
46.643,0.001926,0.001274,0.000419,0.000235,0.000309,0
46.658,0.001764,0.001345,0.000381,0.00022,0.000285,0
46.69,0.00165,0.001365,0.000386,0.000202,0.000268,0
46.692,0.001494,0.000833,0.000364,0.000232,0.000292,0
46.72,0.001306,0.000606,0.000389,0.000238,0.000299,0
46.737,0.002342,0.000774,0.000348,0.000231,0.000297,0
46.767,0.002586,0.001019,0.00036,0.000261,0.000315,0
46.783,0.00177,0.001075,0.000374,0.000243,0.000304,0
46.797,0.001458,0.000999,0.000433,0.000235,0.000329,0
46.83,0.001142,0.000633,0.000351,0.00022,0.000285,0
46.834,0.001285,0.000677,0.000337,0.000205,0.000252,0
46.86,0.001936,0.001357,0.000402,0.000231,0.000291,0
46.876,0.001526,0.000904,0.000366,0.000231,0.000283,0
46.906,0.001944,0.001125,0.000386,0.000217,0.000291,0
46.924,0.003698,0.002626,0.000574,0.000294,0.000399,0
46.937,0.002041,0.001631,0.000461,0.000238,0.000325,0
46.967,0.002357,0.001649,0.00046,0.000288,0.000363,0
46.984,0.001981,0.001284,0.000473,0.000302,0.000395,0
46.999,0.002146,0.001526,0.00045,0.000299,0.000369,0
47.03,0.001548,0.00099,0.000423,0.000271,0.000346,0
47.033,0.001899,0.00138,0.000447,0.00028,0.00035,0
47.062,0.002669,0.001798,0.000402,0.000212,0.000287,0
47.077,0.001531,0.001041,0.000404,0.000202,0.000279,0
47.108,0.001105,0.000608,0.000354,0.000223,0.00028,0
47.124,0.002163,0.001017,0.000391,0.00025,0.000307,0
47.14,0.001496,0.000775,0.000406,0.000233,0.000292,0
47.156,0.00163,0.001218,0.000419,0.000256,0.000316,0
47.187,0.001905,0.001312,0.000469,0.000292,0.000354,0
47.202,0.001079,0.000581,0.000336,0.000255,0.000293,0
47.219,0.001203,0.000731,0.000376,0.00026,0.000312,0
47.25,0.001834,0.000951,0.000335,0.000213,0.000267,0
47.252,0.001846,0.00099,0.000399,0.00023,0.000303,0
47.281,0.002626,0.001579,0.000343,0.00021,0.000269,0
47.298,0.001719,0.000977,0.000363,0.000228,0.000299,0
47.328,0.001897,0.001085,0.000467,0.000289,0.000393,0
47.344,0.001443,0.000707,0.000419,0.000323,0.000407,0
47.359,0.001264,0.000555,0.000403,0.000387,0.000464,0
47.375,0.001638,0.000887,0.000505,0.000402,0.000512,0
47.407,0.002164,0.001288,0.000455,0.000327,0.000422,0
47.423,0.001983,0.001345,0.000416,0.000275,0.000348,0
47.438,0.003696,0.001206,0.001995,0.001199,0.001497,0
47.469,0.004189,0.001538,0.00159,0.001404,0.001592,0
47.485,0.003872,0.001839,0.001186,0.001183,0.001463,0
47.501,0.005049,0.002268,0.000802,0.00093,0.001024,0
47.517,0.004093,0.002474,0.00067,0.000949,0.001007,0
47.548,0.003978,0.001274,0.002004,0.001321,0.001572,0
47.564,0.004543,0.001714,0.001564,0.001322,0.001529,0
47.579,0.002734,0.001532,0.000979,0.001113,0.001399,0
47.595,0.005586,0.002603,0.00095,0.001352,0.001465,0
47.626,0.007449,0.003021,0.001118,0.001046,0.001313,0
47.642,0.00627,0.002438,0.001573,0.001148,0.001544,0
47.658,0.008107,0.003159,0.001302,0.000997,0.001299,0
47.689,0.00453,0.001389,0.000714,0.000729,0.000923,0
47.692,0.002052,0.000963,0.000815,0.000911,0.001113,0
47.72,0.002229,0.001453,0.000656,0.000916,0.001045,0
47.736,0.002986,0.001207,0.000652,0.001132,0.001123,0
47.767,0.004711,0.001749,0.000817,0.001352,0.001386,0
47.783,0.002802,0.001433,0.000526,0.000755,0.000758,0
47.8,0.001868,0.00101,0.000481,0.000805,0.00086,0
47.815,0.002879,0.001193,0.000515,0.000811,0.00083,0
47.846,0.002417,0.001114,0.000612,0.000572,0.000605,0
47.861,0.002098,0.001071,0.000436,0.000401,0.00045,0
47.877,0.001772,0.001057,0.000413,0.000377,0.000418,0
47.908,0.00237,0.001183,0.000432,0.00035,0.000397,0
47.924,0.00231,0.001294,0.000785,0.000484,0.000694,0
47.94,0.003847,0.001187,0.00205,0.001442,0.001676,0
47.955,0.00521,0.002414,0.001453,0.001341,0.001609,0
47.986,0.002921,0.001414,0.001006,0.000854,0.001051,0
48.002,0.006118,0.002975,0.001083,0.001415,0.00152,0
48.018,0.007034,0.003102,0.001352,0.001129,0.001425,0
48.049,0.006025,0.001742,0.001666,0.000978,0.001388,0
48.052,0.007297,0.002572,0.000778,0.000896,0.001011,0
48.081,0.003837,0.001547,0.000708,0.000692,0.000911,0
48.096,0.002278,0.00091,0.000742,0.000928,0.001108,0
48.127,0.002033,0.000697,0.000588,0.000896,0.001019,0
48.143,0.003358,0.001138,0.000643,0.001226,0.001227,0
48.158,0.004905,0.002007,0.000705,0.001306,0.001302,0
48.189,0.002515,0.001208,0.000488,0.000768,0.000774,0
48.205,0.001909,0.000748,0.000542,0.000885,0.000927,0
48.221,0.003503,0.001533,0.000492,0.000631,0.000703,0
48.236,0.002405,0.001192,0.00041,0.000529,0.000549,0
48.267,0.002207,0.001067,0.000446,0.000414,0.000446,0
48.283,0.00184,0.001099,0.000461,0.000347,0.000415,0
48.298,0.001997,0.000792,0.000477,0.000403,0.000434,0
48.329,0.002827,0.001103,0.000506,0.000321,0.000396,0
48.333,0.00245,0.001066,0.00048,0.000355,0.000402,0
48.359,0.001963,0.000862,0.00043,0.000273,0.000345,0
48.377,0.001292,0.000783,0.000396,0.000282,0.000339,0
48.407,0.001552,0.000845,0.000394,0.000253,0.00032,0
48.423,0.00153,0.000746,0.000399,0.00025,0.000315,0
48.438,0.001327,0.000762,0.000431,0.000248,0.000318,0
48.468,0.001044,0.000633,0.000413,0.000245,0.000305,0
48.485,0.000988,0.000467,0.000411,0.000259,0.000317,0
48.5,0.00237,0.001028,0.001348,0.000761,0.001021,0
48.515,0.004199,0.001306,0.001967,0.001555,0.001776,0
48.546,0.004085,0.00189,0.001378,0.001174,0.001463,0
48.561,0.003213,0.001214,0.000999,0.000871,0.001026,0
48.578,0.006857,0.002583,0.001083,0.001371,0.001525,0
48.609,0.005737,0.002753,0.001349,0.00117,0.00144,0
48.625,0.006048,0.002471,0.001342,0.000805,0.001129,0
48.64,0.00384,0.001678,0.001673,0.000973,0.001254,0
48.655,0.004463,0.00157,0.001822,0.001548,0.001744,0
48.685,0.003843,0.00143,0.001294,0.001173,0.001475,0
48.701,0.003039,0.001483,0.000919,0.0009,0.001004,0
48.716,0.006789,0.002607,0.001078,0.001355,0.001507,0
48.748,0.004945,0.002006,0.001314,0.001188,0.001468,0
48.764,0.006868,0.002546,0.001566,0.000998,0.001377,0
48.779,0.007415,0.003459,0.001103,0.000929,0.001112,0
48.795,0.003126,0.001608,0.000813,0.000805,0.001014,0
48.827,0.002064,0.000784,0.000813,0.001008,0.00116,0
48.842,0.002217,0.000773,0.000688,0.000838,0.000981,0
48.858,0.003314,0.000842,0.000728,0.001333,0.001358,0
48.887,0.003368,0.00126,0.000725,0.001196,0.001161,0
48.903,0.001901,0.001079,0.000535,0.000758,0.000782,0
48.918,0.002175,0.000768,0.00063,0.000936,0.001009,0
48.952,0.002476,0.001028,0.000492,0.000572,0.000606,0
48.955,0.001652,0.000711,0.000476,0.000514,0.000551,0
48.981,0.001447,0.000616,0.000363,0.000495,0.000495,0
48.997,0.001763,0.0007,0.000444,0.000473,0.000502,0
49.027,0.002961,0.001313,0.000479,0.00048,0.000503,0
49.043,0.003834,0.001422,0.000493,0.000401,0.000462,0
49.058,0.002727,0.001056,0.000458,0.000407,0.000441,0
49.091,0.00287,0.001261,0.000455,0.000326,0.000392,0
49.094,0.001618,0.000845,0.000502,0.000335,0.000412,0
49.121,0.00155,0.000942,0.000465,0.000356,0.000423,0
49.136,0.00207,0.00085,0.000512,0.000405,0.000507,0
49.167,0.00159,0.000828,0.000543,0.000443,0.000565,0
49.184,0.001152,0.000589,0.000475,0.000467,0.000593,0
49.198,0.001444,0.000717,0.000508,0.000457,0.00057,0
49.229,0.001122,0.000513,0.000443,0.000359,0.000471,0
49.232,0.001593,0.000934,0.0005,0.000422,0.00051,0
49.26,0.001321,0.000562,0.000469,0.00035,0.000444,0
49.277,0.00237,0.001224,0.000517,0.000333,0.00043,0
49.307,0.001546,0.000486,0.00043,0.000341,0.000418,0
49.323,0.001711,0.000818,0.000502,0.000344,0.000411,0
49.339,0.00173,0.001003,0.00046,0.000414,0.000487,0
49.371,0.001558,0.001098,0.000414,0.000348,0.000412,0
49.374,0.00123,0.000647,0.000434,0.000314,0.000372,0
49.401,0.001681,0.00074,0.000468,0.000284,0.000354,0
49.417,0.001901,0.001156,0.000547,0.000311,0.000404,0
49.449,0.001565,0.00071,0.000482,0.000288,0.000364,0
49.465,0.00132,0.000759,0.000477,0.000349,0.000408,0
49.482,0.001639,0.000948,0.000594,0.000336,0.000438,0
49.496,0.001633,0.000843,0.000539,0.00032,0.000409,0
49.527,0.001681,0.001034,0.000637,0.000414,0.000542,0
49.543,0.001708,0.000946,0.000643,0.000465,0.00059,0
49.558,0.001496,0.000883,0.000513,0.000417,0.000525,0
49.59,0.001223,0.000702,0.000461,0.000465,0.000584,0
49.592,0.00094,0.000449,0.000388,0.000376,0.000455,0
49.622,0.00149,0.000889,0.00051,0.000343,0.000448,0
49.637,0.001463,0.000898,0.000465,0.00035,0.000431,0
49.669,0.001096,0.000454,0.000391,0.000312,0.000387,0
49.672,0.001967,0.000936,0.00043,0.000339,0.000406,0
49.7,0.001759,0.000805,0.000458,0.000344,0.000413,0
49.716,0.001188,0.000608,0.000446,0.000316,0.000388,0
49.747,0.001653,0.000633,0.00047,0.000386,0.000463,0
49.763,0.00167,0.000845,0.000503,0.000407,0.00047,0
49.779,0.001627,0.00086,0.000524,0.000406,0.000478,0
49.811,0.001494,0.000646,0.000518,0.000407,0.000494,0
49.813,0.00175,0.000589,0.000533,0.000388,0.000484,0
49.843,0.002119,0.001173,0.000547,0.000365,0.000462,0
49.857,0.001354,0.000641,0.000489,0.000443,0.000498,0
49.889,0.001533,0.000679,0.000616,0.000508,0.000565,0
49.904,0.001387,0.000694,0.000562,0.000375,0.000456,0
49.919,0.002113,0.001124,0.000616,0.000503,0.000553,0
49.937,0.001644,0.000805,0.000608,0.000386,0.000464,0
49.966,0.001393,0.000685,0.000522,0.000404,0.000473,0
49.981,0.001411,0.000679,0.000571,0.000371,0.000472,0
49.998,0.001333,0.000623,0.000499,0.000494,0.000519,0
50.03,0.002191,0.001321,0.000523,0.00046,0.000539,0
50.033,0.001759,0.001083,0.000553,0.00043,0.000505,0
50.059,0.001477,0.000841,0.000583,0.000378,0.000482,0
50.091,0.001391,0.000618,0.000641,0.000391,0.000502,0
50.093,0.001468,0.000987,0.000553,0.000337,0.000444,0
50.125,0.001971,0.001294,0.000604,0.000395,0.000478,0
50.138,0.001388,0.000764,0.000529,0.000381,0.000465,0
50.171,0.001276,0.00053,0.000524,0.000413,0.000472,0
50.173,0.001424,0.000723,0.000577,0.000386,0.000463,0
50.202,0.001876,0.001205,0.000542,0.000436,0.000508,0
50.22,0.001843,0.001284,0.000504,0.00037,0.000451,0
50.233,0.001711,0.00096,0.000589,0.000432,0.000537,0
50.265,0.00132,0.000636,0.000516,0.00047,0.000553,0
50.281,0.00206,0.001084,0.000538,0.000458,0.000556,0
50.296,0.002192,0.001383,0.000616,0.000472,0.000597,0
50.327,0.001269,0.000447,0.000525,0.000467,0.000562,0
50.342,0.001644,0.000971,0.00061,0.000467,0.000596,0
50.358,0.001285,0.000685,0.000495,0.000417,0.000514,0
50.39,0.00152,0.000691,0.000602,0.000448,0.000553,0
50.393,0.001304,0.000747,0.000435,0.000374,0.00045,0
50.422,0.002119,0.001584,0.000464,0.00039,0.000443,0
50.438,0.001572,0.000874,0.00056,0.000323,0.000414,0
50.469,0.001466,0.000693,0.000582,0.000338,0.000438,0
50.484,0.002694,0.001989,0.000608,0.00038,0.000476,0
50.5,0.002152,0.001188,0.00067,0.00058,0.000844,0
50.515,0.002201,0.001256,0.000738,0.000602,0.000882,0
50.547,0.001543,0.001006,0.000561,0.000497,0.000632,0
50.563,0.001326,0.000616,0.000557,0.000409,0.000488,1
50.578,0.001388,0.000777,0.000495,0.000417,0.000469,0
50.609,0.001484,0.000732,0.000466,0.000452,0.000482,0
50.624,0.00172,0.001139,0.000455,0.000371,0.000444,0
50.641,0.001632,0.001137,0.000431,0.000349,0.000402,0
50.658,0.002832,0.00098,0.000793,0.001784,0.001638,0
50.691,0.007682,0.004568,0.001834,0.002826,0.003123,1
50.694,0.00791,0.004379,0.002529,0.003133,0.003053,0
50.721,0.008805,0.004737,0.00271,0.00368,0.003865,0
50.736,0.010075,0.004876,0.003229,0.001927,0.002202,0
50.768,0.011146,0.005705,0.002218,0.001341,0.001721,0
50.783,0.009896,0.00519,0.001721,0.001392,0.001648,0
50.799,0.00759,0.003442,0.001983,0.002813,0.002959,0
50.832,0.010051,0.005692,0.001714,0.003268,0.003315,0
50.835,0.009913,0.005988,0.002053,0.004235,0.004333,0
50.86,0.006514,0.003319,0.001781,0.003593,0.003704,0
50.877,0.007717,0.005232,0.002459,0.003129,0.003119,0
50.907,0.007309,0.004157,0.002284,0.00252,0.002826,0
50.923,0.006402,0.003265,0.00225,0.002268,0.002513,0
50.938,0.010977,0.008077,0.001764,0.00203,0.002165,0
50.971,0.010308,0.007646,0.002079,0.002004,0.002191,0
50.973,0.010059,0.006855,0.001894,0.002765,0.002797,0
51.001,0.006535,0.003729,0.001923,0.003048,0.002834,0
51.018,0.00544,0.002557,0.001837,0.002623,0.002586,0
51.048,0.007855,0.004528,0.002526,0.00283,0.003169,0
51.064,0.007089,0.003943,0.002298,0.00236,0.002448,0
51.08,0.007363,0.00497,0.002229,0.002529,0.002494,0
51.095,0.006585,0.003042,0.002493,0.001753,0.00199,0
51.127,0.005965,0.002945,0.002102,0.001304,0.001648,0
51.142,0.011493,0.006935,0.002119,0.00147,0.00197,0
51.158,0.00803,0.004451,0.002297,0.001559,0.001927,0
51.189,0.006276,0.00356,0.002383,0.001867,0.002552,0
51.192,0.00414,0.001322,0.002188,0.00179,0.002222,0
51.221,0.005847,0.002913,0.002272,0.00217,0.002343,0
51.236,0.005091,0.002046,0.002497,0.001626,0.002103,0
51.267,0.005212,0.002568,0.002366,0.001496,0.002078,0
51.284,0.005634,0.002485,0.002181,0.001679,0.002147,0
51.3,0.008085,0.004993,0.002329,0.001446,0.001934,0
51.315,0.005416,0.003097,0.002188,0.001349,0.001825,0
51.346,0.005556,0.003397,0.002362,0.001131,0.001584,0
51.36,0.005146,0.003081,0.002248,0.001149,0.001619,0
51.376,0.007165,0.004664,0.002326,0.001493,0.002062,0
51.407,0.005429,0.003708,0.002121,0.00133,0.001874,0
51.422,0.006466,0.00335,0.001886,0.001007,0.001413,0
51.439,0.004898,0.002771,0.002217,0.001002,0.001415,0
51.469,0.004738,0.002898,0.002051,0.00097,0.001334,0
51.485,0.004426,0.002218,0.001736,0.001108,0.001372,0
51.501,0.004385,0.002656,0.001923,0.001123,0.001455,0
51.516,0.004119,0.002048,0.001813,0.001001,0.00126,0
51.547,0.005641,0.003293,0.001915,0.001049,0.001333,0
51.563,0.004314,0.002792,0.001622,0.001017,0.001287,0
51.579,0.006289,0.004859,0.001664,0.000895,0.001166,0
51.594,0.004944,0.003415,0.001747,0.000825,0.001118,0
51.625,0.005092,0.003835,0.001404,0.000864,0.001104,0
51.64,0.003858,0.002613,0.001296,0.000897,0.001106,0
51.656,0.004196,0.002301,0.001863,0.000946,0.001271,0
51.688,0.0058,0.002759,0.002499,0.00129,0.001648,0
51.704,0.006184,0.003529,0.00186,0.001124,0.001424,0
51.719,0.003905,0.002125,0.001724,0.001298,0.001589,0
51.734,0.003986,0.002627,0.001374,0.001087,0.001273,0
51.767,0.005458,0.002029,0.002483,0.001197,0.001535,0
51.781,0.005285,0.00374,0.001976,0.001069,0.001388,0
51.796,0.004781,0.002718,0.001945,0.001055,0.001332,0
51.828,0.005418,0.003009,0.002876,0.001133,0.001595,0
51.843,0.004615,0.001604,0.002825,0.001173,0.001616,0
51.86,0.005668,0.002978,0.002776,0.001079,0.001563,0
51.875,0.004066,0.0021,0.002059,0.00093,0.00128,0
51.906,0.003886,0.002079,0.001807,0.00097,0.00131,0
51.921,0.003693,0.001531,0.00224,0.001053,0.001432,0
51.936,0.003543,0.001345,0.002156,0.001065,0.001389,0
51.969,0.004637,0.002433,0.002545,0.001028,0.001506,0
51.985,0.005625,0.004095,0.002074,0.001042,0.001399,0
51.999,0.004308,0.002503,0.002302,0.001101,0.001475,0
52.031,0.003847,0.002321,0.001881,0.000881,0.001259,0
52.033,0.004459,0.002351,0.001819,0.001018,0.001346,0
52.062,0.0042,0.001941,0.001764,0.000882,0.001246,0
52.079,0.0041,0.00229,0.002057,0.000829,0.001297,0
52.093,0.004871,0.00305,0.00236,0.000858,0.001364,0
52.124,0.005524,0.003337,0.002296,0.000901,0.001372,0
52.14,0.004122,0.001958,0.001955,0.000846,0.001273,0
52.155,0.004386,0.002679,0.00177,0.000847,0.001226,0
52.187,0.003882,0.001819,0.00214,0.001022,0.001437,0
52.202,0.004919,0.002485,0.001945,0.000975,0.001366,0
52.217,0.004336,0.002329,0.001523,0.001108,0.001402,0
52.248,0.003901,0.001786,0.002223,0.00097,0.001402,0
52.266,0.003923,0.001446,0.00222,0.000998,0.001372,0
52.281,0.003989,0.00195,0.001801,0.000904,0.001258,0
52.296,0.003837,0.002343,0.00162,0.000826,0.00116,0
52.328,0.003977,0.001982,0.001995,0.000771,0.001237,0
52.343,0.004598,0.002329,0.002291,0.000867,0.00129,0
52.359,0.004157,0.002254,0.002021,0.000811,0.001189,0
52.374,0.003661,0.001841,0.001649,0.000739,0.001093,0
52.404,0.003196,0.001595,0.001798,0.00086,0.001217,0
52.421,0.00397,0.002072,0.002065,0.000912,0.00134,0
52.435,0.002806,0.001215,0.001272,0.000883,0.001142,0
52.466,0.003457,0.00188,0.001513,0.000859,0.001197,0
52.481,0.003971,0.001831,0.001903,0.000781,0.001146,0
52.496,0.004216,0.002373,0.00205,0.000793,0.00121,0
52.529,0.003527,0.001805,0.001445,0.000762,0.001088,0
52.546,0.003633,0.001775,0.001698,0.000759,0.001075,0
52.561,0.003519,0.001723,0.001686,0.000738,0.001011,0
52.576,0.003588,0.001443,0.001711,0.000827,0.001162,0
52.607,0.004573,0.002257,0.001805,0.000741,0.001095,0
52.622,0.0035,0.0016,0.001512,0.000753,0.00103,0
52.638,0.003262,0.002068,0.001165,0.000681,0.000859,0
52.668,0.003136,0.001591,0.001425,0.000942,0.001172,0
52.685,0.003509,0.002019,0.001347,0.001161,0.00133,0
52.701,0.00444,0.002001,0.00134,0.001104,0.001297,0
52.716,0.00361,0.002001,0.001385,0.000791,0.001013,0
52.748,0.003238,0.001494,0.001443,0.000778,0.001052,0
52.764,0.003733,0.001718,0.001335,0.000756,0.001008,0
52.779,0.003512,0.001439,0.001562,0.000869,0.001108,0
52.796,0.003375,0.001534,0.001165,0.000745,0.000931,0
52.827,0.003662,0.001881,0.001657,0.000694,0.000978,0
52.843,0.003817,0.002009,0.001644,0.000681,0.001032,0
52.858,0.003885,0.001608,0.001791,0.000733,0.001091,0
52.89,0.002777,0.001599,0.001136,0.000589,0.000812,0
52.893,0.00343,0.001478,0.001492,0.00067,0.000993,0
52.922,0.003267,0.001819,0.001223,0.000629,0.000897,0
52.936,0.002738,0.00141,0.001142,0.000563,0.000808,0
52.969,0.002466,0.001051,0.001212,0.000666,0.000908,0
52.984,0.002444,0.001159,0.001039,0.000663,0.00088,0
53.0,0.002675,0.001364,0.001132,0.000588,0.000812,0
53.016,0.002749,0.001515,0.001185,0.000632,0.000871,0
53.047,0.00296,0.001237,0.001447,0.00071,0.000979,0
53.064,0.002759,0.001262,0.001303,0.000716,0.000989,0
53.078,0.003083,0.001694,0.001373,0.000644,0.000872,0
53.11,0.002097,0.000851,0.001219,0.000586,0.000798,0
53.112,0.002645,0.001058,0.001309,0.000604,0.00083,0
53.141,0.002603,0.001112,0.001238,0.00061,0.00082,0
53.157,0.002973,0.001802,0.001245,0.000613,0.000809,0
53.187,0.001929,0.0007,0.001108,0.000592,0.000803,0
53.202,0.002685,0.001205,0.001467,0.000658,0.000949,0
53.219,0.002379,0.00108,0.001274,0.000591,0.000828,0
53.251,0.002891,0.001578,0.00143,0.000655,0.000948,0
53.254,0.002706,0.001356,0.001337,0.000713,0.001019,0
53.279,0.002683,0.001323,0.001471,0.000702,0.001028,0
53.295,0.003,0.001134,0.001725,0.000749,0.001136,0
53.325,0.002787,0.001759,0.001202,0.000628,0.000863,0
53.341,0.002938,0.001168,0.001605,0.000717,0.001033,0
53.356,0.003111,0.00141,0.001898,0.000794,0.001212,0
53.387,0.0029,0.001001,0.001848,0.000734,0.0012,0
53.403,0.002187,0.000762,0.001367,0.000687,0.001004,0
53.419,0.001933,0.000693,0.001206,0.000547,0.000823,0
53.45,0.002826,0.001062,0.001812,0.00065,0.001065,0
53.453,0.00259,0.000928,0.001486,0.000626,0.00096,0
53.481,0.002863,0.001125,0.001533,0.000554,0.000876,0
53.496,0.00278,0.001141,0.00148,0.000634,0.000995,0
53.527,0.002604,0.001161,0.001264,0.000613,0.000923,0
53.543,0.002989,0.001451,0.00162,0.000706,0.001089,0
53.557,0.002866,0.001038,0.001738,0.000737,0.001109,0
53.589,0.002845,0.001221,0.001587,0.000634,0.000982,0
53.593,0.002195,0.000746,0.001332,0.000625,0.000933,0
53.619,0.002454,0.000973,0.001346,0.000665,0.000959,0
53.636,0.002496,0.001118,0.001432,0.000672,0.001019,0
53.668,0.002179,0.001079,0.001099,0.000578,0.000806,0
53.682,0.002512,0.000839,0.001555,0.0006,0.000961,0
53.697,0.002081,0.000797,0.001215,0.000544,0.000807,0
53.73,0.002153,0.001029,0.00104,0.000498,0.000735,0
53.733,0.00178,0.000727,0.000903,0.00056,0.00078,0
53.759,0.002077,0.00109,0.00117,0.000536,0.000858,0
53.775,0.002437,0.000885,0.00142,0.000587,0.000962,0
53.806,0.003511,0.001226,0.002134,0.000672,0.001131,0
53.824,0.002957,0.001146,0.001719,0.000696,0.001106,0
53.836,0.002972,0.001617,0.001571,0.000727,0.001082,0
53.869,0.003019,0.001309,0.001524,0.000682,0.001068,0
53.883,0.00284,0.001197,0.001434,0.000674,0.001006,0
53.898,0.002825,0.001458,0.001387,0.00061,0.000946,0
53.931,0.003038,0.001375,0.00178,0.000622,0.001009,0
53.934,0.004664,0.001662,0.003046,0.000898,0.001506,0
53.964,0.003524,0.001112,0.002293,0.000932,0.001451,0
53.977,0.004056,0.001364,0.002552,0.001099,0.001676,0
54.008,0.00319,0.001741,0.001647,0.00094,0.001293,0
54.023,0.002684,0.001313,0.001354,0.00072,0.00105,0
54.039,0.002814,0.00144,0.001365,0.000811,0.001133,0
54.055,0.003136,0.001416,0.001905,0.000791,0.001195,0
54.086,0.003443,0.001577,0.002179,0.000798,0.001225,0
54.102,0.002966,0.001466,0.001528,0.00076,0.001064,0
54.118,0.002848,0.001229,0.001575,0.000703,0.000981,0
54.15,0.003032,0.001491,0.001456,0.000687,0.000944,0
54.153,0.003303,0.001833,0.00117,0.000808,0.001006,0
54.18,0.002998,0.00175,0.001149,0.000621,0.00083,0
54.196,0.002884,0.001508,0.001363,0.000706,0.000936,0
54.227,0.002675,0.001214,0.001172,0.000741,0.000955,0
54.245,0.002238,0.000964,0.001149,0.000685,0.000887,0
54.259,0.003335,0.002322,0.001373,0.000771,0.001033,0
54.275,0.002764,0.001734,0.001318,0.000754,0.001028,0
54.307,0.003199,0.002036,0.001446,0.000751,0.001035,0
54.322,0.003585,0.002347,0.001551,0.000725,0.001005,0
54.34,0.003018,0.001399,0.001248,0.00071,0.000965,0
54.352,0.003197,0.001857,0.001274,0.000805,0.001117,0
54.383,0.003394,0.002167,0.001537,0.000755,0.001079,0
54.399,0.00212,0.000905,0.001027,0.000789,0.001028,0
54.415,0.002679,0.001298,0.001352,0.00079,0.001123,0
54.446,0.002353,0.000958,0.001239,0.000692,0.000929,0
54.462,0.002862,0.001587,0.001336,0.000864,0.001088,0
54.478,0.002795,0.001453,0.00146,0.000805,0.001153,0
54.509,0.002842,0.001601,0.001282,0.000733,0.001025,0
54.512,0.002674,0.00111,0.00139,0.000808,0.001156,0
54.542,0.003057,0.000816,0.001961,0.000996,0.001372,0
54.556,0.003176,0.001141,0.001966,0.000882,0.001262,0
54.588,0.0025,0.0008,0.001752,0.000756,0.001126,0
54.603,0.003225,0.00128,0.002124,0.000924,0.001434,0
54.619,0.003226,0.001308,0.001614,0.001204,0.001703,0
54.636,0.003088,0.000991,0.001948,0.000948,0.001477,0
54.666,0.00314,0.000937,0.002245,0.000919,0.001477,0
54.683,0.002915,0.000839,0.002077,0.000893,0.001351,0
54.698,0.002996,0.001066,0.002088,0.000884,0.0013,0
54.729,0.003006,0.001199,0.001881,0.000824,0.001179,0
54.732,0.003584,0.001493,0.002587,0.000877,0.00144,0
54.76,0.003111,0.001058,0.002096,0.000902,0.001372,0
54.774,0.003241,0.001035,0.002126,0.001054,0.00168,0
54.805,0.003514,0.001257,0.002375,0.001096,0.00176,0
54.822,0.003154,0.000996,0.002172,0.000731,0.001261,0
54.836,0.002681,0.000786,0.001982,0.000732,0.001184,0
54.867,0.003508,0.001273,0.002189,0.000806,0.001345,0
54.884,0.003597,0.001562,0.001957,0.000979,0.001515,0
54.899,0.003077,0.001302,0.001803,0.000898,0.001278,0
54.93,0.003151,0.001145,0.002066,0.001148,0.001585,0
54.933,0.002546,0.000769,0.001655,0.001041,0.001347,0
54.961,0.00266,0.000786,0.001735,0.000897,0.001255,0
54.978,0.002558,0.000975,0.001519,0.000899,0.001258,0
55.007,0.003035,0.001673,0.001466,0.000858,0.001223,0
55.023,0.002991,0.001337,0.001835,0.000869,0.001296,0
55.038,0.003248,0.001844,0.001659,0.000914,0.001257,0
55.072,0.002335,0.001216,0.001287,0.000665,0.000947,0
55.076,0.002555,0.000964,0.001529,0.000666,0.001,0
55.101,0.002522,0.001437,0.00117,0.000684,0.000934,0
55.117,0.002628,0.001247,0.001331,0.000786,0.001087,0
55.147,0.002159,0.000995,0.001318,0.000688,0.00099,0
55.163,0.001796,0.000604,0.00109,0.0006,0.000865,0
55.179,0.003068,0.001095,0.001928,0.000612,0.001046,0
55.194,0.002397,0.000743,0.001607,0.000553,0.000903,0
55.226,0.001883,0.001013,0.000833,0.00047,0.00066,0
55.242,0.001814,0.000722,0.001019,0.000449,0.000673,0
55.26,0.002447,0.001241,0.001462,0.000466,0.000761,0
55.273,0.002369,0.001369,0.001158,0.000452,0.000718,0
55.304,0.002051,0.000767,0.001263,0.000467,0.00072,0
55.321,0.002153,0.000801,0.001337,0.000482,0.000727,0
55.337,0.002124,0.000977,0.001073,0.000474,0.000693,0
55.368,0.001753,0.00075,0.000922,0.000592,0.000759,0
55.383,0.002338,0.000925,0.001337,0.000946,0.0011,0
55.4,0.001911,0.000764,0.001002,0.000955,0.001083,0
55.415,0.001871,0.000721,0.001068,0.000761,0.000969,0
55.446,0.001938,0.001019,0.000977,0.000555,0.000748,0
55.462,0.002224,0.000963,0.001173,0.00051,0.00075,0
55.477,0.001415,0.00061,0.0007,0.000524,0.000662,0
55.508,0.001837,0.000821,0.001082,0.000509,0.000704,0
55.523,0.001826,0.000917,0.000958,0.00047,0.000651,0
55.539,0.002688,0.000898,0.001774,0.000502,0.000845,0
55.555,0.002378,0.000857,0.001511,0.000507,0.000792,0
55.589,0.001531,0.00066,0.00087,0.000429,0.000599,0
55.593,0.001587,0.000962,0.000685,0.0004,0.000522,0
55.632,0.001657,0.000905,0.000775,0.000476,0.000625,0
55.635,0.001936,0.001253,0.000834,0.000374,0.000538,0
55.662,0.001943,0.001196,0.000717,0.000362,0.000502,0
55.678,0.001993,0.001069,0.001115,0.000437,0.000653,0
55.709,0.002481,0.001444,0.001169,0.000479,0.000675,0
55.712,0.001603,0.000929,0.000654,0.000439,0.000542,0
55.741,0.001788,0.000963,0.000718,0.000501,0.000654,0
55.755,0.001954,0.001256,0.000718,0.000605,0.00078,0
55.787,0.002258,0.001556,0.000896,0.000614,0.000751,0
55.802,0.002137,0.000884,0.001135,0.000463,0.000691,0
55.819,0.001971,0.000892,0.000914,0.000422,0.000599,0
55.835,0.001938,0.001082,0.000917,0.000415,0.000605,0
55.866,0.002533,0.00153,0.001098,0.000396,0.000625,0
55.881,0.002656,0.001061,0.001143,0.000462,0.000688,0
55.896,0.002587,0.001389,0.000902,0.000488,0.000699,0
55.928,0.002138,0.00102,0.001199,0.000512,0.000775,0
55.943,0.002703,0.001611,0.001137,0.000548,0.000774,0
55.961,0.00282,0.001648,0.001226,0.000725,0.000972,0
55.977,0.002622,0.001366,0.001287,0.000975,0.00118,0
56.006,0.002425,0.001034,0.001326,0.000841,0.001115,0
56.023,0.002426,0.000845,0.001252,0.00071,0.001059,0
56.037,0.002759,0.001071,0.001515,0.000583,0.000887,0
56.069,0.002069,0.001084,0.000979,0.000496,0.000704,0
56.084,0.002082,0.001127,0.000929,0.00043,0.0006,0
56.1,0.002788,0.001617,0.001361,0.000549,0.000823,0
56.116,0.002165,0.0009,0.001177,0.000462,0.000716,0
56.147,0.002145,0.00104,0.001026,0.000404,0.000626,0
56.162,0.001989,0.000828,0.001156,0.000414,0.000662,0
56.177,0.002532,0.001109,0.001246,0.000447,0.0007,0
56.209,0.002076,0.000928,0.001015,0.000439,0.000646,0
56.224,0.002356,0.001227,0.001191,0.000475,0.000727,0
56.242,0.002308,0.000856,0.001311,0.000513,0.000804,0
56.257,0.002791,0.001145,0.001178,0.000517,0.000775,0
56.287,0.002815,0.001463,0.001187,0.00053,0.000806,0
56.304,0.002625,0.001198,0.001414,0.000537,0.00086,0
56.319,0.00303,0.001421,0.001631,0.000529,0.000858,0
56.338,0.002794,0.001227,0.001411,0.000586,0.000906,0
56.366,0.002604,0.001158,0.001423,0.000615,0.000971,0
56.382,0.002768,0.001313,0.001404,0.000639,0.00097,0
56.397,0.002617,0.001194,0.001276,0.000612,0.000945,0
56.43,0.002561,0.001099,0.001392,0.00065,0.00101,0
56.433,0.002938,0.001214,0.001594,0.000702,0.001087,0
56.459,0.00315,0.001513,0.001762,0.000768,0.001197,0
56.475,0.003022,0.001453,0.001762,0.000886,0.00132,0
56.506,0.003093,0.001469,0.00154,0.001101,0.001538,0
56.523,0.003038,0.001355,0.001538,0.001037,0.001479,0
56.539,0.003441,0.001234,0.001923,0.001196,0.001693,0
56.571,0.003079,0.001251,0.001755,0.00109,0.001448,0
56.575,0.003688,0.001409,0.002133,0.001013,0.001435,0
56.6,0.003011,0.001146,0.001605,0.000799,0.001129,0
56.616,0.003286,0.001429,0.001844,0.000802,0.001201,0
56.647,0.003062,0.001188,0.001535,0.000779,0.001082,0
56.663,0.003145,0.00152,0.001629,0.000811,0.001168,0
56.679,0.003264,0.00144,0.001781,0.000744,0.001102,0
56.694,0.002758,0.001172,0.00147,0.00089,0.001101,0
56.725,0.002841,0.001252,0.001547,0.000813,0.001098,0
56.74,0.003173,0.001728,0.001624,0.000876,0.001176,0
56.758,0.002877,0.001062,0.001715,0.000864,0.001148,0
56.788,0.003052,0.001207,0.001757,0.000729,0.001048,0
56.803,0.002604,0.001,0.001392,0.000794,0.00104,0
56.819,0.002882,0.001144,0.001577,0.00092,0.001259,0
56.851,0.003813,0.001364,0.002074,0.001012,0.001416,0
56.854,0.004986,0.002142,0.0015,0.000802,0.001107,0
56.881,0.004259,0.001881,0.001548,0.000836,0.001164,0
56.898,0.003201,0.001402,0.001923,0.000865,0.001218,0
56.929,0.002684,0.000956,0.00164,0.000879,0.001195,0
56.945,0.00297,0.001032,0.001645,0.000788,0.001103,0
56.96,0.002835,0.001273,0.00131,0.000739,0.001019,0
56.976,0.00309,0.001575,0.00165,0.000732,0.001033,0
57.007,0.002785,0.000897,0.001787,0.000906,0.001242,1
57.022,0.002754,0.00137,0.001453,0.000778,0.001061,0
57.037,0.003135,0.001554,0.001675,0.000825,0.001148,0
57.068,0.003523,0.001423,0.002255,0.000923,0.001352,0
57.084,0.004513,0.001631,0.002865,0.001023,0.001507,0
57.098,0.004158,0.001793,0.002606,0.000906,0.001366,1
57.131,0.003899,0.001425,0.002429,0.000905,0.001333,0
57.134,0.004237,0.001804,0.001979,0.001055,0.001339,0
57.161,0.007918,0.00199,0.003185,0.00373,0.003973,0
57.177,0.008715,0.002477,0.00253,0.003956,0.004101,0
57.207,0.011316,0.0055,0.0028,0.003962,0.00415,0
57.222,0.009519,0.004228,0.002023,0.003371,0.003536,0
57.238,0.006963,0.004425,0.002057,0.001614,0.001841,0
57.27,0.006429,0.003004,0.001811,0.002115,0.001963,0
57.273,0.005389,0.002437,0.001552,0.001312,0.001485,0
57.301,0.004229,0.002282,0.001288,0.001279,0.00143,0
57.317,0.007732,0.004989,0.001491,0.00108,0.001266,0
57.349,0.009897,0.005871,0.001979,0.001255,0.001587,0
57.352,0.008153,0.00523,0.001685,0.001081,0.001284,0
57.38,0.003874,0.001356,0.001115,0.001041,0.001156,0
57.395,0.005132,0.002411,0.001208,0.001205,0.001245,0
57.426,0.003318,0.001225,0.001449,0.001338,0.001368,0
57.445,0.003456,0.00151,0.001156,0.0011,0.001175,0
57.458,0.002518,0.000889,0.001117,0.000851,0.000993,0
57.488,0.002495,0.000745,0.001266,0.000818,0.000926,0
57.505,0.002394,0.00098,0.000889,0.000806,0.000852,0
57.52,0.002487,0.000951,0.000704,0.00068,0.000715,0
57.536,0.002812,0.001687,0.000977,0.000658,0.000764,0
57.566,0.002249,0.001356,0.000819,0.000643,0.00071,0
57.582,0.002453,0.00133,0.000916,0.000615,0.00072,0
57.598,0.001922,0.000977,0.000843,0.000538,0.000643,0
57.629,0.002103,0.001225,0.000783,0.000507,0.000609,0
57.645,0.001447,0.000578,0.000687,0.000515,0.000605,0
57.66,0.001684,0.000696,0.000683,0.000508,0.000597,0
57.675,0.001881,0.001192,0.000624,0.000472,0.000581,0
57.707,0.002323,0.001556,0.000556,0.000453,0.000553,0
57.722,0.00146,0.000707,0.00068,0.000408,0.000513,0
57.739,0.002401,0.001633,0.000758,0.000407,0.000533,0
57.755,0.001991,0.001228,0.000544,0.0004,0.000476,0
57.787,0.001867,0.001043,0.000565,0.000445,0.000529,0
57.802,0.002118,0.001434,0.000522,0.00043,0.000478,0
57.819,0.001389,0.000829,0.000502,0.000442,0.000472,0
57.848,0.001948,0.001173,0.000528,0.000417,0.000471,0
57.864,0.001393,0.000639,0.000498,0.000371,0.000408,0
57.88,0.001488,0.000952,0.000446,0.000356,0.000405,0
57.895,0.001216,0.000607,0.000352,0.000452,0.000463,0
57.926,0.001536,0.000917,0.000377,0.000505,0.000493,0
57.942,0.00166,0.001056,0.00045,0.000557,0.000518,0
57.957,0.0014,0.000838,0.00041,0.000524,0.000541,0
57.988,0.001495,0.00085,0.000406,0.000563,0.000574,0
58.003,0.002895,0.001835,0.000392,0.000401,0.000427,0
58.02,0.001735,0.000971,0.000355,0.000429,0.00045,0
58.035,0.00141,0.000812,0.000422,0.00052,0.000563,0
58.066,0.001193,0.000814,0.000263,0.000376,0.000386,0
58.082,0.001397,0.000768,0.000315,0.000318,0.000351,0
58.1,0.00135,0.000689,0.000345,0.000317,0.000363,0
58.113,0.001448,0.00105,0.000327,0.000319,0.000355,0
58.145,0.002564,0.001291,0.000356,0.000315,0.000356,0
58.161,0.001602,0.00087,0.000465,0.000312,0.000392,0
58.176,0.001273,0.000922,0.000326,0.000302,0.000344,0
58.207,0.001239,0.000735,0.000335,0.000288,0.000337,0
58.222,0.001327,0.000961,0.000376,0.000291,0.000351,0
58.237,0.001202,0.000702,0.000311,0.000286,0.000342,0
58.268,0.00216,0.001287,0.000377,0.000321,0.000364,0
58.286,0.001712,0.001362,0.000382,0.000322,0.000382,0
58.299,0.001473,0.000827,0.000377,0.000333,0.000385,0
58.315,0.001855,0.000973,0.000426,0.000368,0.000413,0
58.346,0.002057,0.001496,0.000398,0.000417,0.000448,0
58.362,0.001637,0.000898,0.000523,0.00046,0.000515,0
58.378,0.003795,0.00243,0.000754,0.00055,0.000636,0
58.409,0.002082,0.001288,0.000632,0.000526,0.00057,0
58.412,0.001936,0.000961,0.000581,0.000505,0.000574,0
58.441,0.003704,0.002569,0.000943,0.001055,0.001165,0
58.457,0.003876,0.002354,0.000881,0.000714,0.000851,0
58.487,0.002187,0.000965,0.000657,0.000724,0.000891,0
58.503,0.001982,0.001129,0.000697,0.000831,0.000992,0
58.518,0.004296,0.001403,0.001226,0.002842,0.002898,0
58.549,0.005899,0.001352,0.00155,0.003898,0.003812,0
58.552,0.004101,0.001214,0.000945,0.002557,0.00236,0
58.581,0.005188,0.000902,0.001713,0.003876,0.003419,0
58.596,0.00457,0.001598,0.002072,0.002516,0.002717,0
58.627,0.007747,0.002446,0.002504,0.005945,0.005415,0
58.642,0.007669,0.001308,0.002588,0.005871,0.00604,0
58.658,0.004735,0.001943,0.001489,0.003232,0.003096,0
58.688,0.002668,0.001422,0.000773,0.001503,0.001551,0
58.703,0.003276,0.001137,0.001008,0.002222,0.002191,0
58.718,0.007202,0.00313,0.002808,0.003907,0.004295,0
58.751,0.00568,0.002536,0.002057,0.002834,0.003175,0
58.755,0.00551,0.00204,0.002073,0.002291,0.002593,0
58.78,0.012456,0.006159,0.002227,0.003301,0.003535,0
58.796,0.014354,0.007169,0.003544,0.005156,0.005874,0
58.828,0.012625,0.006859,0.00262,0.003271,0.003889,0
58.844,0.011025,0.006337,0.001954,0.002279,0.002748,0
58.86,0.010314,0.005092,0.00198,0.003848,0.00371,0
58.876,0.005505,0.002862,0.001232,0.001854,0.001901,0
58.907,0.004625,0.002502,0.002115,0.001524,0.001812,0
58.922,0.005785,0.003338,0.001652,0.000903,0.001149,0
58.939,0.005055,0.002669,0.001301,0.00079,0.000989,0
58.954,0.005039,0.002525,0.000972,0.000667,0.000792,0
58.988,0.004477,0.002928,0.000685,0.000642,0.000757,0
59.001,0.0037,0.002839,0.000948,0.000857,0.000945,0
59.017,0.00426,0.00188,0.000641,0.000578,0.000627,0
59.048,0.003604,0.00193,0.00056,0.000516,0.000576,0
59.064,0.003969,0.002396,0.000623,0.000528,0.000594,0
59.083,0.00295,0.001614,0.000599,0.000526,0.000604,0
59.095,0.003149,0.001496,0.000461,0.000518,0.00056,0
59.126,0.005737,0.003021,0.000626,0.000496,0.000571,0
59.142,0.003587,0.001972,0.000931,0.000595,0.000755,0
59.157,0.002331,0.001606,0.00063,0.00055,0.000642,0
59.188,0.002117,0.001151,0.001039,0.000689,0.000863,0
59.204,0.002736,0.001146,0.00135,0.000668,0.000913,0
59.219,0.003842,0.001506,0.001791,0.000657,0.000973,0
59.234,0.005038,0.00193,0.001894,0.000929,0.001293,0
59.267,0.002858,0.001697,0.000604,0.000501,0.00056,0
59.281,0.002138,0.001259,0.000412,0.000406,0.000464,0
59.297,0.002485,0.001386,0.000481,0.000438,0.000494,0
59.327,0.002585,0.001435,0.000582,0.000469,0.000546,0
59.343,0.001795,0.001082,0.000475,0.000494,0.000524,0
59.359,0.001834,0.000908,0.000425,0.000501,0.000516,0
59.39,0.001995,0.001197,0.000503,0.000451,0.000515,0
59.393,0.002906,0.001701,0.000655,0.000501,0.000593,0
59.422,0.002154,0.001184,0.000722,0.000589,0.000676,0
59.437,0.003192,0.002098,0.001241,0.000681,0.000923,0
59.468,0.003259,0.002128,0.000578,0.000446,0.000518,0
59.484,0.002757,0.001234,0.000545,0.000514,0.000539,0
59.5,0.001397,0.000792,0.00043,0.000445,0.000471,0
59.514,0.001758,0.000925,0.000505,0.00046,0.000518,0
59.546,0.001645,0.000675,0.000522,0.000511,0.000576,0
59.561,0.001902,0.001024,0.000443,0.00049,0.000535,0
59.577,0.002421,0.000884,0.000421,0.000458,0.000494,0
59.609,0.001789,0.000951,0.00048,0.000471,0.000534,0
59.625,0.002102,0.001464,0.000458,0.000451,0.000492,0
59.64,0.002079,0.001196,0.000442,0.00044,0.000501,0
59.655,0.002147,0.001525,0.000461,0.000637,0.000617,0
59.686,0.001666,0.000867,0.000476,0.00072,0.000697,0
59.702,0.002202,0.001609,0.000515,0.000496,0.000541,0
59.717,0.002578,0.001101,0.000463,0.000431,0.000482,0
59.748,0.002308,0.001472,0.000476,0.000468,0.000512,0
59.762,0.003232,0.001975,0.000478,0.000465,0.000524,0
59.779,0.001711,0.001095,0.000444,0.000438,0.000492,0
59.794,0.001669,0.001239,0.000409,0.000481,0.000511,0
59.827,0.001655,0.000947,0.000426,0.000493,0.000532,0
59.842,0.001479,0.000581,0.000372,0.00044,0.00049,0
59.858,0.002343,0.001444,0.000461,0.000486,0.000543,0
59.889,0.001859,0.001028,0.000466,0.000511,0.000553,0
59.891,0.002288,0.001349,0.000436,0.000528,0.000568,0
59.92,0.001833,0.001208,0.00043,0.000548,0.000557,0
59.935,0.001941,0.001064,0.000459,0.000591,0.000613,0
59.966,0.001749,0.000961,0.000442,0.000517,0.000546,0
59.982,0.001979,0.001454,0.000459,0.000455,0.000502,0
59.998,0.001336,0.000736,0.000441,0.000447,0.000486,0
60.029,0.002171,0.00111,0.000478,0.000467,0.000508,0
