t,rms_l,rms_r,onset_l,onset_r,zcr_l,zcr_r,band_low_l,band_low_r,drive_l,drive_r,agc
0.428,0.0,0.0,0.0,0.0,0.0,0.0,0.0,0.0,0,0,1.0
0.45,0.0,0.0,0.0,0.0,0.0,0.0,0.0,0.0,0,0,1.0
0.45,0.0,0.0,0.0,0.0,0.0,0.0,0.0,0.0,0,0,1.0
0.471,0.0,0.0,0.0,0.0,0.0,0.0,0.0,0.0,0,0,1.0
0.491,0.0,0.0,0.0,0.0,0.0,0.0,0.0,0.0,0,0,1.0
0.511,0.0,0.00221,0.0,0.0,0.0,0.1512,0.0,0.00414,0,11,1.768
0.531,0.0028,0.0,0.0,0.0,0.1053,0.0,0.00585,0.0,19,2,2.417
0.552,0.0,0.0,0.0,0.0,0.0,0.0,0.0,0.0,4,0,2.362
0.571,0.00655,0.00451,1.0,1.0,0.0334,0.0344,0.01279,0.0074,144,140,2.32
0.591,0.00512,0.00631,0.0,1.0,0.0501,0.048,0.00868,0.01091,68,236,2.28
0.611,0.00566,0.00545,0.0,0.0,0.0219,0.0177,0.00881,0.0091,45,96,2.851
0.632,0.00752,0.00762,1.0,1.0,0.0344,0.0261,0.0114,0.01126,185,231,2.79
0.651,0.0,0.0,0.0,0.0,0.0,0.0,0.0,0.0,45,91,2.719
0.671,0.0,0.0,0.0,0.0,0.0,0.0,0.0,0.0,8,8,2.652
0.691,0.0,0.0,0.0,0.0,0.0,0.0,0.0,0.0,2,2,2.587
0.711,0.0,0.00386,0.0,0.0,0.0,0.0761,0.0,0.00439,0,26,3.111
0.731,0.0,0.00429,0.0,0.0,0.0,0.0751,0.0,0.00667,0,38,3.555
0.75,0.0,0.0,0.0,0.0,0.0,0.0,0.0,0.0,0,7,3.454
0.771,0.0,0.0,0.0,0.0,0.0,0.0,0.0,0.0,0,1,3.358
0.791,0.0,0.0,0.0,0.0,0.0,0.0,0.0,0.0,0,0,3.266
0.811,0.0,0.0,0.0,0.0,0.0,0.0,0.0,0.0,0,0,3.177
0.832,0.0,0.0,0.0,0.0,0.0,0.0,0.0,0.0,0,0,3.092
0.851,0.0,0.0,0.0,0.0,0.0,0.0,0.0,0.0,0,0,3.01
0.871,0.0,0.0,0.0,0.0,0.0,0.0,0.0,0.0,0,0,2.931
0.891,0.0,0.0,0.0,0.0,0.0,0.0,0.0,0.0,0,0,2.855
0.911,0.0,0.0,0.0,0.0,0.0,0.0,0.0,0.0,0,0,2.782
0.931,0.0,0.0,0.0,0.0,0.0,0.0,0.0,0.0,0,0,2.712
0.952,0.0,0.0,0.0,0.0,0.0,0.0,0.0,0.0,0,0,2.645
0.972,0.0,0.0,0.0,0.0,0.0,0.0,0.0,0.0,0,0,2.581
0.991,0.0,0.0,0.0,0.0,0.0,0.0,0.0,0.0,0,0,2.519
1.011,0.0,0.0,0.0,0.0,0.0,0.0,0.0,0.0,0,0,2.459
1.031,0.0,0.0,0.0,0.0,0.0,0.0,0.0,0.0,0,0,2.402
1.051,0.0,0.0,0.0,0.0,0.0,0.0,0.0,0.0,0,0,2.347
1.07,0.0,0.0,0.0,0.0,0.0,0.0,0.0,0.0,0,0,2.294
1.091,0.0,0.0,0.0,0.0,0.0,0.0,0.0,0.0,0,0,2.243
1.111,0.0,0.0,0.0,0.0,0.0,0.0,0.0,0.0,0,0,2.195
1.13,0.0,0.0,0.0,0.0,0.0,0.0,0.0,0.0,0,0,2.148
1.151,0.0,0.00117,0.0,0.0,0.0,0.1053,0.0,0.00412,0,13,2.739
1.171,0.0,0.0,0.0,0.0,0.0,0.0,0.0,0.0,0,2,2.671
1.191,0.0,0.0,0.0,0.0,0.0,0.0,0.0,0.0,0,0,2.606
1.211,0.0,0.0,0.0,0.0,0.0,0.0,0.0,0.0,0,0,2.543
1.231,0.0,0.0,0.0,0.0,0.0,0.0,0.0,0.0,0,0,2.482
1.251,0.00485,0.00659,0.574,0.96,0.0198,0.0115,0.00796,0.0107,140,140,2.437
1.271,0.00445,0.00545,0.0,0.0,0.0542,0.0772,0.00918,0.01136,70,81,2.984
1.29,0.0,0.0,0.0,0.0,0.0,0.0,0.0,0.0,13,15,2.907
1.311,0.00405,0.0,0.0,0.0,0.0396,0.0,0.00824,0.0,38,3,3.381
1.332,0.0,0.0,0.0,0.0,0.0,0.0,0.0,0.0,7,1,3.288
1.351,0.0,0.0,0.0,0.0,0.0,0.0,0.0,0.0,1,0,3.198
1.371,0.0,0.0,0.0,0.0,0.0,0.0,0.0,0.0,0,0,3.112
1.391,0.0,0.0,0.0,0.0,0.0,0.0,0.0,0.0,0,0,3.029
1.41,0.0,0.0,0.0,0.0,0.0,0.0,0.0,0.0,0,0,2.95
1.431,0.0,0.0,0.0,0.0,0.0,0.0,0.0,0.0,0,0,2.873
1.452,0.0,0.0,0.0,0.0,0.0,0.0,0.0,0.0,0,0,2.8
1.471,0.0,0.0,0.0,0.0,0.0,0.0,0.0,0.0,0,0,2.729
1.491,0.0,0.0,0.0,0.0,0.0,0.0,0.0,0.0,0,0,2.661
1.51,0.0,0.0,0.0,0.0,0.0,0.0,0.0,0.0,0,0,2.596
1.531,0.0,0.0,0.0,0.0,0.0,0.0,0.0,0.0,0,0,2.534
1.551,0.0,0.0,0.0,0.0,0.0,0.0,0.0,0.0,0,0,2.474
1.571,0.0,0.0,0.0,0.0,0.0,0.0,0.0,0.0,0,0,2.416
1.591,0.0,0.0,0.0,0.0,0.0,0.0,0.0,0.0,0,0,2.36
1.611,0.0,0.0,0.0,0.0,0.0,0.0,0.0,0.0,0,0,2.307
1.63,0.0,0.0,0.0,0.0,0.0,0.0,0.0,0.0,0,0,2.256
1.651,0.0,0.0,0.0,0.0,0.0,0.0,0.0,0.0,0,0,2.206
1.671,0.0,0.0,0.0,0.0,0.0,0.0,0.0,0.0,0,0,2.159
1.691,0.0,0.0,0.0,0.0,0.0,0.0,0.0,0.0,0,0,2.114
1.712,0.0,0.0,0.0,0.0,0.0,0.0,0.0,0.0,0,0,2.07
1.731,0.0,0.0,0.0,0.0,0.0,0.0,0.0,0.0,0,0,2.028
1.751,0.0,0.0,0.0,0.0,0.0,0.0,0.0,0.0,0,0,1.988
1.771,0.0,0.0,0.0,0.0,0.0,0.0,0.0,0.0,0,0,1.949
1.791,0.0,0.0,0.0,0.0,0.0,0.0,0.0,0.0,0,0,1.912
1.811,0.0,0.0,0.0,0.0,0.0,0.0,0.0,0.0,0,0,1.876
1.831,0.0,0.0,0.0,0.0,0.0,0.0,0.0,0.0,0,0,1.842
1.851,0.0,0.0,0.0,0.0,0.0,0.0,0.0,0.0,0,0,1.809
1.872,0.0,0.0,0.0,0.0,0.0,0.0,0.0,0.0,0,0,1.777
1.891,0.0,0.0,0.0,0.0,0.0,0.0,0.0,0.0,0,0,1.747
1.912,0.0,0.0,0.0,0.0,0.0,0.0,0.0,0.0,0,0,1.717
1.932,0.0,0.0,0.0,0.0,0.0,0.0,0.0,0.0,0,0,1.689
1.951,0.0,0.0,0.0,0.0,0.0,0.0,0.0,0.0,0,0,1.662
1.971,0.0,0.0,0.0,0.0,0.0,0.0,0.0,0.0,0,0,1.636
1.991,0.0,0.0,0.0,0.0,0.0,0.0,0.0,0.0,0,0,1.611
2.011,0.0,0.0,0.0,0.0,0.0,0.0,0.0,0.0,0,0,1.587
2.031,0.0,0.0,0.0,0.0,0.0,0.0,0.0,0.0,0,0,1.564
2.051,0.0,0.0,0.0,0.0,0.0,0.0,0.0,0.0,0,0,1.542
2.071,0.0,0.0,0.0,0.0,0.0,0.0,0.0,0.0,0,0,1.521
2.091,0.0,0.0,0.0,0.0,0.0,0.0,0.0,0.0,0,0,1.5
2.111,0.0,0.0,0.0,0.0,0.0,0.0,0.0,0.0,0,0,1.481
2.132,0.0,0.0,0.0,0.0,0.0,0.0,0.0,0.0,0,0,1.462
2.152,0.00424,0.00437,0.0,0.0,0.0574,0.0657,0.01133,0.01196,29,30,2.159
2.172,0.00804,0.00961,1.0,1.0,0.0688,0.0813,0.01621,0.0185,169,170,2.123
2.191,0.0076,0.00873,0.0,0.0,0.0897,0.0876,0.01756,0.01911,92,97,2.719
2.211,0.00579,0.00592,0.0,0.0,0.0417,0.0282,0.01554,0.01567,66,68,3.222
2.231,0.00676,0.00595,0.264,0.0,0.0282,0.0386,0.01517,0.01431,172,61,3.274
2.251,0.00426,0.00585,0.0,0.0,0.0553,0.0678,0.00825,0.01148,68,60,3.693
2.271,0.00317,0.00344,0.0,0.0,0.0928,0.1137,0.00798,0.00854,47,47,4.047
2.291,0.00675,0.0066,0.768,0.434,0.0667,0.0688,0.0158,0.01552,187,187,3.951
2.311,0.00395,0.00418,0.0,0.0,0.1397,0.1356,0.00941,0.00988,86,88,4.266
2.332,0.00299,0.00292,0.0,0.0,0.1376,0.1376,0.00626,0.00596,49,48,4.532
2.351,0.00362,0.0037,0.0,0.0,0.1105,0.1147,0.00973,0.00994,57,58,4.757
2.372,0.00383,0.00392,0.0,0.0,0.0834,0.0918,0.00887,0.00901,58,59,4.948
2.391,0.00379,0.00396,0.0,0.0,0.0813,0.0772,0.00738,0.0077,55,57,5.11
2.411,0.00667,0.00702,0.654,0.464,0.0375,0.0355,0.01614,0.01708,195,197,4.981
2.431,0.00563,0.00567,0.0,0.0,0.0959,0.1022,0.01354,0.01357,115,115,5.137
2.451,0.00601,0.00648,0.0,0.0,0.0855,0.0938,0.01519,0.0164,102,108,5.27
2.471,0.00356,0.00385,0.0,0.0,0.1522,0.147,0.00875,0.00938,69,73,5.382
2.491,0.00231,0.00247,0.0,0.0,0.1283,0.123,0.00591,0.00636,47,50,5.477
2.511,0.00329,0.00333,0.0,0.0,0.1293,0.1272,0.00786,0.00784,57,57,5.557
2.532,0.00419,0.00443,0.0,0.0,0.0907,0.1053,0.00907,0.00951,69,72,5.625
2.55,0.00327,0.00347,0.0,0.0,0.1064,0.0918,0.00907,0.00965,65,68,5.683
2.572,0.00408,0.0037,0.0,0.0,0.0803,0.0918,0.00985,0.00896,73,67,5.731
2.591,0.00412,0.00402,0.0,0.0,0.0417,0.048,0.00799,0.00766,68,65,5.773
2.611,0.00914,0.00952,1.0,1.0,0.0355,0.0334,0.02001,0.02075,208,205,5.596
2.632,0.00539,0.00523,0.0,0.0,0.024,0.0396,0.01357,0.01326,121,119,5.658
2.651,0.00389,0.00363,0.0,0.0,0.0636,0.0678,0.00924,0.00833,79,74,5.71
2.671,0.00252,0.00233,0.0,0.0,0.1157,0.0991,0.00499,0.00459,49,45,5.755
2.691,0.00239,0.00245,0.0,0.0,0.0886,0.1032,0.00467,0.00525,41,43,5.792
2.711,0.0021,0.00235,0.0,0.0,0.0991,0.0782,0.00494,0.00543,39,43,5.824
2.731,0.00175,0.00208,0.0,0.0,0.073,0.0699,0.00458,0.00556,36,42,5.851
2.751,0.00212,0.0022,0.0,0.0,0.0719,0.0792,0.00548,0.00559,41,43,5.874
2.772,0.00513,0.00537,0.329,0.324,0.0323,0.0563,0.0121,0.01291,181,183,5.771
2.791,0.003,0.00346,0.0,0.0,0.0699,0.0751,0.00664,0.00795,86,93,5.806
2.811,0.003,0.00281,0.0,0.0,0.0407,0.0438,0.00707,0.0067,61,60,5.836
2.832,0.00249,0.00234,0.0,0.0,0.0355,0.0469,0.00618,0.00555,50,47,5.861
2.851,0.00322,0.0032,0.0,0.0,0.0918,0.0688,0.00737,0.00723,58,57,5.882
2.871,0.00313,0.0031,0.0,0.0,0.0521,0.0542,0.00756,0.00756,59,58,5.9
2.892,0.00439,0.00453,0.0,0.0,0.0438,0.0375,0.00958,0.00988,76,78,5.916
2.911,0.0026,0.0,0.0,0.0,0.0709,0.0,0.0064,0.0,55,15,5.929
2.931,0.0,0.0,0.0,0.0,0.0,0.0,0.0,0.0,10,3,5.735
2.951,0.0,0.00246,0.0,0.0,0.0,0.0542,0.0,0.00577,2,43,5.776
2.971,0.0,0.0,0.0,0.0,0.0,0.0,0.0,0.0,0,8,5.589
2.991,0.0,0.0,0.0,0.0,0.0,0.0,0.0,0.0,0,2,5.409
3.011,0.00354,0.00366,0.0,0.0,0.0428,0.0386,0.00808,0.00841,57,59,5.5
3.032,0.0,0.0,0.0,0.0,0.0,0.0,0.0,0.0,11,11,5.323
3.051,0.00367,0.00348,0.0,0.0,0.025,0.0292,0.00935,0.00892,63,60,5.427
3.071,0.0038,0.00388,0.0,0.0,0.0302,0.0344,0.00899,0.00917,65,66,5.515
3.092,0.00273,0.00261,0.0,0.0,0.0501,0.0396,0.00743,0.00716,54,53,5.589
3.111,0.0,0.0,0.0,0.0,0.0,0.0,0.0,0.0,10,10,5.41
3.131,0.0026,0.00257,0.0,0.0,0.049,0.0459,0.0061,0.00614,44,44,5.5
3.153,0.0031,0.00316,0.0,0.0,0.0584,0.0511,0.007,0.00705,53,53,5.577
3.171,0.005,0.00503,0.234,0.207,0.0386,0.0344,0.01193,0.01207,193,193,5.521
3.191,0.0,0.00255,0.0,0.0,0.0,0.0751,0.0,0.00551,53,77,5.594
3.212,0.0,0.00207,0.0,0.0,0.0,0.0907,0.0,0.00581,8,48,5.656
3.231,0.00255,0.00243,0.0,0.0,0.0647,0.0667,0.00534,0.00496,42,42,5.709
3.251,0.00208,0.00229,0.0,0.0,0.0553,0.0469,0.00602,0.00661,43,47,5.754
3.272,0.00252,0.00257,0.0,0.0,0.074,0.0532,0.00678,0.00702,49,51,5.792
3.291,0.00289,0.00301,0.0,0.0,0.0657,0.0469,0.00635,0.00671,51,53,5.824
3.312,0.00136,0.00136,0.0,0.0,0.0761,0.0657,0.00402,0.00412,33,34,5.851
3.331,0.00235,0.00207,0.0,0.0,0.0501,0.0417,0.00611,0.00524,46,40,5.874
3.351,0.0,0.0,0.0,0.0,0.0,0.0,0.0,0.0,9,8,5.683
3.371,0.0,0.0,0.0,0.0,0.0,0.0,0.0,0.0,2,1,5.499
3.391,0.0,0.0,0.0,0.0,0.0,0.0,0.0,0.0,0,0,5.323
3.411,0.0,0.0,0.0,0.0,0.0,0.0,0.0,0.0,0,0,5.153
3.431,0.00217,0.00176,0.0,0.0,0.073,0.0751,0.00544,0.00484,36,31,5.283
3.452,0.00271,0.00259,0.0,0.0,0.0396,0.0459,0.00708,0.00677,48,46,5.393
3.472,0.00241,0.0,0.0,0.0,0.0782,0.0,0.00575,0.0,43,9,5.486
3.491,0.00233,0.00233,0.0,0.0,0.0323,0.0323,0.00555,0.00587,42,41,5.565
3.511,0.00272,0.00264,0.0,0.0,0.048,0.049,0.00671,0.00667,49,48,5.632
3.53,0.0,0.0,0.0,0.0,0.0,0.0,0.0,0.0,9,9,5.45
3.551,0.0,0.0,0.0,0.0,0.0,0.0,0.0,0.0,2,2,5.276
3.571,0.00179,0.00187,0.0,0.0,0.0292,0.0417,0.00528,0.00542,34,35,5.387
3.591,0.00253,0.0,0.0,0.0,0.0396,0.0,0.00567,0.0,42,7,5.481
3.611,0.00334,0.00369,0.0,0.0,0.025,0.0219,0.00865,0.00957,60,65,5.561
3.631,0.0,0.0,0.0,0.0,0.0,0.0,0.0,0.0,11,12,5.382
3.65,0.0,0.0,0.0,0.0,0.0,0.0,0.0,0.0,2,2,5.21
3.672,0.00312,0.00298,0.0,0.0,0.0428,0.049,0.0077,0.00719,52,49,5.331
3.691,0.0,0.0,0.0,0.0,0.0,0.0,0.0,0.0,10,9,5.162
3.711,0.0,0.0,0.0,0.0,0.0,0.0,0.0,0.0,2,2,4.998
3.731,0.0,0.0,0.0,0.0,0.0,0.0,0.0,0.0,0,0,4.842
3.751,0.0,0.00255,0.0,0.0,0.0,0.0574,0.0,0.00553,0,37,5.019
3.771,0.0,0.0,0.0,0.0,0.0,0.0,0.0,0.0,0,7,4.862
3.792,0.0,0.0,0.0,0.0,0.0,0.0,0.0,0.0,0,1,4.71
3.811,0.0,0.0,0.0,0.0,0.0,0.0,0.0,0.0,0,0,4.565
3.831,0.00282,0.0,0.0,0.0,0.0219,0.0,0.00659,0.0,41,0,4.785
3.852,0.0,0.0,0.0,0.0,0.0,0.0,0.0,0.0,8,0,4.637
3.87,0.0,0.0,0.0,0.0,0.0,0.0,0.0,0.0,1,0,4.494
3.892,0.0,0.0,0.0,0.0,0.0,0.0,0.0,0.0,0,0,4.357
3.911,0.0,0.0,0.0,0.0,0.0,0.0,0.0,0.0,0,0,4.226
3.931,0.0,0.0,0.0,0.0,0.0,0.0,0.0,0.0,0,0,4.099
3.951,0.0,0.002,0.0,0.0,0.0,0.0428,0.0,0.00554,0,30,4.391
3.971,0.0,0.00233,0.0,0.0,0.0,0.0396,0.0,0.00554,0,34,4.638
3.991,0.0,0.0,0.0,0.0,0.0,0.0,0.0,0.0,0,6,4.495
4.011,0.0,0.0,0.0,0.0,0.0,0.0,0.0,0.0,0,1,4.358
4.03,0.0,0.0,0.0,0.0,0.0,0.0,0.0,0.0,0,0,4.227
4.051,0.0,0.0,0.0,0.0,0.0,0.0,0.0,0.0,0,0,4.1
4.071,0.0,0.0,0.0,0.0,0.0,0.0,0.0,0.0,0,0,3.978
4.091,0.0,0.0,0.0,0.0,0.0,0.0,0.0,0.0,0,0,3.862
4.111,0.0,0.0,0.0,0.0,0.0,0.0,0.0,0.0,0,0,3.749
4.132,0.0,0.0,0.0,0.0,0.0,0.0,0.0,0.0,0,0,3.642
4.151,0.0,0.0,0.0,0.0,0.0,0.0,0.0,0.0,0,0,3.538
4.17,0.0,0.0,0.0,0.0,0.0,0.0,0.0,0.0,0,0,3.439
4.191,0.0,0.0,0.0,0.0,0.0,0.0,0.0,0.0,0,0,3.343
4.211,0.0,0.0,0.0,0.0,0.0,0.0,0.0,0.0,0,0,3.251
4.231,0.0,0.0,0.0,0.0,0.0,0.0,0.0,0.0,0,0,3.163
4.251,0.0,0.0,0.0,0.0,0.0,0.0,0.0,0.0,0,0,3.078
4.271,0.0,0.0,0.0,0.0,0.0,0.0,0.0,0.0,0,0,2.997
4.291,0.0,0.0,0.0,0.0,0.0,0.0,0.0,0.0,0,0,2.918
4.312,0.0,0.0,0.0,0.0,0.0,0.0,0.0,0.0,0,0,2.843
4.331,0.0,0.0,0.0,0.0,0.0,0.0,0.0,0.0,0,0,2.771
4.351,0.0,0.0,0.0,0.0,0.0,0.0,0.0,0.0,0,0,2.701
4.373,0.0,0.0,0.0,0.0,0.0,0.0,0.0,0.0,0,0,2.635
4.391,0.0,0.0,0.0,0.0,0.0,0.0,0.0,0.0,0,0,2.571
4.411,0.0,0.0,0.0,0.0,0.0,0.0,0.0,0.0,0,0,2.509
4.431,0.0,0.0,0.0,0.0,0.0,0.0,0.0,0.0,0,0,2.45
4.451,0.0,0.0,0.0,0.0,0.0,0.0,0.0,0.0,0,0,2.393
4.47,0.0,0.0,0.0,0.0,0.0,0.0,0.0,0.0,0,0,2.338
4.491,0.0,0.0,0.0,0.0,0.0,0.0,0.0,0.0,0,0,2.286
4.511,0.0,0.0,0.0,0.0,0.0,0.0,0.0,0.0,0,0,2.235
4.531,0.0,0.0,0.0,0.0,0.0,0.0,0.0,0.0,0,0,2.187
4.551,0.0,0.0,0.0,0.0,0.0,0.0,0.0,0.0,0,0,2.14
4.572,0.0,0.0,0.0,0.0,0.0,0.0,0.0,0.0,0,0,2.096
4.592,0.0,0.0,0.0,0.0,0.0,0.0,0.0,0.0,0,0,2.053
4.611,0.0,0.0,0.0,0.0,0.0,0.0,0.0,0.0,0,0,2.011
4.633,0.0,0.0,0.0,0.0,0.0,0.0,0.0,0.0,0,0,1.972
4.651,0.0,0.0,0.0,0.0,0.0,0.0,0.0,0.0,0,0,1.934
4.671,0.0,0.0,0.0,0.0,0.0,0.0,0.0,0.0,0,0,1.897
4.691,0.0,0.0,0.0,0.0,0.0,0.0,0.0,0.0,0,0,1.862
4.712,0.0,0.0,0.0,0.0,0.0,0.0,0.0,0.0,0,0,1.828
4.731,0.0,0.0,0.0,0.0,0.0,0.0,0.0,0.0,0,0,1.796
4.75,0.0,0.0,0.0,0.0,0.0,0.0,0.0,0.0,0,0,1.764
4.771,0.0,0.0,0.0,0.0,0.0,0.0,0.0,0.0,0,0,1.734
4.791,0.0,0.0,0.0,0.0,0.0,0.0,0.0,0.0,0,0,1.706
4.812,0.0,0.0,0.0,0.0,0.0,0.0,0.0,0.0,0,0,1.678
4.832,0.0,0.0,0.0,0.0,0.0,0.0,0.0,0.0,0,0,1.651
4.851,0.0,0.0,0.0,0.0,0.0,0.0,0.0,0.0,0,0,1.626
4.871,0.0,0.0,0.0,0.0,0.0,0.0,0.0,0.0,0,0,1.601
4.891,0.0,0.0,0.0,0.0,0.0,0.0,0.0,0.0,0,0,1.578
4.911,0.0,0.0,0.0,0.0,0.0,0.0,0.0,0.0,0,0,1.555
4.931,0.0,0.0,0.0,0.0,0.0,0.0,0.0,0.0,0,0,1.533
4.951,0.0,0.0,0.0,0.0,0.0,0.0,0.0,0.0,0,0,1.512
4.971,0.0,0.0,0.0,0.0,0.0,0.0,0.0,0.0,0,0,1.492
4.991,0.0,0.0,0.0,0.0,0.0,0.0,0.0,0.0,0,0,1.473
5.011,0.0,0.0,0.0,0.0,0.0,0.0,0.0,0.0,0,0,1.454
5.031,0.0,0.0,0.0,0.0,0.0,0.0,0.0,0.0,0,0,1.437
5.051,0.0,0.0,0.0,0.0,0.0,0.0,0.0,0.0,0,0,1.42
5.07,0.0,0.0,0.0,0.0,0.0,0.0,0.0,0.0,0,0,1.403
5.092,0.0,0.0,0.0,0.0,0.0,0.0,0.0,0.0,0,0,1.387
5.111,0.0,0.0,0.0,0.0,0.0,0.0,0.0,0.0,0,0,1.372
5.131,0.0,0.0,0.0,0.0,0.0,0.0,0.0,0.0,0,0,1.358
5.152,0.0,0.0,0.0,0.0,0.0,0.0,0.0,0.0,0,0,1.343
5.171,0.0,0.0,0.0,0.0,0.0,0.0,0.0,0.0,0,0,1.33
5.19,0.0,0.0,0.0,0.0,0.0,0.0,0.0,0.0,0,0,1.317
5.211,0.0,0.0,0.0,0.0,0.0,0.0,0.0,0.0,0,0,1.305
5.23,0.0,0.0,0.0,0.0,0.0,0.0,0.0,0.0,0,0,1.293
5.252,0.0,0.0,0.0,0.0,0.0,0.0,0.0,0.0,0,0,1.281
5.271,0.0,0.0,0.0,0.0,0.0,0.0,0.0,0.0,0,0,1.27
5.291,0.0,0.0,0.0,0.0,0.0,0.0,0.0,0.0,0,0,1.26
5.311,0.0,0.0,0.0,0.0,0.0,0.0,0.0,0.0,0,0,1.249
5.331,0.0,0.0,0.0,0.0,0.0,0.0,0.0,0.0,0,0,1.24
5.351,0.0,0.0,0.0,0.0,0.0,0.0,0.0,0.0,0,0,1.23
5.371,0.0,0.0,0.0,0.0,0.0,0.0,0.0,0.0,0,0,1.221
5.391,0.0,0.0,0.0,0.0,0.0,0.0,0.0,0.0,0,0,1.213
5.412,0.0,0.0,0.0,0.0,0.0,0.0,0.0,0.0,0,0,1.204
5.432,0.0,0.0,0.0,0.0,0.0,0.0,0.0,0.0,0,0,1.196
5.451,0.0,0.0,0.0,0.0,0.0,0.0,0.0,0.0,0,0,1.189
5.471,0.0,0.0,0.0,0.0,0.0,0.0,0.0,0.0,0,0,1.181
5.491,0.0,0.0021,0.0,0.0,0.0,0.0323,0.0,0.00581,0,14,1.921
5.51,0.00261,0.00254,0.0,0.0,0.0709,0.0563,0.00638,0.00572,21,20,2.547
5.531,0.00243,0.00212,0.0,0.0,0.0469,0.0386,0.0066,0.00603,25,23,3.077
5.552,0.00444,0.00349,0.0,0.0,0.0261,0.0448,0.0097,0.00762,45,36,3.526
5.571,0.00333,0.00356,0.0,0.0,0.0428,0.0271,0.00859,0.00917,43,45,3.906
5.591,0.00329,0.00371,0.0,0.0,0.0292,0.0282,0.00741,0.00848,43,48,4.227
5.612,0.00269,0.00231,0.0,0.0,0.0219,0.0261,0.00707,0.00621,41,38,4.499
5.631,0.0,0.0,0.0,0.0,0.0,0.0,0.0,0.0,8,7,4.362
5.651,0.0,0.0,0.0,0.0,0.0,0.0,0.0,0.0,1,1,4.23
5.674,0.00431,0.00444,0.0,0.0,0.0428,0.0365,0.00952,0.0099,56,57,4.502
5.691,0.00369,0.00407,0.0,0.0,0.0282,0.0344,0.00872,0.00958,55,60,4.732
5.711,0.00487,0.00532,0.153,0.159,0.0198,0.0302,0.01166,0.01257,165,174,4.797
5.731,0.00606,0.00605,0.2,0.113,0.0156,0.0136,0.01431,0.01444,208,161,4.779
5.752,0.00726,0.00724,0.244,0.219,0.025,0.0104,0.01746,0.01727,234,224,4.733
5.771,0.006,0.00585,0.0,0.0,0.0323,0.0261,0.01325,0.01314,114,111,4.927
5.791,0.00797,0.00846,0.426,0.515,0.0115,0.0073,0.02034,0.02159,232,232,4.817
5.813,0.0089,0.00887,0.244,0.0,0.0167,0.0146,0.02038,0.02034,237,141,4.762
5.831,0.00411,0.00381,0.0,0.0,0.0407,0.0469,0.01123,0.01024,100,78,4.952
5.851,0.0038,0.00367,0.0,0.0,0.0229,0.0313,0.00781,0.0075,64,59,5.113
5.872,0.00333,0.00332,0.0,0.0,0.0553,0.0407,0.00813,0.00784,57,55,5.249
5.891,0.00429,0.00417,0.0,0.0,0.0209,0.0355,0.01103,0.01078,74,72,5.364
5.911,0.00356,0.00388,0.0,0.0,0.0344,0.0448,0.00735,0.00863,60,65,5.462
5.932,0.00546,0.00498,0.268,0.136,0.0219,0.0323,0.01338,0.0123,200,176,5.392
5.951,0.00427,0.004,0.0,0.0,0.024,0.0282,0.01179,0.01109,107,93,5.485
5.971,0.00508,0.00536,0.0,0.178,0.0323,0.0271,0.01251,0.01291,90,210,5.459
5.991,0.00574,0.00571,0.0,0.0,0.0313,0.0313,0.01183,0.01203,90,113,5.542
6.011,0.00238,0.00232,0.0,0.0,0.049,0.0678,0.00688,0.00681,55,59,5.612
6.032,0.00495,0.00516,0.296,0.297,0.0219,0.024,0.01093,0.0111,195,199,5.531
6.051,0.00547,0.00567,0.0,0.0,0.0282,0.0574,0.01179,0.01263,115,119,5.603
6.071,0.0056,0.00587,0.0,0.0,0.025,0.0375,0.01055,0.01087,91,94,5.664
6.091,0.00286,0.00332,0.0,0.0,0.0459,0.0594,0.00907,0.01023,67,74,5.715
6.111,0.00221,0.00204,0.0,0.0,0.0542,0.0647,0.00541,0.00503,46,45,5.759
6.132,0.00346,0.00338,0.0,0.0,0.0386,0.0448,0.0091,0.00875,66,64,5.796
6.15,0.00306,0.0028,0.0,0.0,0.0271,0.0334,0.00748,0.00701,59,55,5.827
6.171,0.00247,0.00282,0.0,0.0,0.0417,0.0511,0.00574,0.00651,48,52,5.854
6.192,0.00469,0.00511,0.25,0.256,0.0177,0.0292,0.0111,0.01206,188,192,5.777
6.211,0.00495,0.00521,0.0,0.0,0.0323,0.0407,0.01052,0.01137,111,115,5.811
6.231,0.00296,0.003,0.0,0.0,0.0386,0.0553,0.0041,0.00425,55,57,5.84
6.251,0.00356,0.00334,0.0,0.0,0.0365,0.0428,0.00721,0.00671,60,56,5.864
6.271,0.00368,0.00339,0.0,0.0,0.0323,0.0417,0.0086,0.00779,67,61,5.885
6.291,0.00454,0.00451,0.0,0.0,0.024,0.0302,0.01006,0.00998,79,78,5.903
6.312,0.00535,0.00495,0.0,0.0,0.0375,0.0542,0.00924,0.0084,82,76,5.918
6.33,0.00334,0.00322,0.0,0.0,0.0188,0.0344,0.01005,0.0096,73,70,5.93
6.352,0.00422,0.00447,0.0,0.0,0.0313,0.0292,0.00898,0.00944,73,77,5.941
6.371,0.00326,0.00326,0.0,0.0,0.0219,0.0261,0.00933,0.00949,69,70,5.95
6.393,0.00333,0.00327,0.0,0.0,0.024,0.0532,0.01003,0.00936,71,68,5.958
6.411,0.0048,0.00445,0.0,0.0,0.025,0.0355,0.01118,0.01055,86,81,5.964
6.43,0.00686,0.00701,0.38,0.416,0.0271,0.0146,0.015,0.01505,226,221,5.832
6.452,0.00499,0.00518,0.0,0.0,0.0302,0.0271,0.01354,0.01397,122,124,5.858
6.471,0.0063,0.00605,0.0,0.0,0.0167,0.0177,0.01453,0.01383,112,109,5.88
6.491,0.00423,0.00455,0.0,0.0,0.0209,0.0229,0.0111,0.01165,87,90,5.898
6.511,0.00512,0.00489,0.0,0.0,0.0292,0.048,0.0097,0.00917,83,81,5.914
6.531,0.0,0.0,0.0,0.0,0.0,0.0,0.0,0.0,16,15,5.721
6.551,0.00471,0.00427,0.0,0.0,0.0177,0.0323,0.00887,0.00803,72,66,5.764
6.57,0.00343,0.00387,0.0,0.0,0.0386,0.0386,0.00815,0.00885,64,68,5.8
6.592,0.00565,0.00558,0.32,0.23,0.0386,0.0407,0.01131,0.01124,204,208,5.702
6.612,0.00488,0.00475,0.0,0.0,0.0428,0.0532,0.00845,0.00828,103,102,5.748
6.63,0.00335,0.00349,0.0,0.0,0.0886,0.0719,0.00762,0.00756,68,68,5.787
6.652,0.00156,0.00249,0.0,0.0,0.1856,0.2211,0.00452,0.00586,39,50,5.82
6.671,0.00211,0.00353,0.0,0.0,0.2336,0.1731,0.00584,0.00913,43,67,5.847
6.692,0.00687,0.00804,0.684,0.746,0.1637,0.1992,0.01215,0.01409,183,207,5.682
6.712,0.01116,0.0087,1.0,0.0,0.1189,0.1606,0.01847,0.01369,237,137,5.509
6.731,0.00538,0.00522,0.0,0.0,0.1189,0.1272,0.00938,0.00886,108,87,5.584
6.751,0.01059,0.00768,1.0,0.455,0.122,0.0991,0.01895,0.0125,232,227,5.415
6.771,0.00835,0.00706,0.0,0.0,0.0803,0.1032,0.01027,0.01012,125,118,5.504
6.791,0.0088,0.00581,0.0,0.0,0.122,0.0615,0.01732,0.01369,130,101,5.58
6.811,0.0062,0.0074,0.0,0.304,0.1147,0.0751,0.01058,0.01265,95,232,5.491
6.831,0.00962,0.01127,0.653,1.0,0.0719,0.0532,0.01943,0.02273,232,237,5.324
6.852,0.00585,0.00722,0.0,0.0,0.1387,0.0761,0.0111,0.01389,113,130,5.428
6.871,0.00595,0.00775,0.0,0.0,0.1522,0.1084,0.01057,0.01352,91,112,5.516
6.891,0.0,0.0,0.0,0.0,0.0,0.0,0.0,0.0,17,21,5.339
6.912,0.00473,0.00572,0.0,0.0,0.1439,0.121,0.00608,0.00775,58,71,5.44
6.931,0.00643,0.00739,0.0,0.306,0.1074,0.0772,0.00927,0.01048,81,211,5.358
6.951,0.00619,0.00739,0.0,0.0,0.0928,0.0824,0.0109,0.01292,87,127,5.457
6.971,0.00569,0.00509,0.0,0.0,0.0918,0.0928,0.00939,0.00772,81,80,5.54
6.992,0.0,0.0,0.0,0.0,0.0,0.0,0.0,0.0,15,15,5.362
7.012,0.0,0.0,0.0,0.0,0.0,0.0,0.0,0.0,3,3,5.191
7.031,0.0,0.0,0.0,0.0,0.0,0.0,0.0,0.0,1,1,5.027
7.05,0.0,0.0,0.0,0.0,0.0,0.0,0.0,0.0,0,0,4.869
7.071,0.00445,0.00472,0.0,0.0,0.0501,0.0219,0.00893,0.00938,61,64,5.042
7.091,0.0046,0.00452,0.0,0.0,0.0688,0.0375,0.00816,0.00756,63,61,5.189
7.112,0.0,0.0,0.0,0.0,0.0,0.0,0.0,0.0,12,12,5.025
7.131,0.00456,0.00451,0.0,0.0,0.0177,0.0156,0.00803,0.00769,61,59,5.175
7.151,0.00382,0.00416,0.0,0.0,0.0302,0.0219,0.00798,0.00804,59,61,5.302
7.173,0.00533,0.00524,0.0,0.0,0.0375,0.0042,0.0107,0.01064,80,79,5.409
7.192,0.00322,0.00397,0.0,0.0,0.0229,0.0146,0.00612,0.00795,55,65,5.5
7.211,0.00447,0.00466,0.0,0.0,0.0396,0.0188,0.00897,0.00896,70,71,5.576
7.231,0.0052,0.00435,0.0,0.0,0.0083,0.0125,0.01071,0.00926,83,72,5.641
7.251,0.0,0.0,0.0,0.0,0.0,0.0,0.0,0.0,16,14,5.459
7.271,0.0,0.0,0.0,0.0,0.0,0.0,0.0,0.0,3,3,5.285
7.291,0.0,0.0,0.0,0.0,0.0,0.0,0.0,0.0,1,0,5.117
7.31,0.0,0.0,0.0,0.0,0.0,0.0,0.0,0.0,0,0,4.955
7.33,0.0,0.0,0.0,0.0,0.0,0.0,0.0,0.0,0,0,4.8
7.351,0.00419,0.0042,0.0,0.0,0.0115,0.0115,0.00713,0.00714,53,53,4.984
7.372,0.0,0.0,0.0,0.0,0.0,0.0,0.0,0.0,10,10,4.828
7.391,0.0,0.0,0.0,0.0,0.0,0.0,0.0,0.0,2,2,4.678
7.411,0.0,0.00413,0.0,0.0,0.0,0.0052,0.0,0.00598,0,48,4.881
7.432,0.0,0.0,0.0,0.0,0.0,0.0,0.0,0.0,0,9,4.729
7.451,0.0,0.00413,0.0,0.0,0.0,0.0063,0.0,0.00569,0,47,4.924
7.471,0.0,0.0,0.0,0.0,0.0,0.0,0.0,0.0,0,9,4.77
7.491,0.0,0.0,0.0,0.0,0.0,0.0,0.0,0.0,0,2,4.622
7.511,0.0,0.0,0.0,0.0,0.0,0.0,0.0,0.0,0,0,4.48
7.531,0.0,0.0,0.0,0.0,0.0,0.0,0.0,0.0,0,0,4.344
7.551,0.0,0.0,0.0,0.0,0.0,0.0,0.0,0.0,0,0,4.213
7.572,0.0,0.0,0.0,0.0,0.0,0.0,0.0,0.0,0,0,4.087
7.591,0.0,0.0,0.0,0.0,0.0,0.0,0.0,0.0,0,0,3.966
7.611,0.0,0.0,0.0,0.0,0.0,0.0,0.0,0.0,0,0,3.849
7.632,0.0,0.0,0.0,0.0,0.0,0.0,0.0,0.0,0,0,3.738
7.651,0.0,0.0,0.0,0.0,0.0,0.0,0.0,0.0,0,0,3.63
7.67,0.0,0.0,0.0,0.0,0.0,0.0,0.0,0.0,0,0,3.527
7.691,0.0,0.0,0.0,0.0,0.0,0.0,0.0,0.0,0,0,3.428
7.711,0.0,0.0,0.0,0.0,0.0,0.0,0.0,0.0,0,0,3.333
7.731,0.0,0.0,0.0,0.0,0.0,0.0,0.0,0.0,0,0,3.241
7.751,0.0,0.0,0.0,0.0,0.0,0.0,0.0,0.0,0,0,3.153
7.772,0.0,0.0,0.0,0.0,0.0,0.0,0.0,0.0,0,0,3.069
7.791,0.0,0.0,0.0,0.0,0.0,0.0,0.0,0.0,0,0,2.988
7.811,0.0,0.0,0.0,0.0,0.0,0.0,0.0,0.0,0,0,2.91
7.831,0.0,0.0,0.0,0.0,0.0,0.0,0.0,0.0,0,0,2.835
7.85,0.0,0.0,0.0,0.0,0.0,0.0,0.0,0.0,0,0,2.763
7.871,0.0,0.0,0.0,0.0,0.0,0.0,0.0,0.0,0,0,2.694
7.89,0.0,0.0,0.0,0.0,0.0,0.0,0.0,0.0,0,0,2.628
7.912,0.00232,0.00247,0.0,0.0,0.0355,0.0355,0.00475,0.00511,21,22,3.145
7.932,0.00532,0.00539,0.278,0.321,0.0584,0.0459,0.01269,0.01285,161,162,3.164
7.95,0.00349,0.00348,0.0,0.0,0.1408,0.1491,0.00967,0.0097,65,69,3.599
7.972,0.00395,0.00411,0.0,0.0,0.0574,0.049,0.00918,0.00959,51,54,3.968
7.991,0.00931,0.0095,0.866,1.0,0.0021,0.0042,0.02202,0.02247,191,194,3.862
8.011,0.00552,0.00581,0.0,0.0,0.0511,0.0407,0.01099,0.01169,95,98,4.19
8.032,0.00518,0.00526,0.0,0.0,0.0511,0.0553,0.0127,0.01305,76,78,4.468
8.05,0.00469,0.00467,0.0,0.0,0.0886,0.0803,0.00859,0.00839,63,62,4.703
8.072,0.00528,0.0054,0.0,0.0,0.1293,0.1314,0.01286,0.01316,79,81,4.902
8.091,0.00429,0.00454,0.0,0.0,0.1105,0.1084,0.00962,0.01028,68,71,5.071
8.111,0.00255,0.00275,0.0,0.0,0.1397,0.1376,0.00798,0.00817,53,55,5.213
8.131,0.00232,0.00247,0.0,0.0,0.1293,0.1147,0.00701,0.00772,47,50,5.334
8.151,0.00365,0.00402,0.0,0.0,0.1043,0.1001,0.0075,0.00854,57,63,5.436
8.172,0.00664,0.00684,0.376,0.419,0.0365,0.0407,0.01336,0.01357,197,203,5.326
8.191,0.00688,0.00692,0.0,0.0,0.0302,0.024,0.018,0.01809,138,139,5.429
8.212,0.00502,0.00531,0.0,0.0,0.1324,0.122,0.0114,0.01244,93,98,5.517
8.232,0.00607,0.00638,0.0,0.0,0.0855,0.0918,0.01547,0.01644,106,111,5.591
8.251,0.00315,0.00311,0.0,0.0,0.1356,0.1376,0.0071,0.00645,64,63,5.654
8.271,0.00281,0.00317,0.0,0.0,0.121,0.0959,0.0074,0.00862,56,62,5.707
8.291,0.00362,0.00421,0.0,0.0,0.1095,0.0928,0.00794,0.00912,62,71,5.752
8.311,0.00345,0.00368,0.0,0.0,0.1137,0.1241,0.0092,0.00951,66,70,5.79
8.331,0.00228,0.0023,0.0,0.0,0.1241,0.1387,0.00552,0.00555,47,48,5.822
8.352,0.0048,0.00486,0.22,0.251,0.0375,0.0375,0.01068,0.01101,187,188,5.751
8.372,0.00627,0.00633,0.201,0.229,0.0428,0.0438,0.01218,0.01179,234,237,5.686
8.391,0.00679,0.00673,0.0,0.0,0.0459,0.0428,0.01626,0.01633,139,139,5.734
8.411,0.0062,0.00601,0.0,0.0,0.0605,0.0501,0.01455,0.01406,113,110,5.775
8.432,0.00204,0.00202,0.0,0.0,0.0959,0.0959,0.00391,0.0045,49,50,5.809
8.451,0.00182,0.00191,0.0,0.0,0.1283,0.1366,0.00318,0.00273,33,32,5.839
8.471,0.0025,0.00219,0.0,0.0,0.0897,0.0813,0.00607,0.0056,47,42,5.863
8.491,0.00176,0.00198,0.0,0.0,0.0845,0.073,0.00512,0.00568,39,42,5.884
8.511,0.00257,0.00247,0.0,0.0,0.0845,0.0824,0.00543,0.00525,45,44,5.902
8.531,0.00279,0.00262,0.0,0.0,0.0709,0.0813,0.0058,0.00523,48,45,5.917
8.551,0.00528,0.00557,0.25,0.335,0.0678,0.0553,0.0127,0.01353,188,185,5.808
8.571,0.00243,0.00299,0.0,0.0,0.0751,0.0521,0.00676,0.00817,83,92,5.838
8.591,0.00291,0.00286,0.0,0.0,0.0417,0.0542,0.00609,0.00601,57,58,5.863
8.611,0.00269,0.00275,0.0,0.0,0.0511,0.0719,0.00741,0.00733,55,55,5.884
8.632,0.00468,0.00488,0.0,0.228,0.0532,0.0553,0.01068,0.0111,81,195,5.821
8.651,0.00369,0.00377,0.0,0.0,0.0417,0.0396,0.00899,0.0091,71,100,5.848
8.672,0.00441,0.00453,0.0,0.0,0.0688,0.0521,0.00969,0.00973,76,82,5.872
8.691,0.0,0.0,0.0,0.0,0.0,0.0,0.0,0.0,14,15,5.681
8.711,0.0,0.0,0.0,0.0,0.0,0.0,0.0,0.0,3,3,5.497
8.731,0.0,0.0,0.0,0.0,0.0,0.0,0.0,0.0,1,1,5.321
8.751,0.00228,0.00265,0.0,0.0,0.0511,0.0553,0.00575,0.00663,39,45,5.425
8.771,0.0,0.00183,0.0,0.0,0.0,0.0772,0.0,0.00552,7,39,5.513
8.791,0.00369,0.00405,0.0,0.0,0.0501,0.0282,0.00843,0.00915,61,67,5.588
8.811,0.00252,0.00261,0.0,0.0,0.0386,0.0459,0.0075,0.00778,53,56,5.651
8.831,0.00329,0.00349,0.0,0.0,0.0428,0.024,0.00766,0.00795,58,61,5.705
8.851,0.00388,0.00387,0.0,0.0,0.025,0.0188,0.00943,0.00946,70,70,5.75
8.871,0.0,0.0,0.0,0.0,0.0,0.0,0.0,0.0,13,13,5.564
8.891,0.0,0.0,0.0,0.0,0.0,0.0,0.0,0.0,2,2,5.385
8.911,0.003,0.00266,0.0,0.0,0.0344,0.0511,0.00675,0.00604,49,44,5.479
8.931,0.00349,0.00326,0.0,0.0,0.0511,0.0438,0.00695,0.0066,55,52,5.559
8.951,0.00354,0.00374,0.0,0.0,0.0501,0.0647,0.00915,0.0095,65,67,5.627
8.971,0.00216,0.00201,0.0,0.0,0.0667,0.0584,0.00588,0.00553,47,45,5.684
8.991,0.0,0.0,0.0,0.0,0.0,0.0,0.0,0.0,9,8,5.501
9.011,0.0028,0.00276,0.0,0.0,0.0438,0.0386,0.00701,0.00727,49,50,5.577
9.031,0.0,0.00225,0.0,0.0,0.0,0.0563,0.0,0.00586,9,44,5.642
9.051,0.00336,0.00333,0.0,0.0,0.073,0.073,0.00786,0.00763,58,58,5.697
9.071,0.00248,0.00249,0.0,0.0,0.0636,0.0594,0.00625,0.00632,49,49,5.744
9.091,0.00198,0.0021,0.0,0.0,0.0709,0.0459,0.00479,0.00505,39,41,5.783
9.111,0.00184,0.0017,0.0,0.0,0.0626,0.0542,0.00529,0.00494,38,37,5.816
9.131,0.0,0.0,0.0,0.0,0.0,0.0,0.0,0.0,7,7,5.627
9.151,0.0,0.0,0.0,0.0,0.0,0.0,0.0,0.0,1,1,5.446
9.171,0.0,0.0,0.0,0.0,0.0,0.0,0.0,0.0,0,0,5.272
9.191,0.0,0.0,0.0,0.0,0.0,0.0,0.0,0.0,0,0,5.104
9.21,0.00375,0.00311,0.0,0.0,0.0334,0.0448,0.00924,0.00744,60,50,5.242
9.231,0.002,0.00185,0.0,0.0,0.0438,0.0542,0.00618,0.0063,44,41,5.358
9.251,0.0,0.0,0.0,0.0,0.0,0.0,0.0,0.0,8,8,5.187
9.271,0.0,0.0,0.0,0.0,0.0,0.0,0.0,0.0,2,1,5.023
9.292,0.0,0.0,0.0,0.0,0.0,0.0,0.0,0.0,0,0,4.865
9.31,0.0,0.0021,0.0,0.0,0.0,0.0355,0.0,0.00566,0,35,5.039
9.331,0.0,0.00195,0.0,0.0,0.0,0.0407,0.0,0.00547,0,36,5.187
9.352,0.00159,0.00173,0.0,0.0,0.0344,0.0428,0.00489,0.0046,30,32,5.312
9.371,0.00444,0.00392,0.0,0.0,0.0365,0.0386,0.01015,0.00929,71,65,5.417
9.39,0.00407,0.00381,0.0,0.0,0.0407,0.0365,0.00914,0.00821,68,62,5.507
9.413,0.0,0.0025,0.0,0.0,0.0,0.049,0.0,0.00644,13,49,5.583
9.431,0.0,0.00335,0.0,0.0,0.0,0.0417,0.0,0.0066,2,54,5.647
9.451,0.00393,0.00426,0.0,0.0,0.0386,0.025,0.00972,0.01056,69,76,5.701
9.473,0.0,0.0,0.0,0.0,0.0,0.0,0.0,0.0,13,14,5.517
9.49,0.00239,0.0038,0.0,0.0,0.0428,0.025,0.00546,0.00862,41,63,5.591
9.511,0.0,0.0,0.0,0.0,0.0,0.0,0.0,0.0,8,12,5.411
9.532,0.0,0.0,0.0,0.0,0.0,0.0,0.0,0.0,1,2,5.238
9.551,0.0,0.0,0.0,0.0,0.0,0.0,0.0,0.0,0,0,5.072
9.571,0.0,0.0,0.0,0.0,0.0,0.0,0.0,0.0,0,0,4.912
9.592,0.0,0.0,0.0,0.0,0.0,0.0,0.0,0.0,0,0,4.759
9.611,0.0,0.0,0.0,0.0,0.0,0.0,0.0,0.0,0,0,4.611
9.631,0.0,0.0,0.0,0.0,0.0,0.0,0.0,0.0,0,0,4.47
9.652,0.00292,0.0,0.0,0.0,0.0344,0.0,0.00659,0.0,41,0,4.705
9.671,0.0,0.00278,0.0,0.0,0.0,0.0438,0.0,0.00694,8,43,4.903
9.691,0.0,0.0,0.0,0.0,0.0,0.0,0.0,0.0,1,8,4.75
9.711,0.0,0.0,0.0,0.0,0.0,0.0,0.0,0.0,0,2,4.603
9.731,0.00384,0.00315,0.0,0.0,0.0365,0.0448,0.00854,0.00702,54,44,4.818
9.751,0.0,0.0,0.0,0.0,0.0,0.0,0.0,0.0,10,8,4.668
9.771,0.0,0.0,0.0,0.0,0.0,0.0,0.0,0.0,2,2,4.524
9.791,0.0,0.0,0.0,0.0,0.0,0.0,0.0,0.0,0,0,4.386
9.811,0.0,0.0,0.0,0.0,0.0,0.0,0.0,0.0,0,0,4.253
9.831,0.0,0.0,0.0,0.0,0.0,0.0,0.0,0.0,0,0,4.126
9.851,0.0,0.0,0.0,0.0,0.0,0.0,0.0,0.0,0,0,4.003
9.871,0.0,0.0,0.0,0.0,0.0,0.0,0.0,0.0,0,0,3.885
9.89,0.0,0.0,0.0,0.0,0.0,0.0,0.0,0.0,0,0,3.772
9.911,0.0,0.0,0.0,0.0,0.0,0.0,0.0,0.0,0,0,3.664
9.93,0.0,0.0,0.0,0.0,0.0,0.0,0.0,0.0,0,0,3.559
9.951,0.0,0.0,0.0,0.0,0.0,0.0,0.0,0.0,0,0,3.459
9.971,0.0,0.0,0.0,0.0,0.0,0.0,0.0,0.0,0,0,3.362
9.991,0.0,0.0,0.0,0.0,0.0,0.0,0.0,0.0,0,0,3.27
10.011,0.0,0.0,0.0,0.0,0.0,0.0,0.0,0.0,0,0,3.181
10.031,0.0,0.0,0.0,0.0,0.0,0.0,0.0,0.0,0,0,3.095
10.051,0.0,0.0,0.0,0.0,0.0,0.0,0.0,0.0,0,0,3.013
10.071,0.0,0.0,0.0,0.0,0.0,0.0,0.0,0.0,0,0,2.934
10.091,0.0,0.0,0.0,0.0,0.0,0.0,0.0,0.0,0,0,2.858
10.111,0.0,0.0,0.0,0.0,0.0,0.0,0.0,0.0,0,0,2.785
10.131,0.0,0.0,0.0,0.0,0.0,0.0,0.0,0.0,0,0,2.715
10.152,0.0,0.0,0.0,0.0,0.0,0.0,0.0,0.0,0,0,2.648
10.17,0.0,0.0,0.0,0.0,0.0,0.0,0.0,0.0,0,0,2.584
10.191,0.0,0.0,0.0,0.0,0.0,0.0,0.0,0.0,0,0,2.521
10.212,0.0,0.0,0.0,0.0,0.0,0.0,0.0,0.0,0,0,2.462
10.231,0.0,0.0,0.0,0.0,0.0,0.0,0.0,0.0,0,0,2.404
10.252,0.0,0.0,0.0,0.0,0.0,0.0,0.0,0.0,0,0,2.349
10.271,0.0,0.0,0.0,0.0,0.0,0.0,0.0,0.0,0,0,2.296
10.291,0.0,0.0,0.0,0.0,0.0,0.0,0.0,0.0,0,0,2.246
10.311,0.0,0.0,0.0,0.0,0.0,0.0,0.0,0.0,0,0,2.197
10.332,0.0,0.0,0.0,0.0,0.0,0.0,0.0,0.0,0,0,2.15
10.35,0.0,0.0,0.0,0.0,0.0,0.0,0.0,0.0,0,0,2.105
10.371,0.0,0.0,0.0,0.0,0.0,0.0,0.0,0.0,0,0,2.061
10.392,0.0,0.0,0.0,0.0,0.0,0.0,0.0,0.0,0,0,2.02
10.41,0.0,0.0,0.0,0.0,0.0,0.0,0.0,0.0,0,0,1.98
10.431,0.0,0.0,0.0,0.0,0.0,0.0,0.0,0.0,0,0,1.941
10.452,0.0,0.0,0.0,0.0,0.0,0.0,0.0,0.0,0,0,1.905
10.471,0.0,0.0,0.0,0.0,0.0,0.0,0.0,0.0,0,0,1.869
10.491,0.0,0.0,0.0,0.0,0.0,0.0,0.0,0.0,0,0,1.835
10.511,0.0,0.0,0.0,0.0,0.0,0.0,0.0,0.0,0,0,1.802
10.53,0.0,0.0,0.0,0.0,0.0,0.0,0.0,0.0,0,0,1.771
10.551,0.0,0.0,0.0,0.0,0.0,0.0,0.0,0.0,0,0,1.741
10.571,0.0,0.0,0.0,0.0,0.0,0.0,0.0,0.0,0,0,1.712
10.59,0.0,0.0,0.0,0.0,0.0,0.0,0.0,0.0,0,0,1.684
10.611,0.0,0.0,0.0,0.0,0.0,0.0,0.0,0.0,0,0,1.657
10.632,0.0,0.0,0.0,0.0,0.0,0.0,0.0,0.0,0,0,1.631
10.65,0.0,0.0,0.0,0.0,0.0,0.0,0.0,0.0,0,0,1.606
10.671,0.0,0.0,0.0,0.0,0.0,0.0,0.0,0.0,0,0,1.583
10.691,0.0,0.0,0.0,0.0,0.0,0.0,0.0,0.0,0,0,1.56
10.711,0.0,0.0,0.0,0.0,0.0,0.0,0.0,0.0,0,0,1.538
10.731,0.0,0.0,0.0,0.0,0.0,0.0,0.0,0.0,0,0,1.517
10.751,0.0,0.0,0.0,0.0,0.0,0.0,0.0,0.0,0,0,1.496
10.771,0.0,0.0,0.0,0.0,0.0,0.0,0.0,0.0,0,0,1.477
10.79,0.0,0.0,0.0,0.0,0.0,0.0,0.0,0.0,0,0,1.458
10.813,0.0,0.0,0.0,0.0,0.0,0.0,0.0,0.0,0,0,1.44
10.831,0.0,0.0,0.0,0.0,0.0,0.0,0.0,0.0,0,0,1.423
10.851,0.0,0.0,0.0,0.0,0.0,0.0,0.0,0.0,0,0,1.406
10.871,0.0,0.0,0.0,0.0,0.0,0.0,0.0,0.0,0,0,1.39
10.891,0.0,0.0,0.0,0.0,0.0,0.0,0.0,0.0,0,0,1.375
10.911,0.0,0.0,0.0,0.0,0.0,0.0,0.0,0.0,0,0,1.36
10.931,0.0,0.0,0.0,0.0,0.0,0.0,0.0,0.0,0,0,1.346
10.952,0.0,0.0,0.0,0.0,0.0,0.0,0.0,0.0,0,0,1.333
10.971,0.0,0.0,0.0,0.0,0.0,0.0,0.0,0.0,0,0,1.32
10.991,0.0,0.0,0.0,0.0,0.0,0.0,0.0,0.0,0,0,1.307
11.011,0.0,0.0,0.0,0.0,0.0,0.0,0.0,0.0,0,0,1.295
11.031,0.0,0.0,0.0,0.0,0.0,0.0,0.0,0.0,0,0,1.284
11.051,0.0,0.0,0.0,0.0,0.0,0.0,0.0,0.0,0,0,1.272
11.071,0.0,0.0,0.0,0.0,0.0,0.0,0.0,0.0,0,0,1.262
11.091,0.0,0.0,0.0,0.0,0.0,0.0,0.0,0.0,0,0,1.251
11.111,0.0,0.0,0.0,0.0,0.0,0.0,0.0,0.0,0,0,1.242
11.132,0.0,0.0,0.0,0.0,0.0,0.0,0.0,0.0,0,0,1.232
11.15,0.0,0.0,0.0,0.0,0.0,0.0,0.0,0.0,0,0,1.223
11.171,0.0,0.0,0.0,0.0,0.0,0.0,0.0,0.0,0,0,1.214
11.191,0.0,0.0,0.0,0.0,0.0,0.0,0.0,0.0,0,0,1.206
11.211,0.0,0.0,0.0,0.0,0.0,0.0,0.0,0.0,0,0,1.198
11.23,0.0,0.0,0.0,0.0,0.0,0.0,0.0,0.0,0,0,1.19
11.251,0.0,0.0,0.0,0.0,0.0,0.0,0.0,0.0,0,0,1.183
11.271,0.0,0.0,0.0,0.0,0.0,0.0,0.0,0.0,0,0,1.175
11.29,0.0,0.0,0.0,0.0,0.0,0.0,0.0,0.0,0,0,1.169
11.312,0.0,0.0,0.0,0.0,0.0,0.0,0.0,0.0,0,0,1.162
11.33,0.0,0.0,0.0,0.0,0.0,0.0,0.0,0.0,0,0,1.156
11.35,0.0,0.0,0.0,0.0,0.0,0.0,0.0,0.0,0,0,1.15
11.37,0.0,0.0,0.0,0.0,0.0,0.0,0.0,0.0,0,0,1.144
11.39,0.0,0.0,0.0,0.0,0.0,0.0,0.0,0.0,0,0,1.138
11.41,0.0,0.0,0.0,0.0,0.0,0.0,0.0,0.0,0,0,1.133
11.43,0.0,0.0,0.0,0.0,0.0,0.0,0.0,0.0,0,0,1.127
11.451,0.0,0.0,0.0,0.0,0.0,0.0,0.0,0.0,0,0,1.122
11.471,0.0,0.0,0.0,0.0,0.0,0.0,0.0,0.0,0,0,1.118
11.492,0.0,0.0,0.0,0.0,0.0,0.0,0.0,0.0,0,0,1.113
11.511,0.0,0.0,0.0,0.0,0.0,0.0,0.0,0.0,0,0,1.109
11.531,0.0,0.0,0.0,0.0,0.0,0.0,0.0,0.0,0,0,1.104
11.552,0.0,0.00194,0.0,0.0,0.0,0.0438,0.0,0.00495,0,12,1.856
11.571,0.0,0.0,0.0,0.0,0.0,0.0,0.0,0.0,0,2,1.822
11.591,0.0,0.00181,0.0,0.0,0.0,0.0511,0.0,0.00525,0,16,2.464
11.61,0.0,0.0,0.0,0.0,0.0,0.0,0.0,0.0,0,3,2.406
11.631,0.0,0.0,0.0,0.0,0.0,0.0,0.0,0.0,0,1,2.351
11.651,0.0,0.0,0.0,0.0,0.0,0.0,0.0,0.0,0,0,2.298
11.672,0.0,0.0,0.0,0.0,0.0,0.0,0.0,0.0,0,0,2.247
11.69,0.0,0.0,0.0,0.0,0.0,0.0,0.0,0.0,0,0,2.198
11.711,0.0,0.0,0.0,0.0,0.0,0.0,0.0,0.0,0,0,2.151
11.731,0.0,0.0,0.0,0.0,0.0,0.0,0.0,0.0,0,0,2.106
11.752,0.0,0.0,0.0,0.0,0.0,0.0,0.0,0.0,0,0,2.063
11.771,0.0,0.0,0.0,0.0,0.0,0.0,0.0,0.0,0,0,2.021
11.792,0.0,0.0,0.0,0.0,0.0,0.0,0.0,0.0,0,0,1.981
11.811,0.0,0.0,0.0,0.0,0.0,0.0,0.0,0.0,0,0,1.943
11.831,0.0,0.0,0.0,0.0,0.0,0.0,0.0,0.0,0,0,1.906
11.85,0.0,0.0,0.0,0.0,0.0,0.0,0.0,0.0,0,0,1.87
11.871,0.0,0.0,0.0,0.0,0.0,0.0,0.0,0.0,0,0,1.836
11.891,0.0,0.0022,0.0,0.0,0.0,0.074,0.0,0.00584,0,18,2.475
11.911,0.0,0.0,0.0,0.0,0.0,0.0,0.0,0.0,0,3,2.417
11.931,0.0,0.0,0.0,0.0,0.0,0.0,0.0,0.0,0,1,2.362
11.95,0.0,0.0,0.0,0.0,0.0,0.0,0.0,0.0,0,0,2.308
11.97,0.0,0.0,0.0,0.0,0.0,0.0,0.0,0.0,0,0,2.257
11.991,0.0,0.0,0.0,0.0,0.0,0.0,0.0,0.0,0,0,2.208
12.011,0.0,0.00111,0.0,0.0,0.0,0.0647,0.0,0.00311,0,11,2.79
12.031,0.0,0.0,0.0,0.0,0.0,0.0,0.0,0.0,0,2,2.72
12.052,0.0,0.0,0.0,0.0,0.0,0.0,0.0,0.0,0,0,2.652
12.071,0.0,0.0,0.0,0.0,0.0,0.0,0.0,0.0,0,0,2.588
12.092,0.0,0.0,0.0,0.0,0.0,0.0,0.0,0.0,0,0,2.525
12.111,0.0,0.0,0.0,0.0,0.0,0.0,0.0,0.0,0,0,2.466
12.13,0.0,0.0,0.0,0.0,0.0,0.0,0.0,0.0,0,0,2.408
12.151,0.0,0.0,0.0,0.0,0.0,0.0,0.0,0.0,0,0,2.353
12.171,0.0,0.0,0.0,0.0,0.0,0.0,0.0,0.0,0,0,2.3
12.191,0.0,0.0,0.0,0.0,0.0,0.0,0.0,0.0,0,0,2.249
12.212,0.0,0.0,0.0,0.0,0.0,0.0,0.0,0.0,0,0,2.2
12.232,0.0,0.0,0.0,0.0,0.0,0.0,0.0,0.0,0,0,2.153
12.251,0.0,0.0,0.0,0.0,0.0,0.0,0.0,0.0,0,0,2.108
12.27,0.0,0.0,0.0,0.0,0.0,0.0,0.0,0.0,0,0,2.064
12.291,0.0,0.0,0.0,0.0,0.0,0.0,0.0,0.0,0,0,2.022
12.311,0.0,0.0,0.0,0.0,0.0,0.0,0.0,0.0,0,0,1.982
12.331,0.0,0.0,0.0,0.0,0.0,0.0,0.0,0.0,0,0,1.944
12.351,0.0,0.0,0.0,0.0,0.0,0.0,0.0,0.0,0,0,1.907
12.371,0.0,0.0,0.0,0.0,0.0,0.0,0.0,0.0,0,0,1.871
12.391,0.0,0.0,0.0,0.0,0.0,0.0,0.0,0.0,0,0,1.837
12.412,0.0,0.0,0.0,0.0,0.0,0.0,0.0,0.0,0,0,1.804
12.431,0.0,0.0,0.0,0.0,0.0,0.0,0.0,0.0,0,0,1.773
12.451,0.0,0.0,0.0,0.0,0.0,0.0,0.0,0.0,0,0,1.742
12.471,0.0,0.0,0.0,0.0,0.0,0.0,0.0,0.0,0,0,1.713
12.49,0.0,0.0,0.0,0.0,0.0,0.0,0.0,0.0,0,0,1.685
12.51,0.0,0.0,0.0,0.0,0.0,0.0,0.0,0.0,0,0,1.659
12.531,0.0,0.0,0.0,0.0,0.0,0.0,0.0,0.0,0,0,1.633
12.551,0.0,0.0,0.0,0.0,0.0,0.0,0.0,0.0,0,0,1.608
12.571,0.0,0.0,0.0,0.0,0.0,0.0,0.0,0.0,0,0,1.584
12.59,0.0,0.0,0.0,0.0,0.0,0.0,0.0,0.0,0,0,1.561
12.612,0.0,0.0,0.0,0.0,0.0,0.0,0.0,0.0,0,0,1.539
12.631,0.0,0.0,0.0,0.0,0.0,0.0,0.0,0.0,0,0,1.518
12.651,0.0,0.0,0.0,0.0,0.0,0.0,0.0,0.0,0,0,1.498
12.67,0.0,0.0,0.0,0.0,0.0,0.0,0.0,0.0,0,0,1.478
12.691,0.0,0.0,0.0,0.0,0.0,0.0,0.0,0.0,0,0,1.459
12.711,0.0,0.0,0.0,0.0,0.0,0.0,0.0,0.0,0,0,1.441
12.731,0.0,0.0,0.0,0.0,0.0,0.0,0.0,0.0,0,0,1.424
12.75,0.0,0.0,0.0,0.0,0.0,0.0,0.0,0.0,0,0,1.407
12.772,0.0,0.0,0.0,0.0,0.0,0.0,0.0,0.0,0,0,1.392
12.791,0.0,0.0,0.0,0.0,0.0,0.0,0.0,0.0,0,0,1.376
12.81,0.0,0.0,0.0,0.0,0.0,0.0,0.0,0.0,0,0,1.361
12.831,0.0,0.0,0.0,0.0,0.0,0.0,0.0,0.0,0,0,1.347
12.851,0.0,0.0,0.0,0.0,0.0,0.0,0.0,0.0,0,0,1.334
12.871,0.0,0.0,0.0,0.0,0.0,0.0,0.0,0.0,0,0,1.321
12.891,0.0,0.0,0.0,0.0,0.0,0.0,0.0,0.0,0,0,1.308
12.912,0.0,0.0,0.0,0.0,0.0,0.0,0.0,0.0,0,0,1.296
12.93,0.0,0.0,0.0,0.0,0.0,0.0,0.0,0.0,0,0,1.284
12.951,0.0,0.00245,0.0,0.0,0.0,0.1303,0.0,0.0052,0,14,2.008
12.971,0.00376,0.0036,0.0,0.0,0.1804,0.2023,0.00606,0.00667,24,26,2.621
12.991,0.00573,0.0066,0.233,0.429,0.1679,0.1241,0.00911,0.01142,115,166,2.621
13.011,0.00669,0.00771,0.15,0.225,0.2158,0.2221,0.0129,0.01505,107,148,2.811
13.031,0.00533,0.004,0.0,0.0,0.2815,0.2628,0.00873,0.00647,56,55,3.301
13.052,0.00575,0.00508,0.0,0.14,0.0813,0.1095,0.01218,0.01111,60,120,3.674
13.071,0.00648,0.00309,0.112,0.0,0.1762,0.2231,0.0095,0.00665,119,53,4.031
13.092,0.00468,0.00448,0.0,0.149,0.1303,0.1147,0.00975,0.00789,70,135,4.334
13.11,0.00273,0.00263,0.0,0.0,0.1929,0.1126,0.00812,0.00762,50,60,4.589
13.131,0.00526,0.00558,0.256,0.347,0.1335,0.1345,0.01103,0.01185,190,200,4.531
13.151,0.00632,0.0082,0.156,0.521,0.0615,0.0302,0.01426,0.0177,180,237,4.437
13.171,0.00635,0.007,0.0,0.0,0.1293,0.1022,0.0131,0.0154,101,121,4.677
13.19,0.00227,0.00343,0.0,0.0,0.1835,0.1147,0.00317,0.00529,41,57,4.88
13.212,0.00354,0.00511,0.0,0.207,0.1679,0.1157,0.00751,0.01069,50,197,4.867
13.231,0.0,0.0,0.0,0.0,0.0,0.0,0.0,0.0,10,57,4.716
13.251,0.0,0.0,0.0,0.0,0.0,0.0,0.0,0.0,2,7,4.57
13.271,0.0,0.0,0.0,0.0,0.0,0.0,0.0,0.0,0,1,4.43
13.291,0.0,0.0,0.0,0.0,0.0,0.0,0.0,0.0,0,0,4.296
13.311,0.0,0.0,0.0,0.0,0.0,0.0,0.0,0.0,0,0,4.166
13.332,0.0,0.0,0.0,0.0,0.0,0.0,0.0,0.0,0,0,4.042
13.35,0.0,0.0,0.0,0.0,0.0,0.0,0.0,0.0,0,0,3.923
13.372,0.0,0.0,0.0,0.0,0.0,0.0,0.0,0.0,0,0,3.808
13.392,0.0,0.0,0.0,0.0,0.0,0.0,0.0,0.0,0,0,3.698
13.411,0.0,0.0,0.0,0.0,0.0,0.0,0.0,0.0,0,0,3.592
13.431,0.0,0.0,0.0,0.0,0.0,0.0,0.0,0.0,0,0,3.491
13.45,0.0,0.0,0.0,0.0,0.0,0.0,0.0,0.0,0,0,3.393
13.47,0.0,0.0,0.0,0.0,0.0,0.0,0.0,0.0,0,0,3.299
13.492,0.0,0.0,0.0,0.0,0.0,0.0,0.0,0.0,0,0,3.209
13.511,0.0,0.0,0.0,0.0,0.0,0.0,0.0,0.0,0,0,3.123
13.53,0.0,0.0,0.0,0.0,0.0,0.0,0.0,0.0,0,0,3.039
13.551,0.0,0.0,0.0,0.0,0.0,0.0,0.0,0.0,0,0,2.959
13.571,0.0,0.0,0.0,0.0,0.0,0.0,0.0,0.0,0,0,2.883
13.591,0.0,0.0,0.0,0.0,0.0,0.0,0.0,0.0,0,0,2.809
13.611,0.0,0.0,0.0,0.0,0.0,0.0,0.0,0.0,0,0,2.738
13.631,0.0,0.0,0.0,0.0,0.0,0.0,0.0,0.0,0,0,2.67
13.651,0.0,0.0,0.0,0.0,0.0,0.0,0.0,0.0,0,0,2.604
13.671,0.0,0.0,0.0,0.0,0.0,0.0,0.0,0.0,0,0,2.541
13.691,0.0,0.0,0.0,0.0,0.0,0.0,0.0,0.0,0,0,2.481
13.712,0.0,0.0,0.0,0.0,0.0,0.0,0.0,0.0,0,0,2.423
13.731,0.0,0.0,0.0,0.0,0.0,0.0,0.0,0.0,0,0,2.367
13.752,0.0,0.0,0.0,0.0,0.0,0.0,0.0,0.0,0,0,2.313
13.772,0.0,0.0,0.0,0.0,0.0,0.0,0.0,0.0,0,0,2.262
13.792,0.0,0.0,0.0,0.0,0.0,0.0,0.0,0.0,0,0,2.212
13.81,0.0,0.0,0.0,0.0,0.0,0.0,0.0,0.0,0,0,2.165
13.832,0.0,0.0,0.0,0.0,0.0,0.0,0.0,0.0,0,0,2.119
13.851,0.0,0.0,0.0,0.0,0.0,0.0,0.0,0.0,0,0,2.075
13.872,0.0,0.0,0.0,0.0,0.0,0.0,0.0,0.0,0,0,2.033
13.891,0.0,0.0,0.0,0.0,0.0,0.0,0.0,0.0,0,0,1.993
13.911,0.0,0.0,0.0,0.0,0.0,0.0,0.0,0.0,0,0,1.954
13.931,0.0,0.0,0.0,0.0,0.0,0.0,0.0,0.0,0,0,1.916
13.951,0.0,0.0,0.0,0.0,0.0,0.0,0.0,0.0,0,0,1.88
13.971,0.0,0.0,0.0,0.0,0.0,0.0,0.0,0.0,0,0,1.846
13.991,0.0,0.0,0.0,0.0,0.0,0.0,0.0,0.0,0,0,1.813
14.011,0.0,0.0,0.0,0.0,0.0,0.0,0.0,0.0,0,0,1.781
14.032,0.0,0.0,0.0,0.0,0.0,0.0,0.0,0.0,0,0,1.75
14.05,0.0,0.0,0.0,0.0,0.0,0.0,0.0,0.0,0,0,1.721
14.07,0.0,0.0,0.0,0.0,0.0,0.0,0.0,0.0,0,0,1.693
14.091,0.0,0.0,0.0,0.0,0.0,0.0,0.0,0.0,0,0,1.665
14.11,0.0,0.0,0.0,0.0,0.0,0.0,0.0,0.0,0,0,1.639
14.131,0.0,0.0,0.0,0.0,0.0,0.0,0.0,0.0,0,0,1.614
14.151,0.0,0.0,0.0,0.0,0.0,0.0,0.0,0.0,0,0,1.59
14.171,0.0,0.0,0.0,0.0,0.0,0.0,0.0,0.0,0,0,1.567
14.191,0.0,0.0,0.0,0.0,0.0,0.0,0.0,0.0,0,0,1.545
14.211,0.0,0.0,0.0,0.0,0.0,0.0,0.0,0.0,0,0,1.523
14.232,0.0,0.0,0.0,0.0,0.0,0.0,0.0,0.0,0,0,1.503
14.25,0.0,0.0,0.0,0.0,0.0,0.0,0.0,0.0,0,0,1.483
14.27,0.0,0.0,0.0,0.0,0.0,0.0,0.0,0.0,0,0,1.464
14.29,0.0,0.0,0.0,0.0,0.0,0.0,0.0,0.0,0,0,1.446
14.311,0.0,0.0,0.0,0.0,0.0,0.0,0.0,0.0,0,0,1.429
14.331,0.0,0.0,0.0,0.0,0.0,0.0,0.0,0.0,0,0,1.412
14.351,0.0,0.0,0.0,0.0,0.0,0.0,0.0,0.0,0,0,1.396
14.37,0.0,0.0,0.0,0.0,0.0,0.0,0.0,0.0,0,0,1.38
14.391,0.0,0.0,0.0,0.0,0.0,0.0,0.0,0.0,0,0,1.365
14.411,0.0,0.0,0.0,0.0,0.0,0.0,0.0,0.0,0,0,1.351
14.431,0.0,0.0,0.0,0.0,0.0,0.0,0.0,0.0,0,0,1.337
14.451,0.0,0.0,0.0,0.0,0.0,0.0,0.0,0.0,0,0,1.324
14.471,0.0,0.0,0.0,0.0,0.0,0.0,0.0,0.0,0,0,1.311
14.491,0.0,0.0,0.0,0.0,0.0,0.0,0.0,0.0,0,0,1.299
14.511,0.0,0.0,0.0,0.0,0.0,0.0,0.0,0.0,0,0,1.287
14.531,0.0,0.0,0.0,0.0,0.0,0.0,0.0,0.0,0,0,1.276
14.551,0.0,0.0,0.0,0.0,0.0,0.0,0.0,0.0,0,0,1.265
14.571,0.0,0.0,0.0,0.0,0.0,0.0,0.0,0.0,0,0,1.255
14.591,0.0,0.0,0.0,0.0,0.0,0.0,0.0,0.0,0,0,1.245
14.611,0.0,0.0,0.0,0.0,0.0,0.0,0.0,0.0,0,0,1.235
14.631,0.0,0.0,0.0,0.0,0.0,0.0,0.0,0.0,0,0,1.226
14.652,0.0,0.0,0.0,0.0,0.0,0.0,0.0,0.0,0,0,1.217
14.671,0.0,0.0,0.0,0.0,0.0,0.0,0.0,0.0,0,0,1.209
14.691,0.0,0.0,0.0,0.0,0.0,0.0,0.0,0.0,0,0,1.2
14.712,0.0,0.0,0.0,0.0,0.0,0.0,0.0,0.0,0,0,1.193
14.731,0.0,0.0,0.0,0.0,0.0,0.0,0.0,0.0,0,0,1.185
14.751,0.0,0.0,0.0,0.0,0.0,0.0,0.0,0.0,0,0,1.178
14.771,0.0,0.0,0.0,0.0,0.0,0.0,0.0,0.0,0,0,1.171
14.791,0.0,0.0,0.0,0.0,0.0,0.0,0.0,0.0,0,0,1.164
14.811,0.0,0.0,0.0,0.0,0.0,0.0,0.0,0.0,0,0,1.158
14.831,0.0,0.0,0.0,0.0,0.0,0.0,0.0,0.0,0,0,1.151
14.85,0.0,0.0,0.0,0.0,0.0,0.0,0.0,0.0,0,0,1.146
14.871,0.0,0.0,0.0,0.0,0.0,0.0,0.0,0.0,0,0,1.14
14.891,0.0,0.0,0.0,0.0,0.0,0.0,0.0,0.0,0,0,1.134
14.911,0.0,0.0,0.0,0.0,0.0,0.0,0.0,0.0,0,0,1.129
14.931,0.0,0.0,0.0,0.0,0.0,0.0,0.0,0.0,0,0,1.124
14.95,0.0,0.0,0.0,0.0,0.0,0.0,0.0,0.0,0,0,1.119
14.972,0.0,0.0,0.0,0.0,0.0,0.0,0.0,0.0,0,0,1.114
14.99,0.0,0.0,0.0,0.0,0.0,0.0,0.0,0.0,0,0,1.11
15.011,0.0,0.0,0.0,0.0,0.0,0.0,0.0,0.0,0,0,1.106
15.032,0.0,0.0,0.0,0.0,0.0,0.0,0.0,0.0,0,0,1.102
15.051,0.0,0.0,0.0,0.0,0.0,0.0,0.0,0.0,0,0,1.098
15.071,0.0,0.0,0.0,0.0,0.0,0.0,0.0,0.0,0,0,1.094
15.091,0.0,0.0,0.0,0.0,0.0,0.0,0.0,0.0,0,0,1.09
15.111,0.0,0.0,0.0,0.0,0.0,0.0,0.0,0.0,0,0,1.087
15.131,0.0,0.0,0.0,0.0,0.0,0.0,0.0,0.0,0,0,1.083
15.152,0.0,0.0,0.0,0.0,0.0,0.0,0.0,0.0,0,0,1.08
15.172,0.0,0.0,0.0,0.0,0.0,0.0,0.0,0.0,0,0,1.077
15.191,0.0,0.0,0.0,0.0,0.0,0.0,0.0,0.0,0,0,1.074
15.211,0.0,0.0,0.0,0.0,0.0,0.0,0.0,0.0,0,0,1.071
15.231,0.0,0.0,0.0,0.0,0.0,0.0,0.0,0.0,0,0,1.068
15.251,0.0,0.0,0.0,0.0,0.0,0.0,0.0,0.0,0,0,1.065
15.271,0.0,0.0,0.0,0.0,0.0,0.0,0.0,0.0,0,0,1.063
15.291,0.0,0.0,0.0,0.0,0.0,0.0,0.0,0.0,0,0,1.06
15.311,0.0,0.0,0.0,0.0,0.0,0.0,0.0,0.0,0,0,1.058
15.331,0.0,0.0,0.0,0.0,0.0,0.0,0.0,0.0,0,0,1.056
15.351,0.0,0.0,0.0,0.0,0.0,0.0,0.0,0.0,0,0,1.054
15.371,0.0,0.0,0.0,0.0,0.0,0.0,0.0,0.0,0,0,1.051
15.391,0.0,0.0,0.0,0.0,0.0,0.0,0.0,0.0,0,0,1.049
15.41,0.0,0.0,0.0,0.0,0.0,0.0,0.0,0.0,0,0,1.047
15.431,0.0,0.0,0.0,0.0,0.0,0.0,0.0,0.0,0,0,1.046
15.451,0.0,0.0,0.0,0.0,0.0,0.0,0.0,0.0,0,0,1.044
15.472,0.0,0.0,0.0,0.0,0.0,0.0,0.0,0.0,0,0,1.042
15.491,0.0,0.0,0.0,0.0,0.0,0.0,0.0,0.0,0,0,1.04
15.511,0.0,0.0,0.0,0.0,0.0,0.0,0.0,0.0,0,0,1.039
15.532,0.0,0.0,0.0,0.0,0.0,0.0,0.0,0.0,0,0,1.037
15.551,0.0,0.0,0.0,0.0,0.0,0.0,0.0,0.0,0,0,1.036
15.571,0.0,0.0,0.0,0.0,0.0,0.0,0.0,0.0,0,0,1.034
15.591,0.0,0.0,0.0,0.0,0.0,0.0,0.0,0.0,0,0,1.033
15.611,0.0,0.0,0.0,0.0,0.0,0.0,0.0,0.0,0,0,1.032
15.631,0.0,0.0,0.0,0.0,0.0,0.0,0.0,0.0,0,0,1.031
15.651,0.0,0.0,0.0,0.0,0.0,0.0,0.0,0.0,0,0,1.029
15.671,0.0,0.0,0.0,0.0,0.0,0.0,0.0,0.0,0,0,1.028
15.691,0.0,0.0,0.0,0.0,0.0,0.0,0.0,0.0,0,0,1.027
15.711,0.0,0.0,0.0,0.0,0.0,0.0,0.0,0.0,0,0,1.026
15.73,0.0,0.0,0.0,0.0,0.0,0.0,0.0,0.0,0,0,1.025
15.75,0.0,0.0,0.0,0.0,0.0,0.0,0.0,0.0,0,0,1.024
15.771,0.0,0.0,0.0,0.0,0.0,0.0,0.0,0.0,0,0,1.023
15.791,0.0,0.0,0.0,0.0,0.0,0.0,0.0,0.0,0,0,1.022
15.811,0.0,0.0,0.0,0.0,0.0,0.0,0.0,0.0,0,0,1.021
15.831,0.0,0.0,0.0,0.0,0.0,0.0,0.0,0.0,0,0,1.02
15.852,0.0,0.0,0.0,0.0,0.0,0.0,0.0,0.0,0,0,1.02
15.87,0.0,0.0,0.0,0.0,0.0,0.0,0.0,0.0,0,0,1.019
15.891,0.0,0.0,0.0,0.0,0.0,0.0,0.0,0.0,0,0,1.018
15.911,0.0,0.0,0.0,0.0,0.0,0.0,0.0,0.0,0,0,1.017
15.931,0.0,0.0,0.0,0.0,0.0,0.0,0.0,0.0,0,0,1.017
15.951,0.0,0.00254,0.0,0.0,0.0,0.1011,0.0,0.00608,0,14,1.782
15.971,0.0,0.0,0.0,0.0,0.0,0.0,0.0,0.0,0,3,1.751
15.991,0.0,0.0,0.0,0.0,0.0,0.0,0.0,0.0,0,0,1.722
16.01,0.0,0.0,0.0,0.0,0.0,0.0,0.0,0.0,0,0,1.693
16.031,0.0,0.0,0.0,0.0,0.0,0.0,0.0,0.0,0,0,1.666
16.051,0.0,0.0,0.0,0.0,0.0,0.0,0.0,0.0,0,0,1.64
16.071,0.0,0.0,0.0,0.0,0.0,0.0,0.0,0.0,0,0,1.615
16.091,0.00115,0.00119,0.0,0.0,0.2023,0.2002,0.0026,0.0027,8,8,2.288
16.112,0.00061,0.00082,0.0,0.0,0.2357,0.22,0.00171,0.00223,7,8,2.858
16.131,0.0,0.0,0.0,0.0,0.0,0.0,0.0,0.0,1,2,2.785
16.151,0.00076,0.00076,0.0,0.0,0.2252,0.2273,0.00193,0.00202,8,8,3.279
16.171,0.00067,0.00059,0.0,0.0,0.196,0.1887,0.00183,0.0015,9,8,3.696
16.191,0.00136,0.00121,0.0,0.0,0.1867,0.1846,0.00422,0.00389,20,19,4.05
16.212,0.0005,0.00067,0.0,0.0,0.1648,0.1648,0.00154,0.00177,11,12,4.349
16.232,0.0011,0.00099,0.0,0.0,0.1429,0.1408,0.00316,0.00294,18,17,4.603
16.251,0.0,0.0,0.0,0.0,0.0,0.0,0.0,0.0,3,3,4.462
16.271,0.0,0.0,0.0,0.0,0.0,0.0,0.0,0.0,1,1,4.326
16.292,0.00198,0.00205,0.0,0.0,0.147,0.1554,0.00573,0.00594,31,32,4.583
16.311,0.00182,0.00191,0.0,0.0,0.2127,0.1919,0.00426,0.00451,28,30,4.8
16.331,0.00295,0.00291,0.0,0.0,0.1846,0.1981,0.00534,0.00517,40,39,4.985
16.352,0.00906,0.00889,0.941,1.0,0.0792,0.0667,0.01743,0.01695,180,179,4.839
16.372,0.00857,0.00862,0.0,0.0,0.1449,0.1429,0.01928,0.01944,142,143,5.017
16.391,0.01022,0.01033,0.4,0.463,0.0876,0.1022,0.0192,0.01943,233,233,4.909
16.412,0.0094,0.00932,0.0,0.0,0.0991,0.0949,0.01696,0.01674,142,141,5.077
16.431,0.00774,0.0078,0.0,0.0,0.0938,0.0938,0.01572,0.01584,116,116,5.218
16.451,0.00434,0.00433,0.0,0.0,0.122,0.1178,0.00996,0.00997,79,79,5.338
16.47,0.00248,0.00259,0.0,0.0,0.1731,0.1564,0.00549,0.00563,48,49,5.44
16.491,0.00317,0.00314,0.0,0.0,0.0792,0.0813,0.00631,0.00628,50,50,5.526
16.511,0.00405,0.004,0.0,0.0,0.0657,0.0574,0.00694,0.00688,59,59,5.599
16.532,0.00445,0.00452,0.0,0.0,0.0709,0.0876,0.007,0.00719,63,65,5.66
16.552,0.0,0.0,0.0,0.0,0.0,0.0,0.0,0.0,12,12,5.478
16.572,0.0,0.0,0.0,0.0,0.0,0.0,0.0,0.0,2,2,5.302
16.59,0.0,0.0,0.0,0.0,0.0,0.0,0.0,0.0,0,0,5.133
16.612,0.0,0.0,0.0,0.0,0.0,0.0,0.0,0.0,0,0,4.971
16.631,0.0,0.0,0.0,0.0,0.0,0.0,0.0,0.0,0,0,4.816
16.651,0.0,0.0,0.0,0.0,0.0,0.0,0.0,0.0,0,0,4.666
16.671,0.0,0.0,0.0,0.0,0.0,0.0,0.0,0.0,0,0,4.522
16.691,0.0,0.0,0.0,0.0,0.0,0.0,0.0,0.0,0,0,4.384
16.711,0.0,0.0,0.0,0.0,0.0,0.0,0.0,0.0,0,0,4.251
16.732,0.0,0.0,0.0,0.0,0.0,0.0,0.0,0.0,0,0,4.124
16.751,0.0,0.0,0.0,0.0,0.0,0.0,0.0,0.0,0,0,4.001
16.772,0.0,0.0,0.0,0.0,0.0,0.0,0.0,0.0,0,0,3.884
16.791,0.0,0.0,0.0,0.0,0.0,0.0,0.0,0.0,0,0,3.771
16.81,0.0,0.0,0.0,0.0,0.0,0.0,0.0,0.0,0,0,3.662
16.831,0.0,0.0,0.0,0.0,0.0,0.0,0.0,0.0,0,0,3.558
16.851,0.0,0.0,0.0,0.0,0.0,0.0,0.0,0.0,0,0,3.457
16.871,0.0,0.0,0.0,0.0,0.0,0.0,0.0,0.0,0,0,3.361
16.891,0.0,0.0,0.0,0.0,0.0,0.0,0.0,0.0,0,0,3.268
16.911,0.0,0.0,0.0,0.0,0.0,0.0,0.0,0.0,0,0,3.179
16.931,0.0,0.0,0.0,0.0,0.0,0.0,0.0,0.0,0,0,3.094
16.951,0.0,0.0,0.0,0.0,0.0,0.0,0.0,0.0,0,0,3.012
16.971,0.0,0.0,0.0,0.0,0.0,0.0,0.0,0.0,0,0,2.933
16.992,0.0,0.0,0.0,0.0,0.0,0.0,0.0,0.0,0,0,2.857
17.01,0.0,0.0,0.0,0.0,0.0,0.0,0.0,0.0,0,0,2.784
17.031,0.0,0.0,0.0,0.0,0.0,0.0,0.0,0.0,0,0,2.714
17.051,0.0,0.0,0.0,0.0,0.0,0.0,0.0,0.0,0,0,2.647
17.07,0.0,0.0,0.0,0.0,0.0,0.0,0.0,0.0,0,0,2.583
17.092,0.0,0.0,0.0,0.0,0.0,0.0,0.0,0.0,0,0,2.521
17.111,0.0,0.0,0.0,0.0,0.0,0.0,0.0,0.0,0,0,2.461
17.132,0.0,0.0,0.0,0.0,0.0,0.0,0.0,0.0,0,0,2.404
17.15,0.0,0.0,0.0,0.0,0.0,0.0,0.0,0.0,0,0,2.349
17.171,0.00141,0.00147,0.0,0.0,0.0709,0.0647,0.00438,0.00462,15,16,2.909
17.192,0.0,0.0,0.0,0.0,0.0,0.0,0.0,0.0,3,3,2.834
17.211,0.0,0.0,0.0,0.0,0.0,0.0,0.0,0.0,1,1,2.762
17.231,0.0,0.0,0.0,0.0,0.0,0.0,0.0,0.0,0,0,2.693
17.251,0.0,0.0,0.0,0.0,0.0,0.0,0.0,0.0,0,0,2.627
17.272,0.0,0.0,0.0,0.0,0.0,0.0,0.0,0.0,0,0,2.563
17.291,0.0,0.0,0.0,0.0,0.0,0.0,0.0,0.0,0,0,2.502
17.311,0.00401,0.00358,0.0,0.0,0.0647,0.0647,0.00982,0.00868,37,33,3.039
17.331,0.0,0.0,0.0,0.0,0.0,0.0,0.0,0.0,7,6,2.959
17.352,0.00548,0.0052,0.153,0.101,0.0719,0.0574,0.01178,0.01118,115,91,3.323
17.37,0.0,0.0,0.0,0.0,0.0,0.0,0.0,0.0,22,17,3.232
17.392,0.0,0.0,0.0,0.0,0.0,0.0,0.0,0.0,4,3,3.144
17.411,0.0,0.0,0.0,0.0,0.0,0.0,0.0,0.0,1,1,3.06
17.431,0.00264,0.0,0.0,0.0,0.0647,0.0,0.00668,0.0,29,0,3.511
17.452,0.00255,0.0,0.0,0.0,0.0792,0.0,0.00637,0.0,32,0,3.893
17.471,0.0,0.0,0.0,0.0,0.0,0.0,0.0,0.0,6,0,3.78
17.491,0.0,0.0,0.0,0.0,0.0,0.0,0.0,0.0,1,0,3.671
17.512,0.00297,0.00264,0.0,0.0,0.0657,0.0824,0.00714,0.00636,37,33,4.028
17.531,0.0,0.0,0.0,0.0,0.0,0.0,0.0,0.0,7,6,3.91
17.551,0.00343,0.003,0.0,0.0,0.0719,0.0824,0.00733,0.00669,42,37,4.231
17.572,0.00316,0.00335,0.0,0.0,0.0845,0.0719,0.00804,0.00853,46,49,4.502
17.591,0.0,0.0,0.0,0.0,0.0,0.0,0.0,0.0,9,9,4.365
17.611,0.0,0.0,0.0,0.0,0.0,0.0,0.0,0.0,2,2,4.233
17.631,0.00278,0.00256,0.0,0.0,0.0803,0.0824,0.00618,0.00554,37,34,4.504
17.651,0.0,0.0,0.0,0.0,0.0,0.0,0.0,0.0,7,6,4.367
17.671,0.00319,0.00313,0.0,0.0,0.0626,0.0584,0.00701,0.00708,43,43,4.618
17.691,0.00228,0.00235,0.0,0.0,0.0813,0.0605,0.00629,0.00646,39,40,4.83
17.711,0.00303,0.00272,0.0,0.0,0.0667,0.0584,0.00737,0.00685,48,44,5.009
17.73,0.00462,0.00455,0.158,0.192,0.0532,0.049,0.01005,0.00995,169,184,5.006
17.751,0.0,0.00178,0.0,0.0,0.0,0.0772,0.0,0.00644,32,66,5.158
17.772,0.00243,0.00237,0.0,0.0,0.0678,0.0657,0.00603,0.00579,41,45,5.287
17.791,0.0,0.0,0.0,0.0,0.0,0.0,0.0,0.0,8,9,5.119
17.811,0.0,0.00249,0.0,0.0,0.0,0.0574,0.0,0.00601,1,41,5.255
17.832,0.00497,0.00487,0.0,0.253,0.0229,0.0146,0.01208,0.01185,77,181,5.203
17.851,0.0,0.0,0.0,0.0,0.0,0.0,0.0,0.0,15,43,5.038
17.871,0.00393,0.00375,0.0,0.0,0.0532,0.0532,0.00897,0.00853,60,59,5.186
17.891,0.0,0.0,0.0,0.0,0.0,0.0,0.0,0.0,11,11,5.022
17.91,0.00325,0.00312,0.0,0.0,0.0636,0.0719,0.00774,0.0075,51,50,5.172
17.931,0.00387,0.00371,0.0,0.0,0.0761,0.0751,0.00802,0.00774,59,57,5.299
17.952,0.0,0.0,0.0,0.0,0.0,0.0,0.0,0.0,11,11,5.13
17.971,0.0,0.0,0.0,0.0,0.0,0.0,0.0,0.0,2,2,4.969
17.991,0.0,0.0,0.0,0.0,0.0,0.0,0.0,0.0,0,0,4.813
18.011,0.00388,0.00375,0.0,0.0,0.0448,0.0469,0.00931,0.00901,58,57,4.995
18.031,0.0,0.0,0.0,0.0,0.0,0.0,0.0,0.0,11,11,4.839
18.05,0.0,0.0,0.0,0.0,0.0,0.0,0.0,0.0,2,2,4.688
18.071,0.00281,0.0,0.0,0.0,0.0563,0.0,0.00719,0.0,44,0,4.889
18.091,0.0,0.0,0.0,0.0,0.0,0.0,0.0,0.0,8,0,4.737
18.111,0.0,0.0,0.0,0.0,0.0,0.0,0.0,0.0,2,0,4.59
18.131,0.0,0.0,0.0,0.0,0.0,0.0,0.0,0.0,0,0,4.45
18.151,0.0,0.0,0.0,0.0,0.0,0.0,0.0,0.0,0,0,4.314
18.172,0.0,0.0,0.0,0.0,0.0,0.0,0.0,0.0,0,0,4.184
18.191,0.0,0.0,0.0,0.0,0.0,0.0,0.0,0.0,0,0,4.06
18.211,0.0,0.0,0.0,0.0,0.0,0.0,0.0,0.0,0,0,3.94
18.231,0.0,0.0,0.0,0.0,0.0,0.0,0.0,0.0,0,0,3.824
18.25,0.0,0.0,0.0,0.0,0.0,0.0,0.0,0.0,0,0,3.714
18.271,0.0,0.0,0.0,0.0,0.0,0.0,0.0,0.0,0,0,3.607
18.29,0.0,0.0,0.0,0.0,0.0,0.0,0.0,0.0,0,0,3.505
18.311,0.0,0.0,0.0,0.0,0.0,0.0,0.0,0.0,0,0,3.407
18.332,0.0,0.0,0.0,0.0,0.0,0.0,0.0,0.0,0,0,3.312
18.351,0.0,0.0,0.0,0.0,0.0,0.0,0.0,0.0,0,0,3.222
18.371,0.0,0.0,0.0,0.0,0.0,0.0,0.0,0.0,0,0,3.135
18.391,0.0,0.0,0.0,0.0,0.0,0.0,0.0,0.0,0,0,3.051
18.411,0.0,0.0,0.0,0.0,0.0,0.0,0.0,0.0,0,0,2.97
18.431,0.0,0.0,0.0,0.0,0.0,0.0,0.0,0.0,0,0,2.893
18.451,0.0,0.0,0.0,0.0,0.0,0.0,0.0,0.0,0,0,2.819
18.471,0.0,0.0,0.0,0.0,0.0,0.0,0.0,0.0,0,0,2.748
18.491,0.0,0.0,0.0,0.0,0.0,0.0,0.0,0.0,0,0,2.679
18.511,0.0,0.0,0.0,0.0,0.0,0.0,0.0,0.0,0,0,2.613
18.531,0.0,0.0,0.0,0.0,0.0,0.0,0.0,0.0,0,0,2.55
18.552,0.0,0.0,0.0,0.0,0.0,0.0,0.0,0.0,0,0,2.489
18.57,0.0,0.0,0.0,0.0,0.0,0.0,0.0,0.0,0,0,2.431
18.591,0.0,0.0,0.0,0.0,0.0,0.0,0.0,0.0,0,0,2.375
18.611,0.0,0.0,0.0,0.0,0.0,0.0,0.0,0.0,0,0,2.321
18.631,0.0,0.0,0.0,0.0,0.0,0.0,0.0,0.0,0,0,2.269
18.651,0.0,0.0,0.0,0.0,0.0,0.0,0.0,0.0,0,0,2.219
18.67,0.0,0.0,0.0,0.0,0.0,0.0,0.0,0.0,0,0,2.171
18.691,0.0,0.0,0.0,0.0,0.0,0.0,0.0,0.0,0,0,2.126
18.71,0.0,0.0,0.0,0.0,0.0,0.0,0.0,0.0,0,0,2.081
18.731,0.0,0.0,0.0,0.0,0.0,0.0,0.0,0.0,0,0,2.039
18.751,0.0,0.0,0.0,0.0,0.0,0.0,0.0,0.0,0,0,1.998
18.77,0.0,0.0,0.0,0.0,0.0,0.0,0.0,0.0,0,0,1.959
18.791,0.0,0.0,0.0,0.0,0.0,0.0,0.0,0.0,0,0,1.922
18.811,0.0,0.0,0.0,0.0,0.0,0.0,0.0,0.0,0,0,1.885
18.83,0.0,0.0,0.0,0.0,0.0,0.0,0.0,0.0,0,0,1.851
18.851,0.0,0.0,0.0,0.0,0.0,0.0,0.0,0.0,0,0,1.817
18.872,0.0,0.0,0.0,0.0,0.0,0.0,0.0,0.0,0,0,1.785
18.891,0.0,0.0,0.0,0.0,0.0,0.0,0.0,0.0,0,0,1.754
18.911,0.0,0.0,0.0,0.0,0.0,0.0,0.0,0.0,0,0,1.725
18.931,0.0,0.0,0.0,0.0,0.0,0.0,0.0,0.0,0,0,1.696
18.951,0.0,0.0,0.0,0.0,0.0,0.0,0.0,0.0,0,0,1.669
18.971,0.0,0.0,0.0,0.0,0.0,0.0,0.0,0.0,0,0,1.643
18.992,0.0,0.0,0.0,0.0,0.0,0.0,0.0,0.0,0,0,1.618
19.011,0.0,0.0,0.0,0.0,0.0,0.0,0.0,0.0,0,0,1.593
19.031,0.0,0.0,0.0,0.0,0.0,0.0,0.0,0.0,0,0,1.57
19.05,0.0,0.0,0.0,0.0,0.0,0.0,0.0,0.0,0,0,1.548
19.071,0.0,0.0,0.0,0.0,0.0,0.0,0.0,0.0,0,0,1.526
19.091,0.0,0.0,0.0,0.0,0.0,0.0,0.0,0.0,0,0,1.506
19.111,0.0,0.0,0.0,0.0,0.0,0.0,0.0,0.0,0,0,1.486
19.131,0.0,0.0,0.0,0.0,0.0,0.0,0.0,0.0,0,0,1.467
19.151,0.0,0.0,0.0,0.0,0.0,0.0,0.0,0.0,0,0,1.449
19.171,0.0,0.0,0.0,0.0,0.0,0.0,0.0,0.0,0,0,1.431
19.19,0.0,0.0,0.0,0.0,0.0,0.0,0.0,0.0,0,0,1.414
19.211,0.0,0.0,0.0,0.0,0.0,0.0,0.0,0.0,0,0,1.398
19.231,0.0,0.0,0.0,0.0,0.0,0.0,0.0,0.0,0,0,1.382
19.252,0.0,0.0,0.0,0.0,0.0,0.0,0.0,0.0,0,0,1.367
19.271,0.0,0.0,0.0,0.0,0.0,0.0,0.0,0.0,0,0,1.353
19.29,0.0,0.0,0.0,0.0,0.0,0.0,0.0,0.0,0,0,1.339
19.311,0.0,0.0,0.0,0.0,0.0,0.0,0.0,0.0,0,0,1.326
19.331,0.0,0.0,0.0,0.0,0.0,0.0,0.0,0.0,0,0,1.313
19.35,0.0,0.0,0.0,0.0,0.0,0.0,0.0,0.0,0,0,1.301
19.372,0.0,0.0,0.0,0.0,0.0,0.0,0.0,0.0,0,0,1.289
19.39,0.0,0.0,0.0,0.0,0.0,0.0,0.0,0.0,0,0,1.278
19.411,0.0,0.0,0.0,0.0,0.0,0.0,0.0,0.0,0,0,1.267
19.431,0.0,0.0,0.0,0.0,0.0,0.0,0.0,0.0,0,0,1.256
19.451,0.0,0.0,0.0,0.0,0.0,0.0,0.0,0.0,0,0,1.246
19.471,0.0,0.0,0.0,0.0,0.0,0.0,0.0,0.0,0,0,1.237
19.491,0.0,0.0,0.0,0.0,0.0,0.0,0.0,0.0,0,0,1.227
19.511,0.0,0.0,0.0,0.0,0.0,0.0,0.0,0.0,0,0,1.218
19.53,0.0,0.0,0.0,0.0,0.0,0.0,0.0,0.0,0,0,1.21
19.552,0.0,0.0,0.0,0.0,0.0,0.0,0.0,0.0,0,0,1.202
19.571,0.0,0.0,0.0,0.0,0.0,0.0,0.0,0.0,0,0,1.194
19.591,0.0,0.0,0.0,0.0,0.0,0.0,0.0,0.0,0,0,1.186
19.611,0.0,0.0,0.0,0.0,0.0,0.0,0.0,0.0,0,0,1.179
19.631,0.0,0.0,0.0,0.0,0.0,0.0,0.0,0.0,0,0,1.172
19.65,0.0,0.0,0.0,0.0,0.0,0.0,0.0,0.0,0,0,1.165
19.671,0.0,0.0,0.0,0.0,0.0,0.0,0.0,0.0,0,0,1.159
19.691,0.0,0.0,0.0,0.0,0.0,0.0,0.0,0.0,0,0,1.152
19.711,0.0,0.0,0.0,0.0,0.0,0.0,0.0,0.0,0,0,1.146
19.731,0.0,0.0,0.0,0.0,0.0,0.0,0.0,0.0,0,0,1.141
19.752,0.0,0.0,0.0,0.0,0.0,0.0,0.0,0.0,0,0,1.135
19.771,0.0,0.0,0.0,0.0,0.0,0.0,0.0,0.0,0,0,1.13
19.791,0.0,0.0,0.0,0.0,0.0,0.0,0.0,0.0,0,0,1.125
19.812,0.0,0.0,0.0,0.0,0.0,0.0,0.0,0.0,0,0,1.12
19.831,0.0,0.0,0.0,0.0,0.0,0.0,0.0,0.0,0,0,1.115
19.851,0.0,0.0,0.0,0.0,0.0,0.0,0.0,0.0,0,0,1.111
19.872,0.0,0.0,0.0,0.0,0.0,0.0,0.0,0.0,0,0,1.106
19.891,0.0,0.0,0.0,0.0,0.0,0.0,0.0,0.0,0,0,1.102
19.911,0.0,0.0,0.0,0.0,0.0,0.0,0.0,0.0,0,0,1.098
19.932,0.0,0.0,0.0,0.0,0.0,0.0,0.0,0.0,0,0,1.094
19.95,0.0,0.0,0.0,0.0,0.0,0.0,0.0,0.0,0,0,1.091
19.971,0.0,0.0,0.0,0.0,0.0,0.0,0.0,0.0,0,0,1.087
19.991,0.0,0.0,0.0,0.0,0.0,0.0,0.0,0.0,0,0,1.084
20.011,0.0,0.0,0.0,0.0,0.0,0.0,0.0,0.0,0,0,1.08
20.031,0.0,0.0,0.0,0.0,0.0,0.0,0.0,0.0,0,0,1.077
20.05,0.0,0.0,0.0,0.0,0.0,0.0,0.0,0.0,0,0,1.074
20.07,0.0,0.0,0.0,0.0,0.0,0.0,0.0,0.0,0,0,1.071
20.091,0.0,0.0,0.0,0.0,0.0,0.0,0.0,0.0,0,0,1.068
20.111,0.0,0.0,0.0,0.0,0.0,0.0,0.0,0.0,0,0,1.066
20.131,0.0,0.0,0.0,0.0,0.0,0.0,0.0,0.0,0,0,1.063
20.151,0.0,0.0,0.0,0.0,0.0,0.0,0.0,0.0,0,0,1.061
20.172,0.0,0.0,0.0,0.0,0.0,0.0,0.0,0.0,0,0,1.058
20.191,0.0,0.0,0.0,0.0,0.0,0.0,0.0,0.0,0,0,1.056
20.211,0.0,0.0,0.0,0.0,0.0,0.0,0.0,0.0,0,0,1.054
20.231,0.0,0.0,0.0,0.0,0.0,0.0,0.0,0.0,0,0,1.052
20.251,0.0,0.0,0.0,0.0,0.0,0.0,0.0,0.0,0,0,1.05
20.27,0.0,0.0,0.0,0.0,0.0,0.0,0.0,0.0,0,0,1.048
20.291,0.0,0.0,0.0,0.0,0.0,0.0,0.0,0.0,0,0,1.046
20.311,0.0,0.0,0.0,0.0,0.0,0.0,0.0,0.0,0,0,1.044
20.331,0.0,0.0,0.0,0.0,0.0,0.0,0.0,0.0,0,0,1.042
20.351,0.0,0.0,0.0,0.0,0.0,0.0,0.0,0.0,0,0,1.041
20.371,0.0,0.0,0.0,0.0,0.0,0.0,0.0,0.0,0,0,1.039
20.391,0.0,0.0,0.0,0.0,0.0,0.0,0.0,0.0,0,0,1.038
20.41,0.0,0.0,0.0,0.0,0.0,0.0,0.0,0.0,0,0,1.036
20.431,0.0,0.0,0.0,0.0,0.0,0.0,0.0,0.0,0,0,1.035
20.451,0.0,0.0,0.0,0.0,0.0,0.0,0.0,0.0,0,0,1.033
20.47,0.0,0.0,0.0,0.0,0.0,0.0,0.0,0.0,0,0,1.032
20.492,0.0,0.0,0.0,0.0,0.0,0.0,0.0,0.0,0,0,1.031
20.51,0.0,0.0,0.0,0.0,0.0,0.0,0.0,0.0,0,0,1.03
20.531,0.0,0.0,0.0,0.0,0.0,0.0,0.0,0.0,0,0,1.028
20.552,0.0,0.0,0.0,0.0,0.0,0.0,0.0,0.0,0,0,1.027
20.571,0.0,0.0,0.0,0.0,0.0,0.0,0.0,0.0,0,0,1.026
20.591,0.0,0.0,0.0,0.0,0.0,0.0,0.0,0.0,0,0,1.025
20.61,0.0,0.0,0.0,0.0,0.0,0.0,0.0,0.0,0,0,1.024
20.631,0.0,0.0,0.0,0.0,0.0,0.0,0.0,0.0,0,0,1.023
20.65,0.0,0.0,0.0,0.0,0.0,0.0,0.0,0.0,0,0,1.022
20.671,0.0,0.0,0.0,0.0,0.0,0.0,0.0,0.0,0,0,1.021
20.691,0.0,0.0,0.0,0.0,0.0,0.0,0.0,0.0,0,0,1.021
20.711,0.0,0.0,0.0,0.0,0.0,0.0,0.0,0.0,0,0,1.02
20.731,0.0,0.0,0.0,0.0,0.0,0.0,0.0,0.0,0,0,1.019
20.751,0.0,0.0,0.0,0.0,0.0,0.0,0.0,0.0,0,0,1.018
20.771,0.0,0.0,0.0,0.0,0.0,0.0,0.0,0.0,0,0,1.018
20.791,0.0,0.0,0.0,0.0,0.0,0.0,0.0,0.0,0,0,1.017
20.811,0.0,0.0,0.0,0.0,0.0,0.0,0.0,0.0,0,0,1.016
20.831,0.0,0.0,0.0,0.0,0.0,0.0,0.0,0.0,0,0,1.016
20.851,0.0,0.0,0.0,0.0,0.0,0.0,0.0,0.0,0,0,1.015
20.87,0.0,0.0,0.0,0.0,0.0,0.0,0.0,0.0,0,0,1.014
20.891,0.0,0.0,0.0,0.0,0.0,0.0,0.0,0.0,0,0,1.014
20.911,0.0,0.0,0.0,0.0,0.0,0.0,0.0,0.0,0,0,1.013
20.93,0.0,0.0,0.0,0.0,0.0,0.0,0.0,0.0,0,0,1.013
20.951,0.0,0.0,0.0,0.0,0.0,0.0,0.0,0.0,0,0,1.012
20.971,0.0,0.0,0.0,0.0,0.0,0.0,0.0,0.0,0,0,1.012
20.992,0.0,0.0,0.0,0.0,0.0,0.0,0.0,0.0,0,0,1.011
21.011,0.0,0.0,0.0,0.0,0.0,0.0,0.0,0.0,0,0,1.011
21.031,0.0,0.0,0.0,0.0,0.0,0.0,0.0,0.0,0,0,1.01
21.051,0.0,0.0,0.0,0.0,0.0,0.0,0.0,0.0,0,0,1.01
21.07,0.0,0.0,0.0,0.0,0.0,0.0,0.0,0.0,0,0,1.01
21.09,0.0,0.0,0.0,0.0,0.0,0.0,0.0,0.0,0,0,1.009
21.11,0.0,0.0,0.0,0.0,0.0,0.0,0.0,0.0,0,0,1.009
21.131,0.0,0.0,0.0,0.0,0.0,0.0,0.0,0.0,0,0,1.009
21.151,0.0,0.0,0.0,0.0,0.0,0.0,0.0,0.0,0,0,1.008
21.171,0.0,0.0,0.0,0.0,0.0,0.0,0.0,0.0,0,0,1.008
21.191,0.0,0.0,0.0,0.0,0.0,0.0,0.0,0.0,0,0,1.008
21.21,0.0,0.0,0.0,0.0,0.0,0.0,0.0,0.0,0,0,1.007
21.231,0.0,0.0,0.0,0.0,0.0,0.0,0.0,0.0,0,0,1.007
21.251,0.0,0.0,0.0,0.0,0.0,0.0,0.0,0.0,0,0,1.007
21.271,0.0,0.0,0.0,0.0,0.0,0.0,0.0,0.0,0,0,1.006
21.291,0.0,0.0,0.0,0.0,0.0,0.0,0.0,0.0,0,0,1.006
21.311,0.0,0.0,0.0,0.0,0.0,0.0,0.0,0.0,0,0,1.006
21.33,0.0,0.0,0.0,0.0,0.0,0.0,0.0,0.0,0,0,1.006
21.35,0.0,0.0,0.0,0.0,0.0,0.0,0.0,0.0,0,0,1.006
21.371,0.0,0.0,0.0,0.0,0.0,0.0,0.0,0.0,0,0,1.005
21.391,0.0,0.0,0.0,0.0,0.0,0.0,0.0,0.0,0,0,1.005
21.411,0.0,0.0,0.0,0.0,0.0,0.0,0.0,0.0,0,0,1.005
21.431,0.0,0.0,0.0,0.0,0.0,0.0,0.0,0.0,0,0,1.005
21.452,0.0,0.0,0.0,0.0,0.0,0.0,0.0,0.0,0,0,1.005
21.47,0.0,0.0,0.0,0.0,0.0,0.0,0.0,0.0,0,0,1.004
21.491,0.0,0.0,0.0,0.0,0.0,0.0,0.0,0.0,0,0,1.004
21.51,0.0,0.0,0.0,0.0,0.0,0.0,0.0,0.0,0,0,1.004
21.531,0.0,0.0,0.0,0.0,0.0,0.0,0.0,0.0,0,0,1.004
21.551,0.0,0.0,0.0,0.0,0.0,0.0,0.0,0.0,0,0,1.004
21.571,0.0,0.0,0.0,0.0,0.0,0.0,0.0,0.0,0,0,1.004
21.591,0.0,0.0,0.0,0.0,0.0,0.0,0.0,0.0,0,0,1.003
21.611,0.0,0.0,0.0,0.0,0.0,0.0,0.0,0.0,0,0,1.003
21.631,0.0,0.0,0.0,0.0,0.0,0.0,0.0,0.0,0,0,1.003
21.652,0.0,0.0,0.0,0.0,0.0,0.0,0.0,0.0,0,0,1.003
21.671,0.0,0.0,0.0,0.0,0.0,0.0,0.0,0.0,0,0,1.003
21.69,0.0,0.0,0.0,0.0,0.0,0.0,0.0,0.0,0,0,1.003
21.711,0.0,0.0,0.0,0.0,0.0,0.0,0.0,0.0,0,0,1.003
21.731,0.0,0.0,0.0,0.0,0.0,0.0,0.0,0.0,0,0,1.003
21.751,0.0,0.0,0.0,0.0,0.0,0.0,0.0,0.0,0,0,1.002
21.771,0.0,0.0,0.0,0.0,0.0,0.0,0.0,0.0,0,0,1.002
21.791,0.0,0.0,0.0,0.0,0.0,0.0,0.0,0.0,0,0,1.002
21.81,0.0,0.0,0.0,0.0,0.0,0.0,0.0,0.0,0,0,1.002
21.831,0.0,0.0,0.0,0.0,0.0,0.0,0.0,0.0,0,0,1.002
21.851,0.0,0.0,0.0,0.0,0.0,0.0,0.0,0.0,0,0,1.002
21.871,0.0,0.0,0.0,0.0,0.0,0.0,0.0,0.0,0,0,1.002
21.891,0.0,0.0,0.0,0.0,0.0,0.0,0.0,0.0,0,0,1.002
21.911,0.0,0.0,0.0,0.0,0.0,0.0,0.0,0.0,0,0,1.002
21.931,0.0,0.0,0.0,0.0,0.0,0.0,0.0,0.0,0,0,1.002
21.951,0.0,0.0,0.0,0.0,0.0,0.0,0.0,0.0,0,0,1.002
21.971,0.0,0.0,0.0,0.0,0.0,0.0,0.0,0.0,0,0,1.002
21.991,0.0,0.0,0.0,0.0,0.0,0.0,0.0,0.0,0,0,1.002
22.01,0.0,0.0,0.0,0.0,0.0,0.0,0.0,0.0,0,0,1.001
22.03,0.0,0.0,0.0,0.0,0.0,0.0,0.0,0.0,0,0,1.001
22.051,0.0,0.0,0.0,0.0,0.0,0.0,0.0,0.0,0,0,1.001
22.071,0.0,0.0,0.0,0.0,0.0,0.0,0.0,0.0,0,0,1.001
22.091,0.0,0.0,0.0,0.0,0.0,0.0,0.0,0.0,0,0,1.001
22.111,0.0,0.0,0.0,0.0,0.0,0.0,0.0,0.0,0,0,1.001
22.131,0.0,0.0,0.0,0.0,0.0,0.0,0.0,0.0,0,0,1.001
22.151,0.0,0.0,0.0,0.0,0.0,0.0,0.0,0.0,0,0,1.001
22.171,0.0,0.0,0.0,0.0,0.0,0.0,0.0,0.0,0,0,1.001
22.191,0.0,0.0,0.0,0.0,0.0,0.0,0.0,0.0,0,0,1.001
22.211,0.0,0.0,0.0,0.0,0.0,0.0,0.0,0.0,0,0,1.001
22.231,0.0,0.0,0.0,0.0,0.0,0.0,0.0,0.0,0,0,1.001
22.251,0.0,0.0,0.0,0.0,0.0,0.0,0.0,0.0,0,0,1.001
22.271,0.0,0.0,0.0,0.0,0.0,0.0,0.0,0.0,0,0,1.001
22.291,0.0,0.0,0.0,0.0,0.0,0.0,0.0,0.0,0,0,1.001
22.311,0.0,0.0,0.0,0.0,0.0,0.0,0.0,0.0,0,0,1.001
22.331,0.0,0.0,0.0,0.0,0.0,0.0,0.0,0.0,0,0,1.001
22.351,0.0,0.0,0.0,0.0,0.0,0.0,0.0,0.0,0,0,1.001
22.371,0.0,0.0,0.0,0.0,0.0,0.0,0.0,0.0,0,0,1.001
22.39,0.0,0.0,0.0,0.0,0.0,0.0,0.0,0.0,0,0,1.001
22.411,0.0,0.0,0.0,0.0,0.0,0.0,0.0,0.0,0,0,1.001
22.431,0.0,0.0,0.0,0.0,0.0,0.0,0.0,0.0,0,0,1.001
22.451,0.0,0.0,0.0,0.0,0.0,0.0,0.0,0.0,0,0,1.001
22.471,0.0,0.0,0.0,0.0,0.0,0.0,0.0,0.0,0,0,1.001
22.491,0.0,0.0,0.0,0.0,0.0,0.0,0.0,0.0,0,0,1.001
22.511,0.0,0.0,0.0,0.0,0.0,0.0,0.0,0.0,0,0,1.001
22.531,0.0,0.0,0.0,0.0,0.0,0.0,0.0,0.0,0,0,1.001
22.551,0.0,0.0,0.0,0.0,0.0,0.0,0.0,0.0,0,0,1.0
22.571,0.0,0.0,0.0,0.0,0.0,0.0,0.0,0.0,0,0,1.0
22.591,0.0,0.0,0.0,0.0,0.0,0.0,0.0,0.0,0,0,1.0
22.611,0.0,0.0,0.0,0.0,0.0,0.0,0.0,0.0,0,0,1.0
22.63,0.0,0.0,0.0,0.0,0.0,0.0,0.0,0.0,0,0,1.0
22.651,0.0,0.0,0.0,0.0,0.0,0.0,0.0,0.0,0,0,1.0
22.672,0.0,0.0,0.0,0.0,0.0,0.0,0.0,0.0,0,0,1.0
22.691,0.0,0.0,0.0,0.0,0.0,0.0,0.0,0.0,0,0,1.0
22.711,0.0,0.0,0.0,0.0,0.0,0.0,0.0,0.0,0,0,1.0
22.731,0.0,0.0,0.0,0.0,0.0,0.0,0.0,0.0,0,0,1.0
22.751,0.0016,0.00148,0.0,0.0,0.1971,0.1783,0.00254,0.00232,7,7,1.768
22.771,0.00109,0.00113,0.0,0.0,0.1303,0.1137,0.00351,0.00348,10,10,2.418
22.79,0.0,0.0,0.0,0.0,0.0,0.0,0.0,0.0,2,2,2.362
22.811,0.0,0.0,0.0,0.0,0.0,0.0,0.0,0.0,0,0,2.309
22.831,0.0,0.0,0.0,0.0,0.0,0.0,0.0,0.0,0,0,2.257
22.851,0.0,0.0,0.0,0.0,0.0,0.0,0.0,0.0,0,0,2.208
22.87,0.0,0.0,0.0,0.0,0.0,0.0,0.0,0.0,0,0,2.161
22.891,0.0,0.0,0.0,0.0,0.0,0.0,0.0,0.0,0,0,2.115
22.911,0.0,0.0,0.0,0.0,0.0,0.0,0.0,0.0,0,0,2.071
22.931,0.0,0.0,0.0,0.0,0.0,0.0,0.0,0.0,0,0,2.029
22.952,0.0,0.0,0.0,0.0,0.0,0.0,0.0,0.0,0,0,1.989
22.971,0.0,0.0,0.0,0.0,0.0,0.0,0.0,0.0,0,0,1.95
22.991,0.00122,0.00124,0.0,0.0,0.1502,0.1251,0.0043,0.00444,12,13,2.572
23.011,0.00579,0.00601,0.42,0.503,0.0719,0.0553,0.01593,0.01644,152,153,2.56
23.031,0.00597,0.00601,0.0,0.0,0.1105,0.0855,0.01563,0.01572,82,87,3.088
23.051,0.00807,0.00813,0.388,0.438,0.0824,0.0845,0.02075,0.02089,216,227,3.06
23.071,0.00458,0.00474,0.0,0.0,0.123,0.1168,0.0117,0.01205,82,87,3.511
23.091,0.00523,0.00541,0.0,0.0,0.1022,0.0918,0.01322,0.01362,68,70,3.894
23.112,0.00444,0.00455,0.0,0.0,0.0928,0.0719,0.01166,0.01206,62,64,4.217
23.132,0.00534,0.00563,0.117,0.161,0.0626,0.0615,0.01528,0.01607,140,167,4.309
23.151,0.00726,0.00741,0.321,0.342,0.0761,0.0688,0.01604,0.01624,233,234,4.255
23.171,0.00617,0.00632,0.0,0.0,0.0699,0.0574,0.01838,0.01875,121,123,4.523
23.191,0.00535,0.00523,0.0,0.0,0.1074,0.097,0.0122,0.01182,84,83,4.75
23.211,0.00155,0.00131,0.0,0.0,0.1585,0.1627,0.00415,0.00361,37,34,4.941
23.231,0.00196,0.00221,0.0,0.0,0.1512,0.1324,0.00468,0.00516,33,36,5.104
23.251,0.00105,0.0,0.0,0.0,0.1616,0.0,0.00313,0.0,23,7,5.242
23.271,0.00132,0.00141,0.0,0.0,0.1449,0.1366,0.00408,0.00437,26,28,5.358
23.291,0.00314,0.0033,0.0,0.0,0.0928,0.0907,0.00696,0.00727,51,53,5.457
23.31,0.0,0.0,0.0,0.0,0.0,0.0,0.0,0.0,10,10,5.282
23.332,0.0,0.0,0.0,0.0,0.0,0.0,0.0,0.0,2,2,5.114
23.351,0.0,0.0,0.0,0.0,0.0,0.0,0.0,0.0,0,0,4.953
23.371,0.0,0.00236,0.0,0.0,0.0,0.0699,0.0,0.00575,0,38,5.113
23.391,0.00166,0.00165,0.0,0.0,0.0636,0.0563,0.00526,0.00526,32,34,5.25
23.411,0.00193,0.00234,0.0,0.0,0.0897,0.0615,0.00547,0.00654,37,43,5.365
23.432,0.0,0.0,0.0,0.0,0.0,0.0,0.0,0.0,7,8,5.194
23.451,0.00157,0.00177,0.0,0.0,0.1126,0.0876,0.00584,0.00617,34,37,5.317
23.471,0.00334,0.00339,0.0,0.0,0.1429,0.1178,0.01187,0.0121,70,72,5.422
23.491,0.0041,0.00375,0.0,0.0,0.0938,0.073,0.01559,0.01539,91,89,5.511
23.511,0.01656,0.01692,1.0,1.0,0.0615,0.0574,0.03879,0.03926,231,229,5.342
23.531,0.01171,0.01218,0.0,0.0,0.0542,0.048,0.03188,0.03321,196,201,5.338
23.55,0.01596,0.0162,0.46,0.421,0.0667,0.073,0.0338,0.03409,235,235,5.208
23.571,0.01088,0.01111,0.0,0.0,0.0667,0.0647,0.02827,0.02887,183,186,5.303
23.591,0.01289,0.01291,0.187,0.16,0.0699,0.0657,0.03135,0.0314,235,235,5.223
23.612,0.00763,0.00799,0.0,0.0,0.1147,0.0938,0.01701,0.01812,139,144,5.342
23.631,0.0144,0.01456,0.588,0.552,0.0501,0.0501,0.03513,0.03554,233,233,5.202
23.652,0.01437,0.01466,0.0,0.0,0.0772,0.0667,0.02427,0.02485,186,189,5.268
23.672,0.01952,0.01978,0.692,0.661,0.0501,0.0271,0.0355,0.03577,235,235,5.122
23.692,0.01256,0.01282,0.0,0.0,0.0594,0.0407,0.02277,0.02339,175,178,5.257
23.713,0.01291,0.01322,0.0,0.0,0.0156,0.0136,0.02311,0.02408,169,173,5.365
23.732,0.00597,0.00624,0.0,0.0,0.1116,0.0949,0.01014,0.01049,100,103,5.463
23.751,0.0085,0.0088,0.0,0.0,0.0438,0.048,0.01691,0.01749,125,129,5.545
23.772,0.00607,0.00619,0.0,0.0,0.0719,0.0803,0.01512,0.01537,109,111,5.615
23.791,0.00682,0.00699,0.0,0.0,0.0688,0.0542,0.01203,0.01221,101,103,5.674
23.811,0.00605,0.00615,0.0,0.0,0.0501,0.0626,0.01264,0.01288,98,100,5.724
23.832,0.00287,0.00275,0.0,0.0,0.0865,0.074,0.00659,0.00646,60,59,5.766
23.85,0.00291,0.00302,0.0,0.0,0.0886,0.0928,0.00711,0.00726,55,56,5.802
23.871,0.00224,0.00251,0.0,0.0,0.0709,0.0709,0.00514,0.00569,44,47,5.833
23.891,0.00332,0.0038,0.0,0.0,0.0542,0.0438,0.00847,0.00964,63,71,5.858
23.912,0.00356,0.00382,0.0,0.0,0.0428,0.0407,0.00759,0.00814,62,67,5.88
23.931,0.00266,0.00272,0.0,0.0,0.0615,0.0709,0.00627,0.00639,52,54,5.899
23.95,0.00143,0.00153,0.0,0.0,0.0574,0.049,0.00382,0.00423,33,36,5.914
23.971,0.00419,0.00421,0.0,0.0,0.0407,0.0355,0.00827,0.00809,68,68,5.927
23.992,0.0,0.00198,0.0,0.0,0.0,0.0626,0.0,0.00583,13,47,5.938
24.011,0.00327,0.00333,0.0,0.0,0.0626,0.0542,0.00621,0.00638,53,55,5.948
24.031,0.00215,0.00204,0.0,0.0,0.0407,0.0574,0.00605,0.00537,46,44,5.956
24.051,0.00287,0.0028,0.0,0.0,0.0511,0.0438,0.00654,0.00649,53,52,5.963
24.07,0.00195,0.00195,0.0,0.0,0.0459,0.0313,0.00561,0.00588,44,44,5.968
24.091,0.00455,0.00461,0.0,0.0,0.0302,0.0313,0.01253,0.01294,89,91,5.973
24.111,0.00345,0.00358,0.0,0.0,0.0584,0.0605,0.00726,0.0078,66,69,5.977
24.131,0.0,0.0,0.0,0.0,0.0,0.0,0.0,0.0,12,13,5.782
24.151,0.0,0.00193,0.0,0.0,0.0,0.0563,0.0,0.00485,2,36,5.816
24.171,0.0,0.0,0.0,0.0,0.0,0.0,0.0,0.0,0,7,5.627
24.191,0.00214,0.00209,0.0,0.0,0.0553,0.0636,0.00583,0.00541,40,39,5.684
24.211,0.00192,0.00166,0.0,0.0,0.0563,0.0532,0.00508,0.00444,38,34,5.733
24.232,0.0,0.0,0.0,0.0,0.0,0.0,0.0,0.0,7,6,5.547
24.251,0.0,0.0,0.0,0.0,0.0,0.0,0.0,0.0,1,1,5.369
24.271,0.00163,0.0,0.0,0.0,0.0647,0.0,0.00477,0.0,31,0,5.466
24.291,0.0,0.0,0.0,0.0,0.0,0.0,0.0,0.0,6,0,5.291
24.311,0.0,0.0,0.0,0.0,0.0,0.0,0.0,0.0,1,0,5.122
24.331,0.0,0.0,0.0,0.0,0.0,0.0,0.0,0.0,0,0,4.961
24.352,0.0,0.0,0.0,0.0,0.0,0.0,0.0,0.0,0,0,4.805
24.371,0.0,0.0,0.0,0.0,0.0,0.0,0.0,0.0,0,0,4.656
24.39,0.00227,0.00231,0.0,0.0,0.0511,0.0615,0.00556,0.00547,34,34,4.862
24.412,0.0,0.0,0.0,0.0,0.0,0.0,0.0,0.0,7,6,4.711
24.431,0.0,0.0,0.0,0.0,0.0,0.0,0.0,0.0,1,1,4.566
24.45,0.0,0.0,0.0,0.0,0.0,0.0,0.0,0.0,0,0,4.426
24.471,0.0,0.0,0.0,0.0,0.0,0.0,0.0,0.0,0,0,4.291
24.491,0.00291,0.00287,0.0,0.0,0.0626,0.0563,0.00702,0.00698,41,40,4.554
24.51,0.0,0.0,0.0,0.0,0.0,0.0,0.0,0.0,8,8,4.414
24.531,0.00242,0.00239,0.0,0.0,0.0709,0.0605,0.00535,0.00531,33,33,4.658
24.55,0.00227,0.00219,0.0,0.0,0.073,0.0647,0.00571,0.00562,36,35,4.864
24.571,0.00217,0.002,0.0,0.0,0.0678,0.0657,0.00567,0.00525,37,34,5.038
24.591,0.0,0.0,0.0,0.0,0.0,0.0,0.0,0.0,7,6,4.88
24.611,0.00122,0.00111,0.0,0.0,0.0886,0.0792,0.00351,0.00343,22,21,5.052
24.631,0.001,0.00089,0.0,0.0,0.0719,0.0636,0.00354,0.00324,22,20,5.197
24.651,0.00187,0.00186,0.0,0.0,0.0959,0.0824,0.00461,0.00457,32,32,5.321
24.671,0.0,0.0,0.0,0.0,0.0,0.0,0.0,0.0,6,6,5.151
24.691,0.0,0.0,0.0,0.0,0.0,0.0,0.0,0.0,1,1,4.988
24.711,0.0,0.0,0.0,0.0,0.0,0.0,0.0,0.0,0,0,4.832
24.733,0.0,0.0,0.0,0.0,0.0,0.0,0.0,0.0,0,0,4.682
24.75,0.0,0.0,0.0,0.0,0.0,0.0,0.0,0.0,0,0,4.537
24.771,0.0,0.0,0.0,0.0,0.0,0.0,0.0,0.0,0,0,4.399
24.791,0.0,0.0,0.0,0.0,0.0,0.0,0.0,0.0,0,0,4.265
24.811,0.0,0.0,0.0,0.0,0.0,0.0,0.0,0.0,0,0,4.137
24.831,0.0,0.0,0.0,0.0,0.0,0.0,0.0,0.0,0,0,4.014
24.851,0.0,0.0,0.0,0.0,0.0,0.0,0.0,0.0,0,0,3.896
24.872,0.0,0.0,0.0,0.0,0.0,0.0,0.0,0.0,0,0,3.783
24.891,0.0,0.0,0.0,0.0,0.0,0.0,0.0,0.0,0,0,3.674
24.911,0.0,0.0,0.0,0.0,0.0,0.0,0.0,0.0,0,0,3.569
24.931,0.0,0.0,0.0,0.0,0.0,0.0,0.0,0.0,0,0,3.468
24.951,0.0,0.0,0.0,0.0,0.0,0.0,0.0,0.0,0,0,3.371
24.972,0.0,0.0,0.0,0.0,0.0,0.0,0.0,0.0,0,0,3.278
24.991,0.0,0.0,0.0,0.0,0.0,0.0,0.0,0.0,0,0,3.189
25.011,0.0,0.0,0.0,0.0,0.0,0.0,0.0,0.0,0,0,3.103
25.032,0.0,0.0,0.0,0.0,0.0,0.0,0.0,0.0,0,0,3.021
25.051,0.0,0.0,0.0,0.0,0.0,0.0,0.0,0.0,0,0,2.941
25.07,0.0,0.0,0.0,0.0,0.0,0.0,0.0,0.0,0,0,2.865
25.091,0.0,0.0,0.0,0.0,0.0,0.0,0.0,0.0,0,0,2.792
25.111,0.0,0.0,0.0,0.0,0.0,0.0,0.0,0.0,0,0,2.722
25.131,0.0,0.0,0.0,0.0,0.0,0.0,0.0,0.0,0,0,2.654
25.15,0.0,0.0,0.0,0.0,0.0,0.0,0.0,0.0,0,0,2.589
25.171,0.0,0.0,0.0,0.0,0.0,0.0,0.0,0.0,0,0,2.527
25.191,0.0,0.0,0.0,0.0,0.0,0.0,0.0,0.0,0,0,2.467
25.21,0.0,0.0,0.0,0.0,0.0,0.0,0.0,0.0,0,0,2.41
25.231,0.0,0.0,0.0,0.0,0.0,0.0,0.0,0.0,0,0,2.354
25.251,0.0,0.0,0.0,0.0,0.0,0.0,0.0,0.0,0,0,2.301
25.271,0.0,0.0,0.0,0.0,0.0,0.0,0.0,0.0,0,0,2.25
25.292,0.0,0.0,0.0,0.0,0.0,0.0,0.0,0.0,0,0,2.201
25.311,0.0,0.0,0.0,0.0,0.0,0.0,0.0,0.0,0,0,2.154
25.331,0.0,0.0,0.0,0.0,0.0,0.0,0.0,0.0,0,0,2.109
25.35,0.0,0.0,0.0,0.0,0.0,0.0,0.0,0.0,0,0,2.065
25.371,0.0,0.0,0.0,0.0,0.0,0.0,0.0,0.0,0,0,2.024
25.39,0.0,0.0,0.0,0.0,0.0,0.0,0.0,0.0,0,0,1.984
25.412,0.0,0.0,0.0,0.0,0.0,0.0,0.0,0.0,0,0,1.945
25.431,0.00307,0.0032,0.0,0.0,0.0782,0.0657,0.0069,0.00721,23,24,2.567
25.451,0.0,0.0,0.0,0.0,0.0,0.0,0.0,0.0,4,5,2.506
25.47,0.0,0.0,0.0,0.0,0.0,0.0,0.0,0.0,1,1,2.447
25.491,0.00388,0.00385,0.0,0.0,0.0386,0.0365,0.00862,0.00852,34,33,2.992
25.511,0.00617,0.00625,0.092,0.091,0.025,0.0313,0.01523,0.01546,104,105,3.454
25.532,0.00524,0.00526,0.0,0.0,0.0803,0.0657,0.01073,0.01074,66,66,3.845
25.551,0.00386,0.00361,0.0,0.0,0.0344,0.0448,0.00938,0.0087,54,51,4.176
25.572,0.00694,0.00711,0.133,0.142,0.0396,0.0334,0.01641,0.01685,158,164,4.281
25.591,0.00514,0.00524,0.0,0.0,0.0751,0.0647,0.01063,0.01071,84,85,4.545
25.612,0.00293,0.0032,0.0,0.0,0.0855,0.1022,0.00653,0.0071,50,54,4.768
25.631,0.00589,0.00625,0.105,0.11,0.0574,0.049,0.01186,0.01261,146,153,4.957
25.651,0.00532,0.00558,0.0,0.0,0.0699,0.0615,0.01104,0.0115,90,94,5.117
25.673,0.00644,0.00666,0.053,0.05,0.073,0.0772,0.0137,0.01422,131,132,5.253
25.692,0.00611,0.0065,0.0,0.0,0.0584,0.0709,0.0136,0.01444,102,107,5.368
25.711,0.0,0.0028,0.0,0.0,0.0,0.1272,0.0,0.00597,19,57,5.465
25.731,0.00357,0.00383,0.0,0.0,0.0719,0.0824,0.00776,0.00839,58,63,5.547
25.751,0.00577,0.00611,0.083,0.087,0.0553,0.0636,0.00922,0.00978,140,147,5.616
25.772,0.00689,0.00737,0.058,0.066,0.0188,0.0271,0.0174,0.01877,162,175,5.675
25.791,0.00424,0.00447,0.0,0.0,0.0709,0.0709,0.00912,0.00969,88,94,5.725
25.81,0.00504,0.00527,0.0,0.0,0.0511,0.0574,0.01197,0.01219,89,92,5.767
25.831,0.00746,0.00775,0.124,0.125,0.0417,0.0501,0.0147,0.0155,202,206,5.744
25.852,0.0,0.0,0.0,0.0,0.0,0.0,0.0,0.0,62,66,5.558
25.871,0.00202,0.00218,0.0,0.0,0.074,0.074,0.00597,0.00659,41,45,5.626
25.891,0.00508,0.00536,0.089,0.093,0.0323,0.0428,0.01215,0.01282,151,158,5.683
25.912,0.00754,0.0079,0.129,0.132,0.0542,0.0667,0.01417,0.01483,203,209,5.659
25.932,0.00685,0.00724,0.0,0.0,0.049,0.0469,0.01379,0.01455,125,131,5.711
25.951,0.0067,0.00706,0.0,0.0,0.0657,0.0699,0.01702,0.01794,120,126,5.756
25.971,0.00594,0.00612,0.0,0.0,0.0657,0.0615,0.01243,0.01277,102,105,5.793
25.991,0.00346,0.00357,0.0,0.0,0.0897,0.1356,0.00832,0.00875,71,73,5.825
26.011,0.00416,0.00424,0.0,0.0,0.0792,0.0751,0.01014,0.01016,76,77,5.852
26.031,0.00656,0.00665,0.107,0.103,0.0553,0.0469,0.0138,0.01393,186,184,5.86
26.051,0.00393,0.004,0.0,0.0,0.0865,0.0657,0.0096,0.00951,94,94,5.881
26.071,0.00382,0.00389,0.0,0.0,0.0636,0.0386,0.0099,0.01019,77,79,5.899
26.091,0.00393,0.00388,0.0,0.0,0.0751,0.0792,0.00927,0.00907,73,72,5.915
26.111,0.00515,0.00508,0.0,0.0,0.0501,0.0709,0.01211,0.01198,92,91,5.928
26.132,0.00614,0.00727,0.0,0.107,0.0865,0.0719,0.01134,0.01338,96,191,5.923
26.151,0.00524,0.00571,0.0,0.0,0.0563,0.0647,0.01343,0.01474,99,123,5.935
26.171,0.00822,0.00605,0.168,0.0,0.0438,0.0584,0.01954,0.01511,232,112,5.868
26.191,0.01338,0.01197,0.469,0.424,0.0156,0.0219,0.02759,0.02409,237,232,5.72
26.211,0.00422,0.00537,0.0,0.0,0.0594,0.0615,0.01138,0.01254,110,120,5.763
26.231,0.00791,0.00721,0.189,0.0,0.0344,0.0302,0.0127,0.01259,230,108,5.708
26.251,0.01365,0.01401,0.526,0.577,0.0115,0.0156,0.02578,0.02552,237,232,5.556
26.271,0.00382,0.00443,0.0,0.0,0.0657,0.0719,0.00927,0.01071,99,107,5.624
26.29,0.00263,0.00232,0.0,0.0,0.0834,0.0772,0.00623,0.00538,57,54,5.682
26.312,0.00279,0.0025,0.0,0.0,0.0845,0.0865,0.00611,0.00579,50,47,5.731
26.332,0.00437,0.00591,0.0,0.0,0.0605,0.0751,0.00976,0.01119,74,90,5.772
26.351,0.00428,0.00569,0.0,0.0,0.1126,0.0709,0.00723,0.01,67,87,5.807
26.371,0.00272,0.00326,0.0,0.0,0.0991,0.0761,0.00757,0.00904,57,69,5.837
26.391,0.00372,0.00352,0.0,0.0,0.146,0.1543,0.00859,0.00814,67,65,5.862
26.411,0.00383,0.00402,0.0,0.0,0.1043,0.098,0.00902,0.00995,70,75,5.883
26.432,0.00684,0.00635,0.0,0.0,0.0553,0.0386,0.01502,0.01401,114,107,5.901
26.451,0.00585,0.00555,0.0,0.0,0.0876,0.1084,0.01325,0.01275,104,100,5.916
26.472,0.00645,0.00615,0.0,0.0,0.0761,0.0678,0.01363,0.01298,108,103,5.929
26.493,0.00633,0.00603,0.0,0.0,0.0657,0.074,0.01361,0.01293,107,102,5.94
26.511,0.00788,0.00782,0.0,0.0,0.0938,0.0938,0.01652,0.01619,128,127,5.949
26.531,0.00979,0.00983,0.0,0.0,0.0782,0.0678,0.0185,0.0184,149,149,5.957
26.551,0.00971,0.00967,0.0,0.0,0.0813,0.0751,0.02399,0.02388,169,168,5.964
26.571,0.00864,0.00864,0.0,0.0,0.0532,0.0386,0.01385,0.01393,133,133,5.969
26.591,0.02171,0.02158,1.0,1.0,0.0334,0.0334,0.04105,0.04057,233,233,5.781
26.611,0.01432,0.01427,0.0,0.0,0.0219,0.0146,0.03256,0.03274,219,219,5.751
26.631,0.01265,0.0128,0.0,0.0,0.0636,0.0511,0.02752,0.0278,198,199,5.747
26.651,0.00687,0.00694,0.0,0.0,0.0834,0.0688,0.01523,0.01534,130,131,5.786
26.671,0.00619,0.00617,0.0,0.0,0.0584,0.073,0.01299,0.01304,107,107,5.819
26.691,0.00658,0.00651,0.0,0.0,0.0991,0.1084,0.01508,0.01493,113,112,5.847
26.711,0.00338,0.00365,0.0,0.0,0.1449,0.146,0.00729,0.00793,69,73,5.87
26.73,0.00308,0.0029,0.0,0.0,0.1491,0.1491,0.00733,0.00681,59,57,5.89
26.751,0.00284,0.00291,0.0,0.0,0.1387,0.121,0.00676,0.007,54,55,5.907
26.771,0.0,0.0,0.0,0.0,0.0,0.0,0.0,0.0,10,10,5.715
26.791,0.0,0.0,0.0,0.0,0.0,0.0,0.0,0.0,2,2,5.53
26.811,0.00245,0.00215,0.0,0.0,0.1262,0.1366,0.00601,0.00534,43,38,5.602
26.83,0.00199,0.0,0.0,0.0,0.1303,0.0,0.00517,0.0,39,7,5.663
26.851,0.0,0.0,0.0,0.0,0.0,0.0,0.0,0.0,7,1,5.48
26.871,0.0,0.0,0.0,0.0,0.0,0.0,0.0,0.0,1,0,5.305
26.891,0.0,0.0,0.0,0.0,0.0,0.0,0.0,0.0,0,0,5.136
26.911,0.00163,0.00176,0.0,0.0,0.1283,0.1324,0.00436,0.00458,28,30,5.268
26.932,0.0,0.0,0.0,0.0,0.0,0.0,0.0,0.0,5,6,5.101
26.951,0.0,0.0,0.0,0.0,0.0,0.0,0.0,0.0,1,1,4.94
26.971,0.0,0.0,0.0,0.0,0.0,0.0,0.0,0.0,0,0,4.786
26.991,0.0,0.0,0.0,0.0,0.0,0.0,0.0,0.0,0,0,4.637
27.011,0.0,0.0,0.0,0.0,0.0,0.0,0.0,0.0,0,0,4.495
27.03,0.0,0.0,0.0,0.0,0.0,0.0,0.0,0.0,0,0,4.358
27.051,0.0,0.0,0.0,0.0,0.0,0.0,0.0,0.0,0,0,4.226
27.071,0.0,0.0,0.0,0.0,0.0,0.0,0.0,0.0,0,0,4.1
27.09,0.0,0.0,0.0,0.0,0.0,0.0,0.0,0.0,0,0,3.978
27.111,0.0,0.0,0.0,0.0,0.0,0.0,0.0,0.0,0,0,3.861
27.131,0.0,0.0,0.0,0.0,0.0,0.0,0.0,0.0,0,0,3.749
27.151,0.0,0.0,0.0,0.0,0.0,0.0,0.0,0.0,0,0,3.641
27.171,0.0,0.0,0.0,0.0,0.0,0.0,0.0,0.0,0,0,3.538
27.191,0.0,0.0,0.0,0.0,0.0,0.0,0.0,0.0,0,0,3.438
27.212,0.0,0.0,0.0,0.0,0.0,0.0,0.0,0.0,0,0,3.343
27.232,0.0,0.0,0.0,0.0,0.0,0.0,0.0,0.0,0,0,3.251
27.25,0.0,0.0,0.0,0.0,0.0,0.0,0.0,0.0,0,0,3.162
27.271,0.0,0.0,0.0,0.0,0.0,0.0,0.0,0.0,0,0,3.078
27.291,0.0,0.0,0.0,0.0,0.0,0.0,0.0,0.0,0,0,2.996
27.311,0.0,0.0,0.0,0.0,0.0,0.0,0.0,0.0,0,0,2.918
27.331,0.0,0.0,0.0,0.0,0.0,0.0,0.0,0.0,0,0,2.843
27.352,0.0,0.0,0.0,0.0,0.0,0.0,0.0,0.0,0,0,2.77
27.371,0.0,0.0,0.0,0.0,0.0,0.0,0.0,0.0,0,0,2.701
27.391,0.0,0.0,0.0,0.0,0.0,0.0,0.0,0.0,0,0,2.634
27.411,0.0,0.0,0.0,0.0,0.0,0.0,0.0,0.0,0,0,2.57
27.431,0.0,0.0,0.0,0.0,0.0,0.0,0.0,0.0,0,0,2.509
27.45,0.0,0.0,0.0,0.0,0.0,0.0,0.0,0.0,0,0,2.45
27.47,0.0,0.0,0.0,0.0,0.0,0.0,0.0,0.0,0,0,2.393
27.491,0.0,0.0,0.0,0.0,0.0,0.0,0.0,0.0,0,0,2.338
27.512,0.0,0.0,0.0,0.0,0.0,0.0,0.0,0.0,0,0,2.286
27.53,0.0,0.0,0.0,0.0,0.0,0.0,0.0,0.0,0,0,2.235
27.551,0.0,0.0,0.0,0.0,0.0,0.0,0.0,0.0,0,0,2.187
27.571,0.0,0.0,0.0,0.0,0.0,0.0,0.0,0.0,0,0,2.14
27.591,0.0,0.0,0.0,0.0,0.0,0.0,0.0,0.0,0,0,2.096
27.611,0.0,0.0,0.0,0.0,0.0,0.0,0.0,0.0,0,0,2.053
27.631,0.0,0.0,0.0,0.0,0.0,0.0,0.0,0.0,0,0,2.011
27.651,0.0,0.0,0.0,0.0,0.0,0.0,0.0,0.0,0,0,1.972
27.671,0.0,0.0,0.0,0.0,0.0,0.0,0.0,0.0,0,0,1.934
27.691,0.0,0.0,0.0,0.0,0.0,0.0,0.0,0.0,0,0,1.897
27.711,0.0,0.0,0.0,0.0,0.0,0.0,0.0,0.0,0,0,1.862
27.732,0.0,0.0,0.0,0.0,0.0,0.0,0.0,0.0,0,0,1.828
27.751,0.0,0.0,0.0,0.0,0.0,0.0,0.0,0.0,0,0,1.796
27.77,0.0,0.0,0.0,0.0,0.0,0.0,0.0,0.0,0,0,1.764
27.79,0.0,0.0,0.0,0.0,0.0,0.0,0.0,0.0,0,0,1.734
27.812,0.0,0.0,0.0,0.0,0.0,0.0,0.0,0.0,0,0,1.706
27.83,0.0,0.0,0.0,0.0,0.0,0.0,0.0,0.0,0,0,1.678
27.851,0.0,0.0,0.0,0.0,0.0,0.0,0.0,0.0,0,0,1.651
27.872,0.0,0.0,0.0,0.0,0.0,0.0,0.0,0.0,0,0,1.626
27.891,0.0,0.0,0.0,0.0,0.0,0.0,0.0,0.0,0,0,1.601
27.91,0.0,0.0,0.0,0.0,0.0,0.0,0.0,0.0,0,0,1.578
27.931,0.0,0.0,0.0,0.0,0.0,0.0,0.0,0.0,0,0,1.555
27.951,0.0,0.0,0.0,0.0,0.0,0.0,0.0,0.0,0,0,1.533
27.971,0.0,0.0,0.0,0.0,0.0,0.0,0.0,0.0,0,0,1.512
27.991,0.0,0.0,0.0,0.0,0.0,0.0,0.0,0.0,0,0,1.492
28.011,0.00115,0.00265,0.0,0.0,0.1575,0.1575,0.00257,0.00448,8,15,2.184
28.031,0.00256,0.00229,0.0,0.0,0.1095,0.0949,0.00528,0.00512,20,19,2.77
28.051,0.00303,0.0,0.0,0.0,0.0886,0.0,0.00485,0.0,25,4,3.266
28.072,0.0069,0.005,0.097,0.028,0.0438,0.0688,0.01263,0.00715,110,56,3.686
28.091,0.00462,0.00625,0.0,0.036,0.0772,0.048,0.00922,0.01209,63,86,4.041
28.112,0.00595,0.00585,0.036,0.0,0.0323,0.0365,0.00999,0.00969,85,68,4.342
28.132,0.00745,0.00732,0.052,0.05,0.0448,0.0511,0.01027,0.00976,109,105,4.596
28.151,0.0,0.0,0.0,0.0,0.0,0.0,0.0,0.0,21,20,4.455
28.171,0.0,0.0,0.0,0.0,0.0,0.0,0.0,0.0,4,4,4.32
28.191,0.0,0.0,0.0,0.0,0.0,0.0,0.0,0.0,1,1,4.19
28.21,0.00211,0.00384,0.0,0.0,0.1199,0.1126,0.00247,0.0039,21,35,4.468
28.23,0.00331,0.00427,0.0,0.0,0.1199,0.1053,0.00604,0.00725,42,52,4.703
28.251,0.0,0.0,0.0,0.0,0.0,0.0,0.0,0.0,8,10,4.558
28.271,0.0,0.0,0.0,0.0,0.0,0.0,0.0,0.0,1,2,4.418
28.292,0.0,0.0,0.0,0.0,0.0,0.0,0.0,0.0,0,0,4.284
28.311,0.0,0.0,0.0,0.0,0.0,0.0,0.0,0.0,0,0,4.155
28.331,0.0,0.0,0.0,0.0,0.0,0.0,0.0,0.0,0,0,4.032
28.35,0.0,0.0,0.0,0.0,0.0,0.0,0.0,0.0,0,0,3.913
28.371,0.0,0.0,0.0,0.0,0.0,0.0,0.0,0.0,0,0,3.799
28.391,0.0,0.0,0.0,0.0,0.0,0.0,0.0,0.0,0,0,3.689
28.411,0.0,0.0,0.0,0.0,0.0,0.0,0.0,0.0,0,0,3.583
28.431,0.0,0.0,0.0,0.0,0.0,0.0,0.0,0.0,0,0,3.482
28.451,0.0,0.0,0.0,0.0,0.0,0.0,0.0,0.0,0,0,3.385
28.471,0.0,0.0,0.0,0.0,0.0,0.0,0.0,0.0,0,0,3.291
28.493,0.0,0.0,0.0,0.0,0.0,0.0,0.0,0.0,0,0,3.201
28.511,0.0,0.0,0.0,0.0,0.0,0.0,0.0,0.0,0,0,3.115
28.531,0.0,0.0,0.0,0.0,0.0,0.0,0.0,0.0,0,0,3.032
28.551,0.0,0.0,0.0,0.0,0.0,0.0,0.0,0.0,0,0,2.952
28.571,0.0,0.0,0.0,0.0,0.0,0.0,0.0,0.0,0,0,2.876
28.591,0.0,0.0,0.0,0.0,0.0,0.0,0.0,0.0,0,0,2.802
28.611,0.0,0.0,0.0,0.0,0.0,0.0,0.0,0.0,0,0,2.732
28.631,0.0,0.0,0.0,0.0,0.0,0.0,0.0,0.0,0,0,2.664
28.65,0.0,0.0,0.0,0.0,0.0,0.0,0.0,0.0,0,0,2.599
28.671,0.0,0.0,0.0,0.0,0.0,0.0,0.0,0.0,0,0,2.536
28.691,0.0,0.0,0.0,0.0,0.0,0.0,0.0,0.0,0,0,2.476
28.71,0.0,0.0,0.0,0.0,0.0,0.0,0.0,0.0,0,0,2.418
28.731,0.0,0.0,0.0,0.0,0.0,0.0,0.0,0.0,0,0,2.362
28.751,0.0,0.0,0.0,0.0,0.0,0.0,0.0,0.0,0,0,2.309
28.771,0.0,0.0,0.0,0.0,0.0,0.0,0.0,0.0,0,0,2.257
28.79,0.0,0.0,0.0,0.0,0.0,0.0,0.0,0.0,0,0,2.208
28.811,0.00108,0.00128,0.0,0.0,0.1689,0.1575,0.00266,0.00236,10,10,2.79
28.832,0.00201,0.00284,0.0,0.0,0.1084,0.1116,0.00479,0.00548,21,26,3.283
28.851,0.0,0.0,0.0,0.0,0.0,0.0,0.0,0.0,4,5,3.194
28.872,0.00595,0.00308,0.05,0.0,0.0563,0.098,0.01024,0.00494,77,28,3.624
28.892,0.0057,0.00628,0.0,0.078,0.0501,0.048,0.012,0.01158,67,104,3.989
28.911,0.00483,0.00551,0.0,0.0,0.0448,0.0553,0.00618,0.00714,51,64,4.298
28.931,0.00849,0.00816,0.126,0.095,0.0438,0.0521,0.01165,0.01202,155,137,4.462
28.951,0.00361,0.00432,0.0,0.0,0.0772,0.0605,0.00699,0.00725,68,69,4.698
28.97,0.0,0.0,0.0,0.0,0.0,0.0,0.0,0.0,13,13,4.553
28.991,0.0,0.0,0.0,0.0,0.0,0.0,0.0,0.0,2,2,4.414
29.011,0.0,0.0,0.0,0.0,0.0,0.0,0.0,0.0,0,0,4.28
29.031,0.0029,0.00456,0.0,0.0,0.1157,0.0615,0.00467,0.00694,33,50,4.544
29.05,0.0,0.0,0.0,0.0,0.0,0.0,0.0,0.0,6,9,4.405
29.071,0.0,0.0,0.0,0.0,0.0,0.0,0.0,0.0,1,2,4.272
29.091,0.0,0.0,0.0,0.0,0.0,0.0,0.0,0.0,0,0,4.143
29.112,0.0,0.0,0.0,0.0,0.0,0.0,0.0,0.0,0,0,4.02
29.13,0.0,0.0,0.0,0.0,0.0,0.0,0.0,0.0,0,0,3.902
29.151,0.0,0.0,0.0,0.0,0.0,0.0,0.0,0.0,0,0,3.788
29.171,0.0,0.0,0.0,0.0,0.0,0.0,0.0,0.0,0,0,3.679
29.191,0.00388,0.0,0.0,0.0,0.0636,0.0,0.006,0.0,38,0,4.035
29.21,0.0,0.0,0.0,0.0,0.0,0.0,0.0,0.0,7,0,3.916
29.231,0.0,0.0,0.0,0.0,0.0,0.0,0.0,0.0,1,0,3.802
29.251,0.0,0.0,0.0,0.0,0.0,0.0,0.0,0.0,0,0,3.692
29.271,0.0,0.0,0.0,0.0,0.0,0.0,0.0,0.0,0,0,3.586
29.291,0.0,0.0,0.0,0.0,0.0,0.0,0.0,0.0,0,0,3.485
29.31,0.0,0.0,0.0,0.0,0.0,0.0,0.0,0.0,0,0,3.387
29.331,0.0,0.0,0.0,0.0,0.0,0.0,0.0,0.0,0,0,3.294
29.351,0.0,0.0,0.0,0.0,0.0,0.0,0.0,0.0,0,0,3.204
29.371,0.0,0.0,0.0,0.0,0.0,0.0,0.0,0.0,0,0,3.117
29.39,0.0,0.0,0.0,0.0,0.0,0.0,0.0,0.0,0,0,3.034
29.41,0.0,0.0,0.0,0.0,0.0,0.0,0.0,0.0,0,0,2.955
29.43,0.0,0.0,0.0,0.0,0.0,0.0,0.0,0.0,0,0,2.878
29.451,0.0,0.0,0.0,0.0,0.0,0.0,0.0,0.0,0,0,2.804
29.47,0.0,0.0,0.0,0.0,0.0,0.0,0.0,0.0,0,0,2.734
29.491,0.0,0.0,0.0,0.0,0.0,0.0,0.0,0.0,0,0,2.666
29.51,0.0,0.0,0.0,0.0,0.0,0.0,0.0,0.0,0,0,2.6
29.531,0.0,0.0,0.0,0.0,0.0,0.0,0.0,0.0,0,0,2.538
29.551,0.0,0.0,0.0,0.0,0.0,0.0,0.0,0.0,0,0,2.477
29.571,0.0,0.0,0.0,0.0,0.0,0.0,0.0,0.0,0,0,2.419
29.591,0.0,0.0,0.0,0.0,0.0,0.0,0.0,0.0,0,0,2.364
29.61,0.0008,0.00091,0.0,0.0,0.1251,0.1147,0.00303,0.00356,10,11,2.922
29.631,0.0,0.0,0.0,0.0,0.0,0.0,0.0,0.0,2,2,2.847
29.651,0.0,0.0,0.0,0.0,0.0,0.0,0.0,0.0,0,0,2.774
29.671,0.0,0.0,0.0,0.0,0.0,0.0,0.0,0.0,0,0,2.705
29.691,0.0,0.0031,0.0,0.0,0.0,0.1074,0.0,0.00642,0,28,3.211
29.711,0.00509,0.00671,0.0,0.093,0.0667,0.025,0.00856,0.01092,46,102,3.639
29.732,0.00519,0.00641,0.0,0.0,0.0792,0.0772,0.01026,0.01247,57,76,4.001
29.751,0.00342,0.0,0.0,0.0,0.1011,0.0,0.00851,0.0,49,14,4.308
29.771,0.00373,0.00352,0.0,0.0,0.0938,0.0876,0.0075,0.00679,49,44,4.568
29.791,0.0,0.00378,0.0,0.0,0.0,0.0605,0.0,0.00816,9,53,4.788
29.811,0.0,0.0,0.0,0.0,0.0,0.0,0.0,0.0,2,10,4.639
29.831,0.0,0.0,0.0,0.0,0.0,0.0,0.0,0.0,0,2,4.496
29.852,0.0,0.0,0.0,0.0,0.0,0.0,0.0,0.0,0,0,4.359
29.871,0.0,0.0,0.0,0.0,0.0,0.0,0.0,0.0,0,0,4.228
29.891,0.0,0.0,0.0,0.0,0.0,0.0,0.0,0.0,0,0,4.101
29.912,0.0,0.00096,0.0,0.0,0.0,0.0886,0.0,0.00253,0,14,4.393
29.932,0.0,0.0,0.0,0.0,0.0,0.0,0.0,0.0,0,3,4.26
29.95,0.0,0.0,0.0,0.0,0.0,0.0,0.0,0.0,0,0,4.132
29.971,0.0,0.0,0.0,0.0,0.0,0.0,0.0,0.0,0,0,4.009
29.992,0.00074,0.0,0.0,0.0,0.1554,0.0,0.00191,0.0,11,0,4.315
30.011,0.00151,0.00256,0.0,0.0,0.1178,0.1251,0.00334,0.00483,21,32,4.573
30.031,0.00256,0.00256,0.0,0.0,0.1032,0.0949,0.00588,0.00532,38,36,4.792
30.051,0.00467,0.00233,0.04,0.0,0.0657,0.1116,0.0104,0.0044,93,33,4.978
30.071,0.00662,0.00551,0.058,0.066,0.0647,0.0355,0.01148,0.01061,125,119,5.135
30.091,0.00444,0.006,0.0,0.0,0.0657,0.0657,0.00762,0.00884,73,84,5.268
30.112,0.00816,0.00818,0.123,0.082,0.0323,0.0469,0.01107,0.0109,179,152,5.31
30.13,0.00523,0.00533,0.0,0.0,0.0991,0.1137,0.00836,0.00908,92,89,5.416
30.151,0.0,0.0,0.0,0.0,0.0,0.0,0.0,0.0,17,17,5.243
30.171,0.0,0.0,0.0,0.0,0.0,0.0,0.0,0.0,3,3,5.077
30.191,0.0,0.0,0.0,0.0,0.0,0.0,0.0,0.0,1,1,4.917
30.211,0.00262,0.00386,0.0,0.0,0.1116,0.1032,0.0031,0.0056,29,46,5.083
30.233,0.0,0.00406,0.0,0.0,0.0,0.0938,0.0,0.00602,6,52,5.224
30.251,0.0,0.0,0.0,0.0,0.0,0.0,0.0,0.0,1,10,5.058
30.27,0.0,0.0,0.0,0.0,0.0,0.0,0.0,0.0,0,2,4.899
30.291,0.0,0.0,0.0,0.0,0.0,0.0,0.0,0.0,0,0,4.746
30.311,0.0,0.0,0.0,0.0,0.0,0.0,0.0,0.0,0,0,4.599
30.331,0.0,0.0,0.0,0.0,0.0,0.0,0.0,0.0,0,0,4.458
30.351,0.0,0.0,0.0,0.0,0.0,0.0,0.0,0.0,0,0,4.323
30.371,0.00324,0.0,0.0,0.0,0.0845,0.0,0.00602,0.0,40,0,4.58
30.391,0.0,0.00349,0.0,0.0,0.0,0.0907,0.0,0.00513,7,40,4.798
30.412,0.0,0.0,0.0,0.0,0.0,0.0,0.0,0.0,1,8,4.649
30.431,0.0,0.0,0.0,0.0,0.0,0.0,0.0,0.0,0,1,4.506
30.451,0.0,0.0,0.0,0.0,0.0,0.0,0.0,0.0,0,0,4.369
30.471,0.0,0.0,0.0,0.0,0.0,0.0,0.0,0.0,0,0,4.236
30.49,0.0,0.0,0.0,0.0,0.0,0.0,0.0,0.0,0,0,4.11
30.511,0.0,0.0,0.0,0.0,0.0,0.0,0.0,0.0,0,0,3.988
30.531,0.0,0.0,0.0,0.0,0.0,0.0,0.0,0.0,0,0,3.871
30.551,0.0,0.0,0.0,0.0,0.0,0.0,0.0,0.0,0,0,3.758
30.57,0.0,0.0,0.0,0.0,0.0,0.0,0.0,0.0,0,0,3.65
30.591,0.0,0.0,0.0,0.0,0.0,0.0,0.0,0.0,0,0,3.546
30.611,0.0,0.0,0.0,0.0,0.0,0.0,0.0,0.0,0,0,3.446
30.63,0.0,0.0,0.0,0.0,0.0,0.0,0.0,0.0,0,0,3.35
30.651,0.0,0.0,0.0,0.0,0.0,0.0,0.0,0.0,0,0,3.258
30.671,0.0,0.0,0.0,0.0,0.0,0.0,0.0,0.0,0,0,3.169
30.691,0.0,0.0,0.0,0.0,0.0,0.0,0.0,0.0,0,0,3.084
30.711,0.0,0.0,0.0,0.0,0.0,0.0,0.0,0.0,0,0,3.003
30.732,0.0,0.0,0.0,0.0,0.0,0.0,0.0,0.0,0,0,2.924
30.751,0.0,0.0,0.0,0.0,0.0,0.0,0.0,0.0,0,0,2.849
30.771,0.0,0.0,0.0,0.0,0.0,0.0,0.0,0.0,0,0,2.776
30.791,0.0,0.0,0.0,0.0,0.0,0.0,0.0,0.0,0,0,2.707
30.811,0.0,0.0,0.0,0.0,0.0,0.0,0.0,0.0,0,0,2.64
30.831,0.0,0.0,0.0,0.0,0.0,0.0,0.0,0.0,0,0,2.575
30.852,0.0,0.0,0.0,0.0,0.0,0.0,0.0,0.0,0,0,2.514
30.87,0.0,0.0,0.0,0.0,0.0,0.0,0.0,0.0,0,0,2.454
30.891,0.0,0.0,0.0,0.0,0.0,0.0,0.0,0.0,0,0,2.397
30.911,0.0,0.0,0.0,0.0,0.0,0.0,0.0,0.0,0,0,2.342
30.931,0.0,0.0,0.0,0.0,0.0,0.0,0.0,0.0,0,0,2.29
30.951,0.0,0.0,0.0,0.0,0.0,0.0,0.0,0.0,0,0,2.239
30.971,0.0,0.0,0.0,0.0,0.0,0.0,0.0,0.0,0,0,2.191
30.991,0.0,0.0,0.0,0.0,0.0,0.0,0.0,0.0,0,0,2.144
31.011,0.0,0.0,0.0,0.0,0.0,0.0,0.0,0.0,0,0,2.099
31.031,0.0,0.0,0.0,0.0,0.0,0.0,0.0,0.0,0,0,2.056
31.051,0.0,0.0,0.0,0.0,0.0,0.0,0.0,0.0,0,0,2.015
31.071,0.0,0.0,0.0,0.0,0.0,0.0,0.0,0.0,0,0,1.975
31.091,0.0,0.0,0.0,0.0,0.0,0.0,0.0,0.0,0,0,1.937
31.111,0.0,0.0,0.0,0.0,0.0,0.0,0.0,0.0,0,0,1.9
31.131,0.0,0.0,0.0,0.0,0.0,0.0,0.0,0.0,0,0,1.865
31.151,0.0,0.0,0.0,0.0,0.0,0.0,0.0,0.0,0,0,1.831
31.171,0.0,0.0,0.0,0.0,0.0,0.0,0.0,0.0,0,0,1.798
31.191,0.0,0.0,0.0,0.0,0.0,0.0,0.0,0.0,0,0,1.767
31.211,0.0,0.0,0.0,0.0,0.0,0.0,0.0,0.0,0,0,1.737
31.232,0.0,0.0,0.0,0.0,0.0,0.0,0.0,0.0,0,0,1.708
31.251,0.0,0.0,0.0,0.0,0.0,0.0,0.0,0.0,0,0,1.68
31.271,0.0,0.0,0.0,0.0,0.0,0.0,0.0,0.0,0,0,1.653
31.291,0.0,0.0,0.0,0.0,0.0,0.0,0.0,0.0,0,0,1.628
31.31,0.0,0.0,0.0,0.0,0.0,0.0,0.0,0.0,0,0,1.603
31.331,0.0,0.0,0.0,0.0,0.0,0.0,0.0,0.0,0,0,1.58
31.351,0.0,0.0,0.0,0.0,0.0,0.0,0.0,0.0,0,0,1.557
31.37,0.0,0.0,0.0,0.0,0.0,0.0,0.0,0.0,0,0,1.535
31.391,0.0,0.0,0.0,0.0,0.0,0.0,0.0,0.0,0,0,1.514
31.411,0.0,0.0,0.0,0.0,0.0,0.0,0.0,0.0,0,0,1.494
31.43,0.0,0.0,0.0,0.0,0.0,0.0,0.0,0.0,0,0,1.474
31.45,0.0,0.0,0.0,0.0,0.0,0.0,0.0,0.0,0,0,1.456
31.471,0.0,0.0,0.0,0.0,0.0,0.0,0.0,0.0,0,0,1.438
31.492,0.0,0.0,0.0,0.0,0.0,0.0,0.0,0.0,0,0,1.421
31.511,0.0,0.0,0.0,0.0,0.0,0.0,0.0,0.0,0,0,1.404
31.53,0.0,0.0,0.0,0.0,0.0,0.0,0.0,0.0,0,0,1.388
31.551,0.0,0.0,0.0,0.0,0.0,0.0,0.0,0.0,0,0,1.373
31.571,0.0,0.0,0.0,0.0,0.0,0.0,0.0,0.0,0,0,1.359
31.591,0.0,0.0,0.0,0.0,0.0,0.0,0.0,0.0,0,0,1.345
31.611,0.0,0.0,0.0,0.0,0.0,0.0,0.0,0.0,0,0,1.331
31.631,0.0,0.0,0.0,0.0,0.0,0.0,0.0,0.0,0,0,1.318
31.651,0.0,0.0,0.0,0.0,0.0,0.0,0.0,0.0,0,0,1.306
31.671,0.0,0.0,0.0,0.0,0.0,0.0,0.0,0.0,0,0,1.294
31.691,0.0,0.0,0.0,0.0,0.0,0.0,0.0,0.0,0,0,1.282
31.711,0.0,0.0,0.0,0.0,0.0,0.0,0.0,0.0,0,0,1.271
31.732,0.0,0.0,0.0,0.0,0.0,0.0,0.0,0.0,0,0,1.26
31.752,0.0,0.0,0.0,0.0,0.0,0.0,0.0,0.0,0,0,1.25
31.771,0.0,0.0,0.0,0.0,0.0,0.0,0.0,0.0,0,0,1.24
31.793,0.0,0.0,0.0,0.0,0.0,0.0,0.0,0.0,0,0,1.231
31.811,0.0,0.0,0.0,0.0,0.0,0.0,0.0,0.0,0,0,1.222
31.831,0.0,0.0,0.0,0.0,0.0,0.0,0.0,0.0,0,0,1.213
31.851,0.0,0.0,0.0,0.0,0.0,0.0,0.0,0.0,0,0,1.205
31.871,0.0,0.0,0.0,0.0,0.0,0.0,0.0,0.0,0,0,1.197
31.891,0.0,0.0,0.0,0.0,0.0,0.0,0.0,0.0,0,0,1.189
31.911,0.0,0.0,0.0,0.0,0.0,0.0,0.0,0.0,0,0,1.182
31.931,0.0,0.0,0.0,0.0,0.0,0.0,0.0,0.0,0,0,1.175
31.951,0.0,0.0,0.0,0.0,0.0,0.0,0.0,0.0,0,0,1.168
31.971,0.0,0.0,0.0,0.0,0.0,0.0,0.0,0.0,0,0,1.161
31.99,0.0,0.0,0.0,0.0,0.0,0.0,0.0,0.0,0,0,1.155
32.01,0.0,0.0,0.0,0.0,0.0,0.0,0.0,0.0,0,0,1.149
32.032,0.0,0.0,0.0,0.0,0.0,0.0,0.0,0.0,0,0,1.143
32.051,0.0,0.0,0.0,0.0,0.0,0.0,0.0,0.0,0,0,1.137
32.071,0.0,0.0,0.0,0.0,0.0,0.0,0.0,0.0,0,0,1.132
32.091,0.0,0.0,0.0,0.0,0.0,0.0,0.0,0.0,0,0,1.127
32.111,0.0,0.0,0.0,0.0,0.0,0.0,0.0,0.0,0,0,1.122
32.13,0.0,0.0,0.0,0.0,0.0,0.0,0.0,0.0,0,0,1.117
32.151,0.0,0.0,0.0,0.0,0.0,0.0,0.0,0.0,0,0,1.112
32.171,0.0,0.0,0.0,0.0,0.0,0.0,0.0,0.0,0,0,1.108
32.191,0.0,0.0,0.0,0.0,0.0,0.0,0.0,0.0,0,0,1.104
32.212,0.0,0.0,0.0,0.0,0.0,0.0,0.0,0.0,0,0,1.1
32.231,0.0,0.0,0.0,0.0,0.0,0.0,0.0,0.0,0,0,1.096
32.251,0.0,0.0,0.0,0.0,0.0,0.0,0.0,0.0,0,0,1.092
32.271,0.0,0.0,0.0,0.0,0.0,0.0,0.0,0.0,0,0,1.088
32.291,0.0,0.0,0.0,0.0,0.0,0.0,0.0,0.0,0,0,1.085
32.311,0.0,0.0,0.0,0.0,0.0,0.0,0.0,0.0,0,0,1.082
32.332,0.0,0.0,0.0,0.0,0.0,0.0,0.0,0.0,0,0,1.078
32.351,0.0,0.0,0.0,0.0,0.0,0.0,0.0,0.0,0,0,1.075
32.37,0.0,0.0,0.0,0.0,0.0,0.0,0.0,0.0,0,0,1.072
32.391,0.0,0.0,0.0,0.0,0.0,0.0,0.0,0.0,0,0,1.07
32.41,0.0,0.0,0.0,0.0,0.0,0.0,0.0,0.0,0,0,1.067
32.431,0.0,0.0,0.0,0.0,0.0,0.0,0.0,0.0,0,0,1.064
32.452,0.0,0.0,0.0,0.0,0.0,0.0,0.0,0.0,0,0,1.062
32.471,0.0,0.0,0.0,0.0,0.0,0.0,0.0,0.0,0,0,1.059
32.491,0.0,0.0,0.0,0.0,0.0,0.0,0.0,0.0,0,0,1.057
32.512,0.0,0.0,0.0,0.0,0.0,0.0,0.0,0.0,0,0,1.055
32.53,0.0,0.0,0.0,0.0,0.0,0.0,0.0,0.0,0,0,1.053
32.552,0.0,0.0,0.0,0.0,0.0,0.0,0.0,0.0,0,0,1.051
32.571,0.0,0.0,0.0,0.0,0.0,0.0,0.0,0.0,0,0,1.049
32.59,0.0,0.0,0.0,0.0,0.0,0.0,0.0,0.0,0,0,1.047
32.611,0.0,0.0,0.0,0.0,0.0,0.0,0.0,0.0,0,0,1.045
32.631,0.0,0.0,0.0,0.0,0.0,0.0,0.0,0.0,0,0,1.043
32.651,0.0,0.0,0.0,0.0,0.0,0.0,0.0,0.0,0,0,1.041
32.671,0.0,0.0,0.0,0.0,0.0,0.0,0.0,0.0,0,0,1.04
32.691,0.0,0.0,0.0,0.0,0.0,0.0,0.0,0.0,0,0,1.038
32.71,0.0,0.0,0.0,0.0,0.0,0.0,0.0,0.0,0,0,1.037
32.73,0.0,0.0,0.0,0.0,0.0,0.0,0.0,0.0,0,0,1.035
32.751,0.0,0.0,0.0,0.0,0.0,0.0,0.0,0.0,0,0,1.034
32.771,0.0,0.0,0.0,0.0,0.0,0.0,0.0,0.0,0,0,1.033
32.791,0.0,0.0,0.0,0.0,0.0,0.0,0.0,0.0,0,0,1.031
32.811,0.0,0.0,0.0,0.0,0.0,0.0,0.0,0.0,0,0,1.03
32.831,0.0,0.0,0.0,0.0,0.0,0.0,0.0,0.0,0,0,1.029
32.851,0.0,0.0,0.0,0.0,0.0,0.0,0.0,0.0,0,0,1.028
32.871,0.0,0.0,0.0,0.0,0.0,0.0,0.0,0.0,0,0,1.027
32.891,0.0,0.0,0.0,0.0,0.0,0.0,0.0,0.0,0,0,1.026
32.912,0.0,0.0,0.0,0.0,0.0,0.0,0.0,0.0,0,0,1.025
32.931,0.0,0.0,0.0,0.0,0.0,0.0,0.0,0.0,0,0,1.024
32.952,0.0,0.0,0.0,0.0,0.0,0.0,0.0,0.0,0,0,1.023
32.971,0.00105,0.00256,0.0,0.0,0.1783,0.1606,0.0021,0.00411,5,12,1.787
32.991,0.0023,0.0,0.0,0.0,0.1283,0.0,0.00477,0.0,16,2,2.434
33.01,0.00326,0.0,0.0,0.0,0.0813,0.0,0.00536,0.0,25,0,2.981
33.031,0.0069,0.00502,0.097,0.022,0.0365,0.0615,0.01246,0.0069,103,49,3.445
33.051,0.0046,0.00615,0.0,0.034,0.0657,0.049,0.00954,0.01196,60,80,3.837
33.072,0.00625,0.00627,0.048,0.0,0.0261,0.0386,0.01079,0.01094,92,70,4.169
33.092,0.00742,0.00738,0.042,0.041,0.0302,0.0407,0.00939,0.00915,98,95,4.45
33.11,0.0,0.0,0.0,0.0,0.0,0.0,0.0,0.0,19,18,4.315
33.131,0.0,0.0,0.0,0.0,0.0,0.0,0.0,0.0,3,3,4.185
33.15,0.0,0.0,0.0,0.0,0.0,0.0,0.0,0.0,1,1,4.06
33.171,0.0,0.00382,0.0,0.0,0.0,0.0761,0.0,0.00429,0,36,4.358
33.191,0.0,0.00437,0.0,0.0,0.0,0.0907,0.0,0.00722,0,51,4.61
33.211,0.0,0.0,0.0,0.0,0.0,0.0,0.0,0.0,0,10,4.468
33.231,0.0,0.0,0.0,0.0,0.0,0.0,0.0,0.0,0,2,4.332
33.251,0.0,0.0,0.0,0.0,0.0,0.0,0.0,0.0,0,0,4.202
33.271,0.0,0.0,0.0,0.0,0.0,0.0,0.0,0.0,0,0,4.076
33.291,0.0,0.0,0.0,0.0,0.0,0.0,0.0,0.0,0,0,3.956
33.311,0.0,0.0,0.0,0.0,0.0,0.0,0.0,0.0,0,0,3.84
33.331,0.00358,0.00353,0.0,0.0,0.1303,0.1241,0.00492,0.00567,35,37,4.171
33.35,0.0058,0.00599,0.056,0.064,0.0751,0.074,0.01339,0.01404,107,114,4.452
33.371,0.00362,0.00392,0.0,0.0,0.1575,0.1512,0.00857,0.00879,63,66,4.69
33.391,0.00407,0.00429,0.0,0.0,0.0824,0.0824,0.00997,0.01034,63,65,4.891
33.411,0.00799,0.0073,0.127,0.095,0.0334,0.0355,0.01867,0.01735,188,162,4.889
33.431,0.006,0.00745,0.0,0.0,0.0886,0.0699,0.00873,0.00989,94,100,5.06
33.452,0.00617,0.00728,0.0,0.0,0.0897,0.0761,0.0141,0.01626,95,108,5.204
33.471,0.00588,0.00684,0.0,0.0,0.0813,0.0772,0.01319,0.01427,92,103,5.326
33.49,0.00827,0.00781,0.092,0.039,0.0991,0.0845,0.01698,0.0164,180,141,5.367
33.512,0.00335,0.00441,0.0,0.0,0.123,0.1126,0.0093,0.01172,85,91,5.464
33.531,0.00325,0.00267,0.0,0.0,0.1283,0.1199,0.00803,0.00708,63,58,5.546
33.551,0.00292,0.00254,0.0,0.0,0.1251,0.1272,0.00822,0.00732,58,52,5.616
33.571,0.00385,0.00369,0.0,0.0,0.1043,0.1001,0.00863,0.00829,66,63,5.675
33.591,0.00712,0.00679,0.098,0.09,0.0532,0.0553,0.01517,0.01434,182,171,5.704
33.611,0.00682,0.00692,0.0,0.0,0.0469,0.0386,0.01867,0.01883,137,136,5.75
33.631,0.00446,0.00514,0.0,0.0,0.1408,0.1366,0.00918,0.01086,86,95,5.788
33.651,0.00538,0.00613,0.0,0.0,0.1168,0.1168,0.01383,0.01571,99,111,5.821
33.671,0.00174,0.00177,0.0,0.0,0.1543,0.1585,0.00519,0.00517,49,51,5.848
33.693,0.00404,0.00402,0.0,0.0,0.097,0.1032,0.0099,0.00975,74,73,5.872
33.711,0.00316,0.00354,0.0,0.0,0.1283,0.1189,0.00814,0.00878,64,68,5.891
33.731,0.00349,0.00363,0.0,0.0,0.1272,0.1418,0.00768,0.0079,62,65,5.908
33.752,0.00315,0.00294,0.0,0.0,0.1095,0.1241,0.00669,0.00659,57,55,5.922
33.771,0.00469,0.00431,0.0,0.0,0.0501,0.0626,0.0116,0.01069,86,80,5.934
33.791,0.00692,0.00719,0.071,0.092,0.0584,0.0396,0.01152,0.01174,155,174,5.944
33.812,0.0064,0.00652,0.0,0.0,0.0615,0.0688,0.01606,0.01656,125,130,5.953
33.831,0.00481,0.0047,0.0,0.0,0.073,0.0647,0.01224,0.01211,98,98,5.96
33.851,0.00268,0.00265,0.0,0.0,0.1116,0.1178,0.00536,0.00527,56,55,5.966
33.872,0.00166,0.0016,0.0,0.0,0.1116,0.1178,0.00403,0.00394,37,36,5.971
33.891,0.00277,0.00283,0.0,0.0,0.1043,0.098,0.00552,0.00555,47,48,5.976
33.911,0.00118,0.00162,0.0,0.0,0.1157,0.1178,0.00373,0.00488,31,38,5.979
33.931,0.00216,0.00242,0.0,0.0,0.1116,0.1053,0.00486,0.00583,40,46,5.983
33.95,0.00303,0.003,0.0,0.0,0.0855,0.1064,0.00725,0.00693,57,55,5.985
33.971,0.00513,0.00535,0.047,0.055,0.0657,0.0657,0.01205,0.01285,128,138,5.988
33.991,0.00298,0.00335,0.0,0.0,0.074,0.074,0.00687,0.0077,69,76,5.989
34.011,0.00219,0.0023,0.0,0.0,0.0584,0.0605,0.00563,0.0059,48,52,5.991
34.031,0.00311,0.00296,0.0,0.0,0.0813,0.0845,0.00736,0.00707,58,56,5.992
34.05,0.00297,0.00308,0.0,0.0,0.0865,0.0907,0.00672,0.00712,55,57,5.994
34.07,0.00373,0.00362,0.0,0.0,0.0584,0.0438,0.00895,0.00851,69,67,5.995
34.091,0.00402,0.00403,0.0,0.0,0.0688,0.0563,0.00877,0.00871,71,71,5.995
34.111,0.0,0.0,0.0,0.0,0.0,0.0,0.0,0.0,13,13,5.8
34.131,0.0,0.00181,0.0,0.0,0.0,0.0699,0.0,0.00532,3,37,5.83
34.151,0.00224,0.00239,0.0,0.0,0.0928,0.0928,0.00516,0.00503,40,42,5.856
34.171,0.00254,0.00248,0.0,0.0,0.0855,0.0813,0.00631,0.00625,48,48,5.878
34.191,0.00175,0.0018,0.0,0.0,0.098,0.1043,0.00468,0.00485,38,39,5.897
34.211,0.00337,0.00353,0.0,0.0,0.0615,0.0574,0.0082,0.00869,62,65,5.913
34.231,0.00308,0.00297,0.0,0.0,0.048,0.048,0.00831,0.00824,62,61,5.926
34.251,0.00278,0.0028,0.0,0.0,0.0688,0.0501,0.0071,0.00722,56,56,5.938
34.271,0.00309,0.00313,0.0,0.0,0.0584,0.0521,0.00734,0.00727,58,58,5.947
34.291,0.0,0.0,0.0,0.0,0.0,0.0,0.0,0.0,11,11,5.753
34.31,0.0,0.0,0.0,0.0,0.0,0.0,0.0,0.0,2,2,5.567
34.331,0.00336,0.00324,0.0,0.0,0.0667,0.0688,0.00769,0.00742,56,54,5.633
34.351,0.00349,0.0035,0.0,0.0,0.0667,0.0584,0.00671,0.00666,56,56,5.69
34.371,0.00383,0.00421,0.0,0.0,0.0719,0.0511,0.00992,0.01077,71,77,5.737
34.391,0.00149,0.0,0.0,0.0,0.0761,0.0,0.00391,0.0,37,15,5.778
34.411,0.00217,0.00214,0.0,0.0,0.0667,0.0886,0.00529,0.00538,41,40,5.812
34.432,0.00231,0.00236,0.0,0.0,0.0782,0.0657,0.00557,0.00577,43,44,5.841
34.451,0.00198,0.00212,0.0,0.0,0.0928,0.0792,0.00504,0.00545,39,42,5.865
34.471,0.00245,0.00253,0.0,0.0,0.0626,0.0563,0.00584,0.00597,46,47,5.886
34.493,0.00203,0.00201,0.0,0.0,0.0751,0.1001,0.00534,0.00523,41,41,5.903
34.511,0.00181,0.00194,0.0,0.0,0.0803,0.097,0.0044,0.00483,36,38,5.918
34.531,0.00155,0.0015,0.0,0.0,0.0688,0.0615,0.00461,0.00453,34,34,5.931
34.551,0.00159,0.0,0.0,0.0,0.0678,0.0,0.00431,0.0,33,6,5.941
34.571,0.0,0.0,0.0,0.0,0.0,0.0,0.0,0.0,6,1,5.748
34.591,0.0,0.0,0.0,0.0,0.0,0.0,0.0,0.0,1,0,5.561
34.611,0.0,0.0,0.0,0.0,0.0,0.0,0.0,0.0,0,0,5.383
34.63,0.0035,0.00313,0.0,0.0,0.048,0.0563,0.00876,0.0078,59,53,5.477
34.65,0.00172,0.00193,0.0,0.0,0.0688,0.0615,0.00512,0.0058,40,42,5.558
34.671,0.0,0.0,0.0,0.0,0.0,0.0,0.0,0.0,7,8,5.379
34.691,0.0024,0.0,0.0,0.0,0.0574,0.0,0.00561,0.0,40,1,5.474
34.71,0.00181,0.00182,0.0,0.0,0.0584,0.0626,0.00493,0.00527,36,35,5.555
34.731,0.00216,0.0,0.0,0.0,0.0438,0.0,0.00564,0.0,41,7,5.623
34.751,0.00185,0.00204,0.0,0.0,0.0605,0.0584,0.00432,0.00489,35,36,5.681
34.771,0.00173,0.00173,0.0,0.0,0.0574,0.0657,0.00579,0.0056,39,38,5.73
34.791,0.0036,0.0038,0.0,0.0,0.0375,0.0521,0.00837,0.00904,63,67,5.772
34.811,0.00358,0.00363,0.0,0.0,0.0574,0.0553,0.00805,0.00807,63,64,5.807
34.831,0.0,0.0,0.0,0.0,0.0,0.0,0.0,0.0,12,12,5.618
34.85,0.0,0.0,0.0,0.0,0.0,0.0,0.0,0.0,2,2,5.437
34.872,0.00352,0.0033,0.0,0.0,0.048,0.0407,0.00847,0.00782,59,55,5.523
34.891,0.0,0.0,0.0,0.0,0.0,0.0,0.0,0.0,11,10,5.346
34.911,0.00241,0.00252,0.0,0.0,0.0636,0.0469,0.00527,0.00538,39,40,5.446
34.931,0.00217,0.0024,0.0,0.0,0.0594,0.0542,0.00567,0.0063,40,44,5.531
34.951,0.00329,0.00369,0.0,0.0,0.0417,0.0459,0.00753,0.00863,56,63,5.603
34.971,0.0,0.0,0.0,0.0,0.0,0.0,0.0,0.0,11,12,5.423
34.991,0.0,0.00209,0.0,0.0,0.0,0.0448,0.0,0.0042,2,33,5.511
35.011,0.00309,0.00283,0.0,0.0,0.0282,0.0386,0.00768,0.00704,54,51,5.586
35.031,0.00326,0.00323,0.0,0.0,0.0407,0.0365,0.00772,0.00757,58,57,5.65
35.052,0.0,0.0,0.0,0.0,0.0,0.0,0.0,0.0,11,11,5.468
35.071,0.00277,0.0,0.0,0.0,0.0574,0.0,0.00656,0.0,47,2,5.549
35.091,0.0,0.0,0.0,0.0,0.0,0.0,0.0,0.0,9,0,5.371
35.111,0.0,0.0,0.0,0.0,0.0,0.0,0.0,0.0,2,0,5.2
35.132,0.0,0.0,0.0,0.0,0.0,0.0,0.0,0.0,0,0,5.035
35.151,0.00202,0.00211,0.0,0.0,0.0323,0.048,0.00461,0.0051,32,34,5.183
35.171,0.0,0.0,0.0,0.0,0.0,0.0,0.0,0.0,6,6,5.019
35.191,0.0,0.0,0.0,0.0,0.0,0.0,0.0,0.0,1,1,4.861
35.211,0.0,0.0,0.0,0.0,0.0,0.0,0.0,0.0,0,0,4.71
35.231,0.0,0.0,0.0,0.0,0.0,0.0,0.0,0.0,0,0,4.565
35.251,0.0,0.0,0.0,0.0,0.0,0.0,0.0,0.0,0,0,4.425
35.271,0.0,0.0,0.0,0.0,0.0,0.0,0.0,0.0,0,0,4.291
35.291,0.0,0.0,0.0,0.0,0.0,0.0,0.0,0.0,0,0,4.162
35.311,0.0,0.0,0.0,0.0,0.0,0.0,0.0,0.0,0,0,4.038
35.331,0.0,0.0,0.0,0.0,0.0,0.0,0.0,0.0,0,0,3.918
35.351,0.0,0.0,0.0,0.0,0.0,0.0,0.0,0.0,0,0,3.804
35.371,0.0,0.0,0.0,0.0,0.0,0.0,0.0,0.0,0,0,3.694
35.391,0.0,0.0,0.0,0.0,0.0,0.0,0.0,0.0,0,0,3.588
35.411,0.00216,0.0,0.0,0.0,0.0511,0.0,0.0055,0.0,27,0,3.959
35.431,0.0,0.0,0.0,0.0,0.0,0.0,0.0,0.0,5,0,3.843
35.451,0.0,0.0,0.0,0.0,0.0,0.0,0.0,0.0,1,0,3.731
35.471,0.0,0.0,0.0,0.0,0.0,0.0,0.0,0.0,0,0,3.624
35.492,0.0,0.0,0.0,0.0,0.0,0.0,0.0,0.0,0,0,3.521
35.511,0.0,0.0,0.0,0.0,0.0,0.0,0.0,0.0,0,0,3.422
35.531,0.0,0.0,0.0,0.0,0.0,0.0,0.0,0.0,0,0,3.327
35.552,0.0,0.0,0.0,0.0,0.0,0.0,0.0,0.0,0,0,3.236
35.571,0.0,0.0,0.0,0.0,0.0,0.0,0.0,0.0,0,0,3.148
35.591,0.0,0.0,0.0,0.0,0.0,0.0,0.0,0.0,0,0,3.064
35.611,0.0,0.0,0.0,0.0,0.0,0.0,0.0,0.0,0,0,2.983
35.631,0.0,0.0,0.0,0.0,0.0,0.0,0.0,0.0,0,0,2.905
35.65,0.0,0.0,0.0,0.0,0.0,0.0,0.0,0.0,0,0,2.831
35.671,0.0,0.0,0.0,0.0,0.0,0.0,0.0,0.0,0,0,2.759
35.692,0.0,0.0,0.0,0.0,0.0,0.0,0.0,0.0,0,0,2.69
35.711,0.0,0.0,0.0,0.0,0.0,0.0,0.0,0.0,0,0,2.624
35.732,0.0,0.0,0.0,0.0,0.0,0.0,0.0,0.0,0,0,2.56
35.75,0.0,0.0,0.0,0.0,0.0,0.0,0.0,0.0,0,0,2.499
35.771,0.0,0.0,0.0,0.0,0.0,0.0,0.0,0.0,0,0,2.44
35.791,0.0,0.0,0.0,0.0,0.0,0.0,0.0,0.0,0,0,2.384
35.811,0.0,0.0,0.0,0.0,0.0,0.0,0.0,0.0,0,0,2.329
35.831,0.0,0.0,0.0,0.0,0.0,0.0,0.0,0.0,0,0,2.277
35.851,0.0,0.0,0.0,0.0,0.0,0.0,0.0,0.0,0,0,2.227
35.871,0.0,0.0,0.0,0.0,0.0,0.0,0.0,0.0,0,0,2.179
35.891,0.0,0.0,0.0,0.0,0.0,0.0,0.0,0.0,0,0,2.133
35.911,0.0,0.0,0.0,0.0,0.0,0.0,0.0,0.0,0,0,2.088
35.931,0.0,0.0,0.0,0.0,0.0,0.0,0.0,0.0,0,0,2.046
35.951,0.0,0.0,0.0,0.0,0.0,0.0,0.0,0.0,0,0,2.005
35.971,0.0,0.0,0.0,0.0,0.0,0.0,0.0,0.0,0,0,1.965
35.991,0.0,0.0,0.0,0.0,0.0,0.0,0.0,0.0,0,0,1.927
36.01,0.0,0.0,0.0,0.0,0.0,0.0,0.0,0.0,0,0,1.891
36.031,0.0,0.0,0.0,0.0,0.0,0.0,0.0,0.0,0,0,1.856
36.052,0.0,0.0,0.0,0.0,0.0,0.0,0.0,0.0,0,0,1.823
36.071,0.0,0.0,0.0,0.0,0.0,0.0,0.0,0.0,0,0,1.79
36.091,0.0,0.0,0.0,0.0,0.0,0.0,0.0,0.0,0,0,1.759
36.111,0.0,0.0,0.0,0.0,0.0,0.0,0.0,0.0,0,0,1.73
36.131,0.0,0.0,0.0,0.0,0.0,0.0,0.0,0.0,0,0,1.701
36.151,0.0,0.0,0.0,0.0,0.0,0.0,0.0,0.0,0,0,1.673
36.171,0.0,0.0,0.0,0.0,0.0,0.0,0.0,0.0,0,0,1.647
36.191,0.0,0.0,0.0,0.0,0.0,0.0,0.0,0.0,0,0,1.622
36.211,0.0,0.0,0.0,0.0,0.0,0.0,0.0,0.0,0,0,1.597
36.23,0.0,0.0,0.0,0.0,0.0,0.0,0.0,0.0,0,0,1.574
36.25,0.0,0.0,0.0,0.0,0.0,0.0,0.0,0.0,0,0,1.551
36.271,0.0,0.0,0.0,0.0,0.0,0.0,0.0,0.0,0,0,1.53
36.291,0.0,0.0,0.0,0.0,0.0,0.0,0.0,0.0,0,0,1.509
36.311,0.0,0.0,0.0,0.0,0.0,0.0,0.0,0.0,0,0,1.489
36.331,0.0,0.0,0.0,0.0,0.0,0.0,0.0,0.0,0,0,1.47
36.351,0.0,0.0,0.0,0.0,0.0,0.0,0.0,0.0,0,0,1.451
36.371,0.0,0.0,0.0,0.0,0.0,0.0,0.0,0.0,0,0,1.434
36.391,0.0,0.0,0.0,0.0,0.0,0.0,0.0,0.0,0,0,1.417
36.411,0.0,0.0,0.0,0.0,0.0,0.0,0.0,0.0,0,0,1.4
36.431,0.0,0.0,0.0,0.0,0.0,0.0,0.0,0.0,0,0,1.385
36.451,0.0,0.00204,0.0,0.0,0.0,0.0344,0.0,0.00533,0,14,2.093
36.471,0.0,0.0,0.0,0.0,0.0,0.0,0.0,0.0,0,3,2.05
36.491,0.0,0.0,0.0,0.0,0.0,0.0,0.0,0.0,0,0,2.009
36.51,0.0,0.0,0.0,0.0,0.0,0.0,0.0,0.0,0,0,1.97
36.53,0.0,0.0,0.0,0.0,0.0,0.0,0.0,0.0,0,0,1.932
36.552,0.0,0.0,0.0,0.0,0.0,0.0,0.0,0.0,0,0,1.895
36.571,0.0,0.00228,0.0,0.0,0.0,0.0229,0.0,0.00626,0,19,2.525
36.591,0.00263,0.0032,0.0,0.0,0.0302,0.0386,0.00648,0.0078,25,31,3.059
36.61,0.0018,0.002,0.0,0.0,0.0542,0.0584,0.00511,0.00538,23,25,3.51
36.631,0.0,0.00184,0.0,0.0,0.0,0.0636,0.0,0.00446,4,24,3.892
36.651,0.0,0.00229,0.0,0.0,0.0,0.0594,0.0,0.00548,1,31,4.216
36.671,0.0,0.00212,0.0,0.0,0.0,0.0469,0.0,0.00603,0,34,4.49
36.691,0.0,0.00242,0.0,0.0,0.0,0.0438,0.0,0.00569,0,36,4.722
36.711,0.0,0.0,0.0,0.0,0.0,0.0,0.0,0.0,0,7,4.576
36.732,0.0,0.0,0.0,0.0,0.0,0.0,0.0,0.0,0,1,4.436
36.752,0.0,0.00231,0.0,0.0,0.0,0.0469,0.0,0.00582,0,34,4.676
36.771,0.0,0.0,0.0,0.0,0.0,0.0,0.0,0.0,0,6,4.532
36.791,0.0,0.0,0.0,0.0,0.0,0.0,0.0,0.0,0,1,4.393
36.812,0.0,0.0,0.0,0.0,0.0,0.0,0.0,0.0,0,0,4.26
36.831,0.0,0.0,0.0,0.0,0.0,0.0,0.0,0.0,0,0,4.132
36.851,0.0,0.0,0.0,0.0,0.0,0.0,0.0,0.0,0,0,4.009
36.871,0.0,0.0,0.0,0.0,0.0,0.0,0.0,0.0,0,0,3.891
36.891,0.0,0.0,0.0,0.0,0.0,0.0,0.0,0.0,0,0,3.778
36.911,0.0,0.0,0.0,0.0,0.0,0.0,0.0,0.0,0,0,3.669
36.93,0.00197,0.0,0.0,0.0,0.0313,0.0,0.00532,0.0,26,0,4.027
36.951,0.0,0.0,0.0,0.0,0.0,0.0,0.0,0.0,5,0,3.908
36.971,0.0,0.0,0.0,0.0,0.0,0.0,0.0,0.0,1,0,3.794
36.991,0.0,0.0,0.0,0.0,0.0,0.0,0.0,0.0,0,0,3.685
37.011,0.0,0.0,0.0,0.0,0.0,0.0,0.0,0.0,0,0,3.579
37.031,0.0,0.0,0.0,0.0,0.0,0.0,0.0,0.0,0,0,3.478
37.051,0.0,0.0,0.0,0.0,0.0,0.0,0.0,0.0,0,0,3.381
37.071,0.0,0.0,0.0,0.0,0.0,0.0,0.0,0.0,0,0,3.288
37.091,0.0,0.0,0.0,0.0,0.0,0.0,0.0,0.0,0,0,3.198
37.111,0.0,0.0,0.0,0.0,0.0,0.0,0.0,0.0,0,0,3.112
37.131,0.0,0.0,0.0,0.0,0.0,0.0,0.0,0.0,0,0,3.029
37.151,0.0,0.0,0.0,0.0,0.0,0.0,0.0,0.0,0,0,2.949
37.173,0.0,0.0,0.0,0.0,0.0,0.0,0.0,0.0,0,0,2.873
37.191,0.0,0.0,0.0,0.0,0.0,0.0,0.0,0.0,0,0,2.8
37.211,0.0,0.0,0.0,0.0,0.0,0.0,0.0,0.0,0,0,2.729
37.231,0.0,0.0,0.0,0.0,0.0,0.0,0.0,0.0,0,0,2.661
37.251,0.0,0.0,0.0,0.0,0.0,0.0,0.0,0.0,0,0,2.596
37.271,0.0,0.0,0.0,0.0,0.0,0.0,0.0,0.0,0,0,2.534
37.291,0.0,0.0,0.0,0.0,0.0,0.0,0.0,0.0,0,0,2.473
37.31,0.0,0.0,0.0,0.0,0.0,0.0,0.0,0.0,0,0,2.416
37.331,0.0,0.0,0.0,0.0,0.0,0.0,0.0,0.0,0,0,2.36
37.351,0.0,0.0,0.0,0.0,0.0,0.0,0.0,0.0,0,0,2.307
37.371,0.0,0.0,0.0,0.0,0.0,0.0,0.0,0.0,0,0,2.256
37.391,0.0,0.0,0.0,0.0,0.0,0.0,0.0,0.0,0,0,2.206
37.411,0.0,0.0,0.0,0.0,0.0,0.0,0.0,0.0,0,0,2.159
37.43,0.0,0.0,0.0,0.0,0.0,0.0,0.0,0.0,0,0,2.114
37.451,0.0,0.0,0.0,0.0,0.0,0.0,0.0,0.0,0,0,2.07
37.471,0.0,0.0,0.0,0.0,0.0,0.0,0.0,0.0,0,0,2.028
37.491,0.0,0.0,0.0,0.0,0.0,0.0,0.0,0.0,0,0,1.988
37.511,0.0,0.0,0.0,0.0,0.0,0.0,0.0,0.0,0,0,1.949
37.531,0.0,0.0,0.0,0.0,0.0,0.0,0.0,0.0,0,0,1.912
37.551,0.0,0.0,0.0,0.0,0.0,0.0,0.0,0.0,0,0,1.876
37.571,0.0,0.0,0.0,0.0,0.0,0.0,0.0,0.0,0,0,1.842
37.591,0.0,0.0,0.0,0.0,0.0,0.0,0.0,0.0,0,0,1.809
37.612,0.0,0.0,0.0,0.0,0.0,0.0,0.0,0.0,0,0,1.777
37.631,0.0,0.0,0.0,0.0,0.0,0.0,0.0,0.0,0,0,1.746
37.651,0.0,0.0,0.0,0.0,0.0,0.0,0.0,0.0,0,0,1.717
37.671,0.0,0.0,0.0,0.0,0.0,0.0,0.0,0.0,0,0,1.689
37.691,0.0,0.0,0.0,0.0,0.0,0.0,0.0,0.0,0,0,1.662
37.711,0.0,0.0,0.0,0.0,0.0,0.0,0.0,0.0,0,0,1.636
37.732,0.0,0.0,0.0,0.0,0.0,0.0,0.0,0.0,0,0,1.611
37.752,0.0,0.0,0.0,0.0,0.0,0.0,0.0,0.0,0,0,1.587
37.771,0.0,0.0,0.0,0.0,0.0,0.0,0.0,0.0,0,0,1.564
37.791,0.0,0.0,0.0,0.0,0.0,0.0,0.0,0.0,0,0,1.542
37.811,0.0,0.0,0.0,0.0,0.0,0.0,0.0,0.0,0,0,1.521
37.831,0.0,0.0,0.0,0.0,0.0,0.0,0.0,0.0,0,0,1.5
37.851,0.0,0.0,0.0,0.0,0.0,0.0,0.0,0.0,0,0,1.481
37.871,0.0,0.0,0.0,0.0,0.0,0.0,0.0,0.0,0,0,1.462
37.891,0.0,0.0,0.0,0.0,0.0,0.0,0.0,0.0,0,0,1.444
37.911,0.0,0.0,0.0,0.0,0.0,0.0,0.0,0.0,0,0,1.426
37.931,0.0,0.0,0.0,0.0,0.0,0.0,0.0,0.0,0,0,1.41
37.951,0.0,0.0,0.0,0.0,0.0,0.0,0.0,0.0,0,0,1.394
37.97,0.0,0.0,0.0,0.0,0.0,0.0,0.0,0.0,0,0,1.378
37.99,0.0,0.0,0.0,0.0,0.0,0.0,0.0,0.0,0,0,1.363
38.012,0.0,0.0,0.0,0.0,0.0,0.0,0.0,0.0,0,0,1.349
38.031,0.0,0.0,0.0,0.0,0.0,0.0,0.0,0.0,0,0,1.335
38.052,0.0,0.0,0.0,0.0,0.0,0.0,0.0,0.0,0,0,1.322
38.071,0.0,0.0,0.0,0.0,0.0,0.0,0.0,0.0,0,0,1.31
38.091,0.0,0.0,0.0,0.0,0.0,0.0,0.0,0.0,0,0,1.297
38.111,0.0,0.0,0.0,0.0,0.0,0.0,0.0,0.0,0,0,1.286
38.131,0.0,0.0,0.0,0.0,0.0,0.0,0.0,0.0,0,0,1.275
38.151,0.0,0.0,0.0,0.0,0.0,0.0,0.0,0.0,0,0,1.264
38.17,0.0,0.0,0.0,0.0,0.0,0.0,0.0,0.0,0,0,1.253
38.191,0.0,0.0,0.0,0.0,0.0,0.0,0.0,0.0,0,0,1.244
38.211,0.0,0.0,0.0,0.0,0.0,0.0,0.0,0.0,0,0,1.234
38.231,0.0,0.0,0.0,0.0,0.0,0.0,0.0,0.0,0,0,1.225
38.251,0.0,0.0,0.0,0.0,0.0,0.0,0.0,0.0,0,0,1.216
38.271,0.0,0.0,0.0,0.0,0.0,0.0,0.0,0.0,0,0,1.208
38.292,0.0,0.0,0.0,0.0,0.0,0.0,0.0,0.0,0,0,1.199
38.311,0.0,0.0,0.0,0.0,0.0,0.0,0.0,0.0,0,0,1.192
38.33,0.0,0.0,0.0,0.0,0.0,0.0,0.0,0.0,0,0,1.184
38.351,0.00425,0.00398,0.0,0.0,0.1522,0.1595,0.0076,0.00783,21,21,1.923
38.371,0.00575,0.00573,0.041,0.048,0.171,0.1533,0.00754,0.00767,47,49,2.549
38.391,0.00448,0.00388,0.0,0.0,0.1741,0.243,0.01243,0.01031,46,41,3.079
38.411,0.00683,0.00719,0.074,0.103,0.2221,0.2409,0.01029,0.0107,90,105,3.527
38.431,0.0106,0.00519,0.183,0.0,0.0626,0.1397,0.02034,0.01335,176,68,3.573
38.451,0.00931,0.00871,0.0,0.138,0.0845,0.1032,0.01839,0.0134,108,143,3.787
38.471,0.00867,0.00561,0.0,0.0,0.1157,0.0907,0.01318,0.00802,89,72,4.127
38.491,0.01051,0.00767,0.098,0.077,0.0709,0.0918,0.01798,0.01457,159,127,4.267
38.511,0.00516,0.0057,0.0,0.0,0.0907,0.0615,0.01339,0.01395,91,88,4.533
38.532,0.00698,0.00797,0.062,0.088,0.1011,0.0845,0.01339,0.01506,126,151,4.746
38.552,0.00809,0.00876,0.047,0.038,0.073,0.0469,0.01683,0.01823,139,143,4.939
38.571,0.0,0.0,0.0,0.0,0.0,0.0,0.0,0.0,26,27,4.784
38.591,0.00299,0.00263,0.0,0.0,0.1981,0.1856,0.00695,0.0064,45,41,4.971
38.612,0.00402,0.00563,0.0,0.071,0.1074,0.0709,0.00592,0.00709,51,112,5.129
38.631,0.00368,0.0,0.0,0.0,0.2013,0.0,0.00657,0.0,52,21,5.263
38.651,0.0,0.0,0.0,0.0,0.0,0.0,0.0,0.0,10,4,5.096
38.672,0.0,0.0,0.0,0.0,0.0,0.0,0.0,0.0,2,1,4.935
38.691,0.0,0.0,0.0,0.0,0.0,0.0,0.0,0.0,0,0,4.781
38.711,0.0,0.0,0.0,0.0,0.0,0.0,0.0,0.0,0,0,4.632
38.732,0.0,0.0,0.0,0.0,0.0,0.0,0.0,0.0,0,0,4.49
38.751,0.00469,0.00463,0.0,0.0,0.0897,0.0532,0.00678,0.00659,52,51,4.722
38.77,0.0,0.0,0.0,0.0,0.0,0.0,0.0,0.0,10,10,4.576
38.792,0.0,0.0,0.0,0.0,0.0,0.0,0.0,0.0,2,2,4.436
38.811,0.0,0.0,0.0,0.0,0.0,0.0,0.0,0.0,0,0,4.301
38.831,0.0,0.0,0.0,0.0,0.0,0.0,0.0,0.0,0,0,4.172
38.851,0.0,0.0,0.0,0.0,0.0,0.0,0.0,0.0,0,0,4.047
38.87,0.0,0.0,0.0,0.0,0.0,0.0,0.0,0.0,0,0,3.928
38.891,0.0,0.0,0.0,0.0,0.0,0.0,0.0,0.0,0,0,3.813
38.911,0.0,0.0,0.0,0.0,0.0,0.0,0.0,0.0,0,0,3.703
38.931,0.0,0.0,0.0,0.0,0.0,0.0,0.0,0.0,0,0,3.597
38.951,0.0,0.0,0.0,0.0,0.0,0.0,0.0,0.0,0,0,3.495
38.97,0.0,0.0,0.0,0.0,0.0,0.0,0.0,0.0,0,0,3.397
38.993,0.0,0.0,0.0,0.0,0.0,0.0,0.0,0.0,0,0,3.303
39.011,0.0,0.0,0.0,0.0,0.0,0.0,0.0,0.0,0,0,3.213
39.031,0.0,0.0,0.0,0.0,0.0,0.0,0.0,0.0,0,0,3.126
39.052,0.0,0.0,0.0,0.0,0.0,0.0,0.0,0.0,0,0,3.043
39.071,0.0,0.00311,0.0,0.0,0.0,0.1439,0.0,0.00554,0,28,3.497
39.091,0.0,0.0,0.0,0.0,0.0,0.0,0.0,0.0,0,5,3.399
39.111,0.0,0.0,0.0,0.0,0.0,0.0,0.0,0.0,0,1,3.305
39.131,0.00641,0.00435,0.067,0.0,0.0334,0.0365,0.01261,0.00747,94,41,3.718
39.151,0.0052,0.00666,0.0,0.074,0.0334,0.0271,0.00938,0.01217,63,108,4.069
39.17,0.0062,0.00603,0.0,0.0,0.0219,0.0365,0.01073,0.01088,69,76,4.365
39.191,0.00739,0.0075,0.0,0.058,0.0261,0.0177,0.01039,0.01026,79,113,4.616
39.211,0.0,0.0,0.0,0.0,0.0,0.0,0.0,0.0,15,21,4.474
39.232,0.0,0.0,0.0,0.0,0.0,0.0,0.0,0.0,3,4,4.338
39.251,0.0,0.0,0.0,0.0,0.0,0.0,0.0,0.0,1,1,4.207
39.271,0.00269,0.00381,0.0,0.0,0.0907,0.0782,0.00553,0.00559,34,41,4.482
39.29,0.00399,0.00496,0.0,0.0,0.0605,0.0511,0.00729,0.00841,50,60,4.715
39.31,0.0,0.0,0.0,0.0,0.0,0.0,0.0,0.0,10,11,4.57
39.331,0.0,0.0,0.0,0.0,0.0,0.0,0.0,0.0,2,2,4.43
39.351,0.0,0.0,0.0,0.0,0.0,0.0,0.0,0.0,0,0,4.295
39.372,0.0,0.0,0.0,0.0,0.0,0.0,0.0,0.0,0,0,4.166
39.391,0.0,0.0,0.0,0.0,0.0,0.0,0.0,0.0,0,0,4.042
39.411,0.0,0.0,0.0,0.0,0.0,0.0,0.0,0.0,0,0,3.923
39.431,0.0034,0.0031,0.0,0.0,0.0928,0.0928,0.00511,0.00517,35,33,4.242
39.451,0.00577,0.00594,0.062,0.075,0.073,0.0688,0.01284,0.01345,110,120,4.512
39.471,0.00416,0.00458,0.0,0.0,0.146,0.1418,0.01035,0.01104,71,77,4.74
39.492,0.003,0.00315,0.0,0.0,0.0719,0.0761,0.0074,0.00773,52,55,4.933
39.511,0.00815,0.00739,0.165,0.132,0.0156,0.024,0.01937,0.01803,192,187,4.907
39.531,0.0065,0.00797,0.0,0.0,0.0782,0.0532,0.01099,0.0123,108,114,5.075
39.551,0.00591,0.00707,0.0,0.0,0.0772,0.0688,0.01325,0.01569,94,107,5.217
39.571,0.00521,0.00644,0.0,0.0,0.0688,0.0709,0.01062,0.01141,81,93,5.337
39.59,0.00755,0.00673,0.086,0.0,0.0688,0.0709,0.01655,0.01586,173,108,5.423
39.611,0.00344,0.00447,0.0,0.0,0.1397,0.1272,0.00811,0.01072,81,82,5.511
39.631,0.00273,0.00259,0.0,0.0,0.1168,0.1439,0.00776,0.00768,58,58,5.586
39.651,0.00348,0.00311,0.0,0.0,0.1084,0.1126,0.00978,0.00873,67,61,5.65
39.671,0.00476,0.00473,0.0,0.037,0.098,0.0918,0.00976,0.01005,77,105,5.704
39.691,0.00766,0.00748,0.105,0.1,0.0428,0.0407,0.01569,0.0152,192,187,5.698
39.711,0.0069,0.0071,0.0,0.0,0.0428,0.0511,0.01886,0.01905,139,140,5.744
39.731,0.00453,0.00498,0.0,0.0,0.1345,0.1449,0.01023,0.0115,90,97,5.784
39.751,0.00611,0.0066,0.049,0.056,0.0855,0.0772,0.01636,0.01754,149,161,5.817
39.771,0.0016,0.00177,0.0,0.0,0.1522,0.1648,0.00404,0.00415,53,57,5.845
39.791,0.00324,0.00328,0.0,0.0,0.1105,0.0959,0.00831,0.0084,62,63,5.869
39.813,0.00443,0.00472,0.0,0.0,0.0928,0.0991,0.00983,0.01011,77,80,5.889
39.831,0.00393,0.00406,0.0,0.0,0.1011,0.0907,0.01041,0.01064,77,79,5.906
39.851,0.00412,0.0038,0.0,0.0,0.0991,0.0991,0.00943,0.00907,74,72,5.92
39.871,0.00394,0.00361,0.0,0.0,0.0553,0.0678,0.00941,0.00855,73,68,5.933
39.891,0.00584,0.00632,0.054,0.081,0.0459,0.0417,0.01023,0.01097,131,157,5.943
39.912,0.00627,0.00644,0.0,0.0,0.0469,0.049,0.01481,0.01551,115,123,5.952
39.931,0.00624,0.00608,0.0,0.0,0.0459,0.0438,0.01489,0.01462,113,112,5.959
39.951,0.00269,0.00265,0.0,0.0,0.0938,0.0938,0.00558,0.00537,60,59,5.965
39.971,0.00249,0.00234,0.0,0.0,0.1283,0.1199,0.00532,0.00506,47,45,5.971
39.991,0.00308,0.00319,0.0,0.0,0.0751,0.0626,0.00658,0.00705,54,57,5.975
40.011,0.00211,0.0025,0.0,0.0,0.097,0.0719,0.00612,0.00689,47,53,5.979
40.031,0.00256,0.00273,0.0,0.0,0.0678,0.074,0.0057,0.00615,47,51,5.982
40.051,0.00333,0.00363,0.0,0.0,0.0626,0.0605,0.00741,0.00792,60,64,5.985
40.071,0.00604,0.00628,0.075,0.079,0.0636,0.0428,0.01471,0.01546,165,173,5.987
40.091,0.00363,0.00406,0.0,0.0,0.0521,0.0396,0.00928,0.01018,88,96,5.989
40.111,0.00254,0.00232,0.0,0.0,0.0542,0.048,0.00616,0.00558,56,54,5.991
40.132,0.00303,0.00306,0.0,0.0,0.0469,0.0553,0.00726,0.00735,57,58,5.992
40.15,0.00363,0.0036,0.0,0.0,0.0469,0.0521,0.00889,0.0089,69,68,5.993
40.172,0.00323,0.00329,0.0,0.0,0.048,0.0365,0.00793,0.00802,63,64,5.994
40.191,0.00502,0.00523,0.0,0.05,0.0459,0.0323,0.01077,0.01116,86,128,5.995
40.211,0.0,0.0,0.0,0.0,0.0,0.0,0.0,0.0,16,24,5.799
40.231,0.00255,0.00254,0.0,0.0,0.0386,0.0532,0.00681,0.00685,49,49,5.83
40.251,0.00357,0.00348,0.0,0.0,0.0511,0.0574,0.0087,0.00812,66,63,5.856
40.271,0.0,0.0021,0.0,0.0,0.0,0.0761,0.0,0.00532,12,45,5.878
40.291,0.00192,0.00208,0.0,0.0,0.1001,0.073,0.00538,0.0058,39,43,5.897
40.31,0.00312,0.00314,0.0,0.0,0.0542,0.0396,0.00737,0.00749,57,58,5.913
40.332,0.00266,0.00282,0.0,0.0,0.0261,0.0302,0.00753,0.00798,55,58,5.926
40.351,0.00377,0.00376,0.0,0.0,0.0344,0.0282,0.00885,0.00899,69,69,5.938
40.371,0.00394,0.00399,0.0,0.0,0.025,0.0229,0.01008,0.00996,75,75,5.947
40.39,0.00263,0.0,0.0,0.0,0.0407,0.0,0.00647,0.0,55,14,5.955
40.411,0.0,0.00226,0.0,0.0,0.0,0.0459,0.0,0.00589,10,44,5.962
40.431,0.00344,0.00373,0.0,0.0,0.0428,0.0407,0.00794,0.0085,61,67,5.968
40.451,0.00386,0.0037,0.0,0.0,0.0501,0.0521,0.00728,0.00699,64,62,5.973
40.471,0.00468,0.00493,0.0,0.0,0.0417,0.0584,0.01239,0.01286,90,94,5.977
40.491,0.00187,0.0,0.0,0.0,0.0553,0.0,0.0052,0.0,49,18,5.981
40.511,0.0,0.00175,0.0,0.0,0.0,0.0803,0.0,0.00403,9,33,5.984
40.531,0.00263,0.00278,0.0,0.0,0.0521,0.0563,0.0068,0.0074,51,55,5.986
40.552,0.00226,0.0025,0.0,0.0,0.0521,0.0563,0.00544,0.00597,45,49,5.988
40.571,0.00275,0.00268,0.0,0.0,0.0448,0.0407,0.0072,0.00715,55,54,5.99
40.591,0.00226,0.00248,0.0,0.0,0.0636,0.0615,0.00566,0.00623,46,50,5.992
40.612,0.0,0.00129,0.0,0.0,0.0,0.0605,0.0,0.00348,9,31,5.993
40.631,0.00343,0.0029,0.0,0.0,0.0521,0.0438,0.00879,0.00755,65,57,5.994
40.65,0.00276,0.00252,0.0,0.0,0.0417,0.0355,0.00733,0.0068,57,52,5.995
40.67,0.0,0.0,0.0,0.0,0.0,0.0,0.0,0.0,11,10,5.799
40.691,0.0,0.0,0.0,0.0,0.0,0.0,0.0,0.0,2,2,5.611
40.711,0.0,0.0,0.0,0.0,0.0,0.0,0.0,0.0,0,0,5.43
40.731,0.00293,0.00268,0.0,0.0,0.048,0.049,0.00745,0.00668,51,46,5.518
40.751,0.00187,0.00196,0.0,0.0,0.0438,0.0375,0.00606,0.00637,42,43,5.592
40.772,0.00261,0.00244,0.0,0.0,0.0365,0.0417,0.0061,0.00582,46,44,5.654
40.791,0.0,0.0,0.0,0.0,0.0,0.0,0.0,0.0,9,8,5.472
40.811,0.00255,0.00267,0.0,0.0,0.0302,0.0323,0.00643,0.00713,45,49,5.553
40.831,0.0,0.0,0.0,0.0,0.0,0.0,0.0,0.0,9,9,5.374
40.851,0.0,0.0,0.0,0.0,0.0,0.0,0.0,0.0,2,2,5.203
40.871,0.00193,0.00202,0.0,0.0,0.0344,0.049,0.00568,0.0057,36,37,5.325
40.891,0.00352,0.00354,0.0,0.0,0.0365,0.0302,0.00757,0.00755,56,56,5.429
40.912,0.00377,0.00393,0.0,0.0,0.0365,0.0344,0.00925,0.00961,66,68,5.517
40.931,0.0,0.0,0.0,0.0,0.0,0.0,0.0,0.0,12,13,5.339
40.951,0.0,0.0,0.0,0.0,0.0,0.0,0.0,0.0,2,2,5.169
40.97,0.00328,0.00295,0.0,0.0,0.0355,0.0448,0.00804,0.0072,54,48,5.297
40.99,0.0,0.0,0.0,0.0,0.0,0.0,0.0,0.0,10,9,5.128
41.011,0.00259,0.00284,0.0,0.0,0.049,0.0438,0.00568,0.00635,40,44,5.262
41.031,0.0,0.00232,0.0,0.0,0.0,0.0407,0.0,0.00635,8,43,5.375
41.051,0.00331,0.00356,0.0,0.0,0.0386,0.0323,0.00696,0.00769,52,57,5.471
41.071,0.0,0.00279,0.0,0.0,0.0,0.0407,0.0,0.0073,10,53,5.552
41.09,0.00188,0.00203,0.0,0.0,0.0542,0.0407,0.00486,0.00495,35,40,5.621
41.111,0.0,0.0,0.0,0.0,0.0,0.0,0.0,0.0,7,8,5.44
41.131,0.00326,0.00366,0.0,0.0,0.0438,0.0209,0.00777,0.00884,55,62,5.526
41.151,0.0,0.0,0.0,0.0,0.0,0.0,0.0,0.0,10,12,5.348
41.171,0.0,0.0,0.0,0.0,0.0,0.0,0.0,0.0,2,2,5.178
41.191,0.0,0.0,0.0,0.0,0.0,0.0,0.0,0.0,0,0,5.014
41.211,0.0,0.0,0.0,0.0,0.0,0.0,0.0,0.0,0,0,4.857
41.232,0.0,0.0,0.0,0.0,0.0,0.0,0.0,0.0,0,0,4.706
41.251,0.00278,0.00289,0.0,0.0,0.0334,0.0282,0.00672,0.00701,42,44,4.904
41.27,0.0,0.0,0.0,0.0,0.0,0.0,0.0,0.0,8,8,4.751
41.291,0.0,0.0,0.0,0.0,0.0,0.0,0.0,0.0,1,2,4.604
41.311,0.0,0.0,0.0,0.0,0.0,0.0,0.0,0.0,0,0,4.463
41.331,0.0,0.0,0.0,0.0,0.0,0.0,0.0,0.0,0,0,4.327
41.351,0.0,0.0,0.0,0.0,0.0,0.0,0.0,0.0,0,0,4.197
41.371,0.0,0.0,0.0,0.0,0.0,0.0,0.0,0.0,0,0,4.071
41.391,0.0,0.0,0.0,0.0,0.0,0.0,0.0,0.0,0,0,3.951
41.411,0.0,0.0,0.0,0.0,0.0,0.0,0.0,0.0,0,0,3.835
41.431,0.0,0.0,0.0,0.0,0.0,0.0,0.0,0.0,0,0,3.724
41.45,0.0,0.0,0.0,0.0,0.0,0.0,0.0,0.0,0,0,3.617
41.471,0.0,0.0,0.0,0.0,0.0,0.0,0.0,0.0,0,0,3.514
41.491,0.0,0.0,0.0,0.0,0.0,0.0,0.0,0.0,0,0,3.416
41.511,0.0,0.0,0.0,0.0,0.0,0.0,0.0,0.0,0,0,3.321
41.532,0.0,0.0,0.0,0.0,0.0,0.0,0.0,0.0,0,0,3.23
41.55,0.0,0.0,0.0,0.0,0.0,0.0,0.0,0.0,0,0,3.143
41.571,0.0,0.0,0.0,0.0,0.0,0.0,0.0,0.0,0,0,3.059
41.59,0.0,0.0,0.0,0.0,0.0,0.0,0.0,0.0,0,0,2.978
41.612,0.0,0.0,0.0,0.0,0.0,0.0,0.0,0.0,0,0,2.9
41.631,0.0,0.0,0.0,0.0,0.0,0.0,0.0,0.0,0,0,2.826
41.65,0.0,0.0,0.0,0.0,0.0,0.0,0.0,0.0,0,0,2.754
41.671,0.0,0.00206,0.0,0.0,0.0,0.025,0.0,0.00539,0,22,3.253
41.691,0.0,0.0,0.0,0.0,0.0,0.0,0.0,0.0,0,4,3.164
41.711,0.0,0.0,0.0,0.0,0.0,0.0,0.0,0.0,0,1,3.079
41.73,0.0,0.0,0.0,0.0,0.0,0.0,0.0,0.0,0,0,2.998
41.751,0.0,0.0,0.0,0.0,0.0,0.0,0.0,0.0,0,0,2.92
41.77,0.0,0.0,0.0,0.0,0.0,0.0,0.0,0.0,0,0,2.844
41.79,0.0,0.0,0.0,0.0,0.0,0.0,0.0,0.0,0,0,2.772
41.811,0.0,0.0,0.0,0.0,0.0,0.0,0.0,0.0,0,0,2.702
41.832,0.0,0.0,0.0,0.0,0.0,0.0,0.0,0.0,0,0,2.636
41.851,0.0,0.0,0.0,0.0,0.0,0.0,0.0,0.0,0,0,2.572
41.871,0.0,0.0,0.0,0.0,0.0,0.0,0.0,0.0,0,0,2.51
41.89,0.0,0.0,0.0,0.0,0.0,0.0,0.0,0.0,0,0,2.451
41.91,0.0,0.0,0.0,0.0,0.0,0.0,0.0,0.0,0,0,2.394
41.931,0.0,0.0,0.0,0.0,0.0,0.0,0.0,0.0,0,0,2.339
41.951,0.0,0.0,0.0,0.0,0.0,0.0,0.0,0.0,0,0,2.287
41.971,0.0,0.0,0.0,0.0,0.0,0.0,0.0,0.0,0,0,2.236
41.991,0.0,0.0,0.0,0.0,0.0,0.0,0.0,0.0,0,0,2.188
42.011,0.0,0.0,0.0,0.0,0.0,0.0,0.0,0.0,0,0,2.141
42.031,0.0,0.0,0.0,0.0,0.0,0.0,0.0,0.0,0,0,2.096
42.051,0.0,0.0,0.0,0.0,0.0,0.0,0.0,0.0,0,0,2.053
42.071,0.0,0.0,0.0,0.0,0.0,0.0,0.0,0.0,0,0,2.012
42.091,0.0,0.0,0.0,0.0,0.0,0.0,0.0,0.0,0,0,1.972
42.111,0.0,0.0,0.0,0.0,0.0,0.0,0.0,0.0,0,0,1.934
42.131,0.0,0.0,0.0,0.0,0.0,0.0,0.0,0.0,0,0,1.898
42.151,0.0,0.0,0.0,0.0,0.0,0.0,0.0,0.0,0,0,1.862
42.171,0.0,0.0,0.0,0.0,0.0,0.0,0.0,0.0,0,0,1.829
42.19,0.0,0.0,0.0,0.0,0.0,0.0,0.0,0.0,0,0,1.796
42.211,0.0,0.0,0.0,0.0,0.0,0.0,0.0,0.0,0,0,1.765
42.23,0.0,0.0,0.0,0.0,0.0,0.0,0.0,0.0,0,0,1.735
42.251,0.0,0.0,0.0,0.0,0.0,0.0,0.0,0.0,0,0,1.706
42.271,0.0,0.0,0.0,0.0,0.0,0.0,0.0,0.0,0,0,1.678
42.291,0.0,0.0,0.0,0.0,0.0,0.0,0.0,0.0,0,0,1.652
42.311,0.0,0.0,0.0,0.0,0.0,0.0,0.0,0.0,0,0,1.626
42.331,0.0,0.0,0.0,0.0,0.0,0.0,0.0,0.0,0,0,1.602
42.351,0.0,0.0,0.0,0.0,0.0,0.0,0.0,0.0,0,0,1.578
42.371,0.0,0.0,0.0,0.0,0.0,0.0,0.0,0.0,0,0,1.555
42.391,0.0,0.0,0.0,0.0,0.0,0.0,0.0,0.0,0,0,1.534
42.411,0.0,0.0,0.0,0.0,0.0,0.0,0.0,0.0,0,0,1.513
42.43,0.0,0.0,0.0,0.0,0.0,0.0,0.0,0.0,0,0,1.493
42.45,0.0,0.0,0.0,0.0,0.0,0.0,0.0,0.0,0,0,1.473
42.471,0.0,0.0,0.0,0.0,0.0,0.0,0.0,0.0,0,0,1.455
42.49,0.0,0.0,0.0,0.0,0.0,0.0,0.0,0.0,0,0,1.437
42.51,0.0,0.0,0.0,0.0,0.0,0.0,0.0,0.0,0,0,1.42
42.531,0.0,0.0,0.0,0.0,0.0,0.0,0.0,0.0,0,0,1.403
42.551,0.0,0.0,0.0,0.0,0.0,0.0,0.0,0.0,0,0,1.388
42.571,0.0,0.0,0.0,0.0,0.0,0.0,0.0,0.0,0,0,1.372
42.591,0.0,0.0,0.0,0.0,0.0,0.0,0.0,0.0,0,0,1.358
42.61,0.0,0.0,0.0,0.0,0.0,0.0,0.0,0.0,0,0,1.344
42.631,0.0,0.0,0.0,0.0,0.0,0.0,0.0,0.0,0,0,1.33
42.652,0.0,0.0,0.0,0.0,0.0,0.0,0.0,0.0,0,0,1.317
42.671,0.0,0.0,0.0,0.0,0.0,0.0,0.0,0.0,0,0,1.305
42.692,0.0,0.00169,0.0,0.0,0.0,0.0407,0.0,0.00374,0,10,2.026
42.712,0.0,0.00149,0.0,0.0,0.0,0.0553,0.0,0.00413,0,14,2.636
42.731,0.0,0.0,0.0,0.0,0.0,0.0,0.0,0.0,0,3,2.572
42.751,0.0,0.0,0.0,0.0,0.0,0.0,0.0,0.0,0,0,2.51
42.771,0.0,0.0,0.0,0.0,0.0,0.0,0.0,0.0,0,0,2.451
42.79,0.0,0.0,0.0,0.0,0.0,0.0,0.0,0.0,0,0,2.394
42.811,0.0,0.0,0.0,0.0,0.0,0.0,0.0,0.0,0,0,2.339
42.831,0.0,0.0,0.0,0.0,0.0,0.0,0.0,0.0,0,0,2.287
42.851,0.0,0.0,0.0,0.0,0.0,0.0,0.0,0.0,0,0,2.236
42.87,0.0,0.0,0.0,0.0,0.0,0.0,0.0,0.0,0,0,2.188
42.89,0.0,0.0,0.0,0.0,0.0,0.0,0.0,0.0,0,0,2.141
42.911,0.0,0.0,0.0,0.0,0.0,0.0,0.0,0.0,0,0,2.096
42.931,0.0,0.0,0.0,0.0,0.0,0.0,0.0,0.0,0,0,2.054
42.951,0.0,0.0,0.0,0.0,0.0,0.0,0.0,0.0,0,0,2.012
42.971,0.0,0.0,0.0,0.0,0.0,0.0,0.0,0.0,0,0,1.973
42.991,0.0,0.0,0.0,0.0,0.0,0.0,0.0,0.0,0,0,1.934
43.012,0.0,0.0,0.0,0.0,0.0,0.0,0.0,0.0,0,0,1.898
43.031,0.0,0.0,0.0,0.0,0.0,0.0,0.0,0.0,0,0,1.863
43.051,0.0,0.0,0.0,0.0,0.0,0.0,0.0,0.0,0,0,1.829
43.071,0.0,0.0,0.0,0.0,0.0,0.0,0.0,0.0,0,0,1.796
43.091,0.0,0.0,0.0,0.0,0.0,0.0,0.0,0.0,0,0,1.765
43.111,0.0,0.0,0.0,0.0,0.0,0.0,0.0,0.0,0,0,1.735
43.131,0.0,0.0,0.0,0.0,0.0,0.0,0.0,0.0,0,0,1.706
43.15,0.0,0.0,0.0,0.0,0.0,0.0,0.0,0.0,0,0,1.678
43.171,0.0,0.0,0.0,0.0,0.0,0.0,0.0,0.0,0,0,1.652
43.191,0.0,0.0,0.0,0.0,0.0,0.0,0.0,0.0,0,0,1.626
43.21,0.0,0.0,0.0,0.0,0.0,0.0,0.0,0.0,0,0,1.602
43.231,0.0,0.0,0.0,0.0,0.0,0.0,0.0,0.0,0,0,1.578
43.251,0.0,0.0,0.0,0.0,0.0,0.0,0.0,0.0,0,0,1.556
43.272,0.0,0.0,0.0,0.0,0.0,0.0,0.0,0.0,0,0,1.534
43.291,0.0,0.0,0.0,0.0,0.0,0.0,0.0,0.0,0,0,1.513
43.311,0.0,0.0,0.0,0.0,0.0,0.0,0.0,0.0,0,0,1.493
43.331,0.0,0.0,0.0,0.0,0.0,0.0,0.0,0.0,0,0,1.473
43.351,0.0,0.0,0.0,0.0,0.0,0.0,0.0,0.0,0,0,1.455
43.371,0.0,0.0,0.0,0.0,0.0,0.0,0.0,0.0,0,0,1.437
43.391,0.0,0.0,0.0,0.0,0.0,0.0,0.0,0.0,0,0,1.42
43.411,0.0,0.0,0.0,0.0,0.0,0.0,0.0,0.0,0,0,1.403
43.431,0.0,0.0,0.0,0.0,0.0,0.0,0.0,0.0,0,0,1.388
43.451,0.0,0.0,0.0,0.0,0.0,0.0,0.0,0.0,0,0,1.372
43.471,0.0,0.0,0.0,0.0,0.0,0.0,0.0,0.0,0,0,1.358
43.491,0.0,0.0,0.0,0.0,0.0,0.0,0.0,0.0,0,0,1.344
43.51,0.0,0.0,0.0,0.0,0.0,0.0,0.0,0.0,0,0,1.33
43.531,0.0,0.0,0.0,0.0,0.0,0.0,0.0,0.0,0,0,1.317
43.551,0.0,0.0,0.0,0.0,0.0,0.0,0.0,0.0,0,0,1.305
43.571,0.0,0.0,0.0,0.0,0.0,0.0,0.0,0.0,0,0,1.293
43.591,0.0,0.0,0.0,0.0,0.0,0.0,0.0,0.0,0,0,1.281
43.611,0.0,0.0,0.0,0.0,0.0,0.0,0.0,0.0,0,0,1.27
43.631,0.0,0.0,0.0,0.0,0.0,0.0,0.0,0.0,0,0,1.26
43.651,0.0,0.0,0.0,0.0,0.0,0.0,0.0,0.0,0,0,1.25
43.671,0.0,0.0,0.0,0.0,0.0,0.0,0.0,0.0,0,0,1.24
43.691,0.0,0.0,0.0,0.0,0.0,0.0,0.0,0.0,0,0,1.23
43.711,0.0,0.0,0.0,0.0,0.0,0.0,0.0,0.0,0,0,1.221
43.73,0.0,0.0,0.0,0.0,0.0,0.0,0.0,0.0,0,0,1.213
43.751,0.0,0.0,0.0,0.0,0.0,0.0,0.0,0.0,0,0,1.204
43.772,0.0,0.0,0.0,0.0,0.0,0.0,0.0,0.0,0,0,1.196
43.791,0.0,0.0,0.0,0.0,0.0,0.0,0.0,0.0,0,0,1.189
43.811,0.0,0.0,0.0,0.0,0.0,0.0,0.0,0.0,0,0,1.181
43.83,0.0,0.0,0.0,0.0,0.0,0.0,0.0,0.0,0,0,1.174
43.851,0.0,0.0,0.0,0.0,0.0,0.0,0.0,0.0,0,0,1.167
43.87,0.0,0.0,0.0,0.0,0.0,0.0,0.0,0.0,0,0,1.161
43.891,0.00367,0.0034,0.0,0.0,0.1721,0.1814,0.00714,0.00709,19,18,1.904
43.91,0.00566,0.00631,0.055,0.086,0.195,0.1585,0.00788,0.0086,51,64,2.533
43.931,0.00624,0.00704,0.02,0.03,0.1731,0.1648,0.01441,0.01736,64,77,3.065
43.951,0.00682,0.0062,0.023,0.0,0.2868,0.2826,0.01126,0.00846,70,56,3.515
43.97,0.00584,0.00476,0.0,0.0,0.0813,0.0824,0.01272,0.01088,67,56,3.897
43.991,0.0057,0.0022,0.0,0.0,0.1345,0.2576,0.00836,0.00464,60,33,4.22
44.011,0.00434,0.00355,0.0,0.0,0.1679,0.1345,0.00868,0.00706,56,45,4.493
44.031,0.00449,0.0,0.0,0.0,0.17,0.0,0.00851,0.0,58,8,4.724
44.051,0.00558,0.00635,0.033,0.069,0.1502,0.0865,0.01147,0.01383,97,129,4.92
44.071,0.00637,0.00795,0.029,0.071,0.0792,0.0553,0.01255,0.01469,107,150,5.086
44.091,0.00699,0.00746,0.025,0.0,0.1512,0.097,0.01688,0.01906,126,126,5.226
44.111,0.0,0.00324,0.0,0.0,0.0,0.1356,0.0,0.00559,24,61,5.345
44.131,0.0,0.00394,0.0,0.0,0.0,0.1689,0.0,0.00815,4,62,5.446
44.151,0.0,0.0,0.0,0.0,0.0,0.0,0.0,0.0,1,12,5.271
44.17,0.0,0.0,0.0,0.0,0.0,0.0,0.0,0.0,0,2,5.104
44.191,0.0,0.0,0.0,0.0,0.0,0.0,0.0,0.0,0,0,4.943
44.21,0.0,0.0,0.0,0.0,0.0,0.0,0.0,0.0,0,0,4.788
44.231,0.0,0.0,0.0,0.0,0.0,0.0,0.0,0.0,0,0,4.64
44.25,0.0,0.0,0.0,0.0,0.0,0.0,0.0,0.0,0,0,4.497
44.271,0.0,0.0,0.0,0.0,0.0,0.0,0.0,0.0,0,0,4.36
44.291,0.0,0.0,0.0,0.0,0.0,0.0,0.0,0.0,0,0,4.228
44.31,0.0,0.0,0.0,0.0,0.0,0.0,0.0,0.0,0,0,4.102
44.331,0.0,0.0,0.0,0.0,0.0,0.0,0.0,0.0,0,0,3.98
44.351,0.0,0.0,0.0,0.0,0.0,0.0,0.0,0.0,0,0,3.863
44.371,0.0,0.0,0.0,0.0,0.0,0.0,0.0,0.0,0,0,3.751
44.39,0.0,0.0,0.0,0.0,0.0,0.0,0.0,0.0,0,0,3.643
44.411,0.0,0.0,0.0,0.0,0.0,0.0,0.0,0.0,0,0,3.539
44.431,0.0,0.0,0.0,0.0,0.0,0.0,0.0,0.0,0,0,3.44
44.45,0.0,0.0,0.0,0.0,0.0,0.0,0.0,0.0,0,0,3.344
44.47,0.0,0.0,0.0,0.0,0.0,0.0,0.0,0.0,0,0,3.252
44.491,0.0,0.0,0.0,0.0,0.0,0.0,0.0,0.0,0,0,3.164
44.51,0.0,0.0,0.0,0.0,0.0,0.0,0.0,0.0,0,0,3.079
44.531,0.0,0.0,0.0,0.0,0.0,0.0,0.0,0.0,0,0,2.998
44.551,0.0,0.0,0.0,0.0,0.0,0.0,0.0,0.0,0,0,2.919
44.57,0.0,0.0,0.0,0.0,0.0,0.0,0.0,0.0,0,0,2.844
44.591,0.0,0.0,0.0,0.0,0.0,0.0,0.0,0.0,0,0,2.772
44.61,0.0,0.0,0.0,0.0,0.0,0.0,0.0,0.0,0,0,2.702
44.63,0.0,0.0,0.0,0.0,0.0,0.0,0.0,0.0,0,0,2.635
44.651,0.0,0.0,0.0,0.0,0.0,0.0,0.0,0.0,0,0,2.571
44.672,0.0,0.0,0.0,0.0,0.0,0.0,0.0,0.0,0,0,2.51
44.69,0.0,0.0,0.0,0.0,0.0,0.0,0.0,0.0,0,0,2.451
44.711,0.0,0.0,0.0,0.0,0.0,0.0,0.0,0.0,0,0,2.394
44.731,0.0,0.0,0.0,0.0,0.0,0.0,0.0,0.0,0,0,2.339
44.751,0.0,0.0,0.0,0.0,0.0,0.0,0.0,0.0,0,0,2.286
44.771,0.0,0.0,0.0,0.0,0.0,0.0,0.0,0.0,0,0,2.236
44.79,0.0,0.0,0.0,0.0,0.0,0.0,0.0,0.0,0,0,2.188
44.811,0.0,0.0,0.0,0.0,0.0,0.0,0.0,0.0,0,0,2.141
44.831,0.0,0.0,0.0,0.0,0.0,0.0,0.0,0.0,0,0,2.096
44.851,0.0,0.0,0.0,0.0,0.0,0.0,0.0,0.0,0,0,2.053
44.871,0.0,0.0,0.0,0.0,0.0,0.0,0.0,0.0,0,0,2.012
44.891,0.0,0.0,0.0,0.0,0.0,0.0,0.0,0.0,0,0,1.972
44.911,0.0,0.0,0.0,0.0,0.0,0.0,0.0,0.0,0,0,1.934
44.932,0.0,0.0,0.0,0.0,0.0,0.0,0.0,0.0,0,0,1.898
44.951,0.0,0.0,0.0,0.0,0.0,0.0,0.0,0.0,0,0,1.862
44.971,0.0,0.0,0.0,0.0,0.0,0.0,0.0,0.0,0,0,1.829
44.991,0.0,0.0,0.0,0.0,0.0,0.0,0.0,0.0,0,0,1.796
45.011,0.0,0.0,0.0,0.0,0.0,0.0,0.0,0.0,0,0,1.765
45.031,0.0,0.0,0.0,0.0,0.0,0.0,0.0,0.0,0,0,1.735
45.052,0.0,0.0,0.0,0.0,0.0,0.0,0.0,0.0,0,0,1.706
45.071,0.0,0.0,0.0,0.0,0.0,0.0,0.0,0.0,0,0,1.678
45.091,0.0,0.0,0.0,0.0,0.0,0.0,0.0,0.0,0,0,1.652
45.111,0.0,0.0,0.0,0.0,0.0,0.0,0.0,0.0,0,0,1.626
45.131,0.0,0.0,0.0,0.0,0.0,0.0,0.0,0.0,0,0,1.602
45.151,0.0,0.0,0.0,0.0,0.0,0.0,0.0,0.0,0,0,1.578
45.171,0.0,0.0,0.0,0.0,0.0,0.0,0.0,0.0,0,0,1.555
45.191,0.0,0.0,0.0,0.0,0.0,0.0,0.0,0.0,0,0,1.534
45.211,0.0,0.0,0.0,0.0,0.0,0.0,0.0,0.0,0,0,1.513
45.23,0.0,0.0,0.0,0.0,0.0,0.0,0.0,0.0,0,0,1.493
45.25,0.0,0.0,0.0,0.0,0.0,0.0,0.0,0.0,0,0,1.473
45.271,0.0,0.0,0.0,0.0,0.0,0.0,0.0,0.0,0,0,1.455
45.291,0.0,0.0,0.0,0.0,0.0,0.0,0.0,0.0,0,0,1.437
45.312,0.0,0.0,0.0,0.0,0.0,0.0,0.0,0.0,0,0,1.42
45.331,0.0,0.0,0.0,0.0,0.0,0.0,0.0,0.0,0,0,1.403
45.352,0.0,0.0,0.0,0.0,0.0,0.0,0.0,0.0,0,0,1.387
45.372,0.0,0.0,0.0,0.0,0.0,0.0,0.0,0.0,0,0,1.372
45.391,0.0,0.0,0.0,0.0,0.0,0.0,0.0,0.0,0,0,1.358
45.41,0.0,0.0,0.0,0.0,0.0,0.0,0.0,0.0,0,0,1.344
45.431,0.0,0.0,0.0,0.0,0.0,0.0,0.0,0.0,0,0,1.33
45.451,0.0,0.0,0.0,0.0,0.0,0.0,0.0,0.0,0,0,1.317
45.471,0.0,0.0,0.0,0.0,0.0,0.0,0.0,0.0,0,0,1.305
45.491,0.0,0.0,0.0,0.0,0.0,0.0,0.0,0.0,0,0,1.293
45.511,0.0,0.0,0.0,0.0,0.0,0.0,0.0,0.0,0,0,1.281
45.531,0.0,0.0,0.0,0.0,0.0,0.0,0.0,0.0,0,0,1.27
45.55,0.0,0.0,0.0,0.0,0.0,0.0,0.0,0.0,0,0,1.26
45.57,0.0,0.0,0.0,0.0,0.0,0.0,0.0,0.0,0,0,1.25
45.591,0.0,0.0,0.0,0.0,0.0,0.0,0.0,0.0,0,0,1.24
45.611,0.0,0.0,0.0,0.0,0.0,0.0,0.0,0.0,0,0,1.23
45.631,0.0,0.0,0.0,0.0,0.0,0.0,0.0,0.0,0,0,1.221
45.651,0.0,0.0,0.0,0.0,0.0,0.0,0.0,0.0,0,0,1.213
45.671,0.0,0.0,0.0,0.0,0.0,0.0,0.0,0.0,0,0,1.204
45.693,0.0,0.0,0.0,0.0,0.0,0.0,0.0,0.0,0,0,1.196
45.711,0.0,0.0,0.0,0.0,0.0,0.0,0.0,0.0,0,0,1.189
45.731,0.0,0.0,0.0,0.0,0.0,0.0,0.0,0.0,0,0,1.181
45.752,0.0,0.0,0.0,0.0,0.0,0.0,0.0,0.0,0,0,1.174
45.771,0.0,0.0,0.0,0.0,0.0,0.0,0.0,0.0,0,0,1.167
45.791,0.0,0.0,0.0,0.0,0.0,0.0,0.0,0.0,0,0,1.161
45.811,0.0,0.0,0.0,0.0,0.0,0.0,0.0,0.0,0,0,1.154
45.831,0.0,0.0,0.0,0.0,0.0,0.0,0.0,0.0,0,0,1.148
45.851,0.0,0.0,0.0,0.0,0.0,0.0,0.0,0.0,0,0,1.143
45.872,0.0,0.0,0.0,0.0,0.0,0.0,0.0,0.0,0,0,1.137
45.89,0.0,0.0,0.0,0.0,0.0,0.0,0.0,0.0,0,0,1.132
45.911,0.0,0.0,0.0,0.0,0.0,0.0,0.0,0.0,0,0,1.126
45.931,0.0,0.0,0.0,0.0,0.0,0.0,0.0,0.0,0,0,1.121
45.951,0.0,0.0,0.0,0.0,0.0,0.0,0.0,0.0,0,0,1.117
45.971,0.0,0.0,0.0,0.0,0.0,0.0,0.0,0.0,0,0,1.112
45.991,0.0,0.0,0.0,0.0,0.0,0.0,0.0,0.0,0,0,1.108
46.012,0.0,0.0,0.0,0.0,0.0,0.0,0.0,0.0,0,0,1.104
46.031,0.0,0.0,0.0,0.0,0.0,0.0,0.0,0.0,0,0,1.099
46.051,0.0,0.0,0.0,0.0,0.0,0.0,0.0,0.0,0,0,1.096
46.071,0.0,0.0,0.0,0.0,0.0,0.0,0.0,0.0,0,0,1.092
46.091,0.0,0.0,0.0,0.0,0.0,0.0,0.0,0.0,0,0,1.088
46.111,0.0,0.0,0.0,0.0,0.0,0.0,0.0,0.0,0,0,1.085
46.132,0.0,0.0,0.0,0.0,0.0,0.0,0.0,0.0,0,0,1.081
46.151,0.0,0.0,0.0,0.0,0.0,0.0,0.0,0.0,0,0,1.078
46.17,0.0,0.0,0.0,0.0,0.0,0.0,0.0,0.0,0,0,1.075
46.191,0.0,0.0,0.0,0.0,0.0,0.0,0.0,0.0,0,0,1.072
46.21,0.0,0.0,0.0,0.0,0.0,0.0,0.0,0.0,0,0,1.069
46.231,0.0,0.0,0.0,0.0,0.0,0.0,0.0,0.0,0,0,1.067
46.251,0.0,0.0,0.0,0.0,0.0,0.0,0.0,0.0,0,0,1.064
46.271,0.0,0.0,0.0,0.0,0.0,0.0,0.0,0.0,0,0,1.062
46.291,0.0,0.0,0.0,0.0,0.0,0.0,0.0,0.0,0,0,1.059
46.311,0.0,0.0,0.0,0.0,0.0,0.0,0.0,0.0,0,0,1.057
46.331,0.0,0.0,0.0,0.0,0.0,0.0,0.0,0.0,0,0,1.055
46.351,0.0,0.0,0.0,0.0,0.0,0.0,0.0,0.0,0,0,1.052
46.372,0.0,0.0,0.0,0.0,0.0,0.0,0.0,0.0,0,0,1.05
46.39,0.0,0.0,0.0,0.0,0.0,0.0,0.0,0.0,0,0,1.048
46.41,0.0,0.0,0.0,0.0,0.0,0.0,0.0,0.0,0,0,1.047
46.431,0.0,0.0,0.0,0.0,0.0,0.0,0.0,0.0,0,0,1.045
46.451,0.0,0.0,0.0,0.0,0.0,0.0,0.0,0.0,0,0,1.043
46.471,0.0,0.0,0.0,0.0,0.0,0.0,0.0,0.0,0,0,1.041
46.491,0.0,0.0,0.0,0.0,0.0,0.0,0.0,0.0,0,0,1.04
46.511,0.0,0.0,0.0,0.0,0.0,0.0,0.0,0.0,0,0,1.038
46.531,0.0,0.0,0.0,0.0,0.0,0.0,0.0,0.0,0,0,1.037
46.551,0.0,0.0,0.0,0.0,0.0,0.0,0.0,0.0,0,0,1.035
46.571,0.0,0.0,0.0,0.0,0.0,0.0,0.0,0.0,0,0,1.034
46.592,0.0,0.0,0.0,0.0,0.0,0.0,0.0,0.0,0,0,1.032
46.611,0.0,0.0,0.0,0.0,0.0,0.0,0.0,0.0,0,0,1.031
46.631,0.0,0.0,0.0,0.0,0.0,0.0,0.0,0.0,0,0,1.03
46.65,0.0,0.0,0.0,0.0,0.0,0.0,0.0,0.0,0,0,1.029
46.671,0.0,0.0,0.0,0.0,0.0,0.0,0.0,0.0,0,0,1.028
46.692,0.0,0.0,0.0,0.0,0.0,0.0,0.0,0.0,0,0,1.027
46.711,0.0,0.0,0.0,0.0,0.0,0.0,0.0,0.0,0,0,1.026
46.731,0.0,0.0,0.0,0.0,0.0,0.0,0.0,0.0,0,0,1.025
46.751,0.0,0.0,0.0,0.0,0.0,0.0,0.0,0.0,0,0,1.024
46.771,0.0,0.0,0.0,0.0,0.0,0.0,0.0,0.0,0,0,1.023
46.79,0.0,0.0,0.0,0.0,0.0,0.0,0.0,0.0,0,0,1.022
46.812,0.0,0.0,0.0,0.0,0.0,0.0,0.0,0.0,0,0,1.021
46.831,0.0,0.0,0.0,0.0,0.0,0.0,0.0,0.0,0,0,1.02
46.851,0.0,0.0,0.0,0.0,0.0,0.0,0.0,0.0,0,0,1.019
46.871,0.0,0.0,0.0,0.0,0.0,0.0,0.0,0.0,0,0,1.019
46.891,0.0,0.0,0.0,0.0,0.0,0.0,0.0,0.0,0,0,1.018
46.91,0.0,0.0,0.0,0.0,0.0,0.0,0.0,0.0,0,0,1.017
46.931,0.0,0.0,0.0,0.0,0.0,0.0,0.0,0.0,0,0,1.016
46.951,0.0,0.0,0.0,0.0,0.0,0.0,0.0,0.0,0,0,1.016
46.971,0.0,0.0,0.0,0.0,0.0,0.0,0.0,0.0,0,0,1.015
46.991,0.0,0.0,0.0,0.0,0.0,0.0,0.0,0.0,0,0,1.015
47.012,0.0,0.0,0.0,0.0,0.0,0.0,0.0,0.0,0,0,1.014
47.031,0.0,0.0,0.0,0.0,0.0,0.0,0.0,0.0,0,0,1.013
47.05,0.0,0.0,0.0,0.0,0.0,0.0,0.0,0.0,0,0,1.013
47.072,0.0,0.0,0.0,0.0,0.0,0.0,0.0,0.0,0,0,1.012
47.091,0.0,0.0,0.0,0.0,0.0,0.0,0.0,0.0,0,0,1.012
47.111,0.0,0.0,0.0,0.0,0.0,0.0,0.0,0.0,0,0,1.011
47.132,0.0,0.0,0.0,0.0,0.0,0.0,0.0,0.0,0,0,1.011
47.151,0.0,0.00211,0.0,0.0,0.0,0.17,0.0,0.00518,0,12,1.777
47.171,0.00289,0.00326,0.0,0.0,0.0918,0.0855,0.00555,0.00564,19,21,2.425
47.191,0.0,0.0,0.0,0.0,0.0,0.0,0.0,0.0,4,4,2.369
47.211,0.00631,0.00383,0.086,0.0,0.0292,0.0334,0.0119,0.00922,80,34,2.927
47.231,0.00601,0.00725,0.0,0.118,0.0261,0.0229,0.01047,0.01009,58,106,3.389
47.251,0.00575,0.0059,0.0,0.0,0.0428,0.049,0.00686,0.00946,50,65,3.79
47.271,0.00758,0.00732,0.075,0.059,0.0209,0.0115,0.01302,0.01326,116,108,4.129
47.291,0.00382,0.00483,0.0,0.0,0.0438,0.0313,0.0059,0.00681,56,62,4.417
47.311,0.0,0.0015,0.0,0.0,0.0,0.1345,0.0,0.00377,11,31,4.66
47.331,0.0,0.0,0.0,0.0,0.0,0.0,0.0,0.0,2,6,4.516
47.351,0.0,0.00177,0.0,0.0,0.0,0.1022,0.0,0.00414,0,26,4.744
47.371,0.0034,0.00475,0.0,0.061,0.123,0.0907,0.00584,0.00743,43,96,4.937
47.39,0.00425,0.00473,0.0,0.0,0.1053,0.1084,0.00754,0.00722,57,67,5.1
47.411,0.0076,0.00838,0.122,0.151,0.0542,0.0459,0.01841,0.01947,189,207,5.073
47.431,0.0044,0.00555,0.0,0.0,0.146,0.146,0.01079,0.01231,94,109,5.215
47.451,0.00926,0.00959,0.206,0.194,0.024,0.024,0.01995,0.02081,232,232,5.157
47.471,0.00676,0.00723,0.0,0.0,0.0344,0.024,0.01534,0.01614,128,133,5.286
47.49,0.00304,0.00362,0.0,0.0,0.0521,0.0396,0.00857,0.00854,70,74,5.396
47.511,0.00477,0.00502,0.042,0.0,0.0501,0.0699,0.01126,0.01225,109,85,5.489
47.531,0.00465,0.0043,0.0,0.0,0.0605,0.0865,0.01226,0.0116,89,80,5.567
47.55,0.0059,0.00639,0.041,0.071,0.1345,0.1157,0.01195,0.01309,122,150,5.634
47.572,0.00318,0.00339,0.0,0.0,0.1387,0.1429,0.00717,0.00787,68,77,5.69
47.59,0.00268,0.00259,0.0,0.0,0.1053,0.1157,0.00853,0.00773,59,58,5.737
47.611,0.00292,0.00274,0.0,0.0,0.097,0.0928,0.00732,0.00734,56,54,5.778
47.631,0.00468,0.00466,0.0,0.0,0.0865,0.0886,0.01066,0.01054,81,80,5.812
47.651,0.00636,0.00657,0.058,0.069,0.0438,0.0375,0.01424,0.01504,150,162,5.841
47.671,0.00634,0.00671,0.0,0.0,0.0428,0.0407,0.01614,0.01708,122,129,5.865
47.69,0.00511,0.00546,0.0,0.0,0.122,0.122,0.01336,0.01403,102,107,5.886
47.71,0.00723,0.00754,0.083,0.087,0.1189,0.1272,0.01699,0.0177,185,192,5.88
47.731,0.00265,0.00249,0.0,0.0,0.146,0.1554,0.00672,0.00643,76,76,5.899
47.751,0.00283,0.003,0.0,0.0,0.1157,0.1095,0.00695,0.00759,58,61,5.914
47.77,0.0048,0.00479,0.0,0.0,0.0938,0.0959,0.01225,0.01212,89,89,5.927
47.791,0.00286,0.00315,0.0,0.0,0.1491,0.1251,0.0055,0.00606,56,60,5.939
47.811,0.0035,0.00363,0.0,0.0,0.1022,0.0897,0.00818,0.00913,64,69,5.948
47.831,0.00567,0.00534,0.063,0.0,0.049,0.0553,0.01331,0.01216,148,94,5.956
47.851,0.00735,0.00762,0.07,0.096,0.0302,0.0219,0.01478,0.01526,172,192,5.95
47.871,0.00658,0.00678,0.0,0.0,0.0375,0.0521,0.01427,0.01484,123,130,5.957
47.891,0.00603,0.00575,0.0,0.0,0.0323,0.0448,0.01648,0.01567,118,115,5.964
47.911,0.00319,0.00342,0.0,0.0,0.1011,0.0761,0.00679,0.00749,68,71,5.97
47.931,0.00186,0.00167,0.0,0.0,0.1241,0.1064,0.0049,0.00454,43,42,5.974
47.951,0.00265,0.00265,0.0,0.0,0.0834,0.0792,0.00546,0.00569,46,47,5.978
47.971,0.0019,0.00178,0.0,0.0,0.0865,0.1032,0.00486,0.00477,40,39,5.982
47.991,0.00234,0.00249,0.0,0.0,0.0813,0.0855,0.00551,0.00565,44,46,5.984
48.011,0.00328,0.00302,0.0,0.0,0.0594,0.074,0.00853,0.00841,64,62,5.987
48.031,0.0043,0.00447,0.0,0.0,0.0845,0.0886,0.00944,0.00979,76,78,5.989
48.051,0.00375,0.00393,0.0,0.0,0.0594,0.0511,0.00839,0.00867,69,72,5.991
48.071,0.00299,0.00286,0.0,0.0,0.0313,0.0438,0.00778,0.00753,61,60,5.992
48.091,0.00307,0.00313,0.0,0.0,0.0563,0.0542,0.0069,0.0067,57,57,5.993
48.111,0.00344,0.00342,0.0,0.0,0.0532,0.0574,0.00881,0.00915,67,68,5.994
48.131,0.00343,0.00335,0.0,0.0,0.0355,0.0626,0.00748,0.00704,62,61,5.995
48.151,0.00389,0.00394,0.0,0.0,0.0438,0.0313,0.00865,0.00871,70,70,5.996
48.171,0.0,0.0,0.0,0.0,0.0,0.0,0.0,0.0,13,13,5.8
48.191,0.00251,0.0,0.0,0.0,0.0532,0.0,0.00641,0.0,47,3,5.831
48.211,0.0023,0.0,0.0,0.0,0.0594,0.0,0.0059,0.0,45,0,5.857
48.231,0.0,0.00227,0.0,0.0,0.0,0.0521,0.0,0.00565,9,42,5.879
48.252,0.00298,0.00294,0.0,0.0,0.0792,0.0605,0.00708,0.00707,54,55,5.897
48.27,0.00354,0.00321,0.0,0.0,0.0323,0.0302,0.00915,0.00849,68,63,5.913
48.291,0.00394,0.00413,0.0,0.0,0.0271,0.0271,0.00948,0.00979,73,75,5.926
48.311,0.00313,0.0029,0.0,0.0,0.0282,0.0282,0.00872,0.00841,66,64,5.938
48.331,0.0038,0.00358,0.0,0.0,0.0156,0.025,0.00923,0.00876,71,67,5.947
48.351,0.0,0.0,0.0,0.0,0.0,0.0,0.0,0.0,13,13,5.753
48.371,0.00252,0.00259,0.0,0.0,0.0574,0.0657,0.00637,0.00636,47,47,5.791
48.39,0.00326,0.00304,0.0,0.0,0.0605,0.0542,0.00805,0.00751,60,57,5.823
48.411,0.00396,0.00399,0.0,0.0,0.0292,0.0542,0.0088,0.00887,69,69,5.85
48.431,0.00383,0.004,0.0,0.0,0.0532,0.0594,0.00895,0.00935,69,72,5.873
48.45,0.00194,0.0,0.0,0.0,0.0845,0.0,0.00556,0.0,46,14,5.893
48.471,0.00209,0.00227,0.0,0.0,0.0845,0.0699,0.00499,0.00568,41,43,5.909
48.491,0.00257,0.00243,0.0,0.0,0.0574,0.0647,0.00625,0.00585,49,46,5.923
48.511,0.0,0.0,0.0,0.0,0.0,0.0,0.0,0.0,9,9,5.73
48.53,0.00306,0.00324,0.0,0.0,0.0636,0.0448,0.00753,0.00767,55,57,5.772
48.551,0.00163,0.00179,0.0,0.0,0.0918,0.0751,0.00424,0.00493,36,40,5.807
48.571,0.00204,0.00215,0.0,0.0,0.0532,0.049,0.005,0.00532,39,41,5.836
48.591,0.00208,0.00205,0.0,0.0,0.0469,0.0448,0.00626,0.006,44,43,5.861
48.611,0.0,0.0,0.0,0.0,0.0,0.0,0.0,0.0,8,8,5.671
48.631,0.0,0.0,0.0,0.0,0.0,0.0,0.0,0.0,2,2,5.488
48.651,0.0,0.0,0.0,0.0,0.0,0.0,0.0,0.0,0,0,5.312
48.671,0.00136,0.00155,0.0,0.0,0.074,0.0865,0.00363,0.00452,25,29,5.417
48.691,0.00277,0.00306,0.0,0.0,0.0542,0.0542,0.00675,0.00775,48,54,5.507
48.711,0.00235,0.00231,0.0,0.0,0.0501,0.048,0.00583,0.00597,44,45,5.583
48.731,0.0,0.00225,0.0,0.0,0.0,0.0417,0.0,0.00537,8,41,5.647
48.751,0.00221,0.00238,0.0,0.0,0.0511,0.0532,0.00525,0.00608,39,45,5.701
48.77,0.00184,0.00231,0.0,0.0,0.0417,0.0511,0.00498,0.00597,37,44,5.747
48.79,0.00236,0.0,0.0,0.0,0.0334,0.0,0.00626,0.0,46,8,5.786
48.811,0.00188,0.00232,0.0,0.0,0.0417,0.0438,0.00433,0.00551,37,42,5.819
48.831,0.0021,0.00159,0.0,0.0,0.0365,0.0532,0.00617,0.0048,44,36,5.846
48.85,0.00358,0.00316,0.0,0.0,0.0313,0.0375,0.00875,0.00749,66,57,5.87
48.871,0.0,0.00355,0.0,0.0,0.0,0.0448,0.0,0.00802,12,63,5.89
48.891,0.0,0.0,0.0,0.0,0.0,0.0,0.0,0.0,2,12,5.698
48.911,0.0,0.0,0.0,0.0,0.0,0.0,0.0,0.0,0,2,5.514
48.931,0.00337,0.0034,0.0,0.0,0.0448,0.0542,0.00759,0.00756,55,55,5.589
48.951,0.0,0.0,0.0,0.0,0.0,0.0,0.0,0.0,10,10,5.409
48.971,0.00289,0.00294,0.0,0.0,0.0386,0.0438,0.00675,0.00674,48,49,5.499
48.991,0.0,0.0,0.0,0.0,0.0,0.0,0.0,0.0,9,9,5.323
49.011,0.0026,0.00286,0.0,0.0,0.0344,0.0365,0.00642,0.00701,44,48,5.427
49.03,0.0,0.0,0.0,0.0,0.0,0.0,0.0,0.0,8,9,5.253
49.051,0.0,0.0,0.0,0.0,0.0,0.0,0.0,0.0,2,2,5.087
49.071,0.0,0.0,0.0,0.0,0.0,0.0,0.0,0.0,0,0,4.926
49.092,0.0,0.0,0.0,0.0,0.0,0.0,0.0,0.0,0,0,4.772
49.111,0.0,0.0,0.0,0.0,0.0,0.0,0.0,0.0,0,0,4.624
49.131,0.0,0.0,0.0,0.0,0.0,0.0,0.0,0.0,0,0,4.482
49.151,0.0,0.0,0.0,0.0,0.0,0.0,0.0,0.0,0,0,4.346
49.171,0.0,0.0,0.0,0.0,0.0,0.0,0.0,0.0,0,0,4.215
49.191,0.0,0.0,0.0,0.0,0.0,0.0,0.0,0.0,0,0,4.089
49.212,0.00217,0.00216,0.0,0.0,0.0334,0.0302,0.00534,0.00526,30,30,4.382
49.231,0.0,0.0,0.0,0.0,0.0,0.0,0.0,0.0,6,6,4.249
49.251,0.0,0.0,0.0,0.0,0.0,0.0,0.0,0.0,1,1,4.122
49.272,0.0,0.0,0.0,0.0,0.0,0.0,0.0,0.0,0,0,4.0
49.291,0.0,0.0,0.0,0.0,0.0,0.0,0.0,0.0,0,0,3.882
49.311,0.0,0.0,0.0,0.0,0.0,0.0,0.0,0.0,0,0,3.769
49.331,0.0,0.0,0.0,0.0,0.0,0.0,0.0,0.0,0,0,3.66
49.351,0.0,0.0,0.0,0.0,0.0,0.0,0.0,0.0,0,0,3.556
49.371,0.0,0.0,0.0,0.0,0.0,0.0,0.0,0.0,0,0,3.456
49.391,0.0,0.0,0.0,0.0,0.0,0.0,0.0,0.0,0,0,3.36
49.412,0.00189,0.0,0.0,0.0,0.0761,0.0,0.00437,0.0,22,0,3.765
49.43,0.00213,0.0,0.0,0.0,0.0772,0.0,0.00508,0.0,28,0,4.108
49.451,0.0,0.0,0.0,0.0,0.0,0.0,0.0,0.0,5,0,3.986
49.471,0.0,0.0,0.0,0.0,0.0,0.0,0.0,0.0,1,0,3.869
49.491,0.0,0.0,0.0,0.0,0.0,0.0,0.0,0.0,0,0,3.757
49.511,0.0,0.0,0.0,0.0,0.0,0.0,0.0,0.0,0,0,3.648
49.531,0.0,0.0,0.0,0.0,0.0,0.0,0.0,0.0,0,0,3.545
49.551,0.00213,0.00196,0.0,0.0,0.0428,0.0313,0.00544,0.00509,27,25,3.922
49.572,0.0,0.00136,0.0,0.0,0.0,0.0396,0.0,0.00352,5,21,4.241
49.591,0.0,0.0,0.0,0.0,0.0,0.0,0.0,0.0,1,4,4.114
49.61,0.0,0.0,0.0,0.0,0.0,0.0,0.0,0.0,0,1,3.992
49.63,0.0,0.0,0.0,0.0,0.0,0.0,0.0,0.0,0,0,3.874
49.651,0.0,0.0,0.0,0.0,0.0,0.0,0.0,0.0,0,0,3.762
49.671,0.0,0.0,0.0,0.0,0.0,0.0,0.0,0.0,0,0,3.653
49.693,0.0,0.0,0.0,0.0,0.0,0.0,0.0,0.0,0,0,3.549
49.711,0.0,0.0,0.0,0.0,0.0,0.0,0.0,0.0,0,0,3.449
49.731,0.0,0.0,0.0,0.0,0.0,0.0,0.0,0.0,0,0,3.353
49.751,0.0,0.0,0.0,0.0,0.0,0.0,0.0,0.0,0,0,3.261
49.771,0.0,0.0,0.0,0.0,0.0,0.0,0.0,0.0,0,0,3.172
49.791,0.0,0.0,0.0,0.0,0.0,0.0,0.0,0.0,0,0,3.087
49.811,0.0,0.0,0.0,0.0,0.0,0.0,0.0,0.0,0,0,3.005
49.83,0.0,0.0,0.0,0.0,0.0,0.0,0.0,0.0,0,0,2.927
49.851,0.0,0.0,0.0,0.0,0.0,0.0,0.0,0.0,0,0,2.851
49.871,0.0,0.0,0.0,0.0,0.0,0.0,0.0,0.0,0,0,2.779
49.891,0.0,0.0,0.0,0.0,0.0,0.0,0.0,0.0,0,0,2.709
49.911,0.0,0.0,0.0,0.0,0.0,0.0,0.0,0.0,0,0,2.642
49.931,0.0,0.0,0.0,0.0,0.0,0.0,0.0,0.0,0,0,2.577
49.951,0.0,0.0,0.0,0.0,0.0,0.0,0.0,0.0,0,0,2.516
49.97,0.0,0.0,0.0,0.0,0.0,0.0,0.0,0.0,0,0,2.456
49.992,0.0,0.0,0.0,0.0,0.0,0.0,0.0,0.0,0,0,2.399
50.011,0.0,0.0,0.0,0.0,0.0,0.0,0.0,0.0,0,0,2.344
50.031,0.0,0.0,0.0,0.0,0.0,0.0,0.0,0.0,0,0,2.291
50.051,0.0,0.0,0.0,0.0,0.0,0.0,0.0,0.0,0,0,2.241
50.071,0.0,0.0,0.0,0.0,0.0,0.0,0.0,0.0,0,0,2.192
50.091,0.0,0.0,0.0,0.0,0.0,0.0,0.0,0.0,0,0,2.145
50.111,0.0,0.0,0.0,0.0,0.0,0.0,0.0,0.0,0,0,2.101
50.131,0.0,0.0,0.0,0.0,0.0,0.0,0.0,0.0,0,0,2.057
50.15,0.0,0.0,0.0,0.0,0.0,0.0,0.0,0.0,0,0,2.016
50.171,0.0,0.0,0.0,0.0,0.0,0.0,0.0,0.0,0,0,1.976
50.191,0.0,0.0,0.0,0.0,0.0,0.0,0.0,0.0,0,0,1.938
50.211,0.0,0.0,0.0,0.0,0.0,0.0,0.0,0.0,0,0,1.901
50.231,0.0,0.0,0.0,0.0,0.0,0.0,0.0,0.0,0,0,1.866
50.251,0.0,0.0,0.0,0.0,0.0,0.0,0.0,0.0,0,0,1.832
50.271,0.0,0.0,0.0,0.0,0.0,0.0,0.0,0.0,0,0,1.799
50.291,0.0,0.0,0.0,0.0,0.0,0.0,0.0,0.0,0,0,1.768
50.311,0.0,0.0,0.0,0.0,0.0,0.0,0.0,0.0,0,0,1.738
50.331,0.0,0.0,0.0,0.0,0.0,0.0,0.0,0.0,0,0,1.709
50.351,0.0,0.0,0.0,0.0,0.0,0.0,0.0,0.0,0,0,1.681
50.372,0.0,0.0,0.0,0.0,0.0,0.0,0.0,0.0,0,0,1.654
50.392,0.0,0.0,0.0,0.0,0.0,0.0,0.0,0.0,0,0,1.629
50.411,0.0,0.0,0.0,0.0,0.0,0.0,0.0,0.0,0,0,1.604
50.431,0.0,0.0,0.0,0.0,0.0,0.0,0.0,0.0,0,0,1.58
50.451,0.0,0.0,0.0,0.0,0.0,0.0,0.0,0.0,0,0,1.558
50.471,0.0,0.0,0.0,0.0,0.0,0.0,0.0,0.0,0,0,1.536
50.49,0.0,0.0,0.0,0.0,0.0,0.0,0.0,0.0,0,0,1.515
50.51,0.0,0.0,0.0,0.0,0.0,0.0,0.0,0.0,0,0,1.494
50.53,0.0,0.0,0.0,0.0,0.0,0.0,0.0,0.0,0,0,1.475
50.551,0.0,0.0,0.0,0.0,0.0,0.0,0.0,0.0,0,0,1.456
50.571,0.0,0.0,0.0,0.0,0.0,0.0,0.0,0.0,0,0,1.439
50.59,0.0,0.0,0.0,0.0,0.0,0.0,0.0,0.0,0,0,1.421
50.611,0.0,0.0,0.0,0.0,0.0,0.0,0.0,0.0,0,0,1.405
50.631,0.00273,0.00292,0.0,0.0,0.0302,0.0261,0.00683,0.00725,18,19,2.11
50.651,0.00206,0.00185,0.0,0.0,0.0386,0.0282,0.00498,0.00464,18,17,2.707
50.671,0.0,0.0,0.0,0.0,0.0,0.0,0.0,0.0,3,3,2.64
50.691,0.0,0.0,0.0,0.0,0.0,0.0,0.0,0.0,1,1,2.576
50.71,0.0,0.0,0.0,0.0,0.0,0.0,0.0,0.0,0,0,2.514
50.731,0.0,0.0,0.0,0.0,0.0,0.0,0.0,0.0,0,0,2.455
50.751,0.0,0.0,0.0,0.0,0.0,0.0,0.0,0.0,0,0,2.398
50.772,0.0,0.00256,0.0,0.0,0.0,0.0282,0.0,0.0067,0,24,2.951
50.791,0.0,0.0,0.0,0.0,0.0,0.0,0.0,0.0,0,5,2.874
50.811,0.0,0.0,0.0,0.0,0.0,0.0,0.0,0.0,0,1,2.801
50.831,0.0,0.0,0.0,0.0,0.0,0.0,0.0,0.0,0,0,2.73
50.851,0.0,0.0,0.0,0.0,0.0,0.0,0.0,0.0,0,0,2.662
50.871,0.0,0.0,0.0,0.0,0.0,0.0,0.0,0.0,0,0,2.597
50.892,0.0,0.0,0.0,0.0,0.0,0.0,0.0,0.0,0,0,2.535
50.911,0.0,0.0,0.0,0.0,0.0,0.0,0.0,0.0,0,0,2.474
50.931,0.0,0.0,0.0,0.0,0.0,0.0,0.0,0.0,0,0,2.417
50.951,0.0,0.0,0.0,0.0,0.0,0.0,0.0,0.0,0,0,2.361
50.971,0.0,0.0,0.0,0.0,0.0,0.0,0.0,0.0,0,0,2.308
50.991,0.00284,0.00291,0.0,0.0,0.024,0.024,0.00744,0.00757,26,27,2.875
51.011,0.0,0.0,0.0,0.0,0.0,0.0,0.0,0.0,5,5,2.801
51.031,0.0,0.0,0.0,0.0,0.0,0.0,0.0,0.0,1,1,2.73
51.051,0.0,0.00283,0.0,0.0,0.0,0.0302,0.0,0.00688,0,28,3.232
51.07,0.0,0.0,0.0,0.0,0.0,0.0,0.0,0.0,0,5,3.145
51.091,0.00284,0.0,0.0,0.0,0.0261,0.0,0.00669,0.0,31,1,3.583
51.111,0.0,0.0,0.0,0.0,0.0,0.0,0.0,0.0,6,0,3.482
51.131,0.0,0.0,0.0,0.0,0.0,0.0,0.0,0.0,1,0,3.385
51.151,0.0,0.0,0.0,0.0,0.0,0.0,0.0,0.0,0,0,3.291
51.17,0.0,0.0,0.0,0.0,0.0,0.0,0.0,0.0,0,0,3.201
51.191,0.0,0.0,0.0,0.0,0.0,0.0,0.0,0.0,0,0,3.115
51.211,0.0,0.0,0.0,0.0,0.0,0.0,0.0,0.0,0,0,3.032
51.231,0.0,0.0,0.0,0.0,0.0,0.0,0.0,0.0,0,0,2.952
51.251,0.0,0.0,0.0,0.0,0.0,0.0,0.0,0.0,0,0,2.876
51.271,0.0,0.0,0.0,0.0,0.0,0.0,0.0,0.0,0,0,2.802
51.29,0.0,0.0,0.0,0.0,0.0,0.0,0.0,0.0,0,0,2.732
51.311,0.0,0.0,0.0,0.0,0.0,0.0,0.0,0.0,0,0,2.664
51.331,0.0,0.0,0.0,0.0,0.0,0.0,0.0,0.0,0,0,2.598
51.351,0.0,0.0,0.0,0.0,0.0,0.0,0.0,0.0,0,0,2.536
51.371,0.0,0.0,0.0,0.0,0.0,0.0,0.0,0.0,0,0,2.476
51.391,0.0,0.0,0.0,0.0,0.0,0.0,0.0,0.0,0,0,2.418
51.411,0.0,0.0,0.0,0.0,0.0,0.0,0.0,0.0,0,0,2.362
51.431,0.0,0.0,0.0,0.0,0.0,0.0,0.0,0.0,0,0,2.309
51.451,0.0,0.0,0.0,0.0,0.0,0.0,0.0,0.0,0,0,2.257
51.47,0.0,0.0,0.0,0.0,0.0,0.0,0.0,0.0,0,0,2.208
51.491,0.0,0.0,0.0,0.0,0.0,0.0,0.0,0.0,0,0,2.161
51.511,0.0,0.0,0.0,0.0,0.0,0.0,0.0,0.0,0,0,2.115
51.531,0.0,0.0,0.0,0.0,0.0,0.0,0.0,0.0,0,0,2.071
51.551,0.0,0.0,0.0,0.0,0.0,0.0,0.0,0.0,0,0,2.029
51.571,0.0,0.00265,0.0,0.0,0.0,0.0428,0.0,0.00639,0,22,2.639
51.591,0.0,0.0,0.0,0.0,0.0,0.0,0.0,0.0,0,4,2.575
51.611,0.0,0.0,0.0,0.0,0.0,0.0,0.0,0.0,0,1,2.513
51.631,0.0,0.0,0.0,0.0,0.0,0.0,0.0,0.0,0,0,2.454
51.65,0.0,0.0,0.0,0.0,0.0,0.0,0.0,0.0,0,0,2.397
51.67,0.0,0.0,0.0,0.0,0.0,0.0,0.0,0.0,0,0,2.342
51.691,0.0,0.0,0.0,0.0,0.0,0.0,0.0,0.0,0,0,2.289
51.712,0.0,0.0,0.0,0.0,0.0,0.0,0.0,0.0,0,0,2.239
51.731,0.0,0.0,0.0,0.0,0.0,0.0,0.0,0.0,0,0,2.19
51.751,0.0,0.0,0.0,0.0,0.0,0.0,0.0,0.0,0,0,2.143
51.771,0.0,0.00269,0.0,0.0,0.0,0.0261,0.0,0.00692,0,23,2.736
51.791,0.0,0.0031,0.0,0.0,0.0,0.0282,0.0,0.00742,0,31,3.237
51.811,0.0,0.0,0.0,0.0,0.0,0.0,0.0,0.0,0,6,3.149
51.83,0.0,0.0,0.0,0.0,0.0,0.0,0.0,0.0,0,1,3.065
51.852,0.0,0.0,0.0,0.0,0.0,0.0,0.0,0.0,0,0,2.984
51.87,0.0,0.0,0.0,0.0,0.0,0.0,0.0,0.0,0,0,2.906
51.891,0.00351,0.00307,0.0,0.0,0.1783,0.2002,0.00621,0.00559,31,27,3.381
51.91,0.00606,0.00715,0.078,0.136,0.1429,0.1189,0.0094,0.01193,91,127,3.688
51.931,0.00666,0.0073,0.025,0.0,0.1773,0.1773,0.01451,0.01685,90,94,4.043
51.951,0.00735,0.00622,0.031,0.0,0.2336,0.2617,0.0137,0.01,101,72,4.343
51.972,0.00509,0.00396,0.0,0.0,0.1032,0.1241,0.01046,0.00899,73,58,4.597
51.991,0.00597,0.00189,0.031,0.0,0.1345,0.2388,0.00921,0.00315,90,31,4.813
52.011,0.00299,0.00245,0.0,0.0,0.1804,0.1481,0.00543,0.00436,50,33,4.995
52.031,0.00491,0.0037,0.05,0.0,0.1022,0.1637,0.00961,0.00572,102,48,5.149
52.051,0.00579,0.00641,0.031,0.089,0.1001,0.0657,0.01273,0.01443,110,156,5.28
52.07,0.00581,0.00729,0.0,0.04,0.0792,0.0824,0.01091,0.01262,89,133,5.39
52.092,0.00656,0.00694,0.031,0.0,0.0907,0.0553,0.01572,0.01772,128,121,5.484
52.111,0.00268,0.00361,0.0,0.0,0.2054,0.1126,0.00492,0.00673,58,68,5.563
52.131,0.0,0.00403,0.0,0.0,0.0,0.1752,0.0,0.00848,11,66,5.63
52.151,0.0,0.0,0.0,0.0,0.0,0.0,0.0,0.0,2,13,5.449
52.17,0.00318,0.00186,0.0,0.0,0.2075,0.1877,0.00671,0.0041,50,31,5.533
52.191,0.00278,0.0035,0.0,0.0,0.1439,0.1251,0.00618,0.00731,48,56,5.605
52.211,0.0,0.0,0.0,0.0,0.0,0.0,0.0,0.0,9,11,5.424
52.231,0.00605,0.00326,0.081,0.0,0.0938,0.0949,0.00977,0.00591,138,48,5.513
52.251,0.00552,0.00585,0.0,0.078,0.0594,0.0334,0.01235,0.01127,100,143,5.588
52.272,0.0051,0.00644,0.0,0.0,0.0615,0.0365,0.0067,0.00827,73,94,5.651
52.291,0.00838,0.00792,0.148,0.071,0.0626,0.0542,0.01076,0.01158,205,154,5.628
52.311,0.0,0.0042,0.0,0.0,0.0,0.048,0.0,0.00808,65,83,5.685
52.331,0.0,0.0,0.0,0.0,0.0,0.0,0.0,0.0,7,16,5.501
52.351,0.00218,0.00176,0.0,0.0,0.1137,0.1429,0.00544,0.00495,39,34,5.578
52.371,0.00613,0.00588,0.11,0.105,0.0761,0.0803,0.01447,0.01447,179,173,5.619
52.392,0.00439,0.00593,0.0,0.0,0.1679,0.1283,0.00958,0.01131,93,107,5.677
52.411,0.00499,0.00527,0.0,0.0,0.0699,0.074,0.01155,0.01061,88,89,5.727
52.431,0.00871,0.00747,0.171,0.094,0.0438,0.0563,0.01985,0.01732,228,188,5.664
52.451,0.00652,0.00809,0.0,0.0,0.049,0.0365,0.00929,0.011,115,121,5.715
52.471,0.00655,0.00755,0.0,0.0,0.0772,0.0792,0.01597,0.01812,115,129,5.759
52.492,0.00658,0.00697,0.0,0.0,0.0667,0.073,0.01474,0.01555,111,119,5.796
52.511,0.00809,0.00788,0.075,0.0,0.0907,0.0865,0.01689,0.0168,183,127,5.827
52.531,0.00437,0.00615,0.0,0.0,0.1157,0.1032,0.01061,0.01403,99,110,5.854
52.551,0.00222,0.0026,0.0,0.0,0.098,0.1064,0.00709,0.00703,59,63,5.876
52.571,0.00462,0.00434,0.0,0.0,0.1043,0.1126,0.00985,0.00932,78,74,5.895
52.592,0.00472,0.00428,0.0,0.0,0.0782,0.0949,0.01009,0.00927,81,74,5.911
52.611,0.00706,0.00693,0.094,0.1,0.0271,0.025,0.01675,0.01622,191,192,5.904
52.631,0.00784,0.00788,0.0,0.0,0.0375,0.0355,0.01927,0.01938,149,150,5.919
52.651,0.0046,0.00489,0.0,0.0,0.1147,0.0938,0.01117,0.01192,97,101,5.931
52.671,0.00599,0.00631,0.0,0.0,0.1147,0.1022,0.01388,0.01472,106,111,5.942
52.691,0.00248,0.00267,0.0,0.0,0.1376,0.1356,0.00659,0.00728,60,65,5.951
52.711,0.00409,0.00409,0.0,0.0,0.0918,0.0876,0.00915,0.009,73,72,5.958
52.731,0.0039,0.00433,0.0,0.0,0.098,0.0918,0.01026,0.01107,76,83,5.965
52.751,0.00292,0.00322,0.0,0.0,0.1335,0.1293,0.00614,0.00671,56,61,5.97
52.771,0.00305,0.00292,0.0,0.0,0.1064,0.1084,0.00716,0.00716,57,57,5.975
52.791,0.00443,0.00404,0.0,0.0,0.0417,0.0542,0.01077,0.00994,82,76,5.979
52.811,0.00669,0.00695,0.086,0.108,0.0417,0.0355,0.01195,0.01237,168,187,5.978
52.831,0.00658,0.00661,0.0,0.0,0.0584,0.048,0.01478,0.01494,124,129,5.981
52.851,0.00509,0.00496,0.0,0.0,0.0574,0.0553,0.01388,0.01344,105,103,5.984
52.871,0.00264,0.00262,0.0,0.0,0.1032,0.1116,0.0051,0.00511,56,56,5.987
52.891,0.00214,0.00213,0.0,0.0,0.1168,0.1147,0.00566,0.0056,46,46,5.989
52.911,0.00257,0.00252,0.0,0.0,0.0897,0.0792,0.00483,0.00461,44,43,5.99
52.931,0.00184,0.00212,0.0,0.0,0.0761,0.0657,0.00506,0.00614,39,45,5.992
52.951,0.0,0.00186,0.0,0.0,0.0,0.0918,0.0,0.0042,7,37,5.993
52.971,0.00248,0.00253,0.0,0.0,0.0782,0.0719,0.00704,0.00731,51,53,5.994
52.991,0.00562,0.00587,0.087,0.095,0.0719,0.0574,0.01296,0.01378,165,176,5.995
53.011,0.00324,0.00353,0.0,0.0,0.0678,0.0532,0.00675,0.00749,77,84,5.996
53.031,0.00283,0.00271,0.0,0.0,0.0584,0.048,0.00737,0.00705,60,60,5.996
53.051,0.00286,0.00287,0.0,0.0,0.073,0.0521,0.00655,0.00645,54,54,5.997
53.071,0.00291,0.00289,0.0,0.0,0.0678,0.0615,0.00734,0.00745,57,57,5.997
53.091,0.0041,0.00431,0.0,0.0,0.0396,0.0469,0.0089,0.00936,72,75,5.998
53.111,0.00406,0.00404,0.0,0.0,0.0417,0.0469,0.00874,0.00871,72,72,5.998
53.13,0.00224,0.00223,0.0,0.0,0.0542,0.0688,0.00619,0.0061,51,51,5.998
53.15,0.00349,0.00357,0.0,0.0,0.0511,0.0386,0.00939,0.00963,69,71,5.999
53.171,0.00324,0.00329,0.0,0.0,0.0428,0.0719,0.00785,0.0079,63,64,5.999
53.191,0.00336,0.0034,0.0,0.0,0.0553,0.0417,0.0083,0.00835,64,65,5.999
53.21,0.0,0.00211,0.0,0.0,0.0,0.073,0.0,0.0053,12,46,5.999
53.23,0.00267,0.00273,0.0,0.0,0.0375,0.0261,0.00713,0.00744,53,56,5.999
53.251,0.00278,0.00282,0.0,0.0,0.0511,0.0605,0.00689,0.00709,54,55,5.999
53.271,0.00288,0.00287,0.0,0.0,0.025,0.025,0.00833,0.00823,61,60,6.0
53.291,0.00343,0.00359,0.0,0.0,0.0219,0.0167,0.00851,0.00888,66,68,6.0
53.31,0.0,0.0,0.0,0.0,0.0,0.0,0.0,0.0,12,13,5.804
53.33,0.0,0.00225,0.0,0.0,0.0,0.0647,0.0,0.00574,2,42,5.834
53.351,0.00292,0.00301,0.0,0.0,0.0417,0.0542,0.00703,0.00734,52,56,5.859
53.371,0.00428,0.00434,0.0,0.0,0.0334,0.0334,0.00953,0.00965,74,75,5.881
53.392,0.00344,0.00372,0.0,0.0,0.0782,0.073,0.00767,0.00834,64,68,5.899
53.411,0.00255,0.00267,0.0,0.0,0.0824,0.0626,0.00662,0.00694,53,55,5.915
53.431,0.00241,0.00218,0.0,0.0,0.073,0.0772,0.00596,0.0053,48,44,5.928
53.451,0.00229,0.00251,0.0,0.0,0.0772,0.0751,0.00532,0.0062,44,48,5.939
53.471,0.0,0.0,0.0,0.0,0.0,0.0,0.0,0.0,8,9,5.745
53.491,0.00319,0.00323,0.0,0.0,0.0553,0.0511,0.00778,0.00786,57,58,5.784
53.511,0.00206,0.00219,0.0,0.0,0.0751,0.0647,0.00549,0.00599,44,47,5.817
53.531,0.00175,0.0017,0.0,0.0,0.0699,0.0636,0.0043,0.00445,35,36,5.845
53.551,0.00176,0.00151,0.0,0.0,0.0469,0.0344,0.0056,0.00491,39,35,5.869
53.571,0.0,0.0,0.0,0.0,0.0,0.0,0.0,0.0,7,7,5.678
53.591,0.0,0.0,0.0,0.0,0.0,0.0,0.0,0.0,1,1,5.495
53.611,0.0,0.0,0.0,0.0,0.0,0.0,0.0,0.0,0,0,5.319
53.631,0.0,0.00129,0.0,0.0,0.0,0.074,0.0,0.00334,0,23,5.423
53.651,0.00311,0.00279,0.0,0.0,0.0438,0.0626,0.00763,0.00711,53,50,5.512
53.67,0.00278,0.00247,0.0,0.0,0.0521,0.0542,0.00692,0.00636,51,47,5.587
53.691,0.0,0.0,0.0,0.0,0.0,0.0,0.0,0.0,10,9,5.407
53.711,0.00255,0.00205,0.0,0.0,0.0521,0.0511,0.00638,0.00523,44,36,5.498
53.731,0.0,0.00191,0.0,0.0,0.0,0.0563,0.0,0.00522,8,37,5.575
53.751,0.0,0.0,0.0,0.0,0.0,0.0,0.0,0.0,2,7,5.396
53.77,0.00193,0.00198,0.0,0.0,0.0428,0.0407,0.00484,0.00501,34,35,5.488
53.791,0.00204,0.00189,0.0,0.0,0.0469,0.0469,0.00543,0.00497,38,36,5.567
53.81,0.00394,0.0041,0.0,0.0,0.0229,0.0313,0.00953,0.0098,68,71,5.633
53.831,0.00358,0.00347,0.0,0.0,0.0448,0.0428,0.00822,0.00802,64,63,5.69
53.851,0.0,0.00177,0.0,0.0,0.0,0.0699,0.0,0.00464,12,40,5.737
53.871,0.0,0.0,0.0,0.0,0.0,0.0,0.0,0.0,2,8,5.552
53.892,0.00354,0.0034,0.0,0.0,0.0459,0.0375,0.0079,0.0076,58,56,5.62
53.91,0.00217,0.00213,0.0,0.0,0.0355,0.0375,0.0058,0.00583,45,44,5.679
53.931,0.00264,0.00259,0.0,0.0,0.0459,0.0459,0.00622,0.00596,48,46,5.728
53.951,0.0,0.0,0.0,0.0,0.0,0.0,0.0,0.0,9,9,5.543
53.972,0.00276,0.00301,0.0,0.0,0.0407,0.025,0.00697,0.0076,49,53,5.613
53.991,0.0,0.0,0.0,0.0,0.0,0.0,0.0,0.0,9,10,5.432
54.011,0.0,0.0,0.0,0.0,0.0,0.0,0.0,0.0,2,2,5.258
54.032,0.00334,0.00348,0.0,0.0,0.0198,0.0156,0.00873,0.00906,57,59,5.372
54.051,0.0,0.00384,0.0,0.0,0.0,0.0323,0.0,0.00865,11,63,5.468
54.071,0.0,0.0,0.0,0.0,0.0,0.0,0.0,0.0,2,12,5.293
54.09,0.0,0.0,0.0,0.0,0.0,0.0,0.0,0.0,0,2,5.125
54.111,0.0,0.0,0.0,0.0,0.0,0.0,0.0,0.0,0,0,4.963
54.131,0.0,0.0,0.0,0.0,0.0,0.0,0.0,0.0,0,0,4.808
54.15,0.0,0.0,0.0,0.0,0.0,0.0,0.0,0.0,0,0,4.658
54.172,0.0,0.0,0.0,0.0,0.0,0.0,0.0,0.0,0,0,4.515
54.191,0.0,0.0,0.0,0.0,0.0,0.0,0.0,0.0,0,0,4.377
54.211,0.0,0.0,0.0,0.0,0.0,0.0,0.0,0.0,0,0,4.245
54.231,0.00314,0.00276,0.0,0.0,0.0407,0.0302,0.00793,0.00683,44,39,4.514
54.251,0.00306,0.00283,0.0,0.0,0.0501,0.048,0.00752,0.00696,46,43,4.742
54.271,0.0,0.0,0.0,0.0,0.0,0.0,0.0,0.0,9,8,4.596
54.291,0.0,0.0,0.0,0.0,0.0,0.0,0.0,0.0,2,2,4.455
54.311,0.00209,0.00202,0.0,0.0,0.0574,0.0448,0.0056,0.00549,32,32,4.692
54.331,0.0,0.0,0.0,0.0,0.0,0.0,0.0,0.0,6,6,4.547
54.351,0.0,0.0,0.0,0.0,0.0,0.0,0.0,0.0,1,1,4.408
54.371,0.00274,0.00284,0.0,0.0,0.0605,0.0605,0.00676,0.00715,40,42,4.652
54.391,0.0,0.0,0.0,0.0,0.0,0.0,0.0,0.0,7,8,4.509
54.412,0.0,0.0,0.0,0.0,0.0,0.0,0.0,0.0,1,1,4.372
54.431,0.0,0.0,0.0,0.0,0.0,0.0,0.0,0.0,0,0,4.239
54.451,0.0,0.0,0.0,0.0,0.0,0.0,0.0,0.0,0,0,4.112
54.471,0.0,0.0,0.0,0.0,0.0,0.0,0.0,0.0,0,0,3.99
54.491,0.0,0.0,0.0,0.0,0.0,0.0,0.0,0.0,0,0,3.873
54.511,0.0,0.0,0.0,0.0,0.0,0.0,0.0,0.0,0,0,3.76
54.531,0.0,0.0,0.0,0.0,0.0,0.0,0.0,0.0,0,0,3.652
54.551,0.0,0.0,0.0,0.0,0.0,0.0,0.0,0.0,0,0,3.548
54.571,0.0,0.0,0.0,0.0,0.0,0.0,0.0,0.0,0,0,3.448
54.592,0.0,0.0,0.0,0.0,0.0,0.0,0.0,0.0,0,0,3.352
54.61,0.0,0.0,0.0,0.0,0.0,0.0,0.0,0.0,0,0,3.26
54.631,0.0,0.0,0.0,0.0,0.0,0.0,0.0,0.0,0,0,3.171
54.651,0.0,0.0,0.0,0.0,0.0,0.0,0.0,0.0,0,0,3.086
54.671,0.0,0.0,0.0,0.0,0.0,0.0,0.0,0.0,0,0,3.004
54.691,0.0,0.0,0.0,0.0,0.0,0.0,0.0,0.0,0,0,2.926
54.712,0.0,0.0,0.0,0.0,0.0,0.0,0.0,0.0,0,0,2.85
54.733,0.00235,0.00261,0.0,0.0,0.0292,0.024,0.00604,0.00666,25,28,3.334
54.751,0.00313,0.0033,0.0,0.0,0.0198,0.0261,0.00799,0.00839,38,40,3.743
54.77,0.0,0.0,0.0,0.0,0.0,0.0,0.0,0.0,7,8,3.636
54.791,0.0,0.0,0.0,0.0,0.0,0.0,0.0,0.0,1,1,3.532
54.811,0.00322,0.00311,0.0,0.0,0.0302,0.0282,0.00779,0.00751,39,37,3.911
54.83,0.0,0.0,0.0,0.0,0.0,0.0,0.0,0.0,7,7,3.797
54.851,0.0,0.0,0.0,0.0,0.0,0.0,0.0,0.0,1,1,3.687
54.871,0.0,0.0,0.0,0.0,0.0,0.0,0.0,0.0,0,0,3.582
54.891,0.0,0.0,0.0,0.0,0.0,0.0,0.0,0.0,0,0,3.481
54.91,0.0,0.0,0.0,0.0,0.0,0.0,0.0,0.0,0,0,3.383
54.931,0.0,0.0,0.0,0.0,0.0,0.0,0.0,0.0,0,0,3.29
54.952,0.0,0.0,0.0,0.0,0.0,0.0,0.0,0.0,0,0,3.2
54.971,0.0,0.0,0.0,0.0,0.0,0.0,0.0,0.0,0,0,3.114
54.991,0.0,0.0,0.0,0.0,0.0,0.0,0.0,0.0,0,0,3.031
55.011,0.0,0.0026,0.0,0.0,0.0,0.0428,0.0,0.0067,0,29,3.487
55.031,0.0,0.0,0.0,0.0,0.0,0.0,0.0,0.0,0,5,3.389
55.051,0.0,0.0,0.0,0.0,0.0,0.0,0.0,0.0,0,1,3.296
55.071,0.0,0.0,0.0,0.0,0.0,0.0,0.0,0.0,0,0,3.206
55.091,0.0,0.0,0.0,0.0,0.0,0.0,0.0,0.0,0,0,3.119
55.11,0.0,0.0,0.0,0.0,0.0,0.0,0.0,0.0,0,0,3.036
55.131,0.0,0.0,0.0,0.0,0.0,0.0,0.0,0.0,0,0,2.956
55.151,0.0,0.0,0.0,0.0,0.0,0.0,0.0,0.0,0,0,2.879
55.171,0.0,0.0,0.0,0.0,0.0,0.0,0.0,0.0,0,0,2.806
55.191,0.0,0.0,0.0,0.0,0.0,0.0,0.0,0.0,0,0,2.735
55.211,0.0,0.0,0.0,0.0,0.0,0.0,0.0,0.0,0,0,2.667
55.231,0.0,0.0,0.0,0.0,0.0,0.0,0.0,0.0,0,0,2.602
55.251,0.0,0.0,0.0,0.0,0.0,0.0,0.0,0.0,0,0,2.539
55.27,0.0,0.0,0.0,0.0,0.0,0.0,0.0,0.0,0,0,2.478
55.291,0.0,0.0,0.0,0.0,0.0,0.0,0.0,0.0,0,0,2.42
55.311,0.0,0.0,0.0,0.0,0.0,0.0,0.0,0.0,0,0,2.365
55.331,0.0,0.0,0.0,0.0,0.0,0.0,0.0,0.0,0,0,2.311
55.351,0.0,0.0,0.0,0.0,0.0,0.0,0.0,0.0,0,0,2.26
55.371,0.0,0.0,0.0,0.0,0.0,0.0,0.0,0.0,0,0,2.21
55.392,0.0,0.0,0.0,0.0,0.0,0.0,0.0,0.0,0,0,2.163
55.41,0.0,0.0,0.0,0.0,0.0,0.0,0.0,0.0,0,0,2.117
55.431,0.0,0.0,0.0,0.0,0.0,0.0,0.0,0.0,0,0,2.074
55.451,0.0,0.0,0.0,0.0,0.0,0.0,0.0,0.0,0,0,2.031
55.471,0.00148,0.00151,0.0,0.0,0.0344,0.0365,0.00422,0.00427,13,14,2.641
55.491,0.0,0.0,0.0,0.0,0.0,0.0,0.0,0.0,3,3,2.576
55.511,0.0,0.0,0.0,0.0,0.0,0.0,0.0,0.0,0,0,2.515
55.532,0.0,0.0,0.0,0.0,0.0,0.0,0.0,0.0,0,0,2.455
55.551,0.0,0.0,0.0,0.0,0.0,0.0,0.0,0.0,0,0,2.398
55.571,0.0,0.0,0.0,0.0,0.0,0.0,0.0,0.0,0,0,2.343
55.59,0.0,0.0,0.0,0.0,0.0,0.0,0.0,0.0,0,0,2.291
55.611,0.00146,0.00135,0.0,0.0,0.049,0.0386,0.00369,0.0034,13,12,2.86
55.63,0.0,0.0,0.0,0.0,0.0,0.0,0.0,0.0,3,2,2.787
55.651,0.0,0.0,0.0,0.0,0.0,0.0,0.0,0.0,0,0,2.717
55.671,0.0,0.00161,0.0,0.0,0.0,0.0511,0.0,0.00456,0,18,3.221
55.691,0.0,0.0,0.0,0.0,0.0,0.0,0.0,0.0,0,3,3.134
55.711,0.0,0.0,0.0,0.0,0.0,0.0,0.0,0.0,0,1,3.05
55.731,0.0,0.0,0.0,0.0,0.0,0.0,0.0,0.0,0,0,2.97
55.75,0.0,0.0,0.0,0.0,0.0,0.0,0.0,0.0,0,0,2.893
55.77,0.0,0.0,0.0,0.0,0.0,0.0,0.0,0.0,0,0,2.818
55.791,0.0,0.0,0.0,0.0,0.0,0.0,0.0,0.0,0,0,2.747
55.812,0.0,0.0,0.0,0.0,0.0,0.0,0.0,0.0,0,0,2.679
55.83,0.0,0.0,0.0,0.0,0.0,0.0,0.0,0.0,0,0,2.613
55.85,0.0,0.0,0.0,0.0,0.0,0.0,0.0,0.0,0,0,2.55
55.871,0.0,0.0,0.0,0.0,0.0,0.0,0.0,0.0,0,0,2.489
55.892,0.0,0.0,0.0,0.0,0.0,0.0,0.0,0.0,0,0,2.43
55.91,0.0,0.0,0.0,0.0,0.0,0.0,0.0,0.0,0,0,2.374
55.93,0.0,0.0,0.0,0.0,0.0,0.0,0.0,0.0,0,0,2.32
55.952,0.0,0.0,0.0,0.0,0.0,0.0,0.0,0.0,0,0,2.269
55.971,0.0,0.0,0.0,0.0,0.0,0.0,0.0,0.0,0,0,2.219
55.992,0.0,0.0,0.0,0.0,0.0,0.0,0.0,0.0,0,0,2.171
56.011,0.0,0.0,0.0,0.0,0.0,0.0,0.0,0.0,0,0,2.125
56.031,0.0,0.00232,0.0,0.0,0.0,0.0417,0.0,0.00547,0,19,2.72
56.051,0.0,0.0,0.0,0.0,0.0,0.0,0.0,0.0,0,4,2.653
56.07,0.0,0.0,0.0,0.0,0.0,0.0,0.0,0.0,0,1,2.588
56.092,0.0,0.0,0.0,0.0,0.0,0.0,0.0,0.0,0,0,2.526
56.112,0.0,0.0,0.0,0.0,0.0,0.0,0.0,0.0,0,0,2.466
56.132,0.0,0.0,0.0,0.0,0.0,0.0,0.0,0.0,0,0,2.408
56.151,0.0,0.0,0.0,0.0,0.0,0.0,0.0,0.0,0,0,2.353
56.17,0.0,0.0,0.0,0.0,0.0,0.0,0.0,0.0,0,0,2.3
56.192,0.0,0.0,0.0,0.0,0.0,0.0,0.0,0.0,0,0,2.249
56.212,0.0,0.0,0.0,0.0,0.0,0.0,0.0,0.0,0,0,2.2
56.232,0.0,0.0,0.0,0.0,0.0,0.0,0.0,0.0,0,0,2.153
56.252,0.0,0.0,0.0,0.0,0.0,0.0,0.0,0.0,0,0,2.108
56.271,0.0,0.0,0.0,0.0,0.0,0.0,0.0,0.0,0,0,2.064
56.292,0.0,0.0,0.0,0.0,0.0,0.0,0.0,0.0,0,0,2.023
56.311,0.0,0.0,0.0,0.0,0.0,0.0,0.0,0.0,0,0,1.983
56.331,0.0,0.0,0.0,0.0,0.0,0.0,0.0,0.0,0,0,1.944
56.351,0.0,0.0,0.0,0.0,0.0,0.0,0.0,0.0,0,0,1.907
56.372,0.0,0.0,0.0,0.0,0.0,0.0,0.0,0.0,0,0,1.871
56.391,0.0,0.0,0.0,0.0,0.0,0.0,0.0,0.0,0,0,1.837
56.411,0.0,0.0,0.0,0.0,0.0,0.0,0.0,0.0,0,0,1.804
56.431,0.0,0.0,0.0,0.0,0.0,0.0,0.0,0.0,0,0,1.773
56.451,0.0,0.0,0.0,0.0,0.0,0.0,0.0,0.0,0,0,1.743
56.471,0.0,0.0,0.0,0.0,0.0,0.0,0.0,0.0,0,0,1.713
56.491,0.0,0.0,0.0,0.0,0.0,0.0,0.0,0.0,0,0,1.685
56.511,0.0,0.0,0.0,0.0,0.0,0.0,0.0,0.0,0,0,1.659
56.53,0.0,0.0,0.0,0.0,0.0,0.0,0.0,0.0,0,0,1.633
56.552,0.0,0.0,0.0,0.0,0.0,0.0,0.0,0.0,0,0,1.608
56.571,0.0,0.0,0.0,0.0,0.0,0.0,0.0,0.0,0,0,1.584
56.592,0.0,0.0,0.0,0.0,0.0,0.0,0.0,0.0,0,0,1.561
56.611,0.00081,0.0,0.0,0.0,0.0688,0.0,0.00192,0.0,6,0,2.243
56.631,0.0,0.0,0.0,0.0,0.0,0.0,0.0,0.0,1,0,2.194
56.651,0.0,0.0,0.0,0.0,0.0,0.0,0.0,0.0,0,0,2.147
56.671,0.0,0.0,0.0,0.0,0.0,0.0,0.0,0.0,0,0,2.102
56.692,0.0,0.0,0.0,0.0,0.0,0.0,0.0,0.0,0,0,2.059
56.712,0.0,0.0,0.0,0.0,0.0,0.0,0.0,0.0,0,0,2.017
56.73,0.0,0.0,0.0,0.0,0.0,0.0,0.0,0.0,0,0,1.978
56.752,0.0,0.0,0.0,0.0,0.0,0.0,0.0,0.0,0,0,1.939
56.771,0.0,0.0,0.0,0.0,0.0,0.0,0.0,0.0,0,0,1.902
56.791,0.0,0.0,0.0,0.0,0.0,0.0,0.0,0.0,0,0,1.867
56.811,0.0,0.0,0.0,0.0,0.0,0.0,0.0,0.0,0,0,1.833
56.831,0.0,0.0,0.0,0.0,0.0,0.0,0.0,0.0,0,0,1.8
56.852,0.0,0.0,0.0,0.0,0.0,0.0,0.0,0.0,0,0,1.769
56.87,0.00371,0.00339,0.0,0.0,0.1741,0.1846,0.00596,0.00609,22,21,2.418
56.892,0.00569,0.00627,0.064,0.095,0.1595,0.1345,0.00797,0.00811,64,77,2.968
56.911,0.00477,0.00564,0.0,0.0,0.1752,0.1814,0.01276,0.01593,55,67,3.434
56.931,0.00695,0.00688,0.089,0.054,0.3139,0.3201,0.00998,0.00891,105,86,3.828
56.95,0.00588,0.00432,0.0,0.0,0.1022,0.1043,0.01225,0.0099,76,60,4.161
56.972,0.00569,0.00317,0.0,0.0,0.122,0.1887,0.01004,0.00691,68,46,4.443
56.991,0.00499,0.00355,0.0,0.0,0.1637,0.1345,0.00969,0.00726,65,48,4.682
57.011,0.00474,0.00393,0.0,0.0,0.1741,0.1408,0.0089,0.00587,63,48,4.885
57.031,0.00527,0.00617,0.0,0.078,0.1011,0.0448,0.01149,0.01422,77,140,5.056
57.051,0.0067,0.0084,0.06,0.113,0.1043,0.0563,0.01281,0.01545,129,183,5.092
57.07,0.00687,0.00716,0.0,0.0,0.073,0.0834,0.01641,0.01833,111,128,5.231
57.092,0.00211,0.00301,0.0,0.0,0.2284,0.1251,0.00453,0.00607,49,62,5.349
57.111,0.00309,0.00423,0.0,0.0,0.1877,0.1189,0.00619,0.00826,48,64,5.449
57.131,0.00261,0.0,0.0,0.0,0.1345,0.0,0.00392,0.0,39,12,5.534
57.151,0.0,0.0,0.0,0.0,0.0,0.0,0.0,0.0,7,2,5.356
57.172,0.0,0.0,0.0,0.0,0.0,0.0,0.0,0.0,1,0,5.185
57.19,0.0,0.0,0.0,0.0,0.0,0.0,0.0,0.0,0,0,5.021
57.21,0.0,0.0,0.0,0.0,0.0,0.0,0.0,0.0,0,0,4.863
57.231,0.0,0.0,0.0,0.0,0.0,0.0,0.0,0.0,0,0,4.712
57.25,0.0,0.0,0.0,0.0,0.0,0.0,0.0,0.0,0,0,4.566
57.271,0.0,0.0,0.0,0.0,0.0,0.0,0.0,0.0,0,0,4.427
57.292,0.0,0.0,0.0,0.0,0.0,0.0,0.0,0.0,0,0,4.292
57.311,0.0,0.0,0.0,0.0,0.0,0.0,0.0,0.0,0,0,4.163
57.33,0.0,0.0,0.0,0.0,0.0,0.0,0.0,0.0,0,0,4.039
57.35,0.0,0.0,0.0,0.0,0.0,0.0,0.0,0.0,0,0,3.92
57.371,0.0,0.0,0.0,0.0,0.0,0.0,0.0,0.0,0,0,3.805
57.391,0.0,0.0,0.0,0.0,0.0,0.0,0.0,0.0,0,0,3.695
57.412,0.0,0.0,0.0,0.0,0.0,0.0,0.0,0.0,0,0,3.59
57.431,0.0,0.0,0.0,0.0,0.0,0.0,0.0,0.0,0,0,3.488
57.451,0.0,0.0,0.0,0.0,0.0,0.0,0.0,0.0,0,0,3.391
57.471,0.0,0.0,0.0,0.0,0.0,0.0,0.0,0.0,0,0,3.297
57.492,0.0,0.0,0.0,0.0,0.0,0.0,0.0,0.0,0,0,3.207
57.51,0.0,0.0,0.0,0.0,0.0,0.0,0.0,0.0,0,0,3.12
57.531,0.0,0.0,0.0,0.0,0.0,0.0,0.0,0.0,0,0,3.037
57.551,0.0,0.0,0.0,0.0,0.0,0.0,0.0,0.0,0,0,2.957
57.571,0.0,0.0,0.0,0.0,0.0,0.0,0.0,0.0,0,0,2.881
57.591,0.0,0.0,0.0,0.0,0.0,0.0,0.0,0.0,0,0,2.807
57.611,0.0,0.0,0.0,0.0,0.0,0.0,0.0,0.0,0,0,2.736
57.631,0.0,0.0,0.0,0.0,0.0,0.0,0.0,0.0,0,0,2.668
57.651,0.0,0.0,0.0,0.0,0.0,0.0,0.0,0.0,0,0,2.602
57.671,0.0,0.0,0.0,0.0,0.0,0.0,0.0,0.0,0,0,2.54
57.691,0.0,0.0,0.0,0.0,0.0,0.0,0.0,0.0,0,0,2.479
57.711,0.0,0.0,0.0,0.0,0.0,0.0,0.0,0.0,0,0,2.421
57.73,0.0,0.0,0.0,0.0,0.0,0.0,0.0,0.0,0,0,2.366
57.751,0.0,0.0,0.0,0.0,0.0,0.0,0.0,0.0,0,0,2.312
57.771,0.0,0.0,0.0,0.0,0.0,0.0,0.0,0.0,0,0,2.261
57.791,0.0,0.0,0.0,0.0,0.0,0.0,0.0,0.0,0,0,2.211
57.811,0.0,0.0,0.0,0.0,0.0,0.0,0.0,0.0,0,0,2.164
57.832,0.0,0.0,0.0,0.0,0.0,0.0,0.0,0.0,0,0,2.118
57.851,0.0,0.0,0.0,0.0,0.0,0.0,0.0,0.0,0,0,2.074
57.871,0.0,0.0,0.0,0.0,0.0,0.0,0.0,0.0,0,0,2.032
57.891,0.0,0.0,0.0,0.0,0.0,0.0,0.0,0.0,0,0,1.992
57.91,0.0,0.0,0.0,0.0,0.0,0.0,0.0,0.0,0,0,1.953
57.93,0.0,0.0,0.0,0.0,0.0,0.0,0.0,0.0,0,0,1.915
57.951,0.0,0.0,0.0,0.0,0.0,0.0,0.0,0.0,0,0,1.879
57.971,0.0,0.0,0.0,0.0,0.0,0.0,0.0,0.0,0,0,1.845
57.991,0.0,0.0,0.0,0.0,0.0,0.0,0.0,0.0,0,0,1.812
58.01,0.0,0.0,0.0,0.0,0.0,0.0,0.0,0.0,0,0,1.78
58.031,0.0,0.0,0.0,0.0,0.0,0.0,0.0,0.0,0,0,1.749
58.051,0.0,0.0,0.0,0.0,0.0,0.0,0.0,0.0,0,0,1.72
58.071,0.0,0.0,0.0,0.0,0.0,0.0,0.0,0.0,0,0,1.692
58.091,0.0,0.0,0.0,0.0,0.0,0.0,0.0,0.0,0,0,1.665
58.111,0.0,0.0,0.0,0.0,0.0,0.0,0.0,0.0,0,0,1.639
58.13,0.0,0.0,0.0,0.0,0.0,0.0,0.0,0.0,0,0,1.614
58.151,0.0,0.0,0.0,0.0,0.0,0.0,0.0,0.0,0,0,1.59
58.17,0.0,0.0,0.0,0.0,0.0,0.0,0.0,0.0,0,0,1.566
58.19,0.0,0.0,0.0,0.0,0.0,0.0,0.0,0.0,0,0,1.544
58.211,0.0,0.0,0.0,0.0,0.0,0.0,0.0,0.0,0,0,1.523
58.231,0.0,0.0,0.0,0.0,0.0,0.0,0.0,0.0,0,0,1.502
58.251,0.0,0.0,0.0,0.0,0.0,0.0,0.0,0.0,0,0,1.483
58.27,0.0,0.0,0.0,0.0,0.0,0.0,0.0,0.0,0,0,1.464
58.291,0.0,0.0,0.0,0.0,0.0,0.0,0.0,0.0,0,0,1.446
58.311,0.0,0.0,0.0,0.0,0.0,0.0,0.0,0.0,0,0,1.428
58.331,0.0,0.0,0.0,0.0,0.0,0.0,0.0,0.0,0,0,1.411
58.351,0.0,0.0,0.0,0.0,0.0,0.0,0.0,0.0,0,0,1.395
58.372,0.0,0.0,0.0,0.0,0.0,0.0,0.0,0.0,0,0,1.38
58.391,0.0,0.0,0.0,0.0,0.0,0.0,0.0,0.0,0,0,1.365
58.41,0.0,0.0,0.0,0.0,0.0,0.0,0.0,0.0,0,0,1.35
58.43,0.0,0.0,0.0,0.0,0.0,0.0,0.0,0.0,0,0,1.337
58.451,0.0,0.0,0.0,0.0,0.0,0.0,0.0,0.0,0,0,1.324
58.472,0.0,0.0,0.0,0.0,0.0,0.0,0.0,0.0,0,0,1.311
58.491,0.0,0.0,0.0,0.0,0.0,0.0,0.0,0.0,0,0,1.299
58.512,0.0,0.0,0.0,0.0,0.0,0.0,0.0,0.0,0,0,1.287
58.531,0.0,0.0,0.0,0.0,0.0,0.0,0.0,0.0,0,0,1.276
58.552,0.0,0.0,0.0,0.0,0.0,0.0,0.0,0.0,0,0,1.265
58.571,0.0,0.0,0.0,0.0,0.0,0.0,0.0,0.0,0,0,1.254
58.591,0.0,0.0,0.0,0.0,0.0,0.0,0.0,0.0,0,0,1.245
58.611,0.0,0.0,0.0,0.0,0.0,0.0,0.0,0.0,0,0,1.235
58.63,0.0,0.0,0.0,0.0,0.0,0.0,0.0,0.0,0,0,1.226
58.652,0.0,0.0,0.0,0.0,0.0,0.0,0.0,0.0,0,0,1.217
58.67,0.0,0.0,0.0,0.0,0.0,0.0,0.0,0.0,0,0,1.208
58.691,0.0,0.0,0.0,0.0,0.0,0.0,0.0,0.0,0,0,1.2
58.71,0.0,0.0,0.0,0.0,0.0,0.0,0.0,0.0,0,0,1.192
58.731,0.0,0.0,0.0,0.0,0.0,0.0,0.0,0.0,0,0,1.185
58.752,0.0,0.0,0.0,0.0,0.0,0.0,0.0,0.0,0,0,1.178
58.771,0.0,0.0,0.0,0.0,0.0,0.0,0.0,0.0,0,0,1.171
58.791,0.0,0.0,0.0,0.0,0.0,0.0,0.0,0.0,0,0,1.164
58.811,0.0,0.0,0.0,0.0,0.0,0.0,0.0,0.0,0,0,1.157
58.831,0.0,0.0,0.0,0.0,0.0,0.0,0.0,0.0,0,0,1.151
58.851,0.0,0.0,0.0,0.0,0.0,0.0,0.0,0.0,0,0,1.145
58.871,0.0,0.0,0.0,0.0,0.0,0.0,0.0,0.0,0,0,1.14
58.891,0.0,0.0,0.0,0.0,0.0,0.0,0.0,0.0,0,0,1.134
58.912,0.0,0.0,0.0,0.0,0.0,0.0,0.0,0.0,0,0,1.129
58.932,0.0,0.0,0.0,0.0,0.0,0.0,0.0,0.0,0,0,1.124
58.951,0.0,0.0,0.0,0.0,0.0,0.0,0.0,0.0,0,0,1.119
58.972,0.0,0.0,0.0,0.0,0.0,0.0,0.0,0.0,0,0,1.114
58.991,0.0,0.0,0.0,0.0,0.0,0.0,0.0,0.0,0,0,1.11
59.011,0.0,0.0,0.0,0.0,0.0,0.0,0.0,0.0,0,0,1.106
59.032,0.0,0.0,0.0,0.0,0.0,0.0,0.0,0.0,0,0,1.101
59.052,0.0,0.0,0.0,0.0,0.0,0.0,0.0,0.0,0,0,1.097
59.071,0.0,0.0,0.0,0.0,0.0,0.0,0.0,0.0,0,0,1.094
59.092,0.0,0.0,0.0,0.0,0.0,0.0,0.0,0.0,0,0,1.09
59.111,0.0,0.0,0.0,0.0,0.0,0.0,0.0,0.0,0,0,1.086
59.131,0.0,0.0,0.0,0.0,0.0,0.0,0.0,0.0,0,0,1.083
59.151,0.0,0.0,0.0,0.0,0.0,0.0,0.0,0.0,0,0,1.08
59.171,0.0,0.0,0.0,0.0,0.0,0.0,0.0,0.0,0,0,1.077
59.191,0.0,0.0,0.0,0.0,0.0,0.0,0.0,0.0,0,0,1.074
59.212,0.0,0.0,0.0,0.0,0.0,0.0,0.0,0.0,0,0,1.071
59.231,0.0,0.0,0.0,0.0,0.0,0.0,0.0,0.0,0,0,1.068
59.251,0.0,0.0,0.0,0.0,0.0,0.0,0.0,0.0,0,0,1.065
59.271,0.0,0.0,0.0,0.0,0.0,0.0,0.0,0.0,0,0,1.063
59.291,0.0,0.0,0.0,0.0,0.0,0.0,0.0,0.0,0,0,1.06
59.311,0.0,0.0,0.0,0.0,0.0,0.0,0.0,0.0,0,0,1.058
59.332,0.0,0.0,0.0,0.0,0.0,0.0,0.0,0.0,0,0,1.056
59.351,0.0,0.0,0.0,0.0,0.0,0.0,0.0,0.0,0,0,1.053
59.371,0.0,0.0,0.0,0.0,0.0,0.0,0.0,0.0,0,0,1.051
59.391,0.0,0.0,0.0,0.0,0.0,0.0,0.0,0.0,0,0,1.049
59.411,0.0,0.0,0.0,0.0,0.0,0.0,0.0,0.0,0,0,1.047
59.431,0.0,0.0,0.0,0.0,0.0,0.0,0.0,0.0,0,0,1.046
59.451,0.0,0.0,0.0,0.0,0.0,0.0,0.0,0.0,0,0,1.044
59.471,0.0,0.0,0.0,0.0,0.0,0.0,0.0,0.0,0,0,1.042
59.49,0.0,0.0,0.0,0.0,0.0,0.0,0.0,0.0,0,0,1.04
59.512,0.0,0.0,0.0,0.0,0.0,0.0,0.0,0.0,0,0,1.039
59.53,0.0,0.0,0.0,0.0,0.0,0.0,0.0,0.0,0,0,1.037
59.552,0.0,0.0,0.0,0.0,0.0,0.0,0.0,0.0,0,0,1.036
59.571,0.0,0.0,0.0,0.0,0.0,0.0,0.0,0.0,0,0,1.034
59.591,0.0,0.0,0.0,0.0,0.0,0.0,0.0,0.0,0,0,1.033
59.612,0.0,0.0,0.0,0.0,0.0,0.0,0.0,0.0,0,0,1.032
59.631,0.0,0.0,0.0,0.0,0.0,0.0,0.0,0.0,0,0,1.031
59.651,0.0,0.0,0.0,0.0,0.0,0.0,0.0,0.0,0,0,1.029
59.672,0.0,0.0,0.0,0.0,0.0,0.0,0.0,0.0,0,0,1.028
59.691,0.0,0.0,0.0,0.0,0.0,0.0,0.0,0.0,0,0,1.027
59.712,0.0,0.0,0.0,0.0,0.0,0.0,0.0,0.0,0,0,1.026
59.731,0.0,0.0,0.0,0.0,0.0,0.0,0.0,0.0,0,0,1.025
59.751,0.0,0.0,0.0,0.0,0.0,0.0,0.0,0.0,0,0,1.024
59.772,0.0,0.0,0.0,0.0,0.0,0.0,0.0,0.0,0,0,1.023
59.791,0.0,0.0,0.0,0.0,0.0,0.0,0.0,0.0,0,0,1.022
59.81,0.0,0.0,0.0,0.0,0.0,0.0,0.0,0.0,0,0,1.021
59.831,0.0,0.0,0.0,0.0,0.0,0.0,0.0,0.0,0,0,1.02
59.85,0.0,0.0,0.0,0.0,0.0,0.0,0.0,0.0,0,0,1.02
59.871,0.0,0.0,0.0,0.0,0.0,0.0,0.0,0.0,0,0,1.019
59.89,0.0,0.0,0.0,0.0,0.0,0.0,0.0,0.0,0,0,1.018
59.911,0.0,0.0,0.0,0.0,0.0,0.0,0.0,0.0,0,0,1.017
59.932,0.0,0.0,0.0,0.0,0.0,0.0,0.0,0.0,0,0,1.017
59.951,0.0,0.0,0.0,0.0,0.0,0.0,0.0,0.0,0,0,1.016
59.971,0.0,0.0,0.0,0.0,0.0,0.0,0.0,0.0,0,0,1.015
59.99,0.0,0.0,0.0,0.0,0.0,0.0,0.0,0.0,0,0,1.015
60.011,0.0,0.0,0.0,0.0,0.0,0.0,0.0,0.0,0,0,1.014
60.031,0.0,0.0,0.0,0.0,0.0,0.0,0.0,0.0,0,0,1.014
60.051,0.0,0.0,0.0,0.0,0.0,0.0,0.0,0.0,0,0,1.013
60.07,0.0,0.0,0.0,0.0,0.0,0.0,0.0,0.0,0,0,1.013
60.092,0.0,0.0,0.0,0.0,0.0,0.0,0.0,0.0,0,0,1.012
60.11,0.0,0.0,0.0,0.0,0.0,0.0,0.0,0.0,0,0,1.012
60.131,0.0,0.0,0.0,0.0,0.0,0.0,0.0,0.0,0,0,1.011
60.151,0.0,0.0,0.0,0.0,0.0,0.0,0.0,0.0,0,0,1.011
60.171,0.0,0.0,0.0,0.0,0.0,0.0,0.0,0.0,0,0,1.01
60.191,0.0,0.0,0.0,0.0,0.0,0.0,0.0,0.0,0,0,1.01
60.214,0.0,0.0,0.0,0.0,0.0,0.0,0.0,0.0,0,0,1.01
60.23,0.0,0.0,0.0,0.0,0.0,0.0,0.0,0.0,0,0,1.009
60.252,0.0,0.0,0.0,0.0,0.0,0.0,0.0,0.0,0,0,1.009
60.271,0.0,0.0,0.0,0.0,0.0,0.0,0.0,0.0,0,0,1.008
60.291,0.0,0.0,0.0,0.0,0.0,0.0,0.0,0.0,0,0,1.008
60.31,0.0,0.0,0.0,0.0,0.0,0.0,0.0,0.0,0,0,1.008
60.331,0.0,0.0,0.0,0.0,0.0,0.0,0.0,0.0,0,0,1.008
60.352,0.0,0.0,0.0,0.0,0.0,0.0,0.0,0.0,0,0,1.007
60.37,0.0,0.0,0.0,0.0,0.0,0.0,0.0,0.0,0,0,1.007
60.391,0.0,0.0,0.0,0.0,0.0,0.0,0.0,0.0,0,0,1.007
60.412,0.0,0.0,0.0,0.0,0.0,0.0,0.0,0.0,0,0,1.006
