t,rms_l,rms_r,onset_l,onset_r,zcr_l,zcr_r,band_low_l,band_low_r,drive_l,drive_r,agc
0.434,0.0,0.0,0.0,0.0,0.0,0.0,0.0,0.0,0,0,1.0
0.455,0.0,0.0,0.0,0.0,0.0,0.0,0.0,0.0,0,0,1.0
0.455,0.0,0.0,0.0,0.0,0.0,0.0,0.0,0.0,0,0,1.0
0.475,0.0,0.0,0.0,0.0,0.0,0.0,0.0,0.0,0,0,1.0
0.496,0.0,0.0,0.0,0.0,0.0,0.0,0.0,0.0,0,0,1.0
0.516,0.0,0.0,0.0,0.0,0.0,0.0,0.0,0.0,0,0,1.0
0.535,0.0,0.0,0.0,0.0,0.0,0.0,0.0,0.0,0,0,1.0
0.556,0.0,0.0,0.0,0.0,0.0,0.0,0.0,0.0,0,0,1.0
0.576,0.0,0.0,0.0,0.0,0.0,0.0,0.0,0.0,0,0,1.0
0.596,0.0,0.0,0.0,0.0,0.0,0.0,0.0,0.0,0,0,1.0
0.616,0.0,0.0,0.0,0.0,0.0,0.0,0.0,0.0,0,0,1.0
0.636,0.0,0.0,0.0,0.0,0.0,0.0,0.0,0.0,0,0,1.0
0.656,0.0,0.0,0.0,0.0,0.0,0.0,0.0,0.0,0,0,1.0
0.676,0.0,0.0,0.0,0.0,0.0,0.0,0.0,0.0,0,0,1.0
0.696,0.0,0.0,0.0,0.0,0.0,0.0,0.0,0.0,0,0,1.0
0.716,0.0,0.0,0.0,0.0,0.0,0.0,0.0,0.0,0,0,1.0
0.736,0.0,0.0,0.0,0.0,0.0,0.0,0.0,0.0,0,0,1.0
0.756,0.0,0.0,0.0,0.0,0.0,0.0,0.0,0.0,0,0,1.0
0.776,0.0,0.0,0.0,0.0,0.0,0.0,0.0,0.0,0,0,1.0
0.795,0.0,0.0,0.0,0.0,0.0,0.0,0.0,0.0,0,0,1.0
0.816,0.0,0.0,0.0,0.0,0.0,0.0,0.0,0.0,0,0,1.0
0.836,0.0,0.0,0.0,0.0,0.0,0.0,0.0,0.0,0,0,1.0
0.856,0.0,0.0,0.0,0.0,0.0,0.0,0.0,0.0,0,0,1.0
0.876,0.0,0.0,0.0,0.0,0.0,0.0,0.0,0.0,0,0,1.0
0.896,0.0,0.0,0.0,0.0,0.0,0.0,0.0,0.0,0,0,1.0
0.916,0.0,0.0,0.0,0.0,0.0,0.0,0.0,0.0,0,0,1.0
0.936,0.0,0.0,0.0,0.0,0.0,0.0,0.0,0.0,0,0,1.0
0.957,0.0,0.0,0.0,0.0,0.0,0.0,0.0,0.0,0,0,1.0
0.976,0.0,0.0,0.0,0.0,0.0,0.0,0.0,0.0,0,0,1.0
0.997,0.0,0.0,0.0,0.0,0.0,0.0,0.0,0.0,0,0,1.0
1.016,0.0,0.0,0.0,0.0,0.0,0.0,0.0,0.0,0,0,1.0
1.036,0.0,0.0,0.0,0.0,0.0,0.0,0.0,0.0,0,0,1.0
1.055,0.0,0.0,0.0,0.0,0.0,0.0,0.0,0.0,0,0,1.0
1.076,0.0,0.0,0.0,0.0,0.0,0.0,0.0,0.0,0,0,1.0
1.096,0.0,0.0,0.0,0.0,0.0,0.0,0.0,0.0,0,0,1.0
1.116,0.0,0.0,0.0,0.0,0.0,0.0,0.0,0.0,0,0,1.0
1.136,0.0,0.0,0.0,0.0,0.0,0.0,0.0,0.0,0,0,1.0
1.157,0.0,0.0,0.0,0.0,0.0,0.0,0.0,0.0,0,0,1.0
1.176,0.0,0.0,0.0,0.0,0.0,0.0,0.0,0.0,0,0,1.0
1.197,0.0,0.0,0.0,0.0,0.0,0.0,0.0,0.0,0,0,1.0
1.216,0.0,0.0,0.0,0.0,0.0,0.0,0.0,0.0,0,0,1.0
1.236,0.0,0.0,0.0,0.0,0.0,0.0,0.0,0.0,0,0,1.0
1.256,0.0,0.0,0.0,0.0,0.0,0.0,0.0,0.0,0,0,1.0
1.276,0.0,0.0,0.0,0.0,0.0,0.0,0.0,0.0,0,0,1.0
1.296,0.0,0.0,0.0,0.0,0.0,0.0,0.0,0.0,0,0,1.0
1.316,0.0,0.0,0.0,0.0,0.0,0.0,0.0,0.0,0,0,1.0
1.336,0.0,0.0,0.0,0.0,0.0,0.0,0.0,0.0,0,0,1.0
1.357,0.0,0.0,0.0,0.0,0.0,0.0,0.0,0.0,0,0,1.0
1.375,0.0,0.0,0.0,0.0,0.0,0.0,0.0,0.0,0,0,1.0
1.396,0.0,0.0,0.0,0.0,0.0,0.0,0.0,0.0,0,0,1.0
1.415,0.0,0.0,0.0,0.0,0.0,0.0,0.0,0.0,0,0,1.0
1.436,0.0,0.0,0.0,0.0,0.0,0.0,0.0,0.0,0,0,1.0
1.456,0.0,0.0,0.0,0.0,0.0,0.0,0.0,0.0,0,0,1.0
1.477,0.0,0.0,0.0,0.0,0.0,0.0,0.0,0.0,0,0,1.0
1.497,0.0,0.0,0.0,0.0,0.0,0.0,0.0,0.0,0,0,1.0
1.517,0.0,0.0,0.0,0.0,0.0,0.0,0.0,0.0,0,0,1.0
1.536,0.0,0.0,0.0,0.0,0.0,0.0,0.0,0.0,0,0,1.0
1.555,0.0,0.0,0.0,0.0,0.0,0.0,0.0,0.0,0,0,1.0
1.576,0.0,0.0,0.0,0.0,0.0,0.0,0.0,0.0,0,0,1.0
1.595,0.0,0.0,0.0,0.0,0.0,0.0,0.0,0.0,0,0,1.0
1.616,0.0,0.0,0.0,0.0,0.0,0.0,0.0,0.0,0,0,1.0
1.635,0.0,0.0,0.0,0.0,0.0,0.0,0.0,0.0,0,0,1.0
1.655,0.0,0.0,0.0,0.0,0.0,0.0,0.0,0.0,0,0,1.0
1.676,0.0,0.0,0.0,0.0,0.0,0.0,0.0,0.0,0,0,1.0
1.696,0.0,0.0,0.0,0.0,0.0,0.0,0.0,0.0,0,0,1.0
1.717,0.0,0.0,0.0,0.0,0.0,0.0,0.0,0.0,0,0,1.0
1.736,0.0,0.0,0.0,0.0,0.0,0.0,0.0,0.0,0,0,1.0
1.755,0.0,0.0,0.0,0.0,0.0,0.0,0.0,0.0,0,0,1.0
1.776,0.0,0.0,0.0,0.0,0.0,0.0,0.0,0.0,0,0,1.0
1.796,0.0,0.0,0.0,0.0,0.0,0.0,0.0,0.0,0,0,1.0
1.816,0.0,0.0,0.0,0.0,0.0,0.0,0.0,0.0,0,0,1.0
1.836,0.0,0.0,0.0,0.0,0.0,0.0,0.0,0.0,0,0,1.0
1.857,0.0,0.0,0.0,0.0,0.0,0.0,0.0,0.0,0,0,1.0
1.876,0.0,0.0,0.0,0.0,0.0,0.0,0.0,0.0,0,0,1.0
1.896,0.0,0.0,0.0,0.0,0.0,0.0,0.0,0.0,0,0,1.0
1.917,0.0,0.0,0.0,0.0,0.0,0.0,0.0,0.0,0,0,1.0
1.936,0.0,0.0,0.0,0.0,0.0,0.0,0.0,0.0,0,0,1.0
1.957,0.0,0.0,0.0,0.0,0.0,0.0,0.0,0.0,0,0,1.0
1.976,0.0,0.0,0.0,0.0,0.0,0.0,0.0,0.0,0,0,1.0
1.996,0.0,0.0,0.0,0.0,0.0,0.0,0.0,0.0,0,0,1.0
2.015,0.0,0.0,0.0,0.0,0.0,0.0,0.0,0.0,0,0,1.0
2.036,0.0,0.0,0.0,0.0,0.0,0.0,0.0,0.0,0,0,1.0
2.056,0.0,0.0,0.0,0.0,0.0,0.0,0.0,0.0,0,0,1.0
2.076,0.0,0.0,0.0,0.0,0.0,0.0,0.0,0.0,0,0,1.0
2.096,0.0,0.0,0.0,0.0,0.0,0.0,0.0,0.0,0,0,1.0
2.115,0.0,0.0,0.0,0.0,0.0,0.0,0.0,0.0,0,0,1.0
2.135,0.0,0.0,0.0,0.0,0.0,0.0,0.0,0.0,0,0,1.0
2.156,0.0,0.0,0.0,0.0,0.0,0.0,0.0,0.0,0,0,1.0
2.176,0.0,0.0,0.0,0.0,0.0,0.0,0.0,0.0,0,0,1.0
2.196,0.0,0.0,0.0,0.0,0.0,0.0,0.0,0.0,0,0,1.0
2.217,0.0,0.0,0.0,0.0,0.0,0.0,0.0,0.0,0,0,1.0
2.236,0.0,0.0,0.0,0.0,0.0,0.0,0.0,0.0,0,0,1.0
2.255,0.0,0.0,0.0,0.0,0.0,0.0,0.0,0.0,0,0,1.0
2.277,0.0,0.0,0.0,0.0,0.0,0.0,0.0,0.0,0,0,1.0
2.295,0.0,0.0,0.0,0.0,0.0,0.0,0.0,0.0,0,0,1.0
2.316,0.0,0.0,0.0,0.0,0.0,0.0,0.0,0.0,0,0,1.0
2.335,0.0,0.0,0.0,0.0,0.0,0.0,0.0,0.0,0,0,1.0
2.356,0.0,0.0,0.0,0.0,0.0,0.0,0.0,0.0,0,0,1.0
2.375,0.0,0.0,0.0,0.0,0.0,0.0,0.0,0.0,0,0,1.0
2.397,0.0,0.0,0.0,0.0,0.0,0.0,0.0,0.0,0,0,1.0
2.416,0.0,0.0,0.0,0.0,0.0,0.0,0.0,0.0,0,0,1.0
2.436,0.0,0.0,0.0,0.0,0.0,0.0,0.0,0.0,0,0,1.0
2.457,0.0,0.0,0.0,0.0,0.0,0.0,0.0,0.0,0,0,1.0
2.476,0.0,0.0,0.0,0.0,0.0,0.0,0.0,0.0,0,0,1.0
2.496,0.0,0.0,0.0,0.0,0.0,0.0,0.0,0.0,0,0,1.0
2.515,0.0,0.0,0.0,0.0,0.0,0.0,0.0,0.0,0,0,1.0
2.535,0.0,0.0,0.0,0.0,0.0,0.0,0.0,0.0,0,0,1.0
2.556,0.0,0.0,0.0,0.0,0.0,0.0,0.0,0.0,0,0,1.0
2.577,0.0,0.0,0.0,0.0,0.0,0.0,0.0,0.0,0,0,1.0
2.596,0.0,0.0,0.0,0.0,0.0,0.0,0.0,0.0,0,0,1.0
2.615,0.0,0.0,0.0,0.0,0.0,0.0,0.0,0.0,0,0,1.0
2.637,0.0,0.0,0.0,0.0,0.0,0.0,0.0,0.0,0,0,1.0
2.656,0.0,0.0,0.0,0.0,0.0,0.0,0.0,0.0,0,0,1.0
2.676,0.0,0.0,0.0,0.0,0.0,0.0,0.0,0.0,0,0,1.0
2.696,0.0,0.0,0.0,0.0,0.0,0.0,0.0,0.0,0,0,1.0
2.716,0.0,0.0,0.0,0.0,0.0,0.0,0.0,0.0,0,0,1.0
2.737,0.0,0.0,0.0,0.0,0.0,0.0,0.0,0.0,0,0,1.0
2.755,0.0,0.0,0.0,0.0,0.0,0.0,0.0,0.0,0,0,1.0
2.776,0.0,0.0,0.0,0.0,0.0,0.0,0.0,0.0,0,0,1.0
2.796,0.0,0.0,0.0,0.0,0.0,0.0,0.0,0.0,0,0,1.0
2.816,0.0,0.0,0.0,0.0,0.0,0.0,0.0,0.0,0,0,1.0
2.836,0.0,0.0,0.0,0.0,0.0,0.0,0.0,0.0,0,0,1.0
2.855,0.0,0.0,0.0,0.0,0.0,0.0,0.0,0.0,0,0,1.0
2.876,0.0,0.0,0.0,0.0,0.0,0.0,0.0,0.0,0,0,1.0
2.895,0.0,0.0,0.0,0.0,0.0,0.0,0.0,0.0,0,0,1.0
2.916,0.0,0.0,0.0,0.0,0.0,0.0,0.0,0.0,0,0,1.0
2.936,0.0,0.0,0.0,0.0,0.0,0.0,0.0,0.0,0,0,1.0
2.955,0.0,0.0,0.0,0.0,0.0,0.0,0.0,0.0,0,0,1.0
2.976,0.0,0.0,0.0,0.0,0.0,0.0,0.0,0.0,0,0,1.0
2.996,0.0,0.0,0.0,0.0,0.0,0.0,0.0,0.0,0,0,1.0
3.016,0.0,0.0,0.0,0.0,0.0,0.0,0.0,0.0,0,0,1.0
3.036,0.0,0.0,0.0,0.0,0.0,0.0,0.0,0.0,0,0,1.0
3.055,0.0,0.0,0.0,0.0,0.0,0.0,0.0,0.0,0,0,1.0
3.075,0.0,0.0,0.0,0.0,0.0,0.0,0.0,0.0,0,0,1.0
3.096,0.0,0.0,0.0,0.0,0.0,0.0,0.0,0.0,0,0,1.0
3.116,0.0,0.0,0.0,0.0,0.0,0.0,0.0,0.0,0,0,1.0
3.135,0.0,0.0,0.0,0.0,0.0,0.0,0.0,0.0,0,0,1.0
3.156,0.0,0.0,0.0,0.0,0.0,0.0,0.0,0.0,0,0,1.0
3.176,0.0,0.0,0.0,0.0,0.0,0.0,0.0,0.0,0,0,1.0
3.196,0.0,0.0,0.0,0.0,0.0,0.0,0.0,0.0,0,0,1.0
3.215,0.0,0.0,0.0,0.0,0.0,0.0,0.0,0.0,0,0,1.0
3.236,0.0,0.0,0.0,0.0,0.0,0.0,0.0,0.0,0,0,1.0
3.256,0.0,0.0,0.0,0.0,0.0,0.0,0.0,0.0,0,0,1.0
3.276,0.0,0.0,0.0,0.0,0.0,0.0,0.0,0.0,0,0,1.0
3.296,0.0,0.0,0.0,0.0,0.0,0.0,0.0,0.0,0,0,1.0
3.316,0.0,0.0,0.0,0.0,0.0,0.0,0.0,0.0,0,0,1.0
3.335,0.0,0.0,0.0,0.0,0.0,0.0,0.0,0.0,0,0,1.0
3.355,0.0,0.0,0.0,0.0,0.0,0.0,0.0,0.0,0,0,1.0
3.377,0.0,0.0,0.0,0.0,0.0,0.0,0.0,0.0,0,0,1.0
3.396,0.0,0.0,0.0,0.0,0.0,0.0,0.0,0.0,0,0,1.0
3.415,0.0,0.0,0.0,0.0,0.0,0.0,0.0,0.0,0,0,1.0
3.436,0.0,0.0,0.0,0.0,0.0,0.0,0.0,0.0,0,0,1.0
3.456,0.0,0.0,0.0,0.0,0.0,0.0,0.0,0.0,0,0,1.0
3.475,0.0,0.0,0.0,0.0,0.0,0.0,0.0,0.0,0,0,1.0
3.497,0.0,0.0,0.0,0.0,0.0,0.0,0.0,0.0,0,0,1.0
3.517,0.0,0.0,0.0,0.0,0.0,0.0,0.0,0.0,0,0,1.0
3.535,0.0,0.0,0.0,0.0,0.0,0.0,0.0,0.0,0,0,1.0
3.556,0.0,0.0,0.0,0.0,0.0,0.0,0.0,0.0,0,0,1.0
3.577,0.0,0.0,0.0,0.0,0.0,0.0,0.0,0.0,0,0,1.0
3.596,0.0,0.0,0.0,0.0,0.0,0.0,0.0,0.0,0,0,1.0
3.616,0.0,0.0,0.0,0.0,0.0,0.0,0.0,0.0,0,0,1.0
3.635,0.0,0.0,0.0,0.0,0.0,0.0,0.0,0.0,0,0,1.0
3.655,0.0,0.0,0.0,0.0,0.0,0.0,0.0,0.0,0,0,1.0
3.676,0.0,0.0,0.0,0.0,0.0,0.0,0.0,0.0,0,0,1.0
3.696,0.0,0.0,0.0,0.0,0.0,0.0,0.0,0.0,0,0,1.0
3.716,0.0,0.0,0.0,0.0,0.0,0.0,0.0,0.0,0,0,1.0
3.737,0.0,0.0,0.0,0.0,0.0,0.0,0.0,0.0,0,0,1.0
3.756,0.0,0.0,0.0,0.0,0.0,0.0,0.0,0.0,0,0,1.0
3.776,0.0,0.0,0.0,0.0,0.0,0.0,0.0,0.0,0,0,1.0
3.796,0.0,0.0,0.0,0.0,0.0,0.0,0.0,0.0,0,0,1.0
3.816,0.0,0.0,0.0,0.0,0.0,0.0,0.0,0.0,0,0,1.0
3.835,0.0,0.0,0.0,0.0,0.0,0.0,0.0,0.0,0,0,1.0
3.856,0.0,0.0,0.0,0.0,0.0,0.0,0.0,0.0,0,0,1.0
3.875,0.0,0.0,0.0,0.0,0.0,0.0,0.0,0.0,0,0,1.0
3.896,0.0,0.0,0.0,0.0,0.0,0.0,0.0,0.0,0,0,1.0
3.916,0.0,0.0,0.0,0.0,0.0,0.0,0.0,0.0,0,0,1.0
3.936,0.0,0.0,0.0,0.0,0.0,0.0,0.0,0.0,0,0,1.0
3.956,0.0,0.0,0.0,0.0,0.0,0.0,0.0,0.0,0,0,1.0
3.976,0.0,0.0,0.0,0.0,0.0,0.0,0.0,0.0,0,0,1.0
3.996,0.0,0.0,0.0,0.0,0.0,0.0,0.0,0.0,0,0,1.0
4.016,0.0,0.0,0.0,0.0,0.0,0.0,0.0,0.0,0,0,1.0
4.037,0.0,0.0,0.0,0.0,0.0,0.0,0.0,0.0,0,0,1.0
4.056,0.0,0.0,0.0,0.0,0.0,0.0,0.0,0.0,0,0,1.0
4.075,0.0,0.0,0.0,0.0,0.0,0.0,0.0,0.0,0,0,1.0
4.096,0.0,0.0,0.0,0.0,0.0,0.0,0.0,0.0,0,0,1.0
4.116,0.00379,0.0,0.0,0.0,0.0083,0.0,0.00697,0.0,180,0,1.768
4.136,0.0,0.0,0.0,0.0,0.0,0.0,0.0,0.0,3,0,1.737
4.156,0.0,0.0,0.0,0.0,0.0,0.0,0.0,0.0,1,0,1.709
4.175,0.0,0.0,0.0,0.0,0.0,0.0,0.0,0.0,0,0,1.681
4.196,0.0,0.0,0.0,0.0,0.0,0.0,0.0,0.0,0,0,1.654
4.217,0.0,0.0,0.0,0.0,0.0,0.0,0.0,0.0,0,0,1.628
4.237,0.0,0.0,0.0,0.0,0.0,0.0,0.0,0.0,0,0,1.604
4.256,0.0,0.0,0.0,0.0,0.0,0.0,0.0,0.0,0,0,1.58
4.275,0.0,0.0,0.0,0.0,0.0,0.0,0.0,0.0,0,0,1.557
4.296,0.0,0.0,0.0,0.0,0.0,0.0,0.0,0.0,0,0,1.536
4.315,0.0,0.0,0.0,0.0,0.0,0.0,0.0,0.0,0,0,1.515
4.336,0.0,0.0,0.0,0.0,0.0,0.0,0.0,0.0,0,0,1.494
4.356,0.0,0.0,0.0,0.0,0.0,0.0,0.0,0.0,0,0,1.475
4.376,0.0,0.0,0.0,0.0,0.0,0.0,0.0,0.0,0,0,1.456
4.396,0.0,0.0,0.0,0.0,0.0,0.0,0.0,0.0,0,0,1.438
4.416,0.0,0.0,0.0,0.0,0.0,0.0,0.0,0.0,0,0,1.421
4.436,0.0,0.0,0.0,0.0,0.0,0.0,0.0,0.0,0,0,1.405
4.455,0.0,0.0,0.0,0.0,0.0,0.0,0.0,0.0,0,0,1.389
4.476,0.0,0.0,0.0,0.0,0.0,0.0,0.0,0.0,0,0,1.374
4.496,0.0,0.0,0.0,0.0,0.0,0.0,0.0,0.0,0,0,1.359
4.516,0.0,0.0,0.0,0.0,0.0,0.0,0.0,0.0,0,0,1.345
4.537,0.0,0.0,0.0,0.0,0.0,0.0,0.0,0.0,0,0,1.331
4.555,0.0,0.0,0.0,0.0,0.0,0.0,0.0,0.0,0,0,1.318
4.576,0.0,0.0,0.0,0.0,0.0,0.0,0.0,0.0,0,0,1.306
4.596,0.0,0.0,0.0,0.0,0.0,0.0,0.0,0.0,0,0,1.294
4.616,0.0,0.0,0.0,0.0,0.0,0.0,0.0,0.0,0,0,1.282
4.636,0.0,0.0,0.0,0.0,0.0,0.0,0.0,0.0,0,0,1.271
4.655,0.0,0.0,0.0,0.0,0.0,0.0,0.0,0.0,0,0,1.261
4.676,0.0,0.0,0.0,0.0,0.0,0.0,0.0,0.0,0,0,1.25
4.695,0.0,0.0,0.0,0.0,0.0,0.0,0.0,0.0,0,0,1.241
4.717,0.0,0.0,0.0,0.0,0.0,0.0,0.0,0.0,0,0,1.231
4.736,0.0,0.0,0.0,0.0,0.0,0.0,0.0,0.0,0,0,1.222
4.756,0.0,0.0,0.0,0.0,0.0,0.0,0.0,0.0,0,0,1.213
4.775,0.0,0.0,0.0,0.0,0.0,0.0,0.0,0.0,0,0,1.205
4.796,0.0,0.0,0.0,0.0,0.0,0.0,0.0,0.0,0,0,1.197
4.817,0.0,0.0,0.0,0.0,0.0,0.0,0.0,0.0,0,0,1.189
4.836,0.0,0.0,0.0,0.0,0.0,0.0,0.0,0.0,0,0,1.182
4.856,0.0,0.0,0.0,0.0,0.0,0.0,0.0,0.0,0,0,1.175
4.876,0.0,0.0,0.0,0.0,0.0,0.0,0.0,0.0,0,0,1.168
4.896,0.0,0.0,0.0,0.0,0.0,0.0,0.0,0.0,0,0,1.161
4.916,0.0,0.0,0.0,0.0,0.0,0.0,0.0,0.0,0,0,1.155
4.936,0.0,0.0,0.0,0.0,0.0,0.0,0.0,0.0,0,0,1.149
4.955,0.0,0.0,0.0,0.0,0.0,0.0,0.0,0.0,0,0,1.143
4.976,0.0,0.0,0.0,0.0,0.0,0.0,0.0,0.0,0,0,1.137
4.997,0.0,0.0,0.0,0.0,0.0,0.0,0.0,0.0,0,0,1.132
5.015,0.0,0.0,0.0,0.0,0.0,0.0,0.0,0.0,0,0,1.127
5.035,0.0,0.0,0.0,0.0,0.0,0.0,0.0,0.0,0,0,1.122
5.056,0.0,0.0,0.0,0.0,0.0,0.0,0.0,0.0,0,0,1.117
5.076,0.0,0.0,0.0,0.0,0.0,0.0,0.0,0.0,0,0,1.113
5.096,0.0,0.0,0.0,0.0,0.0,0.0,0.0,0.0,0,0,1.108
5.116,0.0,0.0,0.0,0.0,0.0,0.0,0.0,0.0,0,0,1.104
5.135,0.0,0.0,0.0,0.0,0.0,0.0,0.0,0.0,0,0,1.1
5.156,0.0,0.0,0.0,0.0,0.0,0.0,0.0,0.0,0,0,1.096
5.176,0.0,0.0,0.0,0.0,0.0,0.0,0.0,0.0,0,0,1.092
5.197,0.0,0.0,0.0,0.0,0.0,0.0,0.0,0.0,0,0,1.089
5.216,0.0,0.0,0.0,0.0,0.0,0.0,0.0,0.0,0,0,1.085
5.236,0.0,0.0,0.0,0.0,0.0,0.0,0.0,0.0,0,0,1.082
5.256,0.0,0.0,0.0,0.0,0.0,0.0,0.0,0.0,0,0,1.079
5.276,0.0,0.0,0.0,0.0,0.0,0.0,0.0,0.0,0,0,1.075
5.296,0.0,0.0,0.0,0.0,0.0,0.0,0.0,0.0,0,0,1.072
5.316,0.0,0.0,0.0,0.0,0.0,0.0,0.0,0.0,0,0,1.07
5.336,0.0,0.0,0.0,0.0,0.0,0.0,0.0,0.0,0,0,1.067
5.356,0.0,0.0,0.0,0.0,0.0,0.0,0.0,0.0,0,0,1.064
5.376,0.0,0.0,0.0,0.0,0.0,0.0,0.0,0.0,0,0,1.062
5.396,0.0,0.0,0.0,0.0,0.0,0.0,0.0,0.0,0,0,1.059
5.416,0.0,0.0,0.0,0.0,0.0,0.0,0.0,0.0,0,0,1.057
5.436,0.0,0.0,0.0,0.0,0.0,0.0,0.0,0.0,0,0,1.055
5.456,0.0,0.0,0.0,0.0,0.0,0.0,0.0,0.0,0,0,1.053
5.476,0.0,0.0,0.0,0.0,0.0,0.0,0.0,0.0,0,0,1.051
5.497,0.0,0.0,0.0,0.0,0.0,0.0,0.0,0.0,0,0,1.049
5.516,0.0,0.0,0.0,0.0,0.0,0.0,0.0,0.0,0,0,1.047
5.535,0.0,0.0,0.0,0.0,0.0,0.0,0.0,0.0,0,0,1.045
5.555,0.0,0.0,0.0,0.0,0.0,0.0,0.0,0.0,0,0,1.043
5.576,0.0,0.0,0.0,0.0,0.0,0.0,0.0,0.0,0,0,1.041
5.596,0.0,0.0,0.0,0.0,0.0,0.0,0.0,0.0,0,0,1.04
5.617,0.0,0.0,0.0,0.0,0.0,0.0,0.0,0.0,0,0,1.038
5.637,0.0,0.0,0.0,0.0,0.0,0.0,0.0,0.0,0,0,1.037
5.656,0.0,0.0,0.0,0.0,0.0,0.0,0.0,0.0,0,0,1.035
5.675,0.0,0.0,0.0,0.0,0.0,0.0,0.0,0.0,0,0,1.034
5.696,0.0,0.0,0.0,0.0,0.0,0.0,0.0,0.0,0,0,1.033
5.717,0.0,0.0,0.0,0.0,0.0,0.0,0.0,0.0,0,0,1.031
5.736,0.0,0.0,0.0,0.0,0.0,0.0,0.0,0.0,0,0,1.03
5.756,0.0,0.0,0.0,0.0,0.0,0.0,0.0,0.0,0,0,1.029
5.776,0.0,0.0,0.0,0.0,0.0,0.0,0.0,0.0,0,0,1.028
5.796,0.0,0.0,0.0,0.0,0.0,0.0,0.0,0.0,0,0,1.027
5.815,0.0,0.0,0.0,0.0,0.0,0.0,0.0,0.0,0,0,1.026
5.836,0.0,0.0,0.0,0.0,0.0,0.0,0.0,0.0,0,0,1.025
5.856,0.0,0.0,0.0,0.0,0.0,0.0,0.0,0.0,0,0,1.024
5.876,0.0,0.0,0.0,0.0,0.0,0.0,0.0,0.0,0,0,1.023
5.896,0.0,0.0,0.0,0.0,0.0,0.0,0.0,0.0,0,0,1.022
5.915,0.0,0.0,0.0,0.0,0.0,0.0,0.0,0.0,0,0,1.021
5.937,0.0,0.0,0.0,0.0,0.0,0.0,0.0,0.0,0,0,1.02
5.956,0.0,0.0,0.0,0.0,0.0,0.0,0.0,0.0,0,0,1.019
5.975,0.0,0.0,0.0,0.0,0.0,0.0,0.0,0.0,0,0,1.019
5.995,0.0,0.0,0.0,0.0,0.0,0.0,0.0,0.0,0,0,1.018
6.016,0.0,0.0,0.0,0.0,0.0,0.0,0.0,0.0,0,0,1.017
6.036,0.0,0.0,0.0,0.0,0.0,0.0,0.0,0.0,0,0,1.016
6.055,0.0,0.0,0.0,0.0,0.0,0.0,0.0,0.0,0,0,1.016
6.076,0.0,0.0,0.0,0.0,0.0,0.0,0.0,0.0,0,0,1.015
6.095,0.0,0.0,0.0,0.0,0.0,0.0,0.0,0.0,0,0,1.015
6.116,0.0,0.0,0.0,0.0,0.0,0.0,0.0,0.0,0,0,1.014
6.135,0.0,0.0,0.0,0.0,0.0,0.0,0.0,0.0,0,0,1.014
6.155,0.0,0.0,0.0,0.0,0.0,0.0,0.0,0.0,0,0,1.013
6.176,0.0,0.0,0.0,0.0,0.0,0.0,0.0,0.0,0,0,1.012
6.196,0.0,0.0,0.0,0.0,0.0,0.0,0.0,0.0,0,0,1.012
6.216,0.0,0.0,0.0,0.0,0.0,0.0,0.0,0.0,0,0,1.012
6.235,0.0,0.0,0.0,0.0,0.0,0.0,0.0,0.0,0,0,1.011
6.256,0.0,0.0,0.0,0.0,0.0,0.0,0.0,0.0,0,0,1.011
6.276,0.0,0.0,0.0,0.0,0.0,0.0,0.0,0.0,0,0,1.01
6.295,0.0,0.0,0.0,0.0,0.0,0.0,0.0,0.0,0,0,1.01
6.316,0.0,0.0,0.0,0.0,0.0,0.0,0.0,0.0,0,0,1.009
6.336,0.0,0.0,0.0,0.0,0.0,0.0,0.0,0.0,0,0,1.009
6.357,0.0,0.0,0.0,0.0,0.0,0.0,0.0,0.0,0,0,1.009
6.376,0.0,0.0,0.0,0.0,0.0,0.0,0.0,0.0,0,0,1.008
6.396,0.0,0.0,0.0,0.0,0.0,0.0,0.0,0.0,0,0,1.008
6.416,0.0,0.0,0.0,0.0,0.0,0.0,0.0,0.0,0,0,1.008
6.435,0.0,0.0,0.0,0.0,0.0,0.0,0.0,0.0,0,0,1.007
6.455,0.0,0.0,0.0,0.0,0.0,0.0,0.0,0.0,0,0,1.007
6.476,0.0,0.0,0.0,0.0,0.0,0.0,0.0,0.0,0,0,1.007
6.496,0.0,0.0,0.0,0.0,0.0,0.0,0.0,0.0,0,0,1.007
6.515,0.0,0.0,0.0,0.0,0.0,0.0,0.0,0.0,0,0,1.006
6.536,0.0,0.0,0.0,0.0,0.0,0.0,0.0,0.0,0,0,1.006
6.555,0.0,0.0,0.0,0.0,0.0,0.0,0.0,0.0,0,0,1.006
6.577,0.0,0.0,0.0,0.0,0.0,0.0,0.0,0.0,0,0,1.006
6.596,0.0,0.0,0.0,0.0,0.0,0.0,0.0,0.0,0,0,1.005
6.615,0.0,0.0,0.0,0.0,0.0,0.0,0.0,0.0,0,0,1.005
6.636,0.0,0.0,0.0,0.0,0.0,0.0,0.0,0.0,0,0,1.005
6.656,0.0,0.0,0.0,0.0,0.0,0.0,0.0,0.0,0,0,1.005
6.676,0.0,0.0,0.0,0.0,0.0,0.0,0.0,0.0,0,0,1.005
6.696,0.0,0.0,0.0,0.0,0.0,0.0,0.0,0.0,0,0,1.004
6.716,0.0,0.0,0.0,0.0,0.0,0.0,0.0,0.0,0,0,1.004
6.735,0.0,0.0,0.0,0.0,0.0,0.0,0.0,0.0,0,0,1.004
6.756,0.0,0.0,0.0,0.0,0.0,0.0,0.0,0.0,0,0,1.004
6.777,0.0,0.0,0.0,0.0,0.0,0.0,0.0,0.0,0,0,1.004
6.796,0.0,0.0,0.0,0.0,0.0,0.0,0.0,0.0,0,0,1.004
6.815,0.0,0.0,0.0,0.0,0.0,0.0,0.0,0.0,0,0,1.003
6.836,0.0,0.0,0.0,0.0,0.0,0.0,0.0,0.0,0,0,1.003
6.856,0.0,0.0,0.0,0.0,0.0,0.0,0.0,0.0,0,0,1.003
6.875,0.0,0.0,0.0,0.0,0.0,0.0,0.0,0.0,0,0,1.003
6.896,0.0,0.0,0.0,0.0,0.0,0.0,0.0,0.0,0,0,1.003
6.916,0.0,0.0,0.0,0.0,0.0,0.0,0.0,0.0,0,0,1.003
6.936,0.0,0.0,0.0,0.0,0.0,0.0,0.0,0.0,0,0,1.003
6.956,0.0,0.0,0.0,0.0,0.0,0.0,0.0,0.0,0,0,1.003
6.976,0.0,0.0,0.0,0.0,0.0,0.0,0.0,0.0,0,0,1.003
6.996,0.0,0.0,0.0,0.0,0.0,0.0,0.0,0.0,0,0,1.002
7.016,0.0,0.0,0.0,0.0,0.0,0.0,0.0,0.0,0,0,1.002
7.036,0.0,0.0,0.0,0.0,0.0,0.0,0.0,0.0,0,0,1.002
7.056,0.0,0.0,0.0,0.0,0.0,0.0,0.0,0.0,0,0,1.002
7.076,0.0,0.0,0.0,0.0,0.0,0.0,0.0,0.0,0,0,1.002
7.096,0.0,0.0,0.0,0.0,0.0,0.0,0.0,0.0,0,0,1.002
7.115,0.0,0.0,0.0,0.0,0.0,0.0,0.0,0.0,0,0,1.002
7.135,0.0,0.0,0.0,0.0,0.0,0.0,0.0,0.0,0,0,1.002
7.155,0.0,0.0,0.0,0.0,0.0,0.0,0.0,0.0,0,0,1.002
7.175,0.0,0.0,0.0,0.0,0.0,0.0,0.0,0.0,0,0,1.002
7.196,0.0,0.0,0.0,0.0,0.0,0.0,0.0,0.0,0,0,1.002
7.217,0.0,0.0,0.0,0.0,0.0,0.0,0.0,0.0,0,0,1.002
7.236,0.0,0.0,0.0,0.0,0.0,0.0,0.0,0.0,0,0,1.001
7.256,0.0,0.0,0.0,0.0,0.0,0.0,0.0,0.0,0,0,1.001
7.278,0.0,0.0,0.0,0.0,0.0,0.0,0.0,0.0,0,0,1.001
7.296,0.0,0.0,0.0,0.0,0.0,0.0,0.0,0.0,0,0,1.001
7.315,0.0,0.0,0.0,0.0,0.0,0.0,0.0,0.0,0,0,1.001
7.336,0.00237,0.00313,0.0,0.0,0.0928,0.0824,0.00426,0.00548,180,180,1.769
7.356,0.0,0.0,0.0,0.0,0.0,0.0,0.0,0.0,2,3,1.739
7.376,0.00634,0.0,1.0,0.0,0.0396,0.0,0.01105,0.0,142,1,1.721
7.396,0.00605,0.00682,0.0,1.0,0.0177,0.0115,0.01148,0.01085,180,141,1.704
7.416,0.00559,0.00591,0.0,0.0,0.0282,0.0261,0.0065,0.00745,154,180,2.364
7.437,0.00739,0.0076,0.784,0.813,0.0396,0.0313,0.01173,0.01328,176,208,2.331
7.456,0.0,0.00434,0.0,0.0,0.0,0.0428,0.0,0.00566,43,68,2.895
7.475,0.0,0.0,0.0,0.0,0.0,0.0,0.0,0.0,8,13,2.82
7.497,0.0,0.0,0.0,0.0,0.0,0.0,0.0,0.0,2,2,2.749
7.515,0.0,0.0,0.0,0.0,0.0,0.0,0.0,0.0,0,0,2.68
7.536,0.00366,0.00476,0.0,0.23,0.0396,0.0219,0.00581,0.00606,79,120,2.971
7.556,0.0,0.0,0.0,0.0,0.0,0.0,0.0,0.0,5,23,2.894
7.576,0.0,0.0,0.0,0.0,0.0,0.0,0.0,0.0,1,4,2.819
7.596,0.0,0.0,0.0,0.0,0.0,0.0,0.0,0.0,0,1,2.748
7.616,0.0,0.0,0.0,0.0,0.0,0.0,0.0,0.0,0,0,2.679
7.635,0.0,0.0,0.0,0.0,0.0,0.0,0.0,0.0,0,0,2.614
7.656,0.0,0.0,0.0,0.0,0.0,0.0,0.0,0.0,0,0,2.55
7.675,0.0,0.0,0.0,0.0,0.0,0.0,0.0,0.0,0,0,2.49
7.695,0.0,0.0,0.0,0.0,0.0,0.0,0.0,0.0,0,0,2.431
7.716,0.0,0.0,0.0,0.0,0.0,0.0,0.0,0.0,0,0,2.375
7.736,0.0,0.0,0.0,0.0,0.0,0.0,0.0,0.0,0,0,2.321
7.755,0.0,0.0,0.0,0.0,0.0,0.0,0.0,0.0,0,0,2.269
7.775,0.0,0.0,0.0,0.0,0.0,0.0,0.0,0.0,0,0,2.22
7.796,0.0,0.0,0.0,0.0,0.0,0.0,0.0,0.0,0,0,2.172
7.815,0.0,0.0,0.0,0.0,0.0,0.0,0.0,0.0,0,0,2.126
7.836,0.0,0.0,0.0,0.0,0.0,0.0,0.0,0.0,0,0,2.082
7.855,0.0,0.0,0.0,0.0,0.0,0.0,0.0,0.0,0,0,2.039
7.876,0.0,0.0,0.0,0.0,0.0,0.0,0.0,0.0,0,0,1.998
7.896,0.0,0.0,0.0,0.0,0.0,0.0,0.0,0.0,0,0,1.959
7.916,0.0,0.0,0.0,0.0,0.0,0.0,0.0,0.0,0,0,1.922
7.936,0.0,0.0,0.0,0.0,0.0,0.0,0.0,0.0,0,0,1.886
7.956,0.0,0.0,0.0,0.0,0.0,0.0,0.0,0.0,0,0,1.851
7.975,0.0,0.0,0.0,0.0,0.0,0.0,0.0,0.0,0,0,1.817
7.996,0.0,0.0,0.0,0.0,0.0,0.0,0.0,0.0,0,0,1.785
8.015,0.0,0.0,0.0,0.0,0.0,0.0,0.0,0.0,0,0,1.755
8.036,0.0,0.0,0.0,0.0,0.0,0.0,0.0,0.0,0,0,1.725
8.055,0.0,0.0,0.0,0.0,0.0,0.0,0.0,0.0,0,0,1.697
8.077,0.0,0.0,0.0,0.0,0.0,0.0,0.0,0.0,0,0,1.669
8.096,0.0,0.0,0.0,0.0,0.0,0.0,0.0,0.0,0,0,1.643
8.115,0.0,0.0,0.0,0.0,0.0,0.0,0.0,0.0,0,0,1.618
8.136,0.0,0.0,0.0,0.0,0.0,0.0,0.0,0.0,0,0,1.594
8.156,0.0,0.0,0.0,0.0,0.0,0.0,0.0,0.0,0,0,1.57
8.175,0.0,0.0,0.0,0.0,0.0,0.0,0.0,0.0,0,0,1.548
8.196,0.0,0.0,0.0,0.0,0.0,0.0,0.0,0.0,0,0,1.526
8.215,0.0,0.0,0.0,0.0,0.0,0.0,0.0,0.0,0,0,1.506
8.236,0.0,0.0,0.0,0.0,0.0,0.0,0.0,0.0,0,0,1.486
8.256,0.0,0.0,0.0,0.0,0.0,0.0,0.0,0.0,0,0,1.467
8.275,0.0,0.0,0.0,0.0,0.0,0.0,0.0,0.0,0,0,1.449
8.296,0.0,0.0,0.0,0.0,0.0,0.0,0.0,0.0,0,0,1.431
8.315,0.0,0.0,0.0,0.0,0.0,0.0,0.0,0.0,0,0,1.414
8.335,0.0,0.0,0.0,0.0,0.0,0.0,0.0,0.0,0,0,1.398
8.356,0.0,0.0,0.0,0.0,0.0,0.0,0.0,0.0,0,0,1.382
8.375,0.0,0.0,0.0,0.0,0.0,0.0,0.0,0.0,0,0,1.367
8.396,0.0039,0.00357,0.0,0.0,0.0678,0.0657,0.00953,0.00879,180,180,2.079
8.417,0.00244,0.0028,0.0,0.0,0.1616,0.1679,0.00771,0.00835,180,180,2.681
8.436,0.00474,0.00426,0.557,0.0,0.0532,0.0448,0.01169,0.01079,165,180,2.66
8.456,0.00848,0.00866,1.0,1.0,0.0083,0.0063,0.02102,0.02158,236,176,2.605
8.476,0.0053,0.00621,0.0,0.0,0.0803,0.0688,0.00987,0.01167,180,180,3.126
8.496,0.00436,0.00513,0.0,0.0,0.0647,0.0594,0.01016,0.01194,180,180,3.568
8.517,0.00477,0.00494,0.0,0.0,0.0855,0.0876,0.00987,0.01011,180,180,3.941
8.536,0.00562,0.00554,0.178,0.112,0.1032,0.1199,0.01336,0.01321,160,154,4.064
8.556,0.00394,0.00435,0.0,0.0,0.1147,0.1001,0.00965,0.01023,180,180,4.361
8.577,0.00359,0.00359,0.0,0.0,0.1032,0.1011,0.00865,0.009,180,180,4.613
8.596,0.00248,0.00253,0.0,0.0,0.1168,0.1022,0.00731,0.00742,180,180,4.826
8.616,0.00377,0.00453,0.0,0.251,0.0938,0.0918,0.00822,0.01001,180,186,4.797
8.636,0.00724,0.00734,0.78,0.593,0.0532,0.0469,0.01496,0.01506,193,236,4.671
8.656,0.00691,0.00738,0.0,0.0,0.0323,0.0261,0.01887,0.01997,180,180,4.875
8.676,0.00427,0.00504,0.0,0.0,0.147,0.1241,0.00905,0.01116,180,180,5.047
8.696,0.00545,0.00655,0.235,0.316,0.1105,0.1022,0.01407,0.01681,216,227,4.972
8.717,0.00186,0.00151,0.0,0.0,0.1439,0.171,0.00519,0.00433,180,180,5.13
8.735,0.00434,0.00387,0.0,0.0,0.1032,0.1116,0.01033,0.00944,180,180,5.264
8.756,0.00327,0.004,0.0,0.0,0.1157,0.1137,0.00791,0.00953,180,180,5.377
8.775,0.00413,0.00422,0.0,0.0,0.1137,0.1241,0.00935,0.00898,180,180,5.472
8.796,0.00305,0.00284,0.0,0.0,0.1366,0.1283,0.00587,0.00564,180,180,5.553
8.816,0.00452,0.00458,0.229,0.232,0.0438,0.0521,0.01094,0.01093,192,189,5.503
8.836,0.00657,0.007,0.472,0.508,0.0417,0.0438,0.01156,0.01185,236,236,5.377
8.856,0.00658,0.00667,0.0,0.0,0.0469,0.0448,0.01592,0.01638,180,180,5.472
8.876,0.00497,0.00523,0.0,0.0,0.0563,0.0501,0.01216,0.01303,180,180,5.553
8.896,0.00258,0.00283,0.0,0.0,0.0959,0.1105,0.00491,0.00552,180,180,5.622
8.915,0.00192,0.00163,0.0,0.0,0.122,0.1262,0.00456,0.00358,180,180,5.68
8.936,0.00273,0.00275,0.0,0.0,0.0761,0.0886,0.00586,0.00589,180,180,5.729
8.956,0.00156,0.00202,0.0,0.0,0.1064,0.0667,0.00416,0.0054,180,180,5.771
8.976,0.00231,0.00265,0.0,0.0,0.097,0.0824,0.00519,0.00605,180,180,5.806
8.997,0.00299,0.00296,0.0,0.0,0.0772,0.0855,0.00576,0.0059,180,180,5.836
9.016,0.00543,0.00531,0.428,0.354,0.0594,0.0594,0.01337,0.01318,189,190,5.71
9.036,0.00319,0.00301,0.0,0.0,0.0511,0.0594,0.00785,0.00752,180,180,5.754
9.056,0.00261,0.00271,0.0,0.0,0.0428,0.0407,0.0061,0.00648,180,180,5.792
9.075,0.00326,0.00291,0.0,0.0,0.0615,0.0678,0.00803,0.00724,180,180,5.824
9.096,0.00384,0.00407,0.0,0.0,0.0574,0.0636,0.00822,0.00901,180,180,5.851
9.115,0.00368,0.00403,0.0,0.0,0.0355,0.0313,0.00873,0.00946,180,180,5.874
9.137,0.00411,0.00363,0.0,0.0,0.0334,0.0459,0.00894,0.00776,180,180,5.893
9.156,0.0,0.0,0.0,0.0,0.0,0.0,0.0,0.0,14,12,5.701
9.176,0.0,0.00214,0.0,0.0,0.0,0.0375,0.0,0.00624,3,180,5.747
9.196,0.0,0.0,0.0,0.0,0.0,0.0,0.0,0.0,0,8,5.561
9.215,0.00237,0.00212,0.0,0.0,0.0574,0.048,0.00583,0.00532,180,180,5.628
9.236,0.00231,0.0022,0.0,0.0,0.0699,0.074,0.00585,0.00571,180,180,5.685
9.256,0.0039,0.00425,0.0,0.0,0.048,0.0626,0.00916,0.00995,180,180,5.734
9.276,0.00291,0.00249,0.0,0.0,0.0469,0.0553,0.00869,0.00771,180,180,5.775
9.296,0.00353,0.00345,0.0,0.0,0.0469,0.0365,0.00801,0.00805,180,180,5.809
9.315,0.00406,0.00414,0.0,0.0,0.0188,0.0229,0.00945,0.00967,180,180,5.839
9.337,0.0,0.0,0.0,0.0,0.0,0.0,0.0,0.0,14,14,5.649
9.356,0.00205,0.0,0.0,0.0,0.0751,0.0,0.00554,0.0,180,3,5.703
9.376,0.00353,0.0036,0.0,0.0,0.0428,0.0532,0.00766,0.0077,180,180,5.748
9.396,0.00389,0.00364,0.0,0.0,0.0334,0.0355,0.00776,0.00742,180,180,5.787
9.418,0.00404,0.0041,0.0,0.0,0.0542,0.0501,0.01054,0.01052,180,180,5.82
9.437,0.00235,0.00289,0.0,0.0,0.0792,0.0667,0.00606,0.00734,180,180,5.847
9.456,0.0,0.0,0.0,0.0,0.0,0.0,0.0,0.0,10,11,5.657
9.478,0.003,0.00325,0.0,0.0,0.0542,0.0563,0.0068,0.0075,180,180,5.71
9.496,0.0,0.0,0.0,0.0,0.0,0.0,0.0,0.0,10,11,5.525
9.516,0.00308,0.003,0.0,0.0,0.0542,0.048,0.00733,0.00713,180,180,5.598
9.536,0.00178,0.00175,0.0,0.0,0.0667,0.0792,0.00471,0.00459,180,180,5.66
9.557,0.00163,0.00197,0.0,0.0,0.0803,0.0761,0.00422,0.00513,180,180,5.712
9.576,0.00165,0.00135,0.0,0.0,0.0615,0.0594,0.00471,0.00422,180,180,5.756
9.596,0.0,0.0,0.0,0.0,0.0,0.0,0.0,0.0,6,6,5.57
9.616,0.0,0.0,0.0,0.0,0.0,0.0,0.0,0.0,1,1,5.391
9.636,0.0,0.0,0.0,0.0,0.0,0.0,0.0,0.0,0,0,5.218
9.655,0.0,0.0,0.0,0.0,0.0,0.0,0.0,0.0,0,0,5.053
9.677,0.00293,0.00236,0.0,0.0,0.0501,0.0667,0.00712,0.00576,180,180,5.198
9.695,0.00162,0.00172,0.0,0.0,0.073,0.0542,0.00486,0.00518,180,180,5.321
9.715,0.0,0.0,0.0,0.0,0.0,0.0,0.0,0.0,7,7,5.152
9.735,0.0,0.0,0.0,0.0,0.0,0.0,0.0,0.0,1,1,4.989
9.757,0.00218,0.00204,0.0,0.0,0.0511,0.0428,0.00599,0.00594,180,180,5.144
9.775,0.0,0.0,0.0,0.0,0.0,0.0,0.0,0.0,7,7,4.982
9.796,0.0,0.0,0.0,0.0,0.0,0.0,0.0,0.0,1,1,4.826
9.816,0.00205,0.002,0.0,0.0,0.0355,0.0396,0.00576,0.00552,180,180,5.006
9.836,0.0032,0.00325,0.0,0.0,0.0553,0.0396,0.00729,0.00744,180,180,5.159
9.856,0.0,0.00362,0.0,0.0,0.0,0.0407,0.0,0.00809,9,180,5.288
9.876,0.0,0.0,0.0,0.0,0.0,0.0,0.0,0.0,2,11,5.12
9.897,0.0,0.0,0.0,0.0,0.0,0.0,0.0,0.0,0,2,4.958
9.916,0.00334,0.0032,0.0,0.0,0.0396,0.0417,0.00817,0.00783,180,180,5.118
9.936,0.0,0.0,0.0,0.0,0.0,0.0,0.0,0.0,10,10,4.957
9.958,0.00256,0.0025,0.0,0.0,0.0448,0.0469,0.00567,0.00547,180,180,5.117
9.975,0.0,0.0,0.0,0.0,0.0,0.0,0.0,0.0,7,7,4.955
9.996,0.0,0.0,0.0,0.0,0.0,0.0,0.0,0.0,1,1,4.8
10.015,0.0,0.0,0.0,0.0,0.0,0.0,0.0,0.0,0,0,4.651
10.037,0.0,0.0,0.0,0.0,0.0,0.0,0.0,0.0,0,0,4.508
10.056,0.00251,0.00241,0.0,0.0,0.0334,0.0417,0.00609,0.00577,180,180,4.737
10.076,0.0,0.0,0.0,0.0,0.0,0.0,0.0,0.0,7,7,4.591
10.096,0.0,0.0,0.0,0.0,0.0,0.0,0.0,0.0,1,1,4.45
10.117,0.0,0.0,0.0,0.0,0.0,0.0,0.0,0.0,0,0,4.315
10.135,0.0,0.0,0.0,0.0,0.0,0.0,0.0,0.0,0,0,4.185
10.156,0.0,0.0,0.0,0.0,0.0,0.0,0.0,0.0,0,0,4.06
10.177,0.0,0.0,0.0,0.0,0.0,0.0,0.0,0.0,0,0,3.94
10.196,0.00261,0.00278,0.0,0.0,0.0448,0.0532,0.00585,0.00641,180,180,4.256
10.216,0.0,0.0,0.0,0.0,0.0,0.0,0.0,0.0,6,7,4.128
10.236,0.0,0.0,0.0,0.0,0.0,0.0,0.0,0.0,1,1,4.006
10.256,0.0,0.0,0.0,0.0,0.0,0.0,0.0,0.0,0,0,3.888
10.275,0.0,0.0,0.0,0.0,0.0,0.0,0.0,0.0,0,0,3.775
10.296,0.0,0.0,0.0,0.0,0.0,0.0,0.0,0.0,0,0,3.666
10.316,0.0,0.0,0.0,0.0,0.0,0.0,0.0,0.0,0,0,3.561
10.336,0.0,0.0,0.0,0.0,0.0,0.0,0.0,0.0,0,0,3.461
10.355,0.0,0.0,0.0,0.0,0.0,0.0,0.0,0.0,0,0,3.364
10.376,0.0,0.0,0.0,0.0,0.0,0.0,0.0,0.0,0,0,3.272
10.396,0.0,0.0,0.0,0.0,0.0,0.0,0.0,0.0,0,0,3.183
10.415,0.0,0.0,0.0,0.0,0.0,0.0,0.0,0.0,0,0,3.097
10.436,0.0,0.0,0.0,0.0,0.0,0.0,0.0,0.0,0,0,3.015
10.456,0.0,0.0,0.0,0.0,0.0,0.0,0.0,0.0,0,0,2.936
10.476,0.0,0.0,0.0,0.0,0.0,0.0,0.0,0.0,0,0,2.86
10.496,0.0,0.0,0.0,0.0,0.0,0.0,0.0,0.0,0,0,2.787
10.516,0.0,0.0,0.0,0.0,0.0,0.0,0.0,0.0,0,0,2.717
10.536,0.0,0.0,0.0,0.0,0.0,0.0,0.0,0.0,0,0,2.65
10.556,0.0,0.0,0.0,0.0,0.0,0.0,0.0,0.0,0,0,2.585
10.576,0.0,0.0,0.0,0.0,0.0,0.0,0.0,0.0,0,0,2.523
10.596,0.0,0.0,0.0,0.0,0.0,0.0,0.0,0.0,0,0,2.463
10.615,0.0,0.0,0.0,0.0,0.0,0.0,0.0,0.0,0,0,2.406
10.636,0.0,0.0,0.0,0.0,0.0,0.0,0.0,0.0,0,0,2.351
10.656,0.0,0.0,0.0,0.0,0.0,0.0,0.0,0.0,0,0,2.298
10.675,0.0,0.0,0.0,0.0,0.0,0.0,0.0,0.0,0,0,2.247
10.696,0.0,0.0,0.0,0.0,0.0,0.0,0.0,0.0,0,0,2.198
10.715,0.0,0.0,0.0,0.0,0.0,0.0,0.0,0.0,0,0,2.151
10.737,0.0,0.0,0.0,0.0,0.0,0.0,0.0,0.0,0,0,2.106
10.756,0.0,0.0,0.0,0.0,0.0,0.0,0.0,0.0,0,0,2.062
10.776,0.0,0.0,0.0,0.0,0.0,0.0,0.0,0.0,0,0,2.021
10.796,0.0,0.0,0.0,0.0,0.0,0.0,0.0,0.0,0,0,1.981
10.815,0.0,0.0,0.0,0.0,0.0,0.0,0.0,0.0,0,0,1.942
10.835,0.0,0.0,0.0,0.0,0.0,0.0,0.0,0.0,0,0,1.905
10.855,0.0,0.0,0.0,0.0,0.0,0.0,0.0,0.0,0,0,1.87
10.875,0.0,0.0,0.0,0.0,0.0,0.0,0.0,0.0,0,0,1.836
10.896,0.0,0.0,0.0,0.0,0.0,0.0,0.0,0.0,0,0,1.803
10.916,0.0,0.0,0.0,0.0,0.0,0.0,0.0,0.0,0,0,1.771
10.935,0.0,0.0,0.0,0.0,0.0,0.0,0.0,0.0,0,0,1.741
10.956,0.0,0.0,0.0,0.0,0.0,0.0,0.0,0.0,0,0,1.712
10.975,0.0,0.0,0.0,0.0,0.0,0.0,0.0,0.0,0,0,1.684
10.996,0.0,0.0,0.0,0.0,0.0,0.0,0.0,0.0,0,0,1.657
11.015,0.0,0.0,0.0,0.0,0.0,0.0,0.0,0.0,0,0,1.632
11.036,0.0,0.0,0.0,0.0,0.0,0.0,0.0,0.0,0,0,1.607
11.056,0.0,0.0,0.0,0.0,0.0,0.0,0.0,0.0,0,0,1.583
11.076,0.0,0.0,0.0,0.0,0.0,0.0,0.0,0.0,0,0,1.56
11.095,0.0,0.0,0.0,0.0,0.0,0.0,0.0,0.0,0,0,1.538
11.116,0.0,0.0,0.0,0.0,0.0,0.0,0.0,0.0,0,0,1.517
11.136,0.0,0.0,0.0,0.0,0.0,0.0,0.0,0.0,0,0,1.497
11.155,0.0,0.0,0.0,0.0,0.0,0.0,0.0,0.0,0,0,1.477
11.175,0.0,0.0,0.0,0.0,0.0,0.0,0.0,0.0,0,0,1.459
11.195,0.0,0.0,0.0,0.0,0.0,0.0,0.0,0.0,0,0,1.441
11.216,0.0,0.0,0.0,0.0,0.0,0.0,0.0,0.0,0,0,1.423
11.235,0.0,0.0,0.0,0.0,0.0,0.0,0.0,0.0,0,0,1.407
11.256,0.0,0.0,0.0,0.0,0.0,0.0,0.0,0.0,0,0,1.391
11.275,0.0,0.0,0.0,0.0,0.0,0.0,0.0,0.0,0,0,1.376
11.296,0.0,0.0,0.0,0.0,0.0,0.0,0.0,0.0,0,0,1.361
11.315,0.0,0.0,0.0,0.0,0.0,0.0,0.0,0.0,0,0,1.347
11.335,0.0,0.0,0.0,0.0,0.0,0.0,0.0,0.0,0,0,1.333
11.355,0.0,0.0,0.0,0.0,0.0,0.0,0.0,0.0,0,0,1.32
11.376,0.0,0.0,0.0,0.0,0.0,0.0,0.0,0.0,0,0,1.307
11.396,0.0,0.0,0.0,0.0,0.0,0.0,0.0,0.0,0,0,1.295
11.416,0.0,0.0,0.0,0.0,0.0,0.0,0.0,0.0,0,0,1.284
11.435,0.0,0.0,0.0,0.0,0.0,0.0,0.0,0.0,0,0,1.273
11.456,0.0,0.0,0.0,0.0,0.0,0.0,0.0,0.0,0,0,1.262
11.476,0.0,0.0,0.0,0.0,0.0,0.0,0.0,0.0,0,0,1.252
11.496,0.0,0.0,0.0,0.0,0.0,0.0,0.0,0.0,0,0,1.242
11.515,0.0,0.0,0.0,0.0,0.0,0.0,0.0,0.0,0,0,1.232
11.536,0.0,0.0,0.0,0.0,0.0,0.0,0.0,0.0,0,0,1.223
11.557,0.0,0.0,0.0,0.0,0.0,0.0,0.0,0.0,0,0,1.214
11.576,0.0,0.0,0.0,0.0,0.0,0.0,0.0,0.0,0,0,1.206
11.595,0.0,0.0,0.0,0.0,0.0,0.0,0.0,0.0,0,0,1.198
11.616,0.0,0.0,0.0,0.0,0.0,0.0,0.0,0.0,0,0,1.19
11.636,0.0,0.0,0.0,0.0,0.0,0.0,0.0,0.0,0,0,1.183
11.656,0.0,0.00158,0.0,0.0,0.0,0.0542,0.0,0.00442,0,180,1.922
11.676,0.0,0.0,0.0,0.0,0.0,0.0,0.0,0.0,0,2,1.886
11.696,0.0,0.0,0.0,0.0,0.0,0.0,0.0,0.0,0,0,1.851
11.717,0.0,0.0,0.0,0.0,0.0,0.0,0.0,0.0,0,0,1.818
11.736,0.0,0.0,0.0,0.0,0.0,0.0,0.0,0.0,0,0,1.786
11.755,0.0,0.0,0.0,0.0,0.0,0.0,0.0,0.0,0,0,1.755
11.775,0.0,0.0,0.0,0.0,0.0,0.0,0.0,0.0,0,0,1.726
11.796,0.0,0.0,0.0,0.0,0.0,0.0,0.0,0.0,0,0,1.697
11.817,0.0,0.0,0.0,0.0,0.0,0.0,0.0,0.0,0,0,1.67
11.836,0.0,0.0,0.0,0.0,0.0,0.0,0.0,0.0,0,0,1.643
11.856,0.0,0.0,0.0,0.0,0.0,0.0,0.0,0.0,0,0,1.618
11.876,0.0,0.0,0.0,0.0,0.0,0.0,0.0,0.0,0,0,1.594
11.896,0.0,0.0,0.0,0.0,0.0,0.0,0.0,0.0,0,0,1.571
11.915,0.0,0.0,0.0,0.0,0.0,0.0,0.0,0.0,0,0,1.548
11.935,0.0,0.0,0.0,0.0,0.0,0.0,0.0,0.0,0,0,1.527
11.957,0.0,0.0,0.0,0.0,0.0,0.0,0.0,0.0,0,0,1.506
11.975,0.0,0.0,0.0,0.0,0.0,0.0,0.0,0.0,0,0,1.486
11.996,0.0,0.0,0.0,0.0,0.0,0.0,0.0,0.0,0,0,1.467
12.016,0.0,0.0,0.0,0.0,0.0,0.0,0.0,0.0,0,0,1.449
12.036,0.0,0.0,0.0,0.0,0.0,0.0,0.0,0.0,0,0,1.431
12.056,0.0,0.0,0.0,0.0,0.0,0.0,0.0,0.0,0,0,1.414
12.076,0.0,0.0,0.0,0.0,0.0,0.0,0.0,0.0,0,0,1.398
12.097,0.0,0.0,0.0,0.0,0.0,0.0,0.0,0.0,0,0,1.383
12.115,0.0,0.0,0.0,0.0,0.0,0.0,0.0,0.0,0,0,1.368
12.135,0.0,0.0,0.0,0.0,0.0,0.0,0.0,0.0,0,0,1.353
12.155,0.0,0.0,0.0,0.0,0.0,0.0,0.0,0.0,0,0,1.339
12.177,0.0,0.0,0.0,0.0,0.0,0.0,0.0,0.0,0,0,1.326
12.196,0.0,0.0,0.0,0.0,0.0,0.0,0.0,0.0,0,0,1.313
12.216,0.0,0.0,0.0,0.0,0.0,0.0,0.0,0.0,0,0,1.301
12.237,0.0,0.0,0.0,0.0,0.0,0.0,0.0,0.0,0,0,1.289
12.256,0.0,0.0,0.0,0.0,0.0,0.0,0.0,0.0,0,0,1.278
12.276,0.0,0.0,0.0,0.0,0.0,0.0,0.0,0.0,0,0,1.267
12.296,0.0,0.0,0.0,0.0,0.0,0.0,0.0,0.0,0,0,1.256
12.316,0.0,0.0,0.0,0.0,0.0,0.0,0.0,0.0,0,0,1.246
12.335,0.0,0.0,0.0,0.0,0.0,0.0,0.0,0.0,0,0,1.237
12.355,0.0,0.0,0.0,0.0,0.0,0.0,0.0,0.0,0,0,1.227
12.375,0.0,0.0,0.0,0.0,0.0,0.0,0.0,0.0,0,0,1.219
12.396,0.0,0.0,0.0,0.0,0.0,0.0,0.0,0.0,0,0,1.21
12.416,0.0,0.0,0.0,0.0,0.0,0.0,0.0,0.0,0,0,1.202
12.436,0.0,0.0,0.0,0.0,0.0,0.0,0.0,0.0,0,0,1.194
12.456,0.0,0.0,0.0,0.0,0.0,0.0,0.0,0.0,0,0,1.186
12.476,0.0,0.0,0.0,0.0,0.0,0.0,0.0,0.0,0,0,1.179
12.496,0.0,0.0,0.0,0.0,0.0,0.0,0.0,0.0,0,0,1.172
12.517,0.0,0.0,0.0,0.0,0.0,0.0,0.0,0.0,0,0,1.165
12.536,0.0,0.0,0.0,0.0,0.0,0.0,0.0,0.0,0,0,1.159
12.557,0.0,0.0,0.0,0.0,0.0,0.0,0.0,0.0,0,0,1.152
12.576,0.0,0.0,0.0,0.0,0.0,0.0,0.0,0.0,0,0,1.146
12.596,0.0,0.0,0.0,0.0,0.0,0.0,0.0,0.0,0,0,1.141
12.617,0.0,0.0,0.0,0.0,0.0,0.0,0.0,0.0,0,0,1.135
12.636,0.0,0.0,0.0,0.0,0.0,0.0,0.0,0.0,0,0,1.13
12.657,0.0,0.0,0.0,0.0,0.0,0.0,0.0,0.0,0,0,1.125
12.676,0.0,0.0,0.0,0.0,0.0,0.0,0.0,0.0,0,0,1.12
12.696,0.0,0.0,0.0,0.0,0.0,0.0,0.0,0.0,0,0,1.115
12.715,0.0,0.0,0.0,0.0,0.0,0.0,0.0,0.0,0,0,1.111
12.737,0.0,0.0,0.0,0.0,0.0,0.0,0.0,0.0,0,0,1.106
12.755,0.0,0.0,0.0,0.0,0.0,0.0,0.0,0.0,0,0,1.102
12.776,0.0,0.0,0.0,0.0,0.0,0.0,0.0,0.0,0,0,1.098
12.796,0.0,0.0,0.0,0.0,0.0,0.0,0.0,0.0,0,0,1.094
12.816,0.0,0.0,0.0,0.0,0.0,0.0,0.0,0.0,0,0,1.091
12.836,0.0,0.0,0.0,0.0,0.0,0.0,0.0,0.0,0,0,1.087
12.857,0.0,0.0,0.0,0.0,0.0,0.0,0.0,0.0,0,0,1.084
12.877,0.0,0.0,0.0,0.0,0.0,0.0,0.0,0.0,0,0,1.08
12.896,0.0,0.0,0.0,0.0,0.0,0.0,0.0,0.0,0,0,1.077
12.916,0.0,0.0,0.0,0.0,0.0,0.0,0.0,0.0,0,0,1.074
12.935,0.0,0.0,0.0,0.0,0.0,0.0,0.0,0.0,0,0,1.071
12.956,0.0,0.0,0.0,0.0,0.0,0.0,0.0,0.0,0,0,1.069
12.976,0.0,0.0,0.0,0.0,0.0,0.0,0.0,0.0,0,0,1.066
12.996,0.0,0.0,0.0,0.0,0.0,0.0,0.0,0.0,0,0,1.063
13.016,0.0,0.0,0.0,0.0,0.0,0.0,0.0,0.0,0,0,1.061
13.036,0.0,0.0,0.0,0.0,0.0,0.0,0.0,0.0,0,0,1.058
13.055,0.0,0.0,0.0,0.0,0.0,0.0,0.0,0.0,0,0,1.056
13.075,0.0,0.0,0.0,0.0,0.0,0.0,0.0,0.0,0,0,1.054
13.096,0.0,0.0,0.0,0.0,0.0,0.0,0.0,0.0,0,0,1.052
13.116,0.0,0.0,0.0,0.0,0.0,0.0,0.0,0.0,0,0,1.05
13.136,0.0,0.0,0.0,0.0,0.0,0.0,0.0,0.0,0,0,1.048
13.155,0.0,0.0,0.0,0.0,0.0,0.0,0.0,0.0,0,0,1.046
13.176,0.0,0.0,0.0,0.0,0.0,0.0,0.0,0.0,0,0,1.044
13.196,0.0,0.0,0.0,0.0,0.0,0.0,0.0,0.0,0,0,1.042
13.216,0.0,0.0,0.0,0.0,0.0,0.0,0.0,0.0,0,0,1.041
13.235,0.0,0.0,0.0,0.0,0.0,0.0,0.0,0.0,0,0,1.039
13.255,0.0,0.0,0.0,0.0,0.0,0.0,0.0,0.0,0,0,1.038
13.276,0.0,0.0,0.0,0.0,0.0,0.0,0.0,0.0,0,0,1.036
13.296,0.0,0.0,0.0,0.0,0.0,0.0,0.0,0.0,0,0,1.035
13.315,0.0,0.0,0.0,0.0,0.0,0.0,0.0,0.0,0,0,1.033
13.337,0.0,0.0,0.0,0.0,0.0,0.0,0.0,0.0,0,0,1.032
13.356,0.0,0.0,0.0,0.0,0.0,0.0,0.0,0.0,0,0,1.031
13.377,0.0,0.0,0.0,0.0,0.0,0.0,0.0,0.0,0,0,1.03
13.396,0.0,0.0,0.0,0.0,0.0,0.0,0.0,0.0,0,0,1.028
13.415,0.0,0.0,0.0,0.0,0.0,0.0,0.0,0.0,0,0,1.027
13.436,0.0,0.0,0.0,0.0,0.0,0.0,0.0,0.0,0,0,1.026
13.455,0.0,0.0,0.0,0.0,0.0,0.0,0.0,0.0,0,0,1.025
13.476,0.0,0.0,0.0,0.0,0.0,0.0,0.0,0.0,0,0,1.024
13.496,0.0,0.0,0.0,0.0,0.0,0.0,0.0,0.0,0,0,1.023
13.515,0.0,0.0,0.0,0.0,0.0,0.0,0.0,0.0,0,0,1.022
13.535,0.0,0.0,0.0,0.0,0.0,0.0,0.0,0.0,0,0,1.021
13.556,0.0,0.0,0.0,0.0,0.0,0.0,0.0,0.0,0,0,1.021
13.576,0.0,0.0,0.0,0.0,0.0,0.0,0.0,0.0,0,0,1.02
13.596,0.0,0.0,0.0,0.0,0.0,0.0,0.0,0.0,0,0,1.019
13.615,0.0,0.0,0.0,0.0,0.0,0.0,0.0,0.0,0,0,1.018
13.636,0.0,0.0,0.0,0.0,0.0,0.0,0.0,0.0,0,0,1.018
13.657,0.0,0.0,0.0,0.0,0.0,0.0,0.0,0.0,0,0,1.017
13.676,0.0,0.0,0.0,0.0,0.0,0.0,0.0,0.0,0,0,1.016
13.696,0.0,0.0,0.0,0.0,0.0,0.0,0.0,0.0,0,0,1.016
13.716,0.0,0.0,0.0,0.0,0.0,0.0,0.0,0.0,0,0,1.015
13.735,0.0,0.0,0.0,0.0,0.0,0.0,0.0,0.0,0,0,1.014
13.756,0.0,0.0,0.0,0.0,0.0,0.0,0.0,0.0,0,0,1.014
13.775,0.0,0.0,0.0,0.0,0.0,0.0,0.0,0.0,0,0,1.013
13.796,0.0,0.0,0.0,0.0,0.0,0.0,0.0,0.0,0,0,1.013
13.816,0.0,0.0,0.0,0.0,0.0,0.0,0.0,0.0,0,0,1.012
13.836,0.0,0.0,0.0,0.0,0.0,0.0,0.0,0.0,0,0,1.012
13.857,0.0,0.0,0.0,0.0,0.0,0.0,0.0,0.0,0,0,1.011
13.875,0.0,0.0,0.0,0.0,0.0,0.0,0.0,0.0,0,0,1.011
13.897,0.0,0.0,0.0,0.0,0.0,0.0,0.0,0.0,0,0,1.01
13.915,0.0,0.0,0.0,0.0,0.0,0.0,0.0,0.0,0,0,1.01
13.936,0.0,0.0,0.0,0.0,0.0,0.0,0.0,0.0,0,0,1.01
13.956,0.0,0.0,0.0,0.0,0.0,0.0,0.0,0.0,0,0,1.009
13.975,0.0,0.0,0.0,0.0,0.0,0.0,0.0,0.0,0,0,1.009
13.996,0.0,0.0,0.0,0.0,0.0,0.0,0.0,0.0,0,0,1.009
14.015,0.0,0.0,0.0,0.0,0.0,0.0,0.0,0.0,0,0,1.008
14.036,0.0,0.0,0.0,0.0,0.0,0.0,0.0,0.0,0,0,1.008
14.056,0.0,0.0,0.0,0.0,0.0,0.0,0.0,0.0,0,0,1.008
14.076,0.0,0.0,0.0,0.0,0.0,0.0,0.0,0.0,0,0,1.007
14.097,0.0,0.0,0.0,0.0,0.0,0.0,0.0,0.0,0,0,1.007
14.117,0.0,0.0,0.0,0.0,0.0,0.0,0.0,0.0,0,0,1.007
14.137,0.0,0.0,0.0,0.0,0.0,0.0,0.0,0.0,0,0,1.006
14.156,0.0,0.0,0.0,0.0,0.0,0.0,0.0,0.0,0,0,1.006
14.176,0.0,0.0,0.0,0.0,0.0,0.0,0.0,0.0,0,0,1.006
14.196,0.0,0.0,0.0,0.0,0.0,0.0,0.0,0.0,0,0,1.006
14.216,0.0,0.0,0.0,0.0,0.0,0.0,0.0,0.0,0,0,1.006
14.235,0.0,0.0,0.0,0.0,0.0,0.0,0.0,0.0,0,0,1.005
14.255,0.0,0.0,0.0,0.0,0.0,0.0,0.0,0.0,0,0,1.005
14.276,0.0,0.0,0.0,0.0,0.0,0.0,0.0,0.0,0,0,1.005
14.296,0.0,0.0,0.0,0.0,0.0,0.0,0.0,0.0,0,0,1.005
14.316,0.0,0.0,0.0,0.0,0.0,0.0,0.0,0.0,0,0,1.005
14.335,0.0,0.0,0.0,0.0,0.0,0.0,0.0,0.0,0,0,1.004
14.356,0.0,0.0,0.0,0.0,0.0,0.0,0.0,0.0,0,0,1.004
14.376,0.0,0.0,0.0,0.0,0.0,0.0,0.0,0.0,0,0,1.004
14.396,0.0,0.0,0.0,0.0,0.0,0.0,0.0,0.0,0,0,1.004
14.416,0.0,0.0,0.0,0.0,0.0,0.0,0.0,0.0,0,0,1.004
14.435,0.0,0.0,0.0,0.0,0.0,0.0,0.0,0.0,0,0,1.004
14.456,0.0,0.0,0.0,0.0,0.0,0.0,0.0,0.0,0,0,1.003
14.475,0.0,0.0,0.0,0.0,0.0,0.0,0.0,0.0,0,0,1.003
14.496,0.0,0.0,0.0,0.0,0.0,0.0,0.0,0.0,0,0,1.003
14.515,0.0,0.0,0.0,0.0,0.0,0.0,0.0,0.0,0,0,1.003
14.536,0.0,0.0,0.0,0.0,0.0,0.0,0.0,0.0,0,0,1.003
14.555,0.0,0.0,0.0,0.0,0.0,0.0,0.0,0.0,0,0,1.003
14.576,0.0,0.0,0.0,0.0,0.0,0.0,0.0,0.0,0,0,1.003
14.596,0.0,0.0,0.0,0.0,0.0,0.0,0.0,0.0,0,0,1.003
14.618,0.0,0.0,0.0,0.0,0.0,0.0,0.0,0.0,0,0,1.002
14.636,0.0,0.0,0.0,0.0,0.0,0.0,0.0,0.0,0,0,1.002
14.655,0.0,0.0,0.0,0.0,0.0,0.0,0.0,0.0,0,0,1.002
14.676,0.0,0.0,0.0,0.0,0.0,0.0,0.0,0.0,0,0,1.002
14.696,0.0,0.0,0.0,0.0,0.0,0.0,0.0,0.0,0,0,1.002
14.716,0.0,0.0,0.0,0.0,0.0,0.0,0.0,0.0,0,0,1.002
14.736,0.0,0.0,0.0,0.0,0.0,0.0,0.0,0.0,0,0,1.002
14.756,0.0,0.0,0.0,0.0,0.0,0.0,0.0,0.0,0,0,1.002
14.776,0.00083,0.00091,0.0,0.0,0.0647,0.0574,0.00249,0.00254,180,180,1.769
14.795,0.0,0.0,0.0,0.0,0.0,0.0,0.0,0.0,1,1,1.739
14.816,0.00061,0.00071,0.0,0.0,0.0584,0.0417,0.00212,0.0024,180,180,2.393
14.835,0.0,0.0,0.0,0.0,0.0,0.0,0.0,0.0,1,1,2.339
14.855,0.0,0.0,0.0,0.0,0.0,0.0,0.0,0.0,0,0,2.286
14.876,0.0,0.0,0.0,0.0,0.0,0.0,0.0,0.0,0,0,2.236
14.896,0.0,0.0,0.0,0.0,0.0,0.0,0.0,0.0,0,0,2.187
14.916,0.0,0.0,0.0,0.0,0.0,0.0,0.0,0.0,0,0,2.141
14.936,0.0,0.0,0.0,0.0,0.0,0.0,0.0,0.0,0,0,2.096
14.955,0.0,0.0,0.0,0.0,0.0,0.0,0.0,0.0,0,0,2.053
14.976,0.0,0.0,0.0,0.0,0.0,0.0,0.0,0.0,0,0,2.012
14.996,0.0,0.0,0.0,0.0,0.0,0.0,0.0,0.0,0,0,1.972
15.016,0.0,0.0,0.0,0.0,0.0,0.0,0.0,0.0,0,0,1.934
15.036,0.0,0.0,0.0,0.0,0.0,0.0,0.0,0.0,0,0,1.897
15.055,0.0,0.0,0.0,0.0,0.0,0.0,0.0,0.0,0,0,1.862
15.076,0.0,0.0,0.0,0.0,0.0,0.0,0.0,0.0,0,0,1.828
15.096,0.0,0.0,0.0,0.0,0.0,0.0,0.0,0.0,0,0,1.796
15.116,0.0,0.0,0.0,0.0,0.0,0.0,0.0,0.0,0,0,1.765
15.135,0.0,0.0,0.0,0.0,0.0,0.0,0.0,0.0,0,0,1.735
15.156,0.0,0.0,0.0,0.0,0.0,0.0,0.0,0.0,0,0,1.706
15.176,0.0,0.0,0.0,0.0,0.0,0.0,0.0,0.0,0,0,1.678
15.197,0.0,0.0,0.0,0.0,0.0,0.0,0.0,0.0,0,0,1.652
15.215,0.0,0.0,0.0,0.0,0.0,0.0,0.0,0.0,0,0,1.626
15.235,0.00366,0.00355,0.0,0.0,0.121,0.1105,0.0067,0.00649,180,180,2.297
15.256,0.00413,0.0033,0.0,0.0,0.1689,0.1731,0.00682,0.00696,180,180,2.866
15.276,0.0049,0.00652,0.147,0.579,0.2304,0.171,0.00879,0.01243,146,168,2.834
15.296,0.00725,0.0082,0.601,0.455,0.2284,0.2419,0.01211,0.01401,230,220,2.801
15.317,0.00596,0.00373,0.0,0.0,0.1835,0.2002,0.01238,0.00847,180,180,3.292
15.336,0.00574,0.00477,0.0,0.163,0.0949,0.0949,0.00977,0.01072,180,142,3.607
15.356,0.00544,0.00319,0.0,0.0,0.194,0.1825,0.01011,0.00543,180,180,3.974
15.375,0.0052,0.00445,0.0,0.0,0.1116,0.147,0.00947,0.00765,180,180,4.285
15.397,0.00343,0.00468,0.0,0.0,0.147,0.097,0.00826,0.01048,180,180,4.549
15.416,0.00593,0.00629,0.494,0.328,0.0918,0.1064,0.0131,0.01273,191,203,4.462
15.436,0.00713,0.00847,0.335,0.6,0.0709,0.0355,0.01603,0.01934,237,237,4.362
15.457,0.00491,0.0055,0.0,0.0,0.17,0.1126,0.00973,0.01161,180,180,4.613
15.476,0.00347,0.00423,0.0,0.0,0.1533,0.0938,0.00688,0.00864,180,180,4.826
15.496,0.0,0.0,0.0,0.0,0.0,0.0,0.0,0.0,11,13,4.676
15.515,0.0,0.0,0.0,0.0,0.0,0.0,0.0,0.0,2,2,4.532
15.536,0.0,0.0,0.0,0.0,0.0,0.0,0.0,0.0,0,0,4.393
15.556,0.0,0.0,0.0,0.0,0.0,0.0,0.0,0.0,0,0,4.26
15.576,0.0,0.0,0.0,0.0,0.0,0.0,0.0,0.0,0,0,4.133
15.596,0.0,0.0,0.0,0.0,0.0,0.0,0.0,0.0,0,0,4.01
15.616,0.0,0.0,0.0,0.0,0.0,0.0,0.0,0.0,0,0,3.892
15.636,0.0,0.0,0.0,0.0,0.0,0.0,0.0,0.0,0,0,3.778
15.657,0.0,0.0,0.0,0.0,0.0,0.0,0.0,0.0,0,0,3.669
15.676,0.0,0.0,0.0,0.0,0.0,0.0,0.0,0.0,0,0,3.565
15.696,0.0,0.0,0.0,0.0,0.0,0.0,0.0,0.0,0,0,3.464
15.715,0.0,0.0,0.0,0.0,0.0,0.0,0.0,0.0,0,0,3.368
15.735,0.0,0.0,0.0,0.0,0.0,0.0,0.0,0.0,0,0,3.275
15.756,0.0,0.0,0.0,0.0,0.0,0.0,0.0,0.0,0,0,3.186
15.775,0.0,0.0,0.0,0.0,0.0,0.0,0.0,0.0,0,0,3.1
15.796,0.0,0.0,0.0,0.0,0.0,0.0,0.0,0.0,0,0,3.017
15.815,0.0,0.0,0.0,0.0,0.0,0.0,0.0,0.0,0,0,2.938
15.836,0.0,0.0,0.0,0.0,0.0,0.0,0.0,0.0,0,0,2.862
15.856,0.0,0.0,0.0,0.0,0.0,0.0,0.0,0.0,0,0,2.789
15.875,0.0,0.0,0.0,0.0,0.0,0.0,0.0,0.0,0,0,2.719
15.896,0.0,0.0,0.0,0.0,0.0,0.0,0.0,0.0,0,0,2.652
15.917,0.0,0.0,0.0,0.0,0.0,0.0,0.0,0.0,0,0,2.587
15.935,0.0,0.0,0.0,0.0,0.0,0.0,0.0,0.0,0,0,2.525
15.956,0.0,0.0,0.0,0.0,0.0,0.0,0.0,0.0,0,0,2.465
15.975,0.0,0.0,0.0,0.0,0.0,0.0,0.0,0.0,0,0,2.408
15.996,0.0,0.0,0.0,0.0,0.0,0.0,0.0,0.0,0,0,2.352
16.016,0.0,0.0,0.0,0.0,0.0,0.0,0.0,0.0,0,0,2.299
16.035,0.0,0.0,0.0,0.0,0.0,0.0,0.0,0.0,0,0,2.248
16.056,0.0,0.0,0.0,0.0,0.0,0.0,0.0,0.0,0,0,2.199
16.075,0.0,0.0,0.0,0.0,0.0,0.0,0.0,0.0,0,0,2.152
16.096,0.0,0.0,0.0,0.0,0.0,0.0,0.0,0.0,0,0,2.107
16.117,0.0,0.0,0.0,0.0,0.0,0.0,0.0,0.0,0,0,2.064
16.136,0.0,0.0,0.0,0.0,0.0,0.0,0.0,0.0,0,0,2.022
16.156,0.0,0.0,0.0,0.0,0.0,0.0,0.0,0.0,0,0,1.982
16.175,0.0,0.0,0.0,0.0,0.0,0.0,0.0,0.0,0,0,1.944
16.196,0.0,0.0,0.0,0.0,0.0,0.0,0.0,0.0,0,0,1.907
16.216,0.0,0.0,0.0,0.0,0.0,0.0,0.0,0.0,0,0,1.871
16.236,0.0,0.0,0.0,0.0,0.0,0.0,0.0,0.0,0,0,1.837
16.255,0.0,0.0,0.0,0.0,0.0,0.0,0.0,0.0,0,0,1.804
16.275,0.0,0.0,0.0,0.0,0.0,0.0,0.0,0.0,0,0,1.772
16.296,0.0,0.0,0.0,0.0,0.0,0.0,0.0,0.0,0,0,1.742
16.315,0.0,0.0,0.0,0.0,0.0,0.0,0.0,0.0,0,0,1.713
16.335,0.0,0.0,0.0,0.0,0.0,0.0,0.0,0.0,0,0,1.685
16.355,0.0,0.0,0.0,0.0,0.0,0.0,0.0,0.0,0,0,1.658
16.375,0.0,0.0,0.0,0.0,0.0,0.0,0.0,0.0,0,0,1.632
16.397,0.0,0.0,0.0,0.0,0.0,0.0,0.0,0.0,0,0,1.608
16.416,0.0,0.0,0.0,0.0,0.0,0.0,0.0,0.0,0,0,1.584
16.436,0.0,0.0,0.0,0.0,0.0,0.0,0.0,0.0,0,0,1.561
16.456,0.0,0.0,0.0,0.0,0.0,0.0,0.0,0.0,0,0,1.539
16.475,0.0,0.0,0.0,0.0,0.0,0.0,0.0,0.0,0,0,1.518
16.496,0.0,0.0,0.0,0.0,0.0,0.0,0.0,0.0,0,0,1.498
16.515,0.0,0.0,0.0,0.0,0.0,0.0,0.0,0.0,0,0,1.478
16.535,0.0,0.0,0.0,0.0,0.0,0.0,0.0,0.0,0,0,1.459
16.557,0.0,0.0,0.0,0.0,0.0,0.0,0.0,0.0,0,0,1.441
16.576,0.0,0.0,0.0,0.0,0.0,0.0,0.0,0.0,0,0,1.424
16.596,0.0,0.0,0.0,0.0,0.0,0.0,0.0,0.0,0,0,1.407
16.616,0.0,0.0,0.0,0.0,0.0,0.0,0.0,0.0,0,0,1.391
16.636,0.0,0.0,0.0,0.0,0.0,0.0,0.0,0.0,0,0,1.376
16.656,0.0,0.0,0.0,0.0,0.0,0.0,0.0,0.0,0,0,1.361
16.675,0.0,0.0,0.0,0.0,0.0,0.0,0.0,0.0,0,0,1.347
16.697,0.0,0.0,0.0,0.0,0.0,0.0,0.0,0.0,0,0,1.333
16.715,0.0,0.0,0.0,0.0,0.0,0.0,0.0,0.0,0,0,1.32
16.736,0.0,0.0,0.0,0.0,0.0,0.0,0.0,0.0,0,0,1.308
16.756,0.0,0.0,0.0,0.0,0.0,0.0,0.0,0.0,0,0,1.296
16.776,0.0,0.0,0.0,0.0,0.0,0.0,0.0,0.0,0,0,1.284
16.796,0.0,0.0,0.0,0.0,0.0,0.0,0.0,0.0,0,0,1.273
16.816,0.0,0.0,0.0,0.0,0.0,0.0,0.0,0.0,0,0,1.262
16.836,0.0,0.0,0.0,0.0,0.0,0.0,0.0,0.0,0,0,1.252
16.856,0.0,0.0,0.0,0.0,0.0,0.0,0.0,0.0,0,0,1.242
16.875,0.0,0.0,0.0,0.0,0.0,0.0,0.0,0.0,0,0,1.233
16.896,0.0,0.0,0.0,0.0,0.0,0.0,0.0,0.0,0,0,1.224
16.916,0.0,0.0,0.0,0.0,0.0,0.0,0.0,0.0,0,0,1.215
16.936,0.0,0.0,0.0,0.0,0.0,0.0,0.0,0.0,0,0,1.206
16.956,0.0,0.0,0.0,0.0,0.0,0.0,0.0,0.0,0,0,1.198
16.976,0.0,0.0,0.0,0.0,0.0,0.0,0.0,0.0,0,0,1.19
16.996,0.0,0.0,0.0,0.0,0.0,0.0,0.0,0.0,0,0,1.183
17.016,0.0,0.0,0.0,0.0,0.0,0.0,0.0,0.0,0,0,1.176
17.035,0.0,0.0,0.0,0.0,0.0,0.0,0.0,0.0,0,0,1.169
17.056,0.0,0.0,0.0,0.0,0.0,0.0,0.0,0.0,0,0,1.162
17.076,0.0,0.0,0.0,0.0,0.0,0.0,0.0,0.0,0,0,1.156
17.096,0.0,0.0,0.0,0.0,0.0,0.0,0.0,0.0,0,0,1.15
17.115,0.0,0.0,0.0,0.0,0.0,0.0,0.0,0.0,0,0,1.144
17.135,0.0,0.0,0.0,0.0,0.0,0.0,0.0,0.0,0,0,1.138
17.155,0.0,0.0,0.0,0.0,0.0,0.0,0.0,0.0,0,0,1.133
17.176,0.0,0.0,0.0,0.0,0.0,0.0,0.0,0.0,0,0,1.128
17.196,0.0,0.0,0.0,0.0,0.0,0.0,0.0,0.0,0,0,1.123
17.216,0.0,0.0,0.0,0.0,0.0,0.0,0.0,0.0,0,0,1.118
17.236,0.0,0.0,0.0,0.0,0.0,0.0,0.0,0.0,0,0,1.113
17.256,0.0,0.0,0.0,0.0,0.0,0.0,0.0,0.0,0,0,1.109
17.276,0.0,0.0,0.0,0.0,0.0,0.0,0.0,0.0,0,0,1.105
17.296,0.0,0.0,0.0,0.0,0.0,0.0,0.0,0.0,0,0,1.1
17.315,0.0,0.0,0.0,0.0,0.0,0.0,0.0,0.0,0,0,1.097
17.335,0.0,0.0,0.0,0.0,0.0,0.0,0.0,0.0,0,0,1.093
17.356,0.0,0.0,0.0,0.0,0.0,0.0,0.0,0.0,0,0,1.089
17.375,0.0,0.0,0.0,0.0,0.0,0.0,0.0,0.0,0,0,1.086
17.396,0.0,0.0,0.0,0.0,0.0,0.0,0.0,0.0,0,0,1.082
17.417,0.0,0.0,0.0,0.0,0.0,0.0,0.0,0.0,0,0,1.079
17.435,0.0,0.0,0.0,0.0,0.0,0.0,0.0,0.0,0,0,1.076
17.455,0.0,0.0,0.0,0.0,0.0,0.0,0.0,0.0,0,0,1.073
17.475,0.0,0.0,0.0,0.0,0.0,0.0,0.0,0.0,0,0,1.07
17.496,0.0,0.0,0.0,0.0,0.0,0.0,0.0,0.0,0,0,1.067
17.516,0.0,0.0,0.0,0.0,0.0,0.0,0.0,0.0,0,0,1.065
17.536,0.0,0.0,0.0,0.0,0.0,0.0,0.0,0.0,0,0,1.062
17.556,0.0,0.0,0.0,0.0,0.0,0.0,0.0,0.0,0,0,1.06
17.576,0.0,0.0,0.0,0.0,0.0,0.0,0.0,0.0,0,0,1.057
17.596,0.0,0.0,0.0,0.0,0.0,0.0,0.0,0.0,0,0,1.055
17.616,0.0,0.0,0.0,0.0,0.0,0.0,0.0,0.0,0,0,1.053
17.636,0.0,0.0,0.0,0.0,0.0,0.0,0.0,0.0,0,0,1.051
17.656,0.0,0.0,0.0,0.0,0.0,0.0,0.0,0.0,0,0,1.049
17.675,0.0,0.0,0.0,0.0,0.0,0.0,0.0,0.0,0,0,1.047
17.696,0.0,0.0,0.0,0.0,0.0,0.0,0.0,0.0,0,0,1.045
17.716,0.0,0.0,0.0,0.0,0.0,0.0,0.0,0.0,0,0,1.043
17.736,0.0,0.0,0.0,0.0,0.0,0.0,0.0,0.0,0,0,1.042
17.756,0.0,0.0,0.0,0.0,0.0,0.0,0.0,0.0,0,0,1.04
17.776,0.0,0.0,0.0,0.0,0.0,0.0,0.0,0.0,0,0,1.038
17.796,0.0,0.0,0.0,0.0,0.0,0.0,0.0,0.0,0,0,1.037
17.816,0.0,0.0,0.0,0.0,0.0,0.0,0.0,0.0,0,0,1.036
17.836,0.0,0.0,0.0,0.0,0.0,0.0,0.0,0.0,0,0,1.034
17.856,0.0,0.0,0.0,0.0,0.0,0.0,0.0,0.0,0,0,1.033
17.876,0.0,0.0,0.0,0.0,0.0,0.0,0.0,0.0,0,0,1.031
17.896,0.0,0.0,0.0,0.0,0.0,0.0,0.0,0.0,0,0,1.03
17.918,0.0,0.0,0.0,0.0,0.0,0.0,0.0,0.0,0,0,1.029
17.936,0.0,0.0,0.0,0.0,0.0,0.0,0.0,0.0,0,0,1.028
17.957,0.0,0.0,0.0,0.0,0.0,0.0,0.0,0.0,0,0,1.027
17.975,0.0,0.0,0.0,0.0,0.0,0.0,0.0,0.0,0,0,1.026
17.996,0.0,0.0,0.0,0.0,0.0,0.0,0.0,0.0,0,0,1.025
18.016,0.0,0.0,0.0,0.0,0.0,0.0,0.0,0.0,0,0,1.024
18.036,0.0,0.0,0.0,0.0,0.0,0.0,0.0,0.0,0,0,1.023
18.056,0.0,0.0,0.0,0.0,0.0,0.0,0.0,0.0,0,0,1.022
18.076,0.0,0.0,0.0,0.0,0.0,0.0,0.0,0.0,0,0,1.021
18.096,0.0,0.0,0.0,0.0,0.0,0.0,0.0,0.0,0,0,1.02
18.116,0.0,0.0,0.0,0.0,0.0,0.0,0.0,0.0,0,0,1.019
18.135,0.0,0.0,0.0,0.0,0.0,0.0,0.0,0.0,0,0,1.019
18.155,0.0,0.0,0.0,0.0,0.0,0.0,0.0,0.0,0,0,1.018
18.176,0.0,0.0,0.0,0.0,0.0,0.0,0.0,0.0,0,0,1.017
18.196,0.0,0.0,0.0,0.0,0.0,0.0,0.0,0.0,0,0,1.017
18.216,0.0,0.0,0.0,0.0,0.0,0.0,0.0,0.0,0,0,1.016
18.236,0.0,0.0,0.0,0.0,0.0,0.0,0.0,0.0,0,0,1.015
18.256,0.0,0.0,0.0,0.0,0.0,0.0,0.0,0.0,0,0,1.015
18.275,0.0,0.0,0.0,0.0,0.0,0.0,0.0,0.0,0,0,1.014
18.296,0.0,0.0,0.0,0.0,0.0,0.0,0.0,0.0,0,0,1.014
18.316,0.0,0.0,0.0,0.0,0.0,0.0,0.0,0.0,0,0,1.013
18.336,0.0,0.0,0.0,0.0,0.0,0.0,0.0,0.0,0,0,1.013
18.357,0.0,0.0,0.0,0.0,0.0,0.0,0.0,0.0,0,0,1.012
18.376,0.0,0.0,0.0,0.0,0.0,0.0,0.0,0.0,0,0,1.012
18.396,0.0,0.0,0.0,0.0,0.0,0.0,0.0,0.0,0,0,1.011
18.415,0.0,0.0,0.0,0.0,0.0,0.0,0.0,0.0,0,0,1.011
18.435,0.0,0.0,0.0,0.0,0.0,0.0,0.0,0.0,0,0,1.01
18.456,0.0,0.0,0.0,0.0,0.0,0.0,0.0,0.0,0,0,1.01
18.476,0.0,0.0,0.0,0.0,0.0,0.0,0.0,0.0,0,0,1.009
18.496,0.0,0.0,0.0,0.0,0.0,0.0,0.0,0.0,0,0,1.009
18.516,0.0,0.0,0.0,0.0,0.0,0.0,0.0,0.0,0,0,1.009
18.536,0.0,0.0,0.0,0.0,0.0,0.0,0.0,0.0,0,0,1.008
18.556,0.0,0.0,0.0,0.0,0.0,0.0,0.0,0.0,0,0,1.008
18.576,0.0,0.0,0.0,0.0,0.0,0.0,0.0,0.0,0,0,1.008
18.596,0.0,0.0,0.0,0.0,0.0,0.0,0.0,0.0,0,0,1.007
18.616,0.0,0.0,0.0,0.0,0.0,0.0,0.0,0.0,0,0,1.007
18.636,0.0,0.0,0.0,0.0,0.0,0.0,0.0,0.0,0,0,1.007
18.657,0.0,0.0,0.0,0.0,0.0,0.0,0.0,0.0,0,0,1.007
18.676,0.0,0.0,0.0,0.0,0.0,0.0,0.0,0.0,0,0,1.006
18.696,0.0,0.0,0.0,0.0,0.0,0.0,0.0,0.0,0,0,1.006
18.715,0.0,0.0,0.0,0.0,0.0,0.0,0.0,0.0,0,0,1.006
18.735,0.0,0.0,0.0,0.0,0.0,0.0,0.0,0.0,0,0,1.006
18.755,0.0,0.0,0.0,0.0,0.0,0.0,0.0,0.0,0,0,1.005
18.776,0.0,0.0,0.0,0.0,0.0,0.0,0.0,0.0,0,0,1.005
18.796,0.0,0.0,0.0,0.0,0.0,0.0,0.0,0.0,0,0,1.005
18.816,0.0,0.0,0.0,0.0,0.0,0.0,0.0,0.0,0,0,1.005
18.836,0.0,0.0,0.0,0.0,0.0,0.0,0.0,0.0,0,0,1.005
18.856,0.0,0.0,0.0,0.0,0.0,0.0,0.0,0.0,0,0,1.004
18.876,0.0,0.0,0.0,0.0,0.0,0.0,0.0,0.0,0,0,1.004
18.896,0.0,0.0,0.0,0.0,0.0,0.0,0.0,0.0,0,0,1.004
18.915,0.0,0.0,0.0,0.0,0.0,0.0,0.0,0.0,0,0,1.004
18.935,0.0,0.0,0.0,0.0,0.0,0.0,0.0,0.0,0,0,1.004
18.957,0.0,0.0,0.0,0.0,0.0,0.0,0.0,0.0,0,0,1.004
18.975,0.0,0.0,0.0,0.0,0.0,0.0,0.0,0.0,0,0,1.003
18.995,0.0,0.0,0.0,0.0,0.0,0.0,0.0,0.0,0,0,1.003
19.016,0.0,0.0,0.0,0.0,0.0,0.0,0.0,0.0,0,0,1.003
19.035,0.0,0.0,0.0,0.0,0.0,0.0,0.0,0.0,0,0,1.003
19.055,0.0,0.0,0.0,0.0,0.0,0.0,0.0,0.0,0,0,1.003
19.076,0.0,0.0,0.0,0.0,0.0,0.0,0.0,0.0,0,0,1.003
19.096,0.0,0.0,0.0,0.0,0.0,0.0,0.0,0.0,0,0,1.003
19.116,0.0,0.0,0.0,0.0,0.0,0.0,0.0,0.0,0,0,1.003
19.136,0.0,0.0,0.0,0.0,0.0,0.0,0.0,0.0,0,0,1.003
19.156,0.0,0.0,0.0,0.0,0.0,0.0,0.0,0.0,0,0,1.002
19.176,0.0,0.0,0.0,0.0,0.0,0.0,0.0,0.0,0,0,1.002
19.195,0.0,0.0,0.0,0.0,0.0,0.0,0.0,0.0,0,0,1.002
19.216,0.0,0.0,0.0,0.0,0.0,0.0,0.0,0.0,0,0,1.002
19.235,0.0,0.0,0.0,0.0,0.0,0.0,0.0,0.0,0,0,1.002
19.256,0.0,0.0,0.0,0.0,0.0,0.0,0.0,0.0,0,0,1.002
19.276,0.0,0.0,0.0,0.0,0.0,0.0,0.0,0.0,0,0,1.002
19.297,0.0,0.0,0.0,0.0,0.0,0.0,0.0,0.0,0,0,1.002
19.316,0.0,0.0,0.0,0.0,0.0,0.0,0.0,0.0,0,0,1.002
19.335,0.0,0.0,0.0,0.0,0.0,0.0,0.0,0.0,0,0,1.002
19.357,0.0,0.0,0.0,0.0,0.0,0.0,0.0,0.0,0,0,1.002
19.376,0.0,0.0,0.0,0.0,0.0,0.0,0.0,0.0,0,0,1.002
19.396,0.0,0.0,0.0,0.0,0.0,0.0,0.0,0.0,0,0,1.002
19.416,0.0,0.0,0.0,0.0,0.0,0.0,0.0,0.0,0,0,1.001
19.437,0.0,0.0,0.0,0.0,0.0,0.0,0.0,0.0,0,0,1.001
19.455,0.0,0.0,0.0,0.0,0.0,0.0,0.0,0.0,0,0,1.001
19.476,0.0,0.0,0.0,0.0,0.0,0.0,0.0,0.0,0,0,1.001
19.496,0.0,0.0,0.0,0.0,0.0,0.0,0.0,0.0,0,0,1.001
19.516,0.0,0.0,0.0,0.0,0.0,0.0,0.0,0.0,0,0,1.001
19.536,0.0,0.0,0.0,0.0,0.0,0.0,0.0,0.0,0,0,1.001
19.556,0.0,0.0,0.0,0.0,0.0,0.0,0.0,0.0,0,0,1.001
19.576,0.0,0.0,0.0,0.0,0.0,0.0,0.0,0.0,0,0,1.001
19.596,0.0,0.0,0.0,0.0,0.0,0.0,0.0,0.0,0,0,1.001
19.616,0.0,0.0,0.0,0.0,0.0,0.0,0.0,0.0,0,0,1.001
19.636,0.0,0.0,0.0,0.0,0.0,0.0,0.0,0.0,0,0,1.001
19.656,0.0,0.0,0.0,0.0,0.0,0.0,0.0,0.0,0,0,1.001
19.676,0.0,0.0,0.0,0.0,0.0,0.0,0.0,0.0,0,0,1.001
19.696,0.0,0.0,0.0,0.0,0.0,0.0,0.0,0.0,0,0,1.001
19.715,0.0,0.0,0.0,0.0,0.0,0.0,0.0,0.0,0,0,1.001
19.736,0.0,0.0,0.0,0.0,0.0,0.0,0.0,0.0,0,0,1.001
19.756,0.0,0.0,0.0,0.0,0.0,0.0,0.0,0.0,0,0,1.001
19.776,0.0,0.0,0.0,0.0,0.0,0.0,0.0,0.0,0,0,1.001
19.796,0.0,0.0,0.0,0.0,0.0,0.0,0.0,0.0,0,0,1.001
19.816,0.0,0.0,0.0,0.0,0.0,0.0,0.0,0.0,0,0,1.001
19.837,0.0,0.0,0.0,0.0,0.0,0.0,0.0,0.0,0,0,1.001
19.857,0.0,0.0,0.0,0.0,0.0,0.0,0.0,0.0,0,0,1.001
19.875,0.0,0.0,0.0,0.0,0.0,0.0,0.0,0.0,0,0,1.001
19.896,0.0,0.0,0.0,0.0,0.0,0.0,0.0,0.0,0,0,1.001
19.916,0.0,0.0,0.0,0.0,0.0,0.0,0.0,0.0,0,0,1.001
19.936,0.0,0.0,0.0,0.0,0.0,0.0,0.0,0.0,0,0,1.001
19.957,0.0,0.0,0.0,0.0,0.0,0.0,0.0,0.0,0,0,1.0
19.975,0.0,0.0,0.0,0.0,0.0,0.0,0.0,0.0,0,0,1.0
19.996,0.0,0.0,0.0,0.0,0.0,0.0,0.0,0.0,0,0,1.0
20.016,0.0,0.0,0.0,0.0,0.0,0.0,0.0,0.0,0,0,1.0
20.036,0.0,0.0,0.0,0.0,0.0,0.0,0.0,0.0,0,0,1.0
20.056,0.0,0.0,0.0,0.0,0.0,0.0,0.0,0.0,0,0,1.0
20.076,0.0,0.0,0.0,0.0,0.0,0.0,0.0,0.0,0,0,1.0
20.096,0.0,0.0,0.0,0.0,0.0,0.0,0.0,0.0,0,0,1.0
20.116,0.0,0.0,0.0,0.0,0.0,0.0,0.0,0.0,0,0,1.0
20.136,0.0,0.0,0.0,0.0,0.0,0.0,0.0,0.0,0,0,1.0
20.157,0.0,0.0,0.0,0.0,0.0,0.0,0.0,0.0,0,0,1.0
20.176,0.0,0.0,0.0,0.0,0.0,0.0,0.0,0.0,0,0,1.0
20.196,0.0,0.0,0.0,0.0,0.0,0.0,0.0,0.0,0,0,1.0
20.216,0.0,0.0,0.0,0.0,0.0,0.0,0.0,0.0,0,0,1.0
20.236,0.0,0.0,0.0,0.0,0.0,0.0,0.0,0.0,0,0,1.0
20.256,0.0,0.0,0.0,0.0,0.0,0.0,0.0,0.0,0,0,1.0
20.275,0.0,0.0,0.0,0.0,0.0,0.0,0.0,0.0,0,0,1.0
20.297,0.0,0.0,0.0,0.0,0.0,0.0,0.0,0.0,0,0,1.0
20.316,0.0,0.0,0.0,0.0,0.0,0.0,0.0,0.0,0,0,1.0
20.336,0.0,0.0,0.0,0.0,0.0,0.0,0.0,0.0,0,0,1.0
20.355,0.0,0.0,0.0,0.0,0.0,0.0,0.0,0.0,0,0,1.0
20.376,0.0,0.0,0.0,0.0,0.0,0.0,0.0,0.0,0,0,1.0
20.396,0.0,0.0,0.0,0.0,0.0,0.0,0.0,0.0,0,0,1.0
20.416,0.0,0.0,0.0,0.0,0.0,0.0,0.0,0.0,0,0,1.0
20.436,0.0,0.0,0.0,0.0,0.0,0.0,0.0,0.0,0,0,1.0
20.456,0.0,0.0,0.0,0.0,0.0,0.0,0.0,0.0,0,0,1.0
20.476,0.0,0.0,0.0,0.0,0.0,0.0,0.0,0.0,0,0,1.0
20.496,0.0,0.0,0.0,0.0,0.0,0.0,0.0,0.0,0,0,1.0
20.517,0.0,0.0,0.0,0.0,0.0,0.0,0.0,0.0,0,0,1.0
20.535,0.0,0.0,0.0,0.0,0.0,0.0,0.0,0.0,0,0,1.0
20.556,0.0,0.0,0.0,0.0,0.0,0.0,0.0,0.0,0,0,1.0
20.576,0.0,0.0,0.0,0.0,0.0,0.0,0.0,0.0,0,0,1.0
20.596,0.0,0.0,0.0,0.0,0.0,0.0,0.0,0.0,0,0,1.0
20.616,0.0,0.0,0.0,0.0,0.0,0.0,0.0,0.0,0,0,1.0
20.636,0.0,0.0,0.0,0.0,0.0,0.0,0.0,0.0,0,0,1.0
20.655,0.0,0.0,0.0,0.0,0.0,0.0,0.0,0.0,0,0,1.0
20.676,0.0,0.0,0.0,0.0,0.0,0.0,0.0,0.0,0,0,1.0
20.696,0.0,0.0,0.0,0.0,0.0,0.0,0.0,0.0,0,0,1.0
20.716,0.0,0.0,0.0,0.0,0.0,0.0,0.0,0.0,0,0,1.0
20.736,0.0,0.0,0.0,0.0,0.0,0.0,0.0,0.0,0,0,1.0
20.756,0.0,0.0,0.0,0.0,0.0,0.0,0.0,0.0,0,0,1.0
20.775,0.0,0.0,0.0,0.0,0.0,0.0,0.0,0.0,0,0,1.0
20.797,0.0,0.0,0.0,0.0,0.0,0.0,0.0,0.0,0,0,1.0
20.816,0.00288,0.0,0.0,0.0,0.0282,0.0,0.00668,0.0,180,0,1.768
20.835,0.00257,0.0,0.0,0.0,0.0334,0.0,0.00621,0.0,180,0,2.417
20.856,0.00322,0.00361,0.0,0.0,0.0167,0.0094,0.00654,0.00768,180,180,2.967
20.876,0.0,0.0,0.0,0.0,0.0,0.0,0.0,0.0,5,6,2.89
20.896,0.0,0.0,0.0,0.0,0.0,0.0,0.0,0.0,1,1,2.816
20.916,0.0,0.0029,0.0,0.0,0.0,0.0271,0.0,0.00652,0,180,3.305
20.936,0.0,0.0,0.0,0.0,0.0,0.0,0.0,0.0,0,5,3.215
20.956,0.0,0.0,0.0,0.0,0.0,0.0,0.0,0.0,0,1,3.128
20.975,0.0,0.0,0.0,0.0,0.0,0.0,0.0,0.0,0,0,3.044
20.996,0.00183,0.0,0.0,0.0,0.0229,0.0,0.00513,0.0,180,0,3.498
21.016,0.0,0.0,0.0,0.0,0.0,0.0,0.0,0.0,4,0,3.4
21.035,0.0,0.0,0.0,0.0,0.0,0.0,0.0,0.0,1,0,3.306
21.055,0.0,0.0,0.0,0.0,0.0,0.0,0.0,0.0,0,0,3.216
21.075,0.0,0.0,0.0,0.0,0.0,0.0,0.0,0.0,0,0,3.129
21.096,0.0,0.0,0.0,0.0,0.0,0.0,0.0,0.0,0,0,3.045
21.116,0.0,0.0,0.0,0.0,0.0,0.0,0.0,0.0,0,0,2.965
21.135,0.00173,0.0,0.0,0.0,0.0271,0.0,0.00475,0.0,180,0,3.431
21.157,0.00148,0.0,0.0,0.0,0.0355,0.0,0.00486,0.0,180,0,3.825
21.176,0.0,0.0,0.0,0.0,0.0,0.0,0.0,0.0,4,0,3.715
21.196,0.00139,0.0,0.0,0.0,0.0261,0.0,0.00388,0.0,180,0,4.065
21.215,0.00176,0.0,0.0,0.0,0.0323,0.0,0.00486,0.0,180,0,4.362
21.236,0.0,0.0,0.0,0.0,0.0,0.0,0.0,0.0,5,0,4.231
21.255,0.0014,0.0,0.0,0.0,0.0261,0.0,0.00395,0.0,180,0,4.502
21.276,0.0,0.0,0.0,0.0,0.0,0.0,0.0,0.0,4,0,4.365
21.297,0.00156,0.0,0.0,0.0,0.024,0.0,0.00439,0.0,180,0,4.616
21.316,0.0,0.0,0.0,0.0,0.0,0.0,0.0,0.0,5,0,4.474
21.336,0.00132,0.0,0.0,0.0,0.024,0.0,0.0037,0.0,180,0,4.708
21.357,0.0,0.0,0.0,0.0,0.0,0.0,0.0,0.0,4,0,4.563
21.376,0.0,0.0,0.0,0.0,0.0,0.0,0.0,0.0,1,0,4.423
21.396,0.0,0.0,0.0,0.0,0.0,0.0,0.0,0.0,0,0,4.289
21.416,0.00078,0.0,0.0,0.0,0.0344,0.0,0.00248,0.0,180,0,4.552
21.436,0.0,0.0,0.0,0.0,0.0,0.0,0.0,0.0,3,0,4.412
21.456,0.0,0.0,0.0,0.0,0.0,0.0,0.0,0.0,0,0,4.279
21.476,0.0,0.0,0.0,0.0,0.0,0.0,0.0,0.0,0,0,4.15
21.496,0.00068,0.0,0.0,0.0,0.025,0.0,0.00236,0.0,180,0,4.434
21.516,0.00071,0.00091,0.0,0.0,0.0375,0.0261,0.00252,0.00333,180,180,4.674
21.536,0.0,0.0,0.0,0.0,0.0,0.0,0.0,0.0,3,3,4.53
21.555,0.0,0.0,0.0,0.0,0.0,0.0,0.0,0.0,0,1,4.392
21.577,0.0,0.0,0.0,0.0,0.0,0.0,0.0,0.0,0,0,4.259
21.595,0.0,0.0,0.0,0.0,0.0,0.0,0.0,0.0,0,0,4.131
21.615,0.0,0.0,0.0,0.0,0.0,0.0,0.0,0.0,0,0,4.008
21.635,0.0,0.0,0.0,0.0,0.0,0.0,0.0,0.0,0,0,3.89
21.657,0.0,0.0,0.0,0.0,0.0,0.0,0.0,0.0,0,0,3.777
21.675,0.0,0.0,0.0,0.0,0.0,0.0,0.0,0.0,0,0,3.668
21.696,0.0,0.0,0.0,0.0,0.0,0.0,0.0,0.0,0,0,3.564
21.716,0.0,0.0,0.0,0.0,0.0,0.0,0.0,0.0,0,0,3.463
21.736,0.0,0.0,0.0,0.0,0.0,0.0,0.0,0.0,0,0,3.366
21.756,0.00037,0.0,0.0,0.0,0.0219,0.0,0.00187,0.0,180,0,3.771
21.776,0.00083,0.0,0.0,0.0,0.024,0.0,0.00279,0.0,180,0,4.113
21.796,0.00135,0.0,0.0,0.0,0.0229,0.0,0.00419,0.0,180,0,4.403
21.816,0.0,0.0,0.0,0.0,0.0,0.0,0.0,0.0,4,0,4.269
21.836,0.00173,0.0,0.0,0.0,0.0323,0.0,0.00416,0.0,180,0,4.535
21.855,0.00167,0.0,0.0,0.0,0.0355,0.0,0.00373,0.0,180,0,4.76
21.876,0.0,0.0,0.0,0.0,0.0,0.0,0.0,0.0,5,0,4.612
21.896,0.0,0.0,0.0,0.0,0.0,0.0,0.0,0.0,1,0,4.471
21.917,0.0,0.0,0.0,0.0,0.0,0.0,0.0,0.0,0,0,4.335
21.936,0.0,0.0,0.0,0.0,0.0,0.0,0.0,0.0,0,0,4.204
21.955,0.0,0.0,0.0,0.0,0.0,0.0,0.0,0.0,0,0,4.078
21.975,0.0,0.0,0.0,0.0,0.0,0.0,0.0,0.0,0,0,3.958
21.996,0.0,0.0,0.0,0.0,0.0,0.0,0.0,0.0,0,0,3.842
22.016,0.0,0.0,0.0,0.0,0.0,0.0,0.0,0.0,0,0,3.73
22.036,0.0,0.0,0.0,0.0,0.0,0.0,0.0,0.0,0,0,3.623
22.055,0.0,0.0,0.0,0.0,0.0,0.0,0.0,0.0,0,0,3.52
22.076,0.0,0.0,0.0,0.0,0.0,0.0,0.0,0.0,0,0,3.422
22.096,0.0,0.0,0.0,0.0,0.0,0.0,0.0,0.0,0,0,3.327
22.115,0.0009,0.0,0.0,0.0,0.0219,0.0,0.00302,0.0,180,0,3.737
22.135,0.00077,0.0,0.0,0.0,0.025,0.0,0.00261,0.0,180,0,4.084
22.155,0.0,0.0,0.0,0.0,0.0,0.0,0.0,0.0,2,0,3.963
22.175,0.0,0.0,0.0,0.0,0.0,0.0,0.0,0.0,0,0,3.847
22.195,0.0,0.0,0.0,0.0,0.0,0.0,0.0,0.0,0,0,3.736
22.215,0.0,0.0,0.0,0.0,0.0,0.0,0.0,0.0,0,0,3.628
22.236,0.0,0.0,0.0,0.0,0.0,0.0,0.0,0.0,0,0,3.525
22.255,0.0,0.0,0.0,0.0,0.0,0.0,0.0,0.0,0,0,3.426
22.276,0.0,0.0,0.0,0.0,0.0,0.0,0.0,0.0,0,0,3.331
22.296,0.0,0.0,0.0,0.0,0.0,0.0,0.0,0.0,0,0,3.24
22.316,0.0,0.0,0.0,0.0,0.0,0.0,0.0,0.0,0,0,3.152
22.336,0.0,0.0,0.0,0.0,0.0,0.0,0.0,0.0,0,0,3.068
22.356,0.0,0.0,0.0,0.0,0.0,0.0,0.0,0.0,0,0,2.986
22.376,0.0,0.0,0.0,0.0,0.0,0.0,0.0,0.0,0,0,2.909
22.396,0.0,0.0,0.0,0.0,0.0,0.0,0.0,0.0,0,0,2.834
22.416,0.0,0.0,0.0,0.0,0.0,0.0,0.0,0.0,0,0,2.762
22.436,0.00047,0.0,0.0,0.0,0.0209,0.0,0.00244,0.0,180,0,3.259
22.456,0.0,0.0,0.0,0.0,0.0,0.0,0.0,0.0,2,0,3.17
22.476,0.0,0.0,0.0,0.0,0.0,0.0,0.0,0.0,0,0,3.085
22.496,0.0,0.0,0.0,0.0,0.0,0.0,0.0,0.0,0,0,3.004
22.515,0.0,0.0,0.0,0.0,0.0,0.0,0.0,0.0,0,0,2.925
22.535,0.0,0.0,0.0,0.0,0.0,0.0,0.0,0.0,0,0,2.849
22.555,0.0,0.0,0.0,0.0,0.0,0.0,0.0,0.0,0,0,2.777
22.575,0.0,0.0,0.0,0.0,0.0,0.0,0.0,0.0,0,0,2.707
22.596,0.0,0.0,0.0,0.0,0.0,0.0,0.0,0.0,0,0,2.64
22.616,0.0,0.0,0.0,0.0,0.0,0.0,0.0,0.0,0,0,2.576
22.636,0.0,0.0,0.0,0.0,0.0,0.0,0.0,0.0,0,0,2.514
22.656,0.0,0.0,0.0,0.0,0.0,0.0,0.0,0.0,0,0,2.455
22.675,0.0,0.0,0.0,0.0,0.0,0.0,0.0,0.0,0,0,2.398
22.696,0.0,0.0,0.0,0.0,0.0,0.0,0.0,0.0,0,0,2.343
22.716,0.0,0.0,0.0,0.0,0.0,0.0,0.0,0.0,0,0,2.29
22.736,0.0,0.0,0.0,0.0,0.0,0.0,0.0,0.0,0,0,2.24
22.756,0.0,0.0,0.0,0.0,0.0,0.0,0.0,0.0,0,0,2.191
22.775,0.0,0.0,0.0,0.0,0.0,0.0,0.0,0.0,0,0,2.144
22.796,0.0,0.0,0.0,0.0,0.0,0.0,0.0,0.0,0,0,2.1
22.816,0.0,0.0,0.0,0.0,0.0,0.0,0.0,0.0,0,0,2.056
22.836,0.0,0.0,0.0,0.0,0.0,0.0,0.0,0.0,0,0,2.015
22.855,0.0,0.0,0.0,0.0,0.0,0.0,0.0,0.0,0,0,1.975
22.876,0.0,0.0,0.0,0.0,0.0,0.0,0.0,0.0,0,0,1.937
22.897,0.0,0.0,0.0,0.0,0.0,0.0,0.0,0.0,0,0,1.9
22.915,0.0,0.0,0.0,0.0,0.0,0.0,0.0,0.0,0,0,1.865
22.935,0.0,0.0,0.0,0.0,0.0,0.0,0.0,0.0,0,0,1.831
22.956,0.0,0.0,0.0,0.0,0.0,0.0,0.0,0.0,0,0,1.798
22.976,0.0,0.0,0.0,0.0,0.0,0.0,0.0,0.0,0,0,1.767
22.995,0.0,0.0,0.0,0.0,0.0,0.0,0.0,0.0,0,0,1.737
23.016,0.0,0.0,0.0,0.0,0.0,0.0,0.0,0.0,0,0,1.708
23.036,0.0,0.0,0.0,0.0,0.0,0.0,0.0,0.0,0,0,1.68
23.056,0.0,0.0,0.0,0.0,0.0,0.0,0.0,0.0,0,0,1.654
23.076,0.0,0.0,0.0,0.0,0.0,0.0,0.0,0.0,0,0,1.628
23.097,0.0,0.0,0.0,0.0,0.0,0.0,0.0,0.0,0,0,1.603
23.115,0.0,0.0,0.0,0.0,0.0,0.0,0.0,0.0,0,0,1.58
23.135,0.0,0.0,0.0,0.0,0.0,0.0,0.0,0.0,0,0,1.557
23.156,0.0,0.0,0.0,0.0,0.0,0.0,0.0,0.0,0,0,1.535
23.176,0.0,0.0,0.0,0.0,0.0,0.0,0.0,0.0,0,0,1.514
23.196,0.0,0.0,0.0,0.0,0.0,0.0,0.0,0.0,0,0,1.494
23.216,0.0,0.0,0.0,0.0,0.0,0.0,0.0,0.0,0,0,1.475
23.236,0.0,0.0,0.0,0.0,0.0,0.0,0.0,0.0,0,0,1.456
23.256,0.0,0.0,0.0,0.0,0.0,0.0,0.0,0.0,0,0,1.438
23.276,0.0,0.0,0.0,0.0,0.0,0.0,0.0,0.0,0,0,1.421
23.296,0.0,0.0,0.0,0.0,0.0,0.0,0.0,0.0,0,0,1.405
23.316,0.0,0.0,0.0,0.0,0.0,0.0,0.0,0.0,0,0,1.389
23.336,0.0,0.0,0.0,0.0,0.0,0.0,0.0,0.0,0,0,1.373
23.356,0.0,0.0,0.0,0.0,0.0,0.0,0.0,0.0,0,0,1.359
23.376,0.0,0.0,0.0,0.0,0.0,0.0,0.0,0.0,0,0,1.345
23.397,0.0,0.0,0.0,0.0,0.0,0.0,0.0,0.0,0,0,1.331
23.416,0.0,0.0,0.0,0.0,0.0,0.0,0.0,0.0,0,0,1.318
23.436,0.0,0.0,0.0,0.0,0.0,0.0,0.0,0.0,0,0,1.306
23.455,0.0,0.0,0.0,0.0,0.0,0.0,0.0,0.0,0,0,1.294
23.476,0.0,0.0,0.0,0.0,0.0,0.0,0.0,0.0,0,0,1.282
23.497,0.0,0.0,0.0,0.0,0.0,0.0,0.0,0.0,0,0,1.271
23.516,0.0,0.0,0.0,0.0,0.0,0.0,0.0,0.0,0,0,1.261
23.536,0.0,0.0,0.0,0.0,0.0,0.0,0.0,0.0,0,0,1.25
23.556,0.0,0.0,0.0,0.0,0.0,0.0,0.0,0.0,0,0,1.24
23.576,0.0,0.0,0.0,0.0,0.0,0.0,0.0,0.0,0,0,1.231
23.596,0.0,0.0,0.0,0.0,0.0,0.0,0.0,0.0,0,0,1.222
23.616,0.0,0.0,0.0,0.0,0.0,0.0,0.0,0.0,0,0,1.213
23.636,0.0,0.0,0.0,0.0,0.0,0.0,0.0,0.0,0,0,1.205
23.657,0.0,0.0,0.0,0.0,0.0,0.0,0.0,0.0,0,0,1.197
23.676,0.0,0.0,0.0,0.0,0.0,0.0,0.0,0.0,0,0,1.189
23.696,0.0,0.0,0.0,0.0,0.0,0.0,0.0,0.0,0,0,1.182
23.716,0.0,0.0,0.0,0.0,0.0,0.0,0.0,0.0,0,0,1.175
23.735,0.0,0.0,0.0,0.0,0.0,0.0,0.0,0.0,0,0,1.168
23.756,0.0,0.0,0.0,0.0,0.0,0.0,0.0,0.0,0,0,1.161
23.777,0.0,0.0,0.0,0.0,0.0,0.0,0.0,0.0,0,0,1.155
23.796,0.0,0.0,0.0,0.0,0.0,0.0,0.0,0.0,0,0,1.149
23.816,0.0,0.0,0.0,0.0,0.0,0.0,0.0,0.0,0,0,1.143
23.836,0.0,0.0,0.0,0.0,0.0,0.0,0.0,0.0,0,0,1.137
23.855,0.0,0.0,0.0,0.0,0.0,0.0,0.0,0.0,0,0,1.132
23.876,0.0,0.0,0.0,0.0,0.0,0.0,0.0,0.0,0,0,1.127
23.896,0.0,0.0,0.0,0.0,0.0,0.0,0.0,0.0,0,0,1.122
23.916,0.0,0.0,0.0,0.0,0.0,0.0,0.0,0.0,0,0,1.117
23.936,0.0,0.0,0.0,0.0,0.0,0.0,0.0,0.0,0,0,1.112
23.956,0.0,0.0,0.0,0.0,0.0,0.0,0.0,0.0,0,0,1.108
23.975,0.0,0.0,0.0,0.0,0.0,0.0,0.0,0.0,0,0,1.104
23.996,0.0,0.0,0.0,0.0,0.0,0.0,0.0,0.0,0,0,1.1
24.016,0.0,0.0,0.0,0.0,0.0,0.0,0.0,0.0,0,0,1.096
24.036,0.0,0.0,0.0,0.0,0.0,0.0,0.0,0.0,0,0,1.092
24.055,0.0,0.0,0.0,0.0,0.0,0.0,0.0,0.0,0,0,1.088
24.076,0.0,0.0,0.0,0.0,0.0,0.0,0.0,0.0,0,0,1.085
24.096,0.0,0.0,0.0,0.0,0.0,0.0,0.0,0.0,0,0,1.082
24.116,0.0,0.0,0.0,0.0,0.0,0.0,0.0,0.0,0,0,1.078
24.136,0.0,0.0,0.0,0.0,0.0,0.0,0.0,0.0,0,0,1.075
24.155,0.0,0.0,0.0,0.0,0.0,0.0,0.0,0.0,0,0,1.072
24.175,0.0,0.0,0.0,0.0,0.0,0.0,0.0,0.0,0,0,1.07
24.196,0.0,0.0,0.0,0.0,0.0,0.0,0.0,0.0,0,0,1.067
24.216,0.0,0.0,0.0,0.0,0.0,0.0,0.0,0.0,0,0,1.064
24.236,0.0,0.0,0.0,0.0,0.0,0.0,0.0,0.0,0,0,1.062
24.256,0.0,0.0,0.0,0.0,0.0,0.0,0.0,0.0,0,0,1.059
24.276,0.0,0.0,0.0,0.0,0.0,0.0,0.0,0.0,0,0,1.057
24.296,0.0,0.0,0.0,0.0,0.0,0.0,0.0,0.0,0,0,1.055
24.316,0.0,0.0,0.0,0.0,0.0,0.0,0.0,0.0,0,0,1.053
24.335,0.0,0.0,0.0,0.0,0.0,0.0,0.0,0.0,0,0,1.051
24.355,0.0,0.0,0.0,0.0,0.0,0.0,0.0,0.0,0,0,1.049
24.375,0.0,0.0,0.0,0.0,0.0,0.0,0.0,0.0,0,0,1.047
24.396,0.0,0.0,0.0,0.0,0.0,0.0,0.0,0.0,0,0,1.045
24.416,0.0,0.0,0.0,0.0,0.0,0.0,0.0,0.0,0,0,1.043
24.436,0.0,0.0,0.0,0.0,0.0,0.0,0.0,0.0,0,0,1.041
24.456,0.0,0.0,0.0,0.0,0.0,0.0,0.0,0.0,0,0,1.04
24.476,0.0,0.0,0.0,0.0,0.0,0.0,0.0,0.0,0,0,1.038
24.496,0.0,0.0,0.0,0.0,0.0,0.0,0.0,0.0,0,0,1.037
24.516,0.0,0.0,0.0,0.0,0.0,0.0,0.0,0.0,0,0,1.035
24.536,0.0,0.0,0.0,0.0,0.0,0.0,0.0,0.0,0,0,1.034
24.555,0.0,0.0,0.0,0.0,0.0,0.0,0.0,0.0,0,0,1.033
24.577,0.0,0.0,0.0,0.0,0.0,0.0,0.0,0.0,0,0,1.031
24.596,0.0,0.0,0.0,0.0,0.0,0.0,0.0,0.0,0,0,1.03
24.616,0.0,0.0,0.0,0.0,0.0,0.0,0.0,0.0,0,0,1.029
24.636,0.0,0.0,0.0,0.0,0.0,0.0,0.0,0.0,0,0,1.028
24.656,0.0,0.0,0.0,0.0,0.0,0.0,0.0,0.0,0,0,1.027
24.676,0.0,0.0,0.0,0.0,0.0,0.0,0.0,0.0,0,0,1.026
24.696,0.0,0.0,0.0,0.0,0.0,0.0,0.0,0.0,0,0,1.025
24.715,0.0,0.0,0.0,0.0,0.0,0.0,0.0,0.0,0,0,1.024
24.736,0.0,0.0,0.0,0.0,0.0,0.0,0.0,0.0,0,0,1.023
24.756,0.0,0.0,0.0,0.0,0.0,0.0,0.0,0.0,0,0,1.022
24.775,0.0,0.0,0.0,0.0,0.0,0.0,0.0,0.0,0,0,1.021
24.796,0.0,0.0,0.0,0.0,0.0,0.0,0.0,0.0,0,0,1.02
24.815,0.0,0.0,0.0,0.0,0.0,0.0,0.0,0.0,0,0,1.019
24.836,0.0,0.0,0.0,0.0,0.0,0.0,0.0,0.0,0,0,1.019
24.856,0.0,0.0,0.0,0.0,0.0,0.0,0.0,0.0,0,0,1.018
24.876,0.0,0.0,0.0,0.0,0.0,0.0,0.0,0.0,0,0,1.017
24.896,0.0,0.0,0.0,0.0,0.0,0.0,0.0,0.0,0,0,1.016
24.916,0.0,0.0,0.0,0.0,0.0,0.0,0.0,0.0,0,0,1.016
24.936,0.0,0.0,0.0,0.0,0.0,0.0,0.0,0.0,0,0,1.015
24.956,0.0,0.0,0.0,0.0,0.0,0.0,0.0,0.0,0,0,1.015
24.976,0.0,0.0,0.0,0.0,0.0,0.0,0.0,0.0,0,0,1.014
24.996,0.0,0.0,0.0,0.0,0.0,0.0,0.0,0.0,0,0,1.013
25.015,0.0,0.0,0.0,0.0,0.0,0.0,0.0,0.0,0,0,1.013
25.036,0.0,0.0,0.0,0.0,0.0,0.0,0.0,0.0,0,0,1.012
25.056,0.0,0.0,0.0,0.0,0.0,0.0,0.0,0.0,0,0,1.012
25.075,0.0,0.0,0.0,0.0,0.0,0.0,0.0,0.0,0,0,1.012
25.096,0.0,0.0,0.0,0.0,0.0,0.0,0.0,0.0,0,0,1.011
25.116,0.0,0.0,0.0,0.0,0.0,0.0,0.0,0.0,0,0,1.011
25.137,0.0,0.0,0.0,0.0,0.0,0.0,0.0,0.0,0,0,1.01
25.155,0.0,0.0,0.0,0.0,0.0,0.0,0.0,0.0,0,0,1.01
25.176,0.0,0.0,0.0,0.0,0.0,0.0,0.0,0.0,0,0,1.009
25.196,0.0,0.0,0.0,0.0,0.0,0.0,0.0,0.0,0,0,1.009
25.216,0.0,0.0,0.0,0.0,0.0,0.0,0.0,0.0,0,0,1.009
25.236,0.0,0.0,0.0,0.0,0.0,0.0,0.0,0.0,0,0,1.008
25.256,0.0,0.0,0.0,0.0,0.0,0.0,0.0,0.0,0,0,1.008
25.276,0.0,0.0,0.0,0.0,0.0,0.0,0.0,0.0,0,0,1.008
25.296,0.0,0.0,0.0,0.0,0.0,0.0,0.0,0.0,0,0,1.007
25.316,0.0,0.0,0.0,0.0,0.0,0.0,0.0,0.0,0,0,1.007
25.336,0.0,0.0,0.0,0.0,0.0,0.0,0.0,0.0,0,0,1.007
25.355,0.0,0.0,0.0,0.0,0.0,0.0,0.0,0.0,0,0,1.007
25.377,0.0,0.0,0.0,0.0,0.0,0.0,0.0,0.0,0,0,1.006
25.396,0.0,0.0,0.0,0.0,0.0,0.0,0.0,0.0,0,0,1.006
25.416,0.0,0.0,0.0,0.0,0.0,0.0,0.0,0.0,0,0,1.006
25.436,0.0,0.0,0.0,0.0,0.0,0.0,0.0,0.0,0,0,1.006
25.456,0.0,0.0,0.0,0.0,0.0,0.0,0.0,0.0,0,0,1.005
25.476,0.0,0.0,0.0,0.0,0.0,0.0,0.0,0.0,0,0,1.005
25.496,0.0,0.0,0.0,0.0,0.0,0.0,0.0,0.0,0,0,1.005
25.516,0.0,0.0,0.0,0.0,0.0,0.0,0.0,0.0,0,0,1.005
25.536,0.0,0.0,0.0,0.0,0.0,0.0,0.0,0.0,0,0,1.005
25.556,0.0,0.0,0.0,0.0,0.0,0.0,0.0,0.0,0,0,1.004
25.576,0.0,0.0,0.0,0.0,0.0,0.0,0.0,0.0,0,0,1.004
25.596,0.0,0.0,0.0,0.0,0.0,0.0,0.0,0.0,0,0,1.004
25.616,0.0,0.0,0.0,0.0,0.0,0.0,0.0,0.0,0,0,1.004
25.636,0.0,0.0,0.0,0.0,0.0,0.0,0.0,0.0,0,0,1.004
25.656,0.0,0.0,0.0,0.0,0.0,0.0,0.0,0.0,0,0,1.004
25.675,0.0,0.0,0.0,0.0,0.0,0.0,0.0,0.0,0,0,1.003
25.696,0.0,0.0,0.0,0.0,0.0,0.0,0.0,0.0,0,0,1.003
25.716,0.0,0.0,0.0,0.0,0.0,0.0,0.0,0.0,0,0,1.003
25.735,0.0,0.0,0.0,0.0,0.0,0.0,0.0,0.0,0,0,1.003
25.757,0.0,0.0,0.0,0.0,0.0,0.0,0.0,0.0,0,0,1.003
25.775,0.0,0.0,0.0,0.0,0.0,0.0,0.0,0.0,0,0,1.003
25.796,0.0,0.0,0.0,0.0,0.0,0.0,0.0,0.0,0,0,1.003
25.816,0.0,0.0,0.0,0.0,0.0,0.0,0.0,0.0,0,0,1.003
25.836,0.0,0.0,0.0,0.0,0.0,0.0,0.0,0.0,0,0,1.003
25.856,0.0,0.0,0.0,0.0,0.0,0.0,0.0,0.0,0,0,1.002
25.876,0.0,0.0,0.0,0.0,0.0,0.0,0.0,0.0,0,0,1.002
25.895,0.0,0.0,0.0,0.0,0.0,0.0,0.0,0.0,0,0,1.002
25.916,0.0,0.0,0.0,0.0,0.0,0.0,0.0,0.0,0,0,1.002
25.936,0.0,0.0,0.0,0.0,0.0,0.0,0.0,0.0,0,0,1.002
25.956,0.0,0.0,0.0,0.0,0.0,0.0,0.0,0.0,0,0,1.002
25.977,0.0,0.0,0.0,0.0,0.0,0.0,0.0,0.0,0,0,1.002
25.996,0.0,0.0,0.0,0.0,0.0,0.0,0.0,0.0,0,0,1.002
26.016,0.0,0.0,0.0,0.0,0.0,0.0,0.0,0.0,0,0,1.002
26.036,0.00159,0.0,0.0,0.0,0.0282,0.0,0.00477,0.0,180,0,1.769
26.057,0.00217,0.00224,0.0,0.0,0.0219,0.0261,0.00553,0.00556,180,180,2.419
26.076,0.0,0.0,0.0,0.0,0.0,0.0,0.0,0.0,3,3,2.363
26.096,0.00208,0.0,0.0,0.0,0.0219,0.0,0.00477,0.0,180,1,2.921
26.116,0.00239,0.0,0.0,0.0,0.0177,0.0,0.00538,0.0,180,0,3.394
26.136,0.0,0.0,0.0,0.0,0.0,0.0,0.0,0.0,5,0,3.3
26.157,0.0,0.0,0.0,0.0,0.0,0.0,0.0,0.0,1,0,3.21
26.176,0.0,0.0,0.0,0.0,0.0,0.0,0.0,0.0,0,0,3.123
26.196,0.0,0.0,0.0,0.0,0.0,0.0,0.0,0.0,0,0,3.04
26.216,0.0,0.0,0.0,0.0,0.0,0.0,0.0,0.0,0,0,2.96
26.236,0.0,0.0,0.0,0.0,0.0,0.0,0.0,0.0,0,0,2.883
26.257,0.0,0.0,0.0,0.0,0.0,0.0,0.0,0.0,0,0,2.809
26.275,0.0,0.0,0.0,0.0,0.0,0.0,0.0,0.0,0,0,2.738
26.295,0.0,0.0,0.0,0.0,0.0,0.0,0.0,0.0,0,0,2.67
26.315,0.0,0.0,0.0,0.0,0.0,0.0,0.0,0.0,0,0,2.605
26.336,0.0,0.0,0.0,0.0,0.0,0.0,0.0,0.0,0,0,2.542
26.356,0.0,0.0,0.0,0.0,0.0,0.0,0.0,0.0,0,0,2.481
26.376,0.0,0.0,0.0,0.0,0.0,0.0,0.0,0.0,0,0,2.423
26.396,0.0,0.0,0.0,0.0,0.0,0.0,0.0,0.0,0,0,2.367
26.415,0.0,0.0,0.0,0.0,0.0,0.0,0.0,0.0,0,0,2.314
26.436,0.0,0.0,0.0,0.0,0.0,0.0,0.0,0.0,0,0,2.262
26.456,0.00242,0.0,0.0,0.0,0.0219,0.0,0.00533,0.0,180,0,2.836
26.476,0.0,0.0,0.0,0.0,0.0,0.0,0.0,0.0,4,0,2.764
26.496,0.0,0.0,0.0,0.0,0.0,0.0,0.0,0.0,1,0,2.695
26.516,0.0,0.0,0.0,0.0,0.0,0.0,0.0,0.0,0,0,2.628
26.536,0.0,0.0,0.0,0.0,0.0,0.0,0.0,0.0,0,0,2.565
26.555,0.0,0.0,0.0,0.0,0.0,0.0,0.0,0.0,0,0,2.503
26.576,0.0,0.0,0.0,0.0,0.0,0.0,0.0,0.0,0,0,2.444
26.596,0.0,0.0,0.0,0.0,0.0,0.0,0.0,0.0,0,0,2.388
26.615,0.0,0.0,0.0,0.0,0.0,0.0,0.0,0.0,0,0,2.333
26.636,0.0,0.0,0.0,0.0,0.0,0.0,0.0,0.0,0,0,2.281
26.656,0.0,0.0,0.0,0.0,0.0,0.0,0.0,0.0,0,0,2.231
26.675,0.0,0.0,0.0,0.0,0.0,0.0,0.0,0.0,0,0,2.183
26.696,0.0,0.0,0.0,0.0,0.0,0.0,0.0,0.0,0,0,2.136
26.716,0.0,0.0,0.0,0.0,0.0,0.0,0.0,0.0,0,0,2.092
26.735,0.0,0.0,0.0,0.0,0.0,0.0,0.0,0.0,0,0,2.049
26.756,0.0,0.0,0.0,0.0,0.0,0.0,0.0,0.0,0,0,2.008
26.776,0.0,0.0,0.0,0.0,0.0,0.0,0.0,0.0,0,0,1.968
26.796,0.0,0.0,0.0,0.0,0.0,0.0,0.0,0.0,0,0,1.93
26.816,0.0,0.0,0.0,0.0,0.0,0.0,0.0,0.0,0,0,1.894
26.836,0.0,0.0,0.0,0.0,0.0,0.0,0.0,0.0,0,0,1.859
26.856,0.0,0.0,0.0,0.0,0.0,0.0,0.0,0.0,0,0,1.825
26.876,0.0,0.0,0.0,0.0,0.0,0.0,0.0,0.0,0,0,1.793
26.896,0.0,0.0,0.0,0.0,0.0,0.0,0.0,0.0,0,0,1.762
26.915,0.0,0.0,0.0,0.0,0.0,0.0,0.0,0.0,0,0,1.732
26.936,0.0,0.0,0.0,0.0,0.0,0.0,0.0,0.0,0,0,1.703
26.955,0.0,0.0,0.0,0.0,0.0,0.0,0.0,0.0,0,0,1.675
26.977,0.0,0.0,0.0,0.0,0.0,0.0,0.0,0.0,0,0,1.649
26.996,0.0,0.0,0.0,0.0,0.0,0.0,0.0,0.0,0,0,1.624
27.015,0.0,0.0,0.0,0.0,0.0,0.0,0.0,0.0,0,0,1.599
27.035,0.0,0.0,0.0,0.0,0.0,0.0,0.0,0.0,0,0,1.576
27.055,0.0,0.0,0.0,0.0,0.0,0.0,0.0,0.0,0,0,1.553
27.076,0.0,0.0,0.0,0.0,0.0,0.0,0.0,0.0,0,0,1.531
27.096,0.0,0.0,0.0,0.0,0.0,0.0,0.0,0.0,0,0,1.511
27.116,0.0,0.0,0.0,0.0,0.0,0.0,0.0,0.0,0,0,1.49
27.136,0.0,0.0,0.0,0.0,0.0,0.0,0.0,0.0,0,0,1.471
27.157,0.0,0.0,0.0,0.0,0.0,0.0,0.0,0.0,0,0,1.453
27.176,0.0,0.0,0.0,0.0,0.0,0.0,0.0,0.0,0,0,1.435
27.196,0.0,0.0,0.0,0.0,0.0,0.0,0.0,0.0,0,0,1.418
27.216,0.0,0.0,0.0,0.0,0.0,0.0,0.0,0.0,0,0,1.402
27.235,0.0,0.0,0.0,0.0,0.0,0.0,0.0,0.0,0,0,1.386
27.256,0.0,0.0,0.0,0.0,0.0,0.0,0.0,0.0,0,0,1.371
27.276,0.0,0.0,0.0,0.0,0.0,0.0,0.0,0.0,0,0,1.356
27.297,0.0,0.0,0.0,0.0,0.0,0.0,0.0,0.0,0,0,1.342
27.315,0.0,0.0,0.0,0.0,0.0,0.0,0.0,0.0,0,0,1.329
27.335,0.0,0.0,0.0,0.0,0.0,0.0,0.0,0.0,0,0,1.316
27.355,0.0,0.0,0.0,0.0,0.0,0.0,0.0,0.0,0,0,1.304
27.376,0.0,0.0,0.0,0.0,0.0,0.0,0.0,0.0,0,0,1.292
27.396,0.0,0.0,0.0,0.0,0.0,0.0,0.0,0.0,0,0,1.28
27.416,0.0,0.0,0.0,0.0,0.0,0.0,0.0,0.0,0,0,1.269
27.436,0.0,0.0,0.0,0.0,0.0,0.0,0.0,0.0,0,0,1.259
27.456,0.0,0.0,0.0,0.0,0.0,0.0,0.0,0.0,0,0,1.248
27.476,0.0,0.0,0.0,0.0,0.0,0.0,0.0,0.0,0,0,1.239
27.496,0.0,0.0,0.0,0.0,0.0,0.0,0.0,0.0,0,0,1.229
27.515,0.0,0.0,0.0,0.0,0.0,0.0,0.0,0.0,0,0,1.22
27.536,0.0,0.0,0.0,0.0,0.0,0.0,0.0,0.0,0,0,1.212
27.555,0.0,0.0,0.0,0.0,0.0,0.0,0.0,0.0,0,0,1.203
27.577,0.0,0.0,0.0,0.0,0.0,0.0,0.0,0.0,0,0,1.195
27.596,0.0,0.0,0.0,0.0,0.0,0.0,0.0,0.0,0,0,1.188
27.615,0.0,0.0,0.0,0.0,0.0,0.0,0.0,0.0,0,0,1.18
27.636,0.0,0.0,0.0,0.0,0.0,0.0,0.0,0.0,0,0,1.173
27.655,0.0,0.0,0.0,0.0,0.0,0.0,0.0,0.0,0,0,1.167
27.675,0.0,0.0,0.0,0.0,0.0,0.0,0.0,0.0,0,0,1.16
27.696,0.0,0.0,0.0,0.0,0.0,0.0,0.0,0.0,0,0,1.154
27.715,0.00048,0.0,0.0,0.0,0.0438,0.0,0.00206,0.0,180,0,1.898
27.736,0.0,0.0,0.0,0.0,0.0,0.0,0.0,0.0,1,0,1.863
27.755,0.0,0.0,0.0,0.0,0.0,0.0,0.0,0.0,0,0,1.829
27.776,0.0,0.0,0.0,0.0,0.0,0.0,0.0,0.0,0,0,1.796
27.796,0.0,0.0,0.0,0.0,0.0,0.0,0.0,0.0,0,0,1.765
27.815,0.0,0.0,0.0,0.0,0.0,0.0,0.0,0.0,0,0,1.735
27.836,0.0,0.0,0.0,0.0,0.0,0.0,0.0,0.0,0,0,1.706
27.857,0.0,0.0,0.0,0.0,0.0,0.0,0.0,0.0,0,0,1.679
27.875,0.0,0.0,0.0,0.0,0.0,0.0,0.0,0.0,0,0,1.652
27.896,0.0,0.0,0.0,0.0,0.0,0.0,0.0,0.0,0,0,1.626
27.915,0.0,0.0,0.0,0.0,0.0,0.0,0.0,0.0,0,0,1.602
27.936,0.0,0.0,0.0,0.0,0.0,0.0,0.0,0.0,0,0,1.578
27.955,0.0,0.0,0.0,0.0,0.0,0.0,0.0,0.0,0,0,1.556
27.975,0.0,0.0,0.0,0.0,0.0,0.0,0.0,0.0,0,0,1.534
27.995,0.0,0.0,0.0,0.0,0.0,0.0,0.0,0.0,0,0,1.513
28.015,0.0,0.0,0.0,0.0,0.0,0.0,0.0,0.0,0,0,1.493
28.035,0.0,0.0,0.0,0.0,0.0,0.0,0.0,0.0,0,0,1.473
28.056,0.0,0.0,0.0,0.0,0.0,0.0,0.0,0.0,0,0,1.455
28.076,0.0,0.0,0.0,0.0,0.0,0.0,0.0,0.0,0,0,1.437
28.096,0.0,0.0,0.0,0.0,0.0,0.0,0.0,0.0,0,0,1.42
28.116,0.0,0.0,0.0,0.0,0.0,0.0,0.0,0.0,0,0,1.403
28.136,0.0,0.0,0.0,0.0,0.0,0.0,0.0,0.0,0,0,1.388
28.156,0.0,0.0,0.0,0.0,0.0,0.0,0.0,0.0,0,0,1.372
28.176,0.0,0.0,0.0,0.0,0.0,0.0,0.0,0.0,0,0,1.358
28.196,0.0,0.0,0.0,0.0,0.0,0.0,0.0,0.0,0,0,1.344
28.216,0.0,0.0,0.0,0.0,0.0,0.0,0.0,0.0,0,0,1.33
28.236,0.0,0.0,0.0,0.0,0.0,0.0,0.0,0.0,0,0,1.317
28.256,0.0,0.0,0.0,0.0,0.0,0.0,0.0,0.0,0,0,1.305
28.276,0.0,0.0,0.0,0.0,0.0,0.0,0.0,0.0,0,0,1.293
28.296,0.0,0.0,0.0,0.0,0.0,0.0,0.0,0.0,0,0,1.281
28.315,0.0,0.0,0.0,0.0,0.0,0.0,0.0,0.0,0,0,1.27
28.335,0.0,0.0,0.0,0.0,0.0,0.0,0.0,0.0,0,0,1.26
28.356,0.0,0.0,0.0,0.0,0.0,0.0,0.0,0.0,0,0,1.25
28.376,0.0,0.0,0.0,0.0,0.0,0.0,0.0,0.0,0,0,1.24
28.396,0.0,0.0,0.0,0.0,0.0,0.0,0.0,0.0,0,0,1.23
28.415,0.0,0.0,0.0,0.0,0.0,0.0,0.0,0.0,0,0,1.221
28.437,0.0,0.0,0.0,0.0,0.0,0.0,0.0,0.0,0,0,1.213
28.456,0.0,0.0,0.0,0.0,0.0,0.0,0.0,0.0,0,0,1.204
28.475,0.0,0.0,0.0,0.0,0.0,0.0,0.0,0.0,0,0,1.196
28.496,0.0,0.0,0.0,0.0,0.0,0.0,0.0,0.0,0,0,1.189
28.517,0.0,0.0,0.0,0.0,0.0,0.0,0.0,0.0,0,0,1.181
28.536,0.0,0.0,0.0,0.0,0.0,0.0,0.0,0.0,0,0,1.174
28.556,0.0,0.0,0.0,0.0,0.0,0.0,0.0,0.0,0,0,1.167
28.575,0.0,0.0,0.0,0.0,0.0,0.0,0.0,0.0,0,0,1.161
28.596,0.0,0.0,0.0,0.0,0.0,0.0,0.0,0.0,0,0,1.154
28.615,0.0,0.0,0.0,0.0,0.0,0.0,0.0,0.0,0,0,1.148
28.637,0.00101,0.0,0.0,0.0,0.0198,0.0,0.00348,0.0,180,0,1.893
28.655,0.0,0.0,0.0,0.0,0.0,0.0,0.0,0.0,1,0,1.858
28.676,0.0,0.0,0.0,0.0,0.0,0.0,0.0,0.0,0,0,1.825
28.697,0.0,0.0,0.0,0.0,0.0,0.0,0.0,0.0,0,0,1.792
28.715,0.0,0.0,0.0,0.0,0.0,0.0,0.0,0.0,0,0,1.761
28.736,0.0,0.0,0.0,0.0,0.0,0.0,0.0,0.0,0,0,1.731
28.756,0.0,0.0,0.0,0.0,0.0,0.0,0.0,0.0,0,0,1.703
28.775,0.0,0.0,0.0,0.0,0.0,0.0,0.0,0.0,0,0,1.675
28.796,0.0,0.0,0.0,0.0,0.0,0.0,0.0,0.0,0,0,1.649
28.816,0.0,0.0,0.0,0.0,0.0,0.0,0.0,0.0,0,0,1.623
28.835,0.0,0.0,0.0,0.0,0.0,0.0,0.0,0.0,0,0,1.599
28.856,0.0,0.0,0.0,0.0,0.0,0.0,0.0,0.0,0,0,1.575
28.876,0.0,0.0,0.0,0.0,0.0,0.0,0.0,0.0,0,0,1.553
28.895,0.0,0.0,0.0,0.0,0.0,0.0,0.0,0.0,0,0,1.531
28.915,0.0,0.0,0.0,0.0,0.0,0.0,0.0,0.0,0,0,1.51
28.936,0.0,0.0,0.0,0.0,0.0,0.0,0.0,0.0,0,0,1.49
28.955,0.0,0.0,0.0,0.0,0.0,0.0,0.0,0.0,0,0,1.471
28.976,0.0,0.0,0.0,0.0,0.0,0.0,0.0,0.0,0,0,1.453
28.996,0.0,0.0,0.0,0.0,0.0,0.0,0.0,0.0,0,0,1.435
29.017,0.0,0.0,0.0,0.0,0.0,0.0,0.0,0.0,0,0,1.418
29.036,0.0,0.0,0.0,0.0,0.0,0.0,0.0,0.0,0,0,1.401
29.056,0.0,0.0,0.0,0.0,0.0,0.0,0.0,0.0,0,0,1.386
29.076,0.0,0.0,0.0,0.0,0.0,0.0,0.0,0.0,0,0,1.37
29.096,0.0,0.0,0.0,0.0,0.0,0.0,0.0,0.0,0,0,1.356
29.116,0.0,0.0,0.0,0.0,0.0,0.0,0.0,0.0,0,0,1.342
29.136,0.0,0.0,0.0,0.0,0.0,0.0,0.0,0.0,0,0,1.329
29.156,0.0,0.0,0.0,0.0,0.0,0.0,0.0,0.0,0,0,1.316
29.176,0.0,0.0,0.0,0.0,0.0,0.0,0.0,0.0,0,0,1.303
29.196,0.0,0.0,0.0,0.0,0.0,0.0,0.0,0.0,0,0,1.291
29.216,0.0,0.0,0.0,0.0,0.0,0.0,0.0,0.0,0,0,1.28
29.236,0.0,0.0,0.0,0.0,0.0,0.0,0.0,0.0,0,0,1.269
29.256,0.0,0.0,0.0,0.0,0.0,0.0,0.0,0.0,0,0,1.258
29.276,0.0,0.0,0.0,0.0,0.0,0.0,0.0,0.0,0,0,1.248
29.296,0.0,0.0,0.0,0.0,0.0,0.0,0.0,0.0,0,0,1.239
29.316,0.0,0.0,0.0,0.0,0.0,0.0,0.0,0.0,0,0,1.229
29.336,0.0,0.0,0.0,0.0,0.0,0.0,0.0,0.0,0,0,1.22
29.357,0.0,0.0,0.0,0.0,0.0,0.0,0.0,0.0,0,0,1.212
29.375,0.0,0.0,0.0,0.0,0.0,0.0,0.0,0.0,0,0,1.203
29.396,0.0,0.0,0.0,0.0,0.0,0.0,0.0,0.0,0,0,1.195
29.415,0.0,0.0,0.0,0.0,0.0,0.0,0.0,0.0,0,0,1.188
29.436,0.0,0.0,0.0,0.0,0.0,0.0,0.0,0.0,0,0,1.18
29.456,0.0,0.0,0.0,0.0,0.0,0.0,0.0,0.0,0,0,1.173
29.475,0.0,0.0,0.0,0.0,0.0,0.0,0.0,0.0,0,0,1.166
29.497,0.0,0.0,0.0,0.0,0.0,0.0,0.0,0.0,0,0,1.16
29.515,0.0,0.0,0.0,0.0,0.0,0.0,0.0,0.0,0,0,1.154
29.536,0.0,0.0,0.0,0.0,0.0,0.0,0.0,0.0,0,0,1.148
29.556,0.0,0.0,0.0,0.0,0.0,0.0,0.0,0.0,0,0,1.142
29.576,0.0,0.0,0.0,0.0,0.0,0.0,0.0,0.0,0,0,1.136
29.597,0.0,0.0,0.0,0.0,0.0,0.0,0.0,0.0,0,0,1.131
29.615,0.0,0.0,0.0,0.0,0.0,0.0,0.0,0.0,0,0,1.126
29.636,0.0,0.0,0.0,0.0,0.0,0.0,0.0,0.0,0,0,1.121
29.656,0.0,0.0,0.0,0.0,0.0,0.0,0.0,0.0,0,0,1.116
29.676,0.0,0.0,0.0,0.0,0.0,0.0,0.0,0.0,0,0,1.112
29.696,0.0,0.0,0.0,0.0,0.0,0.0,0.0,0.0,0,0,1.107
29.716,0.0,0.0,0.0,0.0,0.0,0.0,0.0,0.0,0,0,1.103
29.736,0.0,0.0,0.0,0.0,0.0,0.0,0.0,0.0,0,0,1.099
29.756,0.0,0.0,0.0,0.0,0.0,0.0,0.0,0.0,0,0,1.095
29.776,0.0,0.0,0.0,0.0,0.0,0.0,0.0,0.0,0,0,1.091
29.795,0.0,0.0,0.0,0.0,0.0,0.0,0.0,0.0,0,0,1.088
29.816,0.0,0.0,0.0,0.0,0.0,0.0,0.0,0.0,0,0,1.084
29.835,0.0,0.0,0.0,0.0,0.0,0.0,0.0,0.0,0,0,1.081
29.855,0.0,0.0,0.0,0.0,0.0,0.0,0.0,0.0,0,0,1.078
29.875,0.0,0.0,0.0,0.0,0.0,0.0,0.0,0.0,0,0,1.075
29.895,0.0,0.0,0.0,0.0,0.0,0.0,0.0,0.0,0,0,1.072
29.915,0.0,0.0,0.0,0.0,0.0,0.0,0.0,0.0,0,0,1.069
29.935,0.0,0.0,0.0,0.0,0.0,0.0,0.0,0.0,0,0,1.066
29.955,0.0,0.0,0.0,0.0,0.0,0.0,0.0,0.0,0,0,1.064
29.977,0.0,0.0,0.0,0.0,0.0,0.0,0.0,0.0,0,0,1.061
29.996,0.0,0.0,0.0,0.0,0.0,0.0,0.0,0.0,0,0,1.059
30.016,0.0,0.0,0.0,0.0,0.0,0.0,0.0,0.0,0,0,1.057
30.036,0.0,0.0,0.0,0.0,0.0,0.0,0.0,0.0,0,0,1.054
30.056,0.0,0.0,0.0,0.0,0.0,0.0,0.0,0.0,0,0,1.052
30.076,0.0,0.0,0.0,0.0,0.0,0.0,0.0,0.0,0,0,1.05
30.096,0.0,0.0,0.0,0.0,0.0,0.0,0.0,0.0,0,0,1.048
30.116,0.0,0.0,0.0,0.0,0.0,0.0,0.0,0.0,0,0,1.046
30.136,0.0,0.0,0.0,0.0,0.0,0.0,0.0,0.0,0,0,1.044
30.156,0.0,0.0,0.0,0.0,0.0,0.0,0.0,0.0,0,0,1.043
30.176,0.0,0.0,0.0,0.0,0.0,0.0,0.0,0.0,0,0,1.041
30.196,0.0,0.0,0.0,0.0,0.0,0.0,0.0,0.0,0,0,1.039
30.215,0.0,0.0,0.0,0.0,0.0,0.0,0.0,0.0,0,0,1.038
30.236,0.0,0.0,0.0,0.0,0.0,0.0,0.0,0.0,0,0,1.036
30.255,0.0,0.0,0.0,0.0,0.0,0.0,0.0,0.0,0,0,1.035
30.275,0.0,0.0,0.0,0.0,0.0,0.0,0.0,0.0,0,0,1.034
30.296,0.0,0.0,0.0,0.0,0.0,0.0,0.0,0.0,0,0,1.032
30.315,0.0,0.0,0.0,0.0,0.0,0.0,0.0,0.0,0,0,1.031
30.336,0.0,0.0,0.0,0.0,0.0,0.0,0.0,0.0,0,0,1.03
30.356,0.0,0.0,0.0,0.0,0.0,0.0,0.0,0.0,0,0,1.029
30.376,0.0,0.0,0.0,0.0,0.0,0.0,0.0,0.0,0,0,1.028
30.396,0.0,0.0,0.0,0.0,0.0,0.0,0.0,0.0,0,0,1.026
30.416,0.0,0.0,0.0,0.0,0.0,0.0,0.0,0.0,0,0,1.025
30.436,0.0,0.0,0.0,0.0,0.0,0.0,0.0,0.0,0,0,1.024
30.456,0.0,0.0,0.0,0.0,0.0,0.0,0.0,0.0,0,0,1.023
30.475,0.0,0.0,0.0,0.0,0.0,0.0,0.0,0.0,0,0,1.023
30.496,0.0,0.0,0.0,0.0,0.0,0.0,0.0,0.0,0,0,1.022
30.516,0.0,0.0,0.0,0.0,0.0,0.0,0.0,0.0,0,0,1.021
30.535,0.0,0.0,0.0,0.0,0.0,0.0,0.0,0.0,0,0,1.02
30.555,0.0,0.0,0.0,0.0,0.0,0.0,0.0,0.0,0,0,1.019
30.576,0.0,0.0,0.0,0.0,0.0,0.0,0.0,0.0,0,0,1.018
30.597,0.0,0.0,0.0,0.0,0.0,0.0,0.0,0.0,0,0,1.018
30.616,0.0,0.0,0.0,0.0,0.0,0.0,0.0,0.0,0,0,1.017
30.636,0.0,0.0,0.0,0.0,0.0,0.0,0.0,0.0,0,0,1.016
30.656,0.0,0.0,0.0,0.0,0.0,0.0,0.0,0.0,0,0,1.016
30.676,0.0,0.0,0.0,0.0,0.0,0.0,0.0,0.0,0,0,1.015
30.696,0.0,0.0,0.0,0.0,0.0,0.0,0.0,0.0,0,0,1.015
30.716,0.0,0.0,0.0,0.0,0.0,0.0,0.0,0.0,0,0,1.014
30.736,0.0,0.0,0.0,0.0,0.0,0.0,0.0,0.0,0,0,1.013
30.756,0.0,0.0,0.0,0.0,0.0,0.0,0.0,0.0,0,0,1.013
30.776,0.0,0.0,0.0,0.0,0.0,0.0,0.0,0.0,0,0,1.012
30.795,0.0,0.0,0.0,0.0,0.0,0.0,0.0,0.0,0,0,1.012
30.816,0.0,0.0,0.0,0.0,0.0,0.0,0.0,0.0,0,0,1.011
30.837,0.0,0.0,0.0,0.0,0.0,0.0,0.0,0.0,0,0,1.011
30.856,0.0,0.0,0.0,0.0,0.0,0.0,0.0,0.0,0,0,1.011
30.876,0.0,0.0,0.0,0.0,0.0,0.0,0.0,0.0,0,0,1.01
30.896,0.0,0.0,0.0,0.0,0.0,0.0,0.0,0.0,0,0,1.01
30.916,0.0,0.0,0.0,0.0,0.0,0.0,0.0,0.0,0,0,1.009
30.935,0.0,0.0,0.0,0.0,0.0,0.0,0.0,0.0,0,0,1.009
30.955,0.0,0.0,0.0,0.0,0.0,0.0,0.0,0.0,0,0,1.009
30.975,0.0,0.0,0.0,0.0,0.0,0.0,0.0,0.0,0,0,1.008
30.996,0.0,0.0,0.0,0.0,0.0,0.0,0.0,0.0,0,0,1.008
31.016,0.0,0.0,0.0,0.0,0.0,0.0,0.0,0.0,0,0,1.008
31.035,0.0,0.0,0.0,0.0,0.0,0.0,0.0,0.0,0,0,1.007
31.056,0.0,0.0,0.0,0.0,0.0,0.0,0.0,0.0,0,0,1.007
31.076,0.0,0.0,0.0,0.0,0.0,0.0,0.0,0.0,0,0,1.007
31.096,0.0,0.0,0.0,0.0,0.0,0.0,0.0,0.0,0,0,1.007
31.115,0.0,0.0,0.0,0.0,0.0,0.0,0.0,0.0,0,0,1.006
31.135,0.0,0.0,0.0,0.0,0.0,0.0,0.0,0.0,0,0,1.006
31.155,0.0,0.0,0.0,0.0,0.0,0.0,0.0,0.0,0,0,1.006
31.175,0.0,0.0,0.0,0.0,0.0,0.0,0.0,0.0,0,0,1.006
31.196,0.0,0.0,0.0,0.0,0.0,0.0,0.0,0.0,0,0,1.005
31.216,0.0,0.0,0.0,0.0,0.0,0.0,0.0,0.0,0,0,1.005
31.235,0.0,0.0,0.0,0.0,0.0,0.0,0.0,0.0,0,0,1.005
31.257,0.00151,0.00162,0.0,0.0,0.0282,0.0104,0.00463,0.00514,180,180,1.772
31.276,0.00273,0.0,0.0,0.0,0.025,0.0,0.00604,0.0,180,2,2.421
31.296,0.0,0.0,0.0,0.0,0.0,0.0,0.0,0.0,4,0,2.365
31.316,0.0,0.0,0.0,0.0,0.0,0.0,0.0,0.0,1,0,2.312
31.336,0.00223,0.00242,0.0,0.0,0.0772,0.0813,0.0048,0.00513,180,180,2.878
31.356,0.00252,0.00388,0.0,0.0,0.1408,0.074,0.00496,0.00682,180,180,3.357
31.376,0.00418,0.00367,0.0,0.0,0.0803,0.0657,0.00882,0.00852,180,180,3.763
31.396,0.00301,0.00249,0.0,0.0,0.0396,0.0355,0.00665,0.00595,180,180,4.106
31.415,0.00327,0.00321,0.0,0.0,0.1762,0.146,0.00578,0.00677,180,180,4.397
31.436,0.00354,0.00315,0.0,0.0,0.0813,0.0636,0.0078,0.00614,180,180,4.643
31.458,0.00489,0.00556,0.244,0.394,0.0375,0.0428,0.00675,0.0085,189,182,4.575
31.476,0.00907,0.00757,1.0,0.498,0.0229,0.0167,0.01825,0.01394,235,237,4.445
31.496,0.00853,0.00994,0.0,0.786,0.0375,0.0271,0.01448,0.0173,180,237,4.331
31.516,0.00513,0.00553,0.0,0.0,0.0396,0.0511,0.00886,0.00971,180,180,4.587
31.536,0.0044,0.0042,0.0,0.0,0.0438,0.0386,0.00567,0.00615,180,180,4.804
31.556,0.00505,0.005,0.0,0.0,0.0198,0.0156,0.00888,0.00835,180,180,4.988
31.576,0.00551,0.00542,0.0,0.0,0.0417,0.0594,0.00834,0.00771,180,180,5.143
31.596,0.00418,0.00436,0.0,0.0,0.048,0.0375,0.009,0.00932,180,180,5.275
31.616,0.00328,0.00396,0.0,0.0,0.0584,0.0938,0.00753,0.00862,180,180,5.386
31.636,0.00722,0.0081,0.712,0.951,0.0428,0.0136,0.01106,0.01119,196,204,5.228
31.657,0.00444,0.00541,0.0,0.0,0.0188,0.0229,0.0094,0.0111,180,180,5.346
31.676,0.0047,0.0043,0.0,0.0,0.049,0.0438,0.00756,0.00669,180,180,5.447
31.696,0.0,0.0,0.0,0.0,0.0,0.0,0.0,0.0,13,13,5.272
31.715,0.0,0.0,0.0,0.0,0.0,0.0,0.0,0.0,3,2,5.105
31.736,0.00476,0.00526,0.0,0.0,0.0188,0.0188,0.00665,0.00752,180,180,5.242
31.756,0.00434,0.00501,0.0,0.0,0.0136,0.0156,0.00902,0.01003,180,180,5.358
31.776,0.00593,0.00568,0.282,0.0,0.0083,0.0146,0.0091,0.00875,207,180,5.293
31.796,0.00448,0.00422,0.0,0.0,0.0177,0.0198,0.00883,0.00826,180,180,5.402
31.815,0.0,0.0,0.0,0.0,0.0,0.0,0.0,0.0,19,12,5.229
31.835,0.0,0.0,0.0,0.0,0.0,0.0,0.0,0.0,4,2,5.063
31.856,0.00416,0.00413,0.0,0.0,0.0156,0.0198,0.00688,0.00656,180,179,5.207
31.875,0.0,0.0,0.0,0.0,0.0,0.0,0.0,0.0,10,10,5.042
31.895,0.00264,0.0,0.0,0.0,0.0188,0.0,0.00477,0.0,180,2,5.189
31.916,0.00273,0.00327,0.0,0.0,0.0261,0.0313,0.0047,0.00545,180,180,5.314
31.935,0.00379,0.00374,0.0,0.0,0.0167,0.0198,0.00801,0.00779,180,180,5.419
31.956,0.00482,0.00441,0.0,0.0,0.0209,0.0375,0.0075,0.00697,180,180,5.508
31.975,0.00348,0.00332,0.0,0.0,0.0136,0.0094,0.00728,0.00701,180,180,5.584
31.996,0.0034,0.0,0.0,0.0,0.0167,0.0,0.00669,0.0,180,11,5.648
32.016,0.0,0.0,0.0,0.0,0.0,0.0,0.0,0.0,10,2,5.465
32.036,0.00302,0.00289,0.0,0.0,0.0146,0.0115,0.00649,0.00622,180,180,5.547
32.056,0.0,0.0,0.0,0.0,0.0,0.0,0.0,0.0,9,9,5.369
32.076,0.00403,0.0,0.0,0.0,0.0136,0.0,0.0067,0.0,180,2,5.466
32.096,0.0,0.0,0.0,0.0,0.0,0.0,0.0,0.0,10,0,5.291
32.116,0.0,0.0,0.0,0.0,0.0,0.0,0.0,0.0,2,0,5.123
32.137,0.0037,0.0,0.0,0.0,0.0094,0.0,0.00631,0.0,180,0,5.257
32.155,0.0,0.0,0.0,0.0,0.0,0.0,0.0,0.0,9,0,5.09
32.175,0.0,0.0,0.0,0.0,0.0,0.0,0.0,0.0,2,0,4.93
32.196,0.0,0.0,0.0,0.0,0.0,0.0,0.0,0.0,0,0,4.776
32.215,0.00249,0.0,0.0,0.0,0.0177,0.0,0.00523,0.0,180,0,4.964
32.235,0.00323,0.0,0.0,0.0,0.0125,0.0,0.0054,0.0,180,0,5.123
32.256,0.00339,0.0,0.0,0.0,0.0198,0.0,0.00706,0.0,180,0,5.258
32.277,0.0,0.0,0.0,0.0,0.0,0.0,0.0,0.0,10,0,5.091
32.296,0.0,0.0,0.0,0.0,0.0,0.0,0.0,0.0,2,0,4.93
32.315,0.0,0.0,0.0,0.0,0.0,0.0,0.0,0.0,0,0,4.776
32.337,0.0,0.0,0.0,0.0,0.0,0.0,0.0,0.0,0,0,4.628
32.355,0.00244,0.0,0.0,0.0,0.0177,0.0,0.00459,0.0,180,0,4.839
32.376,0.0,0.0,0.0,0.0,0.0,0.0,0.0,0.0,6,0,4.688
32.396,0.00313,0.0,0.0,0.0,0.0125,0.0,0.00513,0.0,180,0,4.89
32.415,0.0,0.0,0.0,0.0,0.0,0.0,0.0,0.0,7,0,4.737
32.435,0.00272,0.0,0.0,0.0,0.0167,0.0,0.00585,0.0,180,0,4.931
32.456,0.00313,0.0,0.0,0.0,0.0136,0.0,0.00583,0.0,180,0,5.095
32.475,0.0,0.0,0.0,0.0,0.0,0.0,0.0,0.0,8,0,4.934
32.496,0.0,0.0,0.0,0.0,0.0,0.0,0.0,0.0,2,0,4.78
32.516,0.00272,0.0,0.0,0.0,0.0188,0.0,0.00468,0.0,180,0,4.967
32.535,0.00275,0.0,0.0,0.0,0.0219,0.0,0.00606,0.0,180,0,5.126
32.556,0.00277,0.00267,0.0,0.0,0.0188,0.0167,0.00534,0.0049,180,180,5.26
32.577,0.00311,0.00303,0.0,0.0,0.0198,0.0177,0.00584,0.00556,180,180,5.374
32.596,0.0,0.0,0.0,0.0,0.0,0.0,0.0,0.0,9,8,5.202
32.616,0.0,0.0,0.0,0.0,0.0,0.0,0.0,0.0,2,2,5.037
32.635,0.0,0.0,0.0,0.0,0.0,0.0,0.0,0.0,0,0,4.879
32.656,0.0,0.0,0.0,0.0,0.0,0.0,0.0,0.0,0,0,4.727
32.675,0.0,0.0,0.0,0.0,0.0,0.0,0.0,0.0,0,0,4.581
32.696,0.0,0.0,0.0,0.0,0.0,0.0,0.0,0.0,0,0,4.441
32.715,0.0,0.0,0.0,0.0,0.0,0.0,0.0,0.0,0,0,4.306
32.735,0.0,0.0,0.0,0.0,0.0,0.0,0.0,0.0,0,0,4.176
32.755,0.0,0.0,0.0,0.0,0.0,0.0,0.0,0.0,0,0,4.051
32.778,0.0,0.0,0.0,0.0,0.0,0.0,0.0,0.0,0,0,3.932
32.796,0.0,0.0,0.0,0.0,0.0,0.0,0.0,0.0,0,0,3.817
32.815,0.0,0.0,0.0,0.0,0.0,0.0,0.0,0.0,0,0,3.706
32.835,0.0,0.0,0.0,0.0,0.0,0.0,0.0,0.0,0,0,3.6
32.855,0.0,0.0,0.0,0.0,0.0,0.0,0.0,0.0,0,0,3.498
32.875,0.00236,0.0,0.0,0.0,0.0261,0.0,0.00517,0.0,180,0,3.882
32.896,0.0,0.0,0.0,0.0,0.0,0.0,0.0,0.0,5,0,3.769
32.916,0.0,0.0,0.0,0.0,0.0,0.0,0.0,0.0,1,0,3.661
32.935,0.0,0.0,0.0,0.0,0.0,0.0,0.0,0.0,0,0,3.556
32.956,0.0,0.0,0.0,0.0,0.0,0.0,0.0,0.0,0,0,3.456
32.975,0.0,0.0,0.0,0.0,0.0,0.0,0.0,0.0,0,0,3.36
32.996,0.0,0.0,0.0,0.0,0.0,0.0,0.0,0.0,0,0,3.267
33.016,0.0,0.0,0.0,0.0,0.0,0.0,0.0,0.0,0,0,3.178
33.035,0.0,0.0,0.0,0.0,0.0,0.0,0.0,0.0,0,0,3.093
33.055,0.0,0.0,0.0,0.0,0.0,0.0,0.0,0.0,0,0,3.011
33.076,0.00243,0.0,0.0,0.0,0.025,0.0,0.00415,0.0,180,0,3.47
33.096,0.00232,0.0,0.0,0.0,0.0177,0.0,0.00522,0.0,180,0,3.858
33.115,0.0,0.0,0.0,0.0,0.0,0.0,0.0,0.0,5,0,3.746
33.136,0.0,0.0,0.0,0.0,0.0,0.0,0.0,0.0,1,0,3.639
33.155,0.0,0.0,0.0,0.0,0.0,0.0,0.0,0.0,0,0,3.535
33.175,0.0,0.0,0.0,0.0,0.0,0.0,0.0,0.0,0,0,3.436
33.197,0.0,0.0,0.0,0.0,0.0,0.0,0.0,0.0,0,0,3.34
33.216,0.0,0.0,0.0,0.0,0.0,0.0,0.0,0.0,0,0,3.248
33.236,0.0,0.0,0.0,0.0,0.0,0.0,0.0,0.0,0,0,3.16
33.255,0.0,0.0,0.0,0.0,0.0,0.0,0.0,0.0,0,0,3.076
33.277,0.0,0.0,0.0,0.0,0.0,0.0,0.0,0.0,0,0,2.994
33.296,0.0,0.0,0.0,0.0,0.0,0.0,0.0,0.0,0,0,2.916
33.315,0.0,0.0,0.0,0.0,0.0,0.0,0.0,0.0,0,0,2.841
33.335,0.0,0.0,0.0,0.0,0.0,0.0,0.0,0.0,0,0,2.769
33.357,0.0,0.0,0.0,0.0,0.0,0.0,0.0,0.0,0,0,2.699
33.375,0.0,0.0,0.0,0.0,0.0,0.0,0.0,0.0,0,0,2.633
33.396,0.0,0.0,0.0,0.0,0.0,0.0,0.0,0.0,0,0,2.569
33.416,0.0,0.0,0.0,0.0,0.0,0.0,0.0,0.0,0,0,2.507
33.436,0.00362,0.00377,0.0,0.0,0.0761,0.0772,0.00918,0.00946,180,180,3.043
33.456,0.00387,0.00377,0.0,0.0,0.1335,0.122,0.00898,0.00898,180,180,3.497
33.476,0.00528,0.00521,0.225,0.249,0.0886,0.0813,0.01266,0.01255,159,169,3.564
33.496,0.007,0.00709,0.37,0.442,0.0209,0.025,0.01559,0.01568,226,234,3.521
33.516,0.00695,0.00729,0.0,0.0,0.0532,0.0553,0.01716,0.01776,180,180,3.901
33.535,0.00537,0.00554,0.0,0.0,0.0521,0.0292,0.01221,0.01251,180,180,4.223
33.556,0.00368,0.00381,0.0,0.0,0.1032,0.1032,0.00744,0.00777,180,180,4.496
33.576,0.00719,0.00736,0.67,0.766,0.0615,0.0761,0.01529,0.01563,193,195,4.383
33.597,0.00337,0.00329,0.0,0.0,0.1262,0.1241,0.01022,0.01002,180,180,4.631
33.616,0.00514,0.00534,0.265,0.344,0.1199,0.098,0.00927,0.00972,214,228,4.575
33.636,0.00377,0.00371,0.0,0.0,0.0876,0.0855,0.00991,0.0097,180,180,4.794
33.655,0.00331,0.00354,0.0,0.0,0.0834,0.0782,0.0084,0.00911,180,180,4.979
33.676,0.00611,0.0062,0.467,0.507,0.0626,0.0584,0.01397,0.0139,200,204,4.873
33.696,0.00746,0.00756,0.326,0.366,0.024,0.0219,0.018,0.01828,237,237,4.79
33.716,0.00625,0.00673,0.0,0.0,0.1449,0.1366,0.01294,0.01409,180,180,4.976
33.736,0.00636,0.00706,0.0,0.0,0.0938,0.0938,0.01599,0.01774,180,180,5.133
33.756,0.00321,0.00334,0.0,0.0,0.1366,0.1637,0.00575,0.0058,180,180,5.266
33.776,0.00443,0.00453,0.0,0.0,0.1043,0.1116,0.00957,0.0098,180,180,5.379
33.796,0.0023,0.00244,0.0,0.0,0.1147,0.1293,0.0067,0.00692,180,180,5.474
33.817,0.00531,0.00555,0.411,0.49,0.0782,0.0751,0.01167,0.01174,190,191,5.353
33.835,0.00347,0.00329,0.0,0.0,0.1022,0.1522,0.00728,0.00727,180,180,5.452
33.855,0.00483,0.00462,0.0,0.0,0.0532,0.074,0.01057,0.01031,180,180,5.536
33.876,0.0049,0.00485,0.0,0.0,0.0438,0.0521,0.01028,0.01025,180,180,5.607
33.897,0.00864,0.00887,0.911,1.0,0.0448,0.0302,0.0172,0.01734,219,218,5.437
33.916,0.00516,0.0051,0.0,0.0,0.0438,0.0678,0.01263,0.01259,180,180,5.524
33.935,0.00225,0.00203,0.0,0.0,0.0897,0.1043,0.00573,0.00525,180,180,5.597
33.956,0.00222,0.00215,0.0,0.0,0.0918,0.1084,0.00371,0.00336,180,180,5.659
33.975,0.00341,0.00345,0.0,0.0,0.0553,0.0657,0.00831,0.00847,180,180,5.711
33.996,0.00288,0.00308,0.0,0.0,0.0761,0.0699,0.00606,0.00671,180,180,5.755
34.016,0.00263,0.00287,0.0,0.0,0.0605,0.0584,0.00481,0.00605,180,180,5.793
34.036,0.00298,0.00296,0.0,0.0,0.0636,0.074,0.00788,0.00783,180,180,5.825
34.055,0.00473,0.00512,0.0,0.318,0.0803,0.0719,0.01113,0.0123,180,197,5.727
34.075,0.00331,0.0035,0.0,0.0,0.0574,0.0594,0.00801,0.00838,180,180,5.769
34.096,0.00281,0.00285,0.0,0.0,0.0302,0.0448,0.00783,0.00808,180,180,5.804
34.115,0.00237,0.00227,0.0,0.0,0.049,0.0532,0.00577,0.00546,180,180,5.834
34.136,0.00281,0.00272,0.0,0.0,0.0386,0.0511,0.00813,0.00806,180,180,5.86
34.156,0.00448,0.00436,0.0,0.0,0.0428,0.0407,0.00888,0.00855,180,180,5.881
34.176,0.00363,0.00372,0.0,0.0,0.0375,0.0605,0.00892,0.00918,180,180,5.899
34.196,0.00148,0.00141,0.0,0.0,0.0574,0.0719,0.00452,0.00444,180,180,5.915
34.216,0.00176,0.00169,0.0,0.0,0.0469,0.0407,0.00493,0.00468,180,180,5.928
34.236,0.00199,0.0,0.0,0.0,0.0626,0.0,0.00485,0.0,180,7,5.939
34.256,0.00296,0.00318,0.0,0.0,0.0417,0.0553,0.00593,0.00665,180,180,5.948
34.275,0.00215,0.00201,0.0,0.0,0.0949,0.0918,0.00573,0.00543,180,180,5.956
34.296,0.00463,0.00452,0.0,0.0,0.0292,0.0334,0.01073,0.01062,180,180,5.963
34.315,0.00242,0.0,0.0,0.0,0.0448,0.0,0.00585,0.0,180,15,5.969
34.336,0.00413,0.00407,0.0,0.0,0.0229,0.0209,0.00981,0.00982,180,180,5.974
34.356,0.00319,0.00298,0.0,0.0,0.0292,0.0355,0.0082,0.00777,180,180,5.978
34.375,0.00212,0.00209,0.0,0.0,0.0396,0.0469,0.00605,0.00577,180,180,5.981
34.396,0.0,0.0,0.0,0.0,0.0,0.0,0.0,0.0,9,9,5.786
34.415,0.00367,0.00351,0.0,0.0,0.0417,0.0417,0.00845,0.0079,180,180,5.819
34.436,0.00242,0.00243,0.0,0.0,0.049,0.0521,0.00598,0.00635,180,180,5.846
34.456,0.00409,0.00424,0.0,0.0,0.0626,0.049,0.00958,0.00981,180,180,5.87
34.476,0.0,0.00213,0.0,0.0,0.0,0.0553,0.0,0.00544,14,180,5.89
34.496,0.00228,0.00231,0.0,0.0,0.0709,0.0813,0.00538,0.00574,180,180,5.907
34.516,0.00349,0.00338,0.0,0.0,0.0511,0.0521,0.00729,0.00716,180,180,5.921
34.536,0.00268,0.00268,0.0,0.0,0.049,0.0469,0.00556,0.00567,180,180,5.933
34.557,0.00364,0.00371,0.0,0.0,0.0386,0.0678,0.00821,0.00851,180,180,5.944
34.577,0.00182,0.00179,0.0,0.0,0.0594,0.0667,0.0047,0.00475,180,180,5.952
34.596,0.00255,0.00265,0.0,0.0,0.0751,0.0615,0.00549,0.00581,180,180,5.96
34.616,0.00163,0.00159,0.0,0.0,0.0636,0.0448,0.00486,0.00514,180,180,5.966
34.636,0.00164,0.0,0.0,0.0,0.0417,0.0,0.00434,0.0,180,7,5.971
34.656,0.00214,0.00206,0.0,0.0,0.0521,0.0459,0.00415,0.00469,180,180,5.975
34.675,0.0,0.0,0.0,0.0,0.0,0.0,0.0,0.0,7,7,5.78
34.698,0.00118,0.00157,0.0,0.0,0.0824,0.0751,0.00283,0.00373,180,180,5.814
34.716,0.00215,0.00182,0.0,0.0,0.0532,0.0553,0.00491,0.00436,180,180,5.843
34.735,0.0026,0.00295,0.0,0.0,0.0605,0.0563,0.00714,0.00772,180,180,5.867
34.756,0.0,0.0,0.0,0.0,0.0,0.0,0.0,0.0,10,11,5.676
34.775,0.0,0.00173,0.0,0.0,0.0,0.0532,0.0,0.00488,2,180,5.726
34.796,0.00209,0.00196,0.0,0.0,0.049,0.0709,0.00499,0.00505,180,180,5.768
34.817,0.0,0.00267,0.0,0.0,0.0,0.0407,0.0,0.00659,7,180,5.803
34.836,0.0,0.0,0.0,0.0,0.0,0.0,0.0,0.0,1,9,5.615
34.855,0.00317,0.00313,0.0,0.0,0.0261,0.024,0.00739,0.0073,180,180,5.674
34.875,0.0034,0.00318,0.0,0.0,0.0469,0.0334,0.00784,0.00727,180,180,5.724
34.897,0.00364,0.00393,0.0,0.0,0.0386,0.0282,0.00795,0.00873,180,180,5.767
34.916,0.0,0.0,0.0,0.0,0.0,0.0,0.0,0.0,12,13,5.58
34.936,0.00136,0.00146,0.0,0.0,0.0438,0.0521,0.00369,0.00391,180,180,5.644
34.955,0.00354,0.00352,0.0,0.0,0.0386,0.0271,0.00765,0.00768,180,180,5.699
34.976,0.00301,0.00277,0.0,0.0,0.0469,0.0553,0.00765,0.00716,180,180,5.745
34.996,0.00243,0.00222,0.0,0.0,0.048,0.0386,0.00565,0.00535,180,180,5.784
35.015,0.0,0.0,0.0,0.0,0.0,0.0,0.0,0.0,9,8,5.597
35.037,0.00343,0.00351,0.0,0.0,0.0344,0.0417,0.00793,0.00822,180,180,5.659
35.055,0.0,0.0,0.0,0.0,0.0,0.0,0.0,0.0,11,11,5.476
35.075,0.0,0.00182,0.0,0.0,0.0,0.0407,0.0,0.00435,2,180,5.556
35.096,0.00254,0.0,0.0,0.0,0.049,0.0,0.00549,0.0,180,6,5.624
35.116,0.0,0.0,0.0,0.0,0.0,0.0,0.0,0.0,8,1,5.443
35.136,0.0,0.00241,0.0,0.0,0.0,0.0396,0.0,0.0062,1,180,5.529
35.156,0.00133,0.0009,0.0,0.0,0.0428,0.0396,0.00355,0.00236,180,180,5.601
35.176,0.0,0.0,0.0,0.0,0.0,0.0,0.0,0.0,5,4,5.421
35.196,0.0,0.0,0.0,0.0,0.0,0.0,0.0,0.0,1,1,5.247
35.216,0.0,0.00256,0.0,0.0,0.0,0.048,0.0,0.00564,0,180,5.363
35.236,0.00183,0.00193,0.0,0.0,0.0323,0.0344,0.00445,0.0044,180,180,5.461
35.255,0.0,0.0,0.0,0.0,0.0,0.0,0.0,0.0,6,6,5.286
35.275,0.0,0.0,0.0,0.0,0.0,0.0,0.0,0.0,1,1,5.118
35.296,0.0,0.00151,0.0,0.0,0.0,0.0584,0.0,0.00397,0,180,5.253
35.316,0.0,0.0,0.0,0.0,0.0,0.0,0.0,0.0,0,5,5.086
35.336,0.0,0.0,0.0,0.0,0.0,0.0,0.0,0.0,0,1,4.926
35.355,0.0,0.0,0.0,0.0,0.0,0.0,0.0,0.0,0,0,4.772
35.376,0.0,0.00159,0.0,0.0,0.0,0.0532,0.0,0.00404,0,180,4.961
35.396,0.0,0.0,0.0,0.0,0.0,0.0,0.0,0.0,0,5,4.805
35.416,0.0,0.0,0.0,0.0,0.0,0.0,0.0,0.0,0,1,4.656
35.436,0.0,0.0,0.0,0.0,0.0,0.0,0.0,0.0,0,0,4.513
35.456,0.0,0.0,0.0,0.0,0.0,0.0,0.0,0.0,0,0,4.375
35.476,0.0,0.00199,0.0,0.0,0.0,0.0636,0.0,0.00526,0,180,4.625
35.496,0.0,0.00217,0.0,0.0,0.0,0.0532,0.0,0.00535,0,180,4.836
35.516,0.0,0.0,0.0,0.0,0.0,0.0,0.0,0.0,0,6,4.685
35.535,0.0,0.0,0.0,0.0,0.0,0.0,0.0,0.0,0,1,4.541
35.556,0.0,0.0,0.0,0.0,0.0,0.0,0.0,0.0,0,0,4.402
35.576,0.00243,0.00222,0.0,0.0,0.0574,0.0448,0.00571,0.00536,180,180,4.647
35.597,0.0,0.0,0.0,0.0,0.0,0.0,0.0,0.0,6,6,4.504
35.616,0.0,0.0,0.0,0.0,0.0,0.0,0.0,0.0,1,1,4.367
35.635,0.0,0.0,0.0,0.0,0.0,0.0,0.0,0.0,0,0,4.235
35.656,0.0,0.0,0.0,0.0,0.0,0.0,0.0,0.0,0,0,4.108
35.676,0.0,0.0,0.0,0.0,0.0,0.0,0.0,0.0,0,0,3.986
35.696,0.0,0.0,0.0,0.0,0.0,0.0,0.0,0.0,0,0,3.869
35.716,0.0,0.0,0.0,0.0,0.0,0.0,0.0,0.0,0,0,3.757
35.735,0.0,0.0,0.0,0.0,0.0,0.0,0.0,0.0,0,0,3.648
35.756,0.0,0.0,0.0,0.0,0.0,0.0,0.0,0.0,0,0,3.545
35.775,0.0,0.0,0.0,0.0,0.0,0.0,0.0,0.0,0,0,3.445
35.796,0.0,0.0,0.0,0.0,0.0,0.0,0.0,0.0,0,0,3.349
35.815,0.0,0.0,0.0,0.0,0.0,0.0,0.0,0.0,0,0,3.257
35.836,0.0,0.0,0.0,0.0,0.0,0.0,0.0,0.0,0,0,3.168
35.856,0.0,0.0,0.0,0.0,0.0,0.0,0.0,0.0,0,0,3.083
35.875,0.0,0.0,0.0,0.0,0.0,0.0,0.0,0.0,0,0,3.002
35.896,0.0,0.0,0.0,0.0,0.0,0.0,0.0,0.0,0,0,2.923
35.915,0.0,0.0,0.0,0.0,0.0,0.0,0.0,0.0,0,0,2.848
35.936,0.0,0.0,0.0,0.0,0.0,0.0,0.0,0.0,0,0,2.775
35.956,0.0,0.0,0.0,0.0,0.0,0.0,0.0,0.0,0,0,2.706
35.975,0.0,0.0,0.0,0.0,0.0,0.0,0.0,0.0,0,0,2.639
35.997,0.0,0.0,0.0,0.0,0.0,0.0,0.0,0.0,0,0,2.575
36.015,0.0,0.0,0.0,0.0,0.0,0.0,0.0,0.0,0,0,2.513
36.035,0.0,0.0,0.0,0.0,0.0,0.0,0.0,0.0,0,0,2.454
36.056,0.0,0.0,0.0,0.0,0.0,0.0,0.0,0.0,0,0,2.397
36.076,0.0,0.0,0.0,0.0,0.0,0.0,0.0,0.0,0,0,2.342
36.096,0.0,0.0,0.0,0.0,0.0,0.0,0.0,0.0,0,0,2.289
36.115,0.0,0.0,0.0,0.0,0.0,0.0,0.0,0.0,0,0,2.239
36.137,0.0,0.0,0.0,0.0,0.0,0.0,0.0,0.0,0,0,2.19
36.156,0.0,0.0,0.0,0.0,0.0,0.0,0.0,0.0,0,0,2.143
36.176,0.0,0.0,0.0,0.0,0.0,0.0,0.0,0.0,0,0,2.099
36.196,0.0,0.0,0.0,0.0,0.0,0.0,0.0,0.0,0,0,2.055
36.216,0.0,0.0,0.0,0.0,0.0,0.0,0.0,0.0,0,0,2.014
36.235,0.0,0.0,0.0,0.0,0.0,0.0,0.0,0.0,0,0,1.974
36.256,0.0,0.0,0.0,0.0,0.0,0.0,0.0,0.0,0,0,1.936
36.276,0.0,0.0,0.0,0.0,0.0,0.0,0.0,0.0,0,0,1.899
36.296,0.0,0.0,0.0,0.0,0.0,0.0,0.0,0.0,0,0,1.864
36.316,0.0,0.0,0.0,0.0,0.0,0.0,0.0,0.0,0,0,1.83
36.336,0.0,0.0,0.0,0.0,0.0,0.0,0.0,0.0,0,0,1.798
36.355,0.0,0.0,0.0,0.0,0.0,0.0,0.0,0.0,0,0,1.766
36.376,0.0,0.0,0.0,0.0,0.0,0.0,0.0,0.0,0,0,1.736
36.396,0.0,0.0,0.0,0.0,0.0,0.0,0.0,0.0,0,0,1.707
36.416,0.0,0.0,0.0,0.0,0.0,0.0,0.0,0.0,0,0,1.68
36.436,0.0,0.0,0.0,0.0,0.0,0.0,0.0,0.0,0,0,1.653
36.456,0.0,0.0,0.0,0.0,0.0,0.0,0.0,0.0,0,0,1.627
36.477,0.0,0.0,0.0,0.0,0.0,0.0,0.0,0.0,0,0,1.603
36.496,0.0,0.0,0.0,0.0,0.0,0.0,0.0,0.0,0,0,1.579
36.515,0.0,0.0,0.0,0.0,0.0,0.0,0.0,0.0,0,0,1.557
36.536,0.0,0.0,0.0,0.0,0.0,0.0,0.0,0.0,0,0,1.535
36.556,0.0,0.0,0.0,0.0,0.0,0.0,0.0,0.0,0,0,1.514
36.575,0.0,0.0,0.0,0.0,0.0,0.0,0.0,0.0,0,0,1.494
36.597,0.0,0.0,0.0,0.0,0.0,0.0,0.0,0.0,0,0,1.474
36.616,0.0,0.0,0.0,0.0,0.0,0.0,0.0,0.0,0,0,1.456
36.635,0.0,0.0,0.0,0.0,0.0,0.0,0.0,0.0,0,0,1.438
36.655,0.0,0.0,0.0,0.0,0.0,0.0,0.0,0.0,0,0,1.421
36.676,0.0,0.00094,0.0,0.0,0.0,0.0417,0.0,0.00296,0,180,2.124
36.696,0.0,0.00161,0.0,0.0,0.0,0.0574,0.0,0.00413,0,180,2.719
36.715,0.0,0.0,0.0,0.0,0.0,0.0,0.0,0.0,0,3,2.651
36.737,0.00114,0.0,0.0,0.0,0.048,0.0,0.00328,0.0,180,1,3.165
36.756,0.0,0.0,0.0,0.0,0.0,0.0,0.0,0.0,2,0,3.081
36.776,0.0,0.0,0.0,0.0,0.0,0.0,0.0,0.0,0,0,2.999
36.796,0.0,0.0,0.0,0.0,0.0,0.0,0.0,0.0,0,0,2.921
36.817,0.002,0.0,0.0,0.0,0.0657,0.0,0.00484,0.0,180,0,3.393
36.836,0.0,0.0,0.0,0.0,0.0,0.0,0.0,0.0,4,0,3.299
36.856,0.0,0.0,0.0,0.0,0.0,0.0,0.0,0.0,1,0,3.209
36.875,0.0,0.0,0.0,0.0,0.0,0.0,0.0,0.0,0,0,3.123
36.896,0.0,0.0,0.0,0.0,0.0,0.0,0.0,0.0,0,0,3.039
36.915,0.0,0.0,0.0,0.0,0.0,0.0,0.0,0.0,0,0,2.959
36.937,0.0,0.0,0.0,0.0,0.0,0.0,0.0,0.0,0,0,2.883
36.956,0.0,0.0,0.0,0.0,0.0,0.0,0.0,0.0,0,0,2.809
36.975,0.0,0.0,0.0,0.0,0.0,0.0,0.0,0.0,0,0,2.738
36.996,0.0,0.0,0.0,0.0,0.0,0.0,0.0,0.0,0,0,2.67
37.015,0.0,0.0,0.0,0.0,0.0,0.0,0.0,0.0,0,0,2.604
37.035,0.0,0.0,0.0,0.0,0.0,0.0,0.0,0.0,0,0,2.541
37.055,0.0,0.0,0.0,0.0,0.0,0.0,0.0,0.0,0,0,2.481
37.076,0.0,0.0,0.0,0.0,0.0,0.0,0.0,0.0,0,0,2.423
37.096,0.0,0.0,0.0,0.0,0.0,0.0,0.0,0.0,0,0,2.367
37.115,0.0,0.0,0.0,0.0,0.0,0.0,0.0,0.0,0,0,2.313
37.136,0.0,0.0,0.0,0.0,0.0,0.0,0.0,0.0,0,0,2.262
37.155,0.0,0.0,0.0,0.0,0.0,0.0,0.0,0.0,0,0,2.212
37.176,0.0,0.0,0.0,0.0,0.0,0.0,0.0,0.0,0,0,2.165
37.196,0.00378,0.00378,0.0,0.0,0.1783,0.1783,0.0064,0.00702,180,180,2.754
37.216,0.00642,0.00717,0.487,0.679,0.1522,0.1543,0.01027,0.01101,166,168,2.716
37.235,0.00507,0.00796,0.0,0.22,0.1762,0.1345,0.0131,0.01969,180,164,2.866
37.255,0.0082,0.00871,0.755,0.231,0.2179,0.2544,0.01219,0.01231,217,145,2.818
37.275,0.00514,0.00428,0.0,0.0,0.1595,0.1345,0.00782,0.00901,180,180,3.306
37.296,0.00704,0.00559,0.423,0.241,0.0897,0.1397,0.0149,0.01039,218,150,3.277
37.316,0.00765,0.00843,0.0,0.743,0.1116,0.0407,0.01312,0.01411,180,234,3.213
37.336,0.00937,0.00925,0.538,0.273,0.074,0.0532,0.01141,0.01158,232,186,3.171
37.355,0.00708,0.00881,0.0,0.0,0.0949,0.0918,0.01244,0.01544,180,180,3.605
37.375,0.00671,0.00864,0.0,0.0,0.0751,0.0699,0.01382,0.01722,180,180,3.973
37.398,0.00712,0.00788,0.0,0.0,0.0928,0.0657,0.01631,0.01903,180,180,4.284
37.415,0.0,0.00299,0.0,0.0,0.0,0.1741,0.0,0.00664,17,180,4.547
37.436,0.00481,0.00763,0.0,0.931,0.171,0.1001,0.00755,0.01321,180,192,4.423
37.455,0.00435,0.00639,0.0,0.0,0.1303,0.1262,0.00732,0.01029,180,180,4.665
37.475,0.0,0.0,0.0,0.0,0.0,0.0,0.0,0.0,10,20,4.521
37.496,0.0,0.0,0.0,0.0,0.0,0.0,0.0,0.0,2,4,4.383
37.515,0.0,0.0,0.0,0.0,0.0,0.0,0.0,0.0,0,1,4.25
37.537,0.0,0.0,0.0,0.0,0.0,0.0,0.0,0.0,0,0,4.123
37.556,0.0,0.0,0.0,0.0,0.0,0.0,0.0,0.0,0,0,4.0
37.576,0.0,0.0,0.0,0.0,0.0,0.0,0.0,0.0,0,0,3.883
37.596,0.0,0.0,0.0,0.0,0.0,0.0,0.0,0.0,0,0,3.77
37.615,0.0,0.0,0.0,0.0,0.0,0.0,0.0,0.0,0,0,3.661
37.636,0.0,0.0,0.0,0.0,0.0,0.0,0.0,0.0,0,0,3.557
37.655,0.0,0.0,0.0,0.0,0.0,0.0,0.0,0.0,0,0,3.457
37.677,0.0,0.0,0.0,0.0,0.0,0.0,0.0,0.0,0,0,3.36
37.696,0.0,0.0,0.0,0.0,0.0,0.0,0.0,0.0,0,0,3.268
37.715,0.0,0.0,0.0,0.0,0.0,0.0,0.0,0.0,0,0,3.179
37.735,0.0,0.0,0.0,0.0,0.0,0.0,0.0,0.0,0,0,3.093
37.756,0.0,0.0,0.0,0.0,0.0,0.0,0.0,0.0,0,0,3.011
37.776,0.0,0.0,0.0,0.0,0.0,0.0,0.0,0.0,0,0,2.932
37.796,0.0,0.0,0.0,0.0,0.0,0.0,0.0,0.0,0,0,2.857
37.818,0.0,0.0,0.0,0.0,0.0,0.0,0.0,0.0,0,0,2.784
37.836,0.0,0.0,0.0,0.0,0.0,0.0,0.0,0.0,0,0,2.714
37.855,0.0,0.0,0.0,0.0,0.0,0.0,0.0,0.0,0,0,2.647
37.877,0.0,0.0,0.0,0.0,0.0,0.0,0.0,0.0,0,0,2.582
37.896,0.0,0.0,0.0,0.0,0.0,0.0,0.0,0.0,0,0,2.52
37.915,0.0,0.0,0.0,0.0,0.0,0.0,0.0,0.0,0,0,2.46
37.935,0.0,0.0,0.0,0.0,0.0,0.0,0.0,0.0,0,0,2.403
37.955,0.0,0.0,0.0,0.0,0.0,0.0,0.0,0.0,0,0,2.348
37.975,0.0,0.0,0.0,0.0,0.0,0.0,0.0,0.0,0,0,2.295
37.996,0.0,0.0,0.0,0.0,0.0,0.0,0.0,0.0,0,0,2.245
38.015,0.0,0.0,0.0,0.0,0.0,0.0,0.0,0.0,0,0,2.196
38.036,0.0,0.0,0.0,0.0,0.0,0.0,0.0,0.0,0,0,2.149
38.056,0.0,0.0,0.0,0.0,0.0,0.0,0.0,0.0,0,0,2.104
38.075,0.0,0.0,0.0,0.0,0.0,0.0,0.0,0.0,0,0,2.061
38.096,0.0,0.0,0.0,0.0,0.0,0.0,0.0,0.0,0,0,2.019
38.116,0.0,0.0,0.0,0.0,0.0,0.0,0.0,0.0,0,0,1.979
38.136,0.0,0.0,0.0,0.0,0.0,0.0,0.0,0.0,0,0,1.941
38.156,0.0,0.0,0.0,0.0,0.0,0.0,0.0,0.0,0,0,1.904
38.175,0.0,0.0,0.0,0.0,0.0,0.0,0.0,0.0,0,0,1.868
38.196,0.0,0.0,0.0,0.0,0.0,0.0,0.0,0.0,0,0,1.834
38.215,0.0,0.0,0.0,0.0,0.0,0.0,0.0,0.0,0,0,1.802
38.236,0.0,0.0,0.0,0.0,0.0,0.0,0.0,0.0,0,0,1.77
38.255,0.0,0.0,0.0,0.0,0.0,0.0,0.0,0.0,0,0,1.74
38.275,0.0,0.0,0.0,0.0,0.0,0.0,0.0,0.0,0,0,1.711
38.297,0.0,0.0,0.0,0.0,0.0,0.0,0.0,0.0,0,0,1.683
38.317,0.0,0.0,0.0,0.0,0.0,0.0,0.0,0.0,0,0,1.656
38.336,0.0,0.0,0.0,0.0,0.0,0.0,0.0,0.0,0,0,1.631
38.355,0.0,0.0,0.0,0.0,0.0,0.0,0.0,0.0,0,0,1.606
38.375,0.0,0.0,0.0,0.0,0.0,0.0,0.0,0.0,0,0,1.582
38.396,0.0,0.0,0.0,0.0,0.0,0.0,0.0,0.0,0,0,1.559
38.415,0.0,0.0,0.0,0.0,0.0,0.0,0.0,0.0,0,0,1.537
38.436,0.0,0.0,0.0,0.0,0.0,0.0,0.0,0.0,0,0,1.516
38.456,0.0,0.0,0.0,0.0,0.0,0.0,0.0,0.0,0,0,1.496
38.476,0.0,0.0,0.0,0.0,0.0,0.0,0.0,0.0,0,0,1.477
38.496,0.0,0.0,0.0,0.0,0.0,0.0,0.0,0.0,0,0,1.458
38.516,0.0,0.0,0.0,0.0,0.0,0.0,0.0,0.0,0,0,1.44
38.536,0.0,0.0,0.0,0.0,0.0,0.0,0.0,0.0,0,0,1.423
38.557,0.0,0.0,0.0,0.0,0.0,0.0,0.0,0.0,0,0,1.406
38.575,0.0,0.0,0.0,0.0,0.0,0.0,0.0,0.0,0,0,1.39
38.596,0.0,0.0,0.0,0.0,0.0,0.0,0.0,0.0,0,0,1.375
38.616,0.0,0.0,0.0,0.0,0.0,0.0,0.0,0.0,0,0,1.36
38.635,0.0,0.0,0.0,0.0,0.0,0.0,0.0,0.0,0,0,1.346
38.656,0.0,0.0,0.0,0.0,0.0,0.0,0.0,0.0,0,0,1.332
38.676,0.0,0.0026,0.0,0.0,0.0,0.1439,0.0,0.00479,0,180,2.049
38.696,0.0,0.0,0.0,0.0,0.0,0.0,0.0,0.0,0,3,2.008
38.716,0.00351,0.0,0.0,0.0,0.0574,0.0,0.00902,0.0,180,1,2.621
38.736,0.00662,0.00502,0.582,0.272,0.0521,0.0521,0.01012,0.00748,169,122,2.599
38.756,0.00391,0.00565,0.0,0.129,0.0365,0.0386,0.00846,0.0107,180,150,3.112
38.775,0.00683,0.00689,0.581,0.3,0.0115,0.0177,0.01027,0.0097,211,168,3.071
38.796,0.00626,0.00592,0.0,0.0,0.0553,0.0177,0.00773,0.00802,108,107,3.52
38.816,0.0,0.0,0.0,0.0,0.0,0.0,0.0,0.0,16,13,3.421
38.836,0.0,0.0,0.0,0.0,0.0,0.0,0.0,0.0,3,3,3.327
38.856,0.0,0.0,0.0,0.0,0.0,0.0,0.0,0.0,1,0,3.235
38.875,0.0,0.0039,0.0,0.0,0.0,0.0688,0.0,0.0057,0,73,3.66
38.896,0.0,0.0,0.0,0.0,0.0,0.0,0.0,0.0,0,6,3.555
38.915,0.0,0.0,0.0,0.0,0.0,0.0,0.0,0.0,0,1,3.455
38.935,0.0,0.0,0.0,0.0,0.0,0.0,0.0,0.0,0,0,3.359
38.957,0.0,0.0,0.0,0.0,0.0,0.0,0.0,0.0,0,0,3.266
38.976,0.0,0.0,0.0,0.0,0.0,0.0,0.0,0.0,0,0,3.178
38.996,0.0,0.0,0.0,0.0,0.0,0.0,0.0,0.0,0,0,3.092
39.015,0.0,0.0,0.0,0.0,0.0,0.0,0.0,0.0,0,0,3.01
39.036,0.0,0.0,0.0,0.0,0.0,0.0,0.0,0.0,0,0,2.931
39.056,0.0,0.0,0.0,0.0,0.0,0.0,0.0,0.0,0,0,2.856
39.076,0.0,0.0,0.0,0.0,0.0,0.0,0.0,0.0,0,0,2.783
39.096,0.0,0.0,0.0,0.0,0.0,0.0,0.0,0.0,0,0,2.713
39.115,0.0,0.0,0.0,0.0,0.0,0.0,0.0,0.0,0,0,2.646
39.135,0.0,0.0,0.0,0.0,0.0,0.0,0.0,0.0,0,0,2.581
39.155,0.0,0.0,0.0,0.0,0.0,0.0,0.0,0.0,0,0,2.519
39.175,0.0,0.0,0.0,0.0,0.0,0.0,0.0,0.0,0,0,2.46
39.196,0.0,0.0,0.0,0.0,0.0,0.0,0.0,0.0,0,0,2.402
39.215,0.0,0.0,0.0,0.0,0.0,0.0,0.0,0.0,0,0,2.347
39.236,0.0,0.0,0.0,0.0,0.0,0.0,0.0,0.0,0,0,2.295
39.255,0.0,0.0,0.0,0.0,0.0,0.0,0.0,0.0,0,0,2.244
39.275,0.0,0.0,0.0,0.0,0.0,0.0,0.0,0.0,0,0,2.195
39.296,0.0,0.0,0.0,0.0,0.0,0.0,0.0,0.0,0,0,2.148
39.315,0.00292,0.00311,0.0,0.0,0.1095,0.0699,0.00717,0.00763,180,180,2.74
39.335,0.00335,0.00349,0.0,0.0,0.1043,0.098,0.00842,0.00882,180,180,3.24
39.356,0.00305,0.00308,0.0,0.0,0.1241,0.1199,0.00865,0.00864,180,180,3.664
39.376,0.00542,0.00554,0.375,0.408,0.0469,0.0511,0.01264,0.01295,179,179,3.627
39.396,0.00867,0.00882,0.859,0.913,0.0167,0.025,0.02021,0.02063,236,237,3.538
39.416,0.00334,0.00348,0.0,0.0,0.0344,0.0448,0.00948,0.00962,180,180,3.916
39.436,0.00468,0.0049,0.0,0.231,0.0803,0.074,0.00961,0.01015,180,174,3.973
39.456,0.00604,0.00614,0.274,0.267,0.0824,0.0907,0.01282,0.01311,198,205,3.959
39.476,0.00433,0.0041,0.0,0.0,0.1178,0.1262,0.011,0.01047,180,180,4.272
39.496,0.00352,0.00354,0.0,0.0,0.1168,0.1147,0.00867,0.0088,180,180,4.537
39.516,0.00299,0.00295,0.0,0.0,0.1189,0.123,0.00806,0.00825,180,180,4.762
39.535,0.00417,0.00408,0.0,0.0,0.0792,0.0772,0.00774,0.00799,180,180,4.952
39.556,0.00261,0.00271,0.0,0.0,0.098,0.1147,0.00853,0.0084,180,180,5.113
39.576,0.00761,0.00802,0.967,1.0,0.0282,0.0344,0.01763,0.01848,192,192,4.962
39.596,0.00716,0.00723,0.0,0.0,0.0678,0.0657,0.0172,0.01763,180,180,5.121
39.616,0.00469,0.00533,0.0,0.0,0.1095,0.1022,0.01274,0.01426,180,180,5.256
39.636,0.00502,0.00548,0.0,0.0,0.1387,0.1303,0.01154,0.01269,180,180,5.371
39.656,0.00163,0.0019,0.0,0.0,0.1689,0.1606,0.00402,0.00473,180,180,5.467
39.676,0.00374,0.00373,0.0,0.0,0.0803,0.0824,0.00919,0.00923,180,180,5.549
39.697,0.00392,0.00434,0.0,0.0,0.1032,0.1011,0.00896,0.00951,180,180,5.618
39.716,0.00329,0.00318,0.0,0.0,0.1147,0.1168,0.00821,0.00843,180,180,5.677
39.735,0.00392,0.00386,0.0,0.0,0.1105,0.1137,0.00819,0.00809,180,180,5.726
39.755,0.00396,0.00356,0.0,0.0,0.0594,0.0532,0.00919,0.00859,180,180,5.768
39.776,0.00828,0.00859,1.0,1.0,0.0261,0.0198,0.01811,0.01851,210,205,5.592
39.796,0.00527,0.00528,0.0,0.0,0.0521,0.0438,0.01212,0.01228,180,180,5.655
39.816,0.00422,0.00405,0.0,0.0,0.0719,0.0594,0.00984,0.00956,180,180,5.708
39.836,0.0,0.0,0.0,0.0,0.0,0.0,0.0,0.0,15,15,5.523
39.856,0.00248,0.00256,0.0,0.0,0.1168,0.1168,0.00548,0.00586,180,180,5.596
39.876,0.00254,0.00237,0.0,0.0,0.098,0.0813,0.00547,0.00524,180,180,5.658
39.896,0.0017,0.0022,0.0,0.0,0.0782,0.0845,0.00394,0.00546,180,180,5.711
39.915,0.00165,0.00211,0.0,0.0,0.0907,0.0865,0.004,0.00485,180,180,5.755
39.936,0.00469,0.00471,0.366,0.291,0.0574,0.0678,0.00973,0.01,171,179,5.65
39.955,0.00344,0.00387,0.0,0.0,0.0761,0.0594,0.00915,0.01015,180,180,5.704
39.976,0.00299,0.00289,0.0,0.0,0.0501,0.0563,0.00749,0.00737,180,180,5.749
39.996,0.00247,0.00252,0.0,0.0,0.049,0.0428,0.00627,0.00642,180,180,5.788
40.015,0.00367,0.00371,0.0,0.0,0.0667,0.0688,0.00746,0.00743,180,180,5.82
40.036,0.00289,0.0029,0.0,0.0,0.0553,0.0511,0.00702,0.00706,180,180,5.848
40.055,0.00392,0.00409,0.0,0.0,0.0396,0.0355,0.00961,0.00985,180,180,5.871
40.075,0.0035,0.00353,0.0,0.0,0.0563,0.048,0.00705,0.00721,180,180,5.891
40.096,0.0,0.0,0.0,0.0,0.0,0.0,0.0,0.0,12,12,5.699
40.116,0.0,0.0,0.0,0.0,0.0,0.0,0.0,0.0,2,2,5.515
40.135,0.0,0.0,0.0,0.0,0.0,0.0,0.0,0.0,0,0,5.338
40.156,0.0,0.0,0.0,0.0,0.0,0.0,0.0,0.0,0,0,5.168
40.177,0.00264,0.00278,0.0,0.0,0.0636,0.0594,0.00704,0.00728,180,180,5.296
40.196,0.00323,0.00329,0.0,0.0,0.0375,0.0375,0.00782,0.00811,180,180,5.404
40.215,0.00384,0.00393,0.0,0.0,0.0167,0.0271,0.00965,0.00989,180,180,5.495
40.237,0.00276,0.0026,0.0,0.0,0.025,0.0334,0.00753,0.00731,180,180,5.573
40.256,0.00359,0.00349,0.0,0.0,0.0355,0.0396,0.0082,0.00814,180,180,5.638
40.275,0.0,0.0,0.0,0.0,0.0,0.0,0.0,0.0,12,11,5.457
40.297,0.0,0.00264,0.0,0.0,0.0,0.0448,0.0,0.00645,2,180,5.54
40.317,0.00382,0.0038,0.0,0.0,0.0417,0.0417,0.00858,0.00844,180,180,5.611
40.336,0.00458,0.00453,0.0,0.0,0.0386,0.0428,0.00969,0.00952,180,180,5.67
40.355,0.0,0.00241,0.0,0.0,0.0,0.0897,0.0,0.00735,14,180,5.721
40.375,0.0,0.0,0.0,0.0,0.0,0.0,0.0,0.0,3,10,5.536
40.396,0.0,0.0,0.0,0.0,0.0,0.0,0.0,0.0,1,2,5.358
40.416,0.00256,0.00265,0.0,0.0,0.0636,0.0511,0.00663,0.00696,180,180,5.457
40.435,0.0023,0.00255,0.0,0.0,0.0594,0.0532,0.0048,0.00538,180,180,5.54
40.456,0.00274,0.00306,0.0,0.0,0.0667,0.0667,0.00755,0.00834,180,180,5.611
40.475,0.0,0.0014,0.0,0.0,0.0,0.0761,0.0,0.00337,10,180,5.67
40.497,0.00256,0.00233,0.0,0.0,0.0365,0.0428,0.00649,0.00608,180,180,5.721
40.515,0.0,0.0,0.0,0.0,0.0,0.0,0.0,0.0,9,8,5.536
40.535,0.0,0.0,0.0,0.0,0.0,0.0,0.0,0.0,2,2,5.358
40.556,0.0,0.0,0.0,0.0,0.0,0.0,0.0,0.0,0,0,5.187
40.576,0.0,0.0,0.0,0.0,0.0,0.0,0.0,0.0,0,0,5.023
40.595,0.0,0.0,0.0,0.0,0.0,0.0,0.0,0.0,0,0,4.865
40.615,0.00224,0.00223,0.0,0.0,0.0532,0.0615,0.00612,0.00614,180,180,5.039
40.636,0.0,0.0,0.0,0.0,0.0,0.0,0.0,0.0,7,7,4.881
40.656,0.0,0.0,0.0,0.0,0.0,0.0,0.0,0.0,1,1,4.729
40.675,0.0,0.0,0.0,0.0,0.0,0.0,0.0,0.0,0,0,4.583
40.695,0.0,0.00215,0.0,0.0,0.0,0.0459,0.0,0.00613,0,180,4.8
40.716,0.0,0.0,0.0,0.0,0.0,0.0,0.0,0.0,0,7,4.651
40.737,0.00186,0.00193,0.0,0.0,0.048,0.0355,0.0053,0.00558,180,180,4.858
40.755,0.00254,0.00252,0.0,0.0,0.0438,0.0501,0.00681,0.00629,180,180,5.034
40.776,0.0,0.00378,0.0,0.0,0.0,0.0375,0.0,0.00791,8,180,5.182
40.796,0.0,0.0,0.0,0.0,0.0,0.0,0.0,0.0,2,11,5.018
40.815,0.0,0.0,0.0,0.0,0.0,0.0,0.0,0.0,0,2,4.86
40.837,0.0,0.0,0.0,0.0,0.0,0.0,0.0,0.0,0,0,4.709
40.855,0.0,0.0,0.0,0.0,0.0,0.0,0.0,0.0,0,0,4.564
40.875,0.0,0.0,0.0,0.0,0.0,0.0,0.0,0.0,0,0,4.424
40.896,0.0,0.0,0.0,0.0,0.0,0.0,0.0,0.0,0,0,4.29
40.915,0.0,0.0,0.0,0.0,0.0,0.0,0.0,0.0,0,0,4.161
40.935,0.0,0.0,0.0,0.0,0.0,0.0,0.0,0.0,0,0,4.037
40.956,0.0,0.0,0.0,0.0,0.0,0.0,0.0,0.0,0,0,3.918
40.976,0.0,0.0,0.0,0.0,0.0,0.0,0.0,0.0,0,0,3.803
40.996,0.0,0.0,0.0,0.0,0.0,0.0,0.0,0.0,0,0,3.693
41.015,0.0,0.0,0.0,0.0,0.0,0.0,0.0,0.0,0,0,3.588
41.036,0.0,0.0,0.0,0.0,0.0,0.0,0.0,0.0,0,0,3.486
41.056,0.0,0.0,0.0,0.0,0.0,0.0,0.0,0.0,0,0,3.389
41.075,0.0,0.0,0.0,0.0,0.0,0.0,0.0,0.0,0,0,3.295
41.096,0.0,0.0,0.0,0.0,0.0,0.0,0.0,0.0,0,0,3.205
41.116,0.0,0.0,0.0,0.0,0.0,0.0,0.0,0.0,0,0,3.119
41.136,0.0,0.00226,0.0,0.0,0.0,0.0511,0.0,0.00551,0,180,3.561
41.155,0.0,0.0,0.0,0.0,0.0,0.0,0.0,0.0,0,5,3.461
41.176,0.0,0.0,0.0,0.0,0.0,0.0,0.0,0.0,0,1,3.364
41.195,0.0,0.0,0.0,0.0,0.0,0.0,0.0,0.0,0,0,3.271
41.215,0.0,0.0,0.0,0.0,0.0,0.0,0.0,0.0,0,0,3.182
41.237,0.0,0.0,0.0,0.0,0.0,0.0,0.0,0.0,0,0,3.097
41.256,0.0,0.0,0.0,0.0,0.0,0.0,0.0,0.0,0,0,3.015
41.276,0.0,0.0,0.0,0.0,0.0,0.0,0.0,0.0,0,0,2.936
41.296,0.0,0.0,0.0,0.0,0.0,0.0,0.0,0.0,0,0,2.86
41.316,0.0,0.0,0.0,0.0,0.0,0.0,0.0,0.0,0,0,2.787
41.336,0.0,0.0,0.0,0.0,0.0,0.0,0.0,0.0,0,0,2.717
41.356,0.0,0.0,0.0,0.0,0.0,0.0,0.0,0.0,0,0,2.649
41.375,0.0,0.0,0.0,0.0,0.0,0.0,0.0,0.0,0,0,2.585
41.396,0.0,0.0,0.0,0.0,0.0,0.0,0.0,0.0,0,0,2.523
41.415,0.0,0.0,0.0,0.0,0.0,0.0,0.0,0.0,0,0,2.463
41.437,0.0,0.0,0.0,0.0,0.0,0.0,0.0,0.0,0,0,2.405
41.456,0.0,0.0,0.0,0.0,0.0,0.0,0.0,0.0,0,0,2.35
41.475,0.0,0.0,0.0,0.0,0.0,0.0,0.0,0.0,0,0,2.297
41.496,0.0,0.0,0.0,0.0,0.0,0.0,0.0,0.0,0,0,2.247
41.515,0.0,0.0,0.0,0.0,0.0,0.0,0.0,0.0,0,0,2.198
41.535,0.0,0.0,0.0,0.0,0.0,0.0,0.0,0.0,0,0,2.151
41.555,0.0,0.0,0.0,0.0,0.0,0.0,0.0,0.0,0,0,2.106
41.576,0.0,0.0,0.0,0.0,0.0,0.0,0.0,0.0,0,0,2.062
41.596,0.0,0.0,0.0,0.0,0.0,0.0,0.0,0.0,0,0,2.021
41.615,0.0,0.0,0.0,0.0,0.0,0.0,0.0,0.0,0,0,1.981
41.637,0.0,0.0,0.0,0.0,0.0,0.0,0.0,0.0,0,0,1.942
41.656,0.0,0.0,0.0,0.0,0.0,0.0,0.0,0.0,0,0,1.905
41.677,0.0,0.0,0.0,0.0,0.0,0.0,0.0,0.0,0,0,1.87
41.696,0.0,0.0,0.0,0.0,0.0,0.0,0.0,0.0,0,0,1.836
41.716,0.0,0.0,0.0,0.0,0.0,0.0,0.0,0.0,0,0,1.803
41.735,0.0,0.0,0.0,0.0,0.0,0.0,0.0,0.0,0,0,1.771
41.756,0.0,0.0,0.0,0.0,0.0,0.0,0.0,0.0,0,0,1.741
41.777,0.0,0.0,0.0,0.0,0.0,0.0,0.0,0.0,0,0,1.712
41.796,0.0,0.0,0.0,0.0,0.0,0.0,0.0,0.0,0,0,1.684
41.815,0.0,0.0,0.0,0.0,0.0,0.0,0.0,0.0,0,0,1.657
41.835,0.0,0.0,0.0,0.0,0.0,0.0,0.0,0.0,0,0,1.632
41.856,0.0,0.0,0.0,0.0,0.0,0.0,0.0,0.0,0,0,1.607
41.875,0.0,0.0,0.0,0.0,0.0,0.0,0.0,0.0,0,0,1.583
41.897,0.0,0.0,0.0,0.0,0.0,0.0,0.0,0.0,0,0,1.56
41.916,0.0,0.0,0.0,0.0,0.0,0.0,0.0,0.0,0,0,1.538
41.935,0.0,0.0,0.0,0.0,0.0,0.0,0.0,0.0,0,0,1.517
41.955,0.0,0.0,0.0,0.0,0.0,0.0,0.0,0.0,0,0,1.497
41.975,0.0,0.0,0.0,0.0,0.0,0.0,0.0,0.0,0,0,1.477
41.996,0.0,0.0,0.0,0.0,0.0,0.0,0.0,0.0,0,0,1.459
42.016,0.0,0.0,0.0,0.0,0.0,0.0,0.0,0.0,0,0,1.441
42.037,0.0,0.0,0.0,0.0,0.0,0.0,0.0,0.0,0,0,1.423
42.056,0.0,0.0,0.0,0.0,0.0,0.0,0.0,0.0,0,0,1.407
42.076,0.0,0.0,0.0,0.0,0.0,0.0,0.0,0.0,0,0,1.391
42.096,0.0,0.0,0.0,0.0,0.0,0.0,0.0,0.0,0,0,1.375
42.115,0.0,0.0,0.0,0.0,0.0,0.0,0.0,0.0,0,0,1.361
42.135,0.0,0.0,0.0,0.0,0.0,0.0,0.0,0.0,0,0,1.347
42.156,0.0,0.0,0.0,0.0,0.0,0.0,0.0,0.0,0,0,1.333
42.175,0.0,0.0,0.0,0.0,0.0,0.0,0.0,0.0,0,0,1.32
42.196,0.0,0.0,0.0,0.0,0.0,0.0,0.0,0.0,0,0,1.307
42.216,0.0,0.0,0.0,0.0,0.0,0.0,0.0,0.0,0,0,1.295
42.235,0.0,0.0,0.0,0.0,0.0,0.0,0.0,0.0,0,0,1.284
42.255,0.0,0.0,0.0,0.0,0.0,0.0,0.0,0.0,0,0,1.273
42.276,0.0,0.0,0.0,0.0,0.0,0.0,0.0,0.0,0,0,1.262
42.296,0.0,0.0,0.0,0.0,0.0,0.0,0.0,0.0,0,0,1.252
42.315,0.0,0.0,0.0,0.0,0.0,0.0,0.0,0.0,0,0,1.242
42.335,0.0,0.0,0.0,0.0,0.0,0.0,0.0,0.0,0,0,1.232
42.356,0.0,0.0,0.0,0.0,0.0,0.0,0.0,0.0,0,0,1.223
42.376,0.0,0.0,0.0,0.0,0.0,0.0,0.0,0.0,0,0,1.214
42.396,0.0,0.0,0.0,0.0,0.0,0.0,0.0,0.0,0,0,1.206
42.417,0.0,0.0,0.0,0.0,0.0,0.0,0.0,0.0,0,0,1.198
42.436,0.0,0.0,0.0,0.0,0.0,0.0,0.0,0.0,0,0,1.19
42.455,0.0,0.0,0.0,0.0,0.0,0.0,0.0,0.0,0,0,1.183
42.476,0.0,0.0,0.0,0.0,0.0,0.0,0.0,0.0,0,0,1.176
42.496,0.0,0.0,0.0,0.0,0.0,0.0,0.0,0.0,0,0,1.169
42.515,0.0,0.0,0.0,0.0,0.0,0.0,0.0,0.0,0,0,1.162
42.535,0.0,0.0,0.0,0.0,0.0,0.0,0.0,0.0,0,0,1.156
42.556,0.0,0.0,0.0,0.0,0.0,0.0,0.0,0.0,0,0,1.15
42.576,0.00149,0.00159,0.0,0.0,0.0469,0.0386,0.00341,0.00366,180,180,1.894
42.596,0.0,0.0,0.0,0.0,0.0,0.0,0.0,0.0,2,2,1.859
42.616,0.0,0.0,0.0,0.0,0.0,0.0,0.0,0.0,0,0,1.825
42.636,0.0,0.0,0.0,0.0,0.0,0.0,0.0,0.0,0,0,1.793
42.655,0.0,0.0,0.0,0.0,0.0,0.0,0.0,0.0,0,0,1.762
42.676,0.00344,0.0,0.0,0.0,0.0271,0.0,0.00799,0.0,180,0,2.413
42.696,0.0,0.0,0.0,0.0,0.0,0.0,0.0,0.0,5,0,2.357
42.715,0.0,0.0,0.0,0.0,0.0,0.0,0.0,0.0,1,0,2.304
42.735,0.0,0.0,0.0,0.0,0.0,0.0,0.0,0.0,0,0,2.253
42.755,0.0,0.0,0.0,0.0,0.0,0.0,0.0,0.0,0,0,2.204
42.775,0.0,0.0,0.0,0.0,0.0,0.0,0.0,0.0,0,0,2.157
42.796,0.0,0.0,0.0,0.0,0.0,0.0,0.0,0.0,0,0,2.111
42.817,0.0,0.0,0.0,0.0,0.0,0.0,0.0,0.0,0,0,2.068
42.836,0.0,0.0,0.0,0.0,0.0,0.0,0.0,0.0,0,0,2.026
42.855,0.0,0.0,0.0,0.0,0.0,0.0,0.0,0.0,0,0,1.986
42.876,0.0,0.0,0.0,0.0,0.0,0.0,0.0,0.0,0,0,1.947
42.896,0.0,0.0,0.0,0.0,0.0,0.0,0.0,0.0,0,0,1.91
42.916,0.0,0.0,0.0,0.0,0.0,0.0,0.0,0.0,0,0,1.874
42.935,0.0,0.0,0.0,0.0,0.0,0.0,0.0,0.0,0,0,1.84
42.957,0.0,0.00252,0.0,0.0,0.0,0.0386,0.0,0.00623,0,180,2.479
42.975,0.0,0.0,0.0,0.0,0.0,0.0,0.0,0.0,0,4,2.421
42.996,0.0,0.0,0.0,0.0,0.0,0.0,0.0,0.0,0,1,2.365
43.016,0.00322,0.00294,0.0,0.0,0.098,0.0938,0.00619,0.00544,180,180,2.923
43.036,0.00396,0.00368,0.0,0.0,0.17,0.2033,0.00597,0.00608,180,180,3.395
43.056,0.0056,0.00575,0.299,0.322,0.1908,0.1303,0.00821,0.00903,173,172,3.394
43.076,0.00703,0.0079,0.348,0.487,0.1971,0.2086,0.01278,0.01474,210,235,3.351
43.096,0.00446,0.00285,0.0,0.0,0.3139,0.3055,0.00841,0.00649,180,180,3.757
43.116,0.00648,0.00533,0.427,0.339,0.0605,0.0667,0.01333,0.01071,217,212,3.712
43.136,0.00679,0.00265,0.0,0.0,0.1345,0.2263,0.01095,0.00602,180,180,4.063
43.155,0.00416,0.00398,0.0,0.0,0.1522,0.1116,0.00774,0.00716,180,180,4.361
43.175,0.00291,0.00403,0.0,0.0,0.1794,0.122,0.00863,0.00882,180,180,4.612
43.196,0.00536,0.0055,0.394,0.235,0.1429,0.1168,0.01172,0.01243,190,195,4.543
43.215,0.00515,0.00643,0.0,0.187,0.0584,0.0521,0.01188,0.01425,180,197,4.539
43.236,0.00682,0.00711,0.389,0.0,0.1783,0.1387,0.01405,0.01535,232,180,4.469
43.256,0.0,0.00401,0.0,0.0,0.0,0.1053,0.0,0.00662,92,166,4.704
43.276,0.00416,0.00552,0.0,0.244,0.1105,0.0751,0.00843,0.01095,180,200,4.678
43.296,0.0,0.0,0.0,0.0,0.0,0.0,0.0,0.0,10,60,4.534
43.315,0.0,0.0,0.0,0.0,0.0,0.0,0.0,0.0,2,8,4.395
43.336,0.0,0.0,0.0,0.0,0.0,0.0,0.0,0.0,0,1,4.262
43.356,0.0,0.0,0.0,0.0,0.0,0.0,0.0,0.0,0,0,4.134
43.376,0.0,0.0,0.0,0.0,0.0,0.0,0.0,0.0,0,0,4.011
43.396,0.0,0.0,0.0,0.0,0.0,0.0,0.0,0.0,0,0,3.893
43.415,0.0,0.0,0.0,0.0,0.0,0.0,0.0,0.0,0,0,3.78
43.436,0.0,0.0,0.0,0.0,0.0,0.0,0.0,0.0,0,0,3.671
43.455,0.0,0.0,0.0,0.0,0.0,0.0,0.0,0.0,0,0,3.566
43.476,0.0,0.0,0.0,0.0,0.0,0.0,0.0,0.0,0,0,3.465
43.496,0.0,0.0,0.0,0.0,0.0,0.0,0.0,0.0,0,0,3.369
43.516,0.0,0.0,0.0,0.0,0.0,0.0,0.0,0.0,0,0,3.276
43.535,0.0,0.0,0.0,0.0,0.0,0.0,0.0,0.0,0,0,3.187
43.557,0.0,0.0,0.0,0.0,0.0,0.0,0.0,0.0,0,0,3.101
43.575,0.0,0.0,0.0,0.0,0.0,0.0,0.0,0.0,0,0,3.019
43.596,0.0,0.0,0.0,0.0,0.0,0.0,0.0,0.0,0,0,2.939
43.616,0.0,0.0,0.0,0.0,0.0,0.0,0.0,0.0,0,0,2.863
43.635,0.0,0.0,0.0,0.0,0.0,0.0,0.0,0.0,0,0,2.79
43.656,0.0,0.0,0.0,0.0,0.0,0.0,0.0,0.0,0,0,2.72
43.675,0.0,0.0,0.0,0.0,0.0,0.0,0.0,0.0,0,0,2.653
43.696,0.0,0.0,0.0,0.0,0.0,0.0,0.0,0.0,0,0,2.588
43.715,0.0,0.0,0.0,0.0,0.0,0.0,0.0,0.0,0,0,2.526
43.735,0.0,0.0,0.0,0.0,0.0,0.0,0.0,0.0,0,0,2.466
43.758,0.0,0.0,0.0,0.0,0.0,0.0,0.0,0.0,0,0,2.408
43.775,0.0,0.0,0.0,0.0,0.0,0.0,0.0,0.0,0,0,2.353
43.796,0.0,0.0,0.0,0.0,0.0,0.0,0.0,0.0,0,0,2.3
43.815,0.0,0.0,0.0,0.0,0.0,0.0,0.0,0.0,0,0,2.249
43.835,0.0,0.0,0.0,0.0,0.0,0.0,0.0,0.0,0,0,2.2
43.856,0.00548,0.00249,0.446,0.0,0.0459,0.0865,0.00911,0.0058,140,180,2.264
43.877,0.00702,0.00813,0.378,1.0,0.0198,0.0156,0.01302,0.01262,152,157,2.226
43.896,0.00642,0.00654,0.0,0.0,0.0177,0.024,0.00766,0.00875,169,180,2.805
43.915,0.00728,0.00706,0.235,0.0,0.0292,0.0282,0.01139,0.01202,141,180,2.981
43.935,0.0,0.00464,0.0,0.0,0.0,0.024,0.0,0.00647,27,60,3.445
43.956,0.0,0.0,0.0,0.0,0.0,0.0,0.0,0.0,5,8,3.349
43.976,0.0,0.0,0.0,0.0,0.0,0.0,0.0,0.0,1,1,3.257
43.996,0.0,0.0,0.0,0.0,0.0,0.0,0.0,0.0,0,0,3.168
44.015,0.00423,0.00564,0.0,0.262,0.0302,0.0094,0.00703,0.00802,168,140,3.291
44.036,0.0,0.0,0.0,0.0,0.0,0.0,0.0,0.0,7,29,3.201
44.056,0.0,0.0,0.0,0.0,0.0,0.0,0.0,0.0,1,5,3.115
44.075,0.0,0.0,0.0,0.0,0.0,0.0,0.0,0.0,0,1,3.032
44.096,0.0,0.0,0.0,0.0,0.0,0.0,0.0,0.0,0,0,2.952
44.116,0.0,0.0,0.0,0.0,0.0,0.0,0.0,0.0,0,0,2.876
44.135,0.0,0.0,0.0,0.0,0.0,0.0,0.0,0.0,0,0,2.802
44.155,0.0,0.0,0.0,0.0,0.0,0.0,0.0,0.0,0,0,2.732
44.176,0.0,0.0,0.0,0.0,0.0,0.0,0.0,0.0,0,0,2.664
44.196,0.0,0.0,0.0,0.0,0.0,0.0,0.0,0.0,0,0,2.599
44.215,0.0,0.0,0.0,0.0,0.0,0.0,0.0,0.0,0,0,2.536
44.235,0.0,0.0,0.0,0.0,0.0,0.0,0.0,0.0,0,0,2.476
44.255,0.0,0.0,0.0,0.0,0.0,0.0,0.0,0.0,0,0,2.418
44.276,0.0,0.0,0.0,0.0,0.0,0.0,0.0,0.0,0,0,2.362
44.296,0.0,0.0,0.0,0.0,0.0,0.0,0.0,0.0,0,0,2.309
44.316,0.0,0.0,0.0,0.0,0.0,0.0,0.0,0.0,0,0,2.257
44.335,0.0,0.0,0.0,0.0,0.0,0.0,0.0,0.0,0,0,2.208
44.356,0.0,0.0,0.0,0.0,0.0,0.0,0.0,0.0,0,0,2.161
44.376,0.0,0.0,0.0,0.0,0.0,0.0,0.0,0.0,0,0,2.115
44.396,0.0,0.0,0.0,0.0,0.0,0.0,0.0,0.0,0,0,2.072
44.416,0.0,0.0,0.0,0.0,0.0,0.0,0.0,0.0,0,0,2.03
44.435,0.0,0.0,0.0,0.0,0.0,0.0,0.0,0.0,0,0,1.989
44.456,0.0,0.0,0.0,0.0,0.0,0.0,0.0,0.0,0,0,1.95
44.476,0.0,0.0,0.0,0.0,0.0,0.0,0.0,0.0,0,0,1.913
44.496,0.0,0.0,0.0,0.0,0.0,0.0,0.0,0.0,0,0,1.877
44.517,0.0,0.0,0.0,0.0,0.0,0.0,0.0,0.0,0,0,1.843
44.536,0.0,0.0,0.0,0.0,0.0,0.0,0.0,0.0,0,0,1.81
44.555,0.0,0.0,0.0,0.0,0.0,0.0,0.0,0.0,0,0,1.778
44.575,0.0,0.0,0.0,0.0,0.0,0.0,0.0,0.0,0,0,1.748
44.596,0.0,0.0,0.0,0.0,0.0,0.0,0.0,0.0,0,0,1.718
44.616,0.00576,0.00613,0.518,0.464,0.0824,0.0897,0.01266,0.0127,140,135,1.801
44.635,0.00374,0.00489,0.0,0.0,0.1064,0.0876,0.00992,0.01115,180,180,2.446
44.658,0.00503,0.00565,0.226,0.0,0.1105,0.1376,0.01283,0.01444,127,180,2.713
44.676,0.01222,0.01185,1.0,1.0,0.0219,0.0198,0.02484,0.02425,233,189,2.655
44.696,0.00688,0.00747,0.0,0.0,0.0407,0.0261,0.0178,0.01818,180,180,3.169
44.715,0.00593,0.00599,0.0,0.0,0.0574,0.0469,0.01235,0.01233,180,180,3.603
44.736,0.00443,0.00453,0.0,0.0,0.0938,0.0772,0.00981,0.01168,180,180,3.971
44.756,0.00596,0.00612,0.129,0.157,0.1074,0.1116,0.01386,0.01399,150,155,4.124
44.775,0.0039,0.00371,0.0,0.0,0.1241,0.1303,0.01009,0.00978,180,180,4.412
44.797,0.00346,0.0038,0.0,0.0,0.1168,0.1251,0.00724,0.00794,180,180,4.656
44.817,0.00324,0.00332,0.0,0.0,0.1241,0.1283,0.00821,0.00821,180,180,4.862
44.837,0.00435,0.00464,0.0,0.0,0.0834,0.0813,0.01027,0.01094,180,180,5.037
44.855,0.0056,0.00561,0.0,0.0,0.0532,0.0594,0.01421,0.01424,180,180,5.185
44.876,0.00771,0.00775,0.228,0.267,0.0344,0.0365,0.01751,0.01768,230,231,5.114
44.896,0.00446,0.00495,0.0,0.0,0.1324,0.1241,0.01114,0.01213,180,180,5.25
44.916,0.00612,0.00655,0.144,0.172,0.1064,0.1001,0.01533,0.01636,193,213,5.221
44.936,0.00195,0.00203,0.0,0.0,0.1627,0.1522,0.00486,0.00506,180,180,5.341
44.955,0.00289,0.00276,0.0,0.0,0.1011,0.0991,0.00708,0.00715,180,180,5.442
44.976,0.00286,0.00288,0.0,0.0,0.1168,0.121,0.00713,0.00698,180,180,5.528
44.996,0.00425,0.00421,0.0,0.0,0.1011,0.1095,0.00948,0.00926,180,180,5.6
45.015,0.00284,0.0027,0.0,0.0,0.1356,0.1314,0.00796,0.00786,180,180,5.661
45.035,0.00527,0.00503,0.162,0.17,0.0532,0.0678,0.01093,0.01052,198,197,5.643
45.057,0.00337,0.00353,0.0,0.0,0.0511,0.0532,0.00976,0.01007,180,180,5.698
45.075,0.00843,0.00875,0.494,0.605,0.073,0.0542,0.01743,0.01797,232,232,5.549
45.095,0.00597,0.00597,0.0,0.0,0.0323,0.0282,0.01392,0.01391,180,180,5.618
45.115,0.00306,0.00291,0.0,0.0,0.1064,0.097,0.00683,0.0066,180,180,5.677
45.136,0.0,0.0,0.0,0.0,0.0,0.0,0.0,0.0,13,12,5.493
45.156,0.00272,0.00256,0.0,0.0,0.0865,0.0751,0.00658,0.00638,180,180,5.571
45.176,0.00189,0.0022,0.0,0.0,0.1095,0.097,0.00414,0.00494,180,180,5.637
45.196,0.00214,0.00248,0.0,0.0,0.0949,0.0845,0.00499,0.00621,180,180,5.693
45.217,0.0025,0.00247,0.0,0.0,0.0667,0.0688,0.00603,0.00588,180,180,5.74
45.236,0.00551,0.00571,0.2,0.252,0.0594,0.0678,0.01283,0.01349,186,185,5.664
45.256,0.0029,0.00303,0.0,0.0,0.0594,0.0657,0.00606,0.00638,180,180,5.716
45.275,0.00312,0.00292,0.0,0.0,0.0417,0.0417,0.00864,0.00833,180,180,5.76
45.296,0.00317,0.00311,0.0,0.0,0.0719,0.0865,0.00543,0.0053,180,180,5.796
45.316,0.00342,0.00355,0.0,0.0,0.0459,0.0605,0.00905,0.00944,180,180,5.828
45.335,0.00342,0.00355,0.0,0.0,0.049,0.049,0.00798,0.00818,180,180,5.854
45.356,0.00449,0.0044,0.0,0.0,0.0375,0.0396,0.00992,0.00971,180,180,5.877
45.376,0.0,0.0,0.0,0.0,0.0,0.0,0.0,0.0,15,14,5.685
45.396,0.00232,0.00234,0.0,0.0,0.0459,0.048,0.00601,0.00607,180,180,5.734
45.415,0.00264,0.0,0.0,0.0,0.0521,0.0,0.00617,0.0,180,8,5.775
