t,rms_l,rms_r,onset_l,onset_r,zcr_l,zcr_r,band_low_l,band_low_r,drive_l,drive_r,agc
0.436,0.0,0.0,0.0,0.0,0.0,0.0,0.0,0.0,0,0,1.0
0.458,0.0,0.0,0.0,0.0,0.0,0.0,0.0,0.0,0,0,1.0
0.458,0.0,0.0,0.0,0.0,0.0,0.0,0.0,0.0,0,0,1.0
0.478,0.0,0.0,0.0,0.0,0.0,0.0,0.0,0.0,0,0,1.0
0.499,0.0,0.0,0.0,0.0,0.0,0.0,0.0,0.0,0,0,1.0
0.518,0.0,0.0,0.0,0.0,0.0,0.0,0.0,0.0,0,0,1.0
0.539,0.0,0.0,0.0,0.0,0.0,0.0,0.0,0.0,0,0,1.0
0.559,0.0,0.0,0.0,0.0,0.0,0.0,0.0,0.0,0,0,1.0
0.578,0.0,0.0,0.0,0.0,0.0,0.0,0.0,0.0,0,0,1.0
0.598,0.0,0.0,0.0,0.0,0.0,0.0,0.0,0.0,0,0,1.0
0.619,0.0,0.0,0.0,0.0,0.0,0.0,0.0,0.0,0,0,1.0
0.639,0.0,0.0,0.0,0.0,0.0,0.0,0.0,0.0,0,0,1.0
0.659,0.0,0.0,0.0,0.0,0.0,0.0,0.0,0.0,0,0,1.0
0.679,0.0,0.0,0.0,0.0,0.0,0.0,0.0,0.0,0,0,1.0
0.698,0.0,0.0,0.0,0.0,0.0,0.0,0.0,0.0,0,0,1.0
0.718,0.0,0.0,0.0,0.0,0.0,0.0,0.0,0.0,0,0,1.0
0.738,0.0,0.0,0.0,0.0,0.0,0.0,0.0,0.0,0,0,1.0
0.758,0.0,0.0,0.0,0.0,0.0,0.0,0.0,0.0,0,0,1.0
0.778,0.0,0.0,0.0,0.0,0.0,0.0,0.0,0.0,0,0,1.0
0.798,0.0,0.0,0.0,0.0,0.0,0.0,0.0,0.0,0,0,1.0
0.819,0.0,0.0,0.0,0.0,0.0,0.0,0.0,0.0,0,0,1.0
0.839,0.0,0.0,0.0,0.0,0.0,0.0,0.0,0.0,0,0,1.0
0.858,0.0,0.0,0.0,0.0,0.0,0.0,0.0,0.0,0,0,1.0
0.879,0.0,0.0,0.0,0.0,0.0,0.0,0.0,0.0,0,0,1.0
0.9,0.0,0.0,0.0,0.0,0.0,0.0,0.0,0.0,0,0,1.0
0.919,0.0,0.0,0.0,0.0,0.0,0.0,0.0,0.0,0,0,1.0
0.938,0.0,0.0,0.0,0.0,0.0,0.0,0.0,0.0,0,0,1.0
0.958,0.0,0.0,0.0,0.0,0.0,0.0,0.0,0.0,0,0,1.0
0.978,0.0,0.0,0.0,0.0,0.0,0.0,0.0,0.0,0,0,1.0
0.998,0.0,0.0,0.0,0.0,0.0,0.0,0.0,0.0,0,0,1.0
1.019,0.0,0.0,0.0,0.0,0.0,0.0,0.0,0.0,0,0,1.0
1.039,0.0,0.0,0.0,0.0,0.0,0.0,0.0,0.0,0,0,1.0
1.059,0.0,0.0,0.0,0.0,0.0,0.0,0.0,0.0,0,0,1.0
1.078,0.0,0.0,0.0,0.0,0.0,0.0,0.0,0.0,0,0,1.0
1.099,0.0,0.0,0.0,0.0,0.0,0.0,0.0,0.0,0,0,1.0
1.12,0.0,0.0,0.0,0.0,0.0,0.0,0.0,0.0,0,0,1.0
1.139,0.0,0.0,0.0,0.0,0.0,0.0,0.0,0.0,0,0,1.0
1.158,0.0,0.0,0.0,0.0,0.0,0.0,0.0,0.0,0,0,1.0
1.178,0.0,0.0,0.0,0.0,0.0,0.0,0.0,0.0,0,0,1.0
1.198,0.0,0.0,0.0,0.0,0.0,0.0,0.0,0.0,0,0,1.0
1.218,0.0,0.0,0.0,0.0,0.0,0.0,0.0,0.0,0,0,1.0
1.239,0.0,0.0,0.0,0.0,0.0,0.0,0.0,0.0,0,0,1.0
1.258,0.0,0.0,0.0,0.0,0.0,0.0,0.0,0.0,0,0,1.0
1.278,0.0,0.0,0.0,0.0,0.0,0.0,0.0,0.0,0,0,1.0
1.299,0.0,0.0,0.0,0.0,0.0,0.0,0.0,0.0,0,0,1.0
1.319,0.0,0.0,0.0,0.0,0.0,0.0,0.0,0.0,0,0,1.0
1.339,0.0,0.0,0.0,0.0,0.0,0.0,0.0,0.0,0,0,1.0
1.359,0.0,0.0,0.0,0.0,0.0,0.0,0.0,0.0,0,0,1.0
1.378,0.0,0.0,0.0,0.0,0.0,0.0,0.0,0.0,0,0,1.0
1.399,0.0,0.0,0.0,0.0,0.0,0.0,0.0,0.0,0,0,1.0
1.419,0.0,0.0,0.0,0.0,0.0,0.0,0.0,0.0,0,0,1.0
1.439,0.0,0.0,0.0,0.0,0.0,0.0,0.0,0.0,0,0,1.0
1.458,0.0,0.0,0.0,0.0,0.0,0.0,0.0,0.0,0,0,1.0
1.479,0.0,0.0,0.0,0.0,0.0,0.0,0.0,0.0,0,0,1.0
1.499,0.0,0.0,0.0,0.0,0.0,0.0,0.0,0.0,0,0,1.0
1.518,0.0,0.0,0.0,0.0,0.0,0.0,0.0,0.0,0,0,1.0
1.538,0.0,0.0,0.0,0.0,0.0,0.0,0.0,0.0,0,0,1.0
1.558,0.0,0.0,0.0,0.0,0.0,0.0,0.0,0.0,0,0,1.0
1.579,0.0,0.0,0.0,0.0,0.0,0.0,0.0,0.0,0,0,1.0
1.598,0.0,0.0,0.0,0.0,0.0,0.0,0.0,0.0,0,0,1.0
1.619,0.0,0.0,0.0,0.0,0.0,0.0,0.0,0.0,0,0,1.0
1.639,0.0,0.0,0.0,0.0,0.0,0.0,0.0,0.0,0,0,1.0
1.658,0.0,0.0,0.0,0.0,0.0,0.0,0.0,0.0,0,0,1.0
1.679,0.0,0.0,0.0,0.0,0.0,0.0,0.0,0.0,0,0,1.0
1.699,0.0,0.0,0.0,0.0,0.0,0.0,0.0,0.0,0,0,1.0
1.719,0.0,0.0,0.0,0.0,0.0,0.0,0.0,0.0,0,0,1.0
1.738,0.0,0.0,0.0,0.0,0.0,0.0,0.0,0.0,0,0,1.0
1.759,0.0,0.0,0.0,0.0,0.0,0.0,0.0,0.0,0,0,1.0
1.779,0.0,0.0,0.0,0.0,0.0,0.0,0.0,0.0,0,0,1.0
1.798,0.0,0.0,0.0,0.0,0.0,0.0,0.0,0.0,0,0,1.0
1.818,0.0,0.0,0.0,0.0,0.0,0.0,0.0,0.0,0,0,1.0
1.839,0.0,0.0,0.0,0.0,0.0,0.0,0.0,0.0,0,0,1.0
1.859,0.0,0.0,0.0,0.0,0.0,0.0,0.0,0.0,0,0,1.0
1.878,0.0,0.0,0.0,0.0,0.0,0.0,0.0,0.0,0,0,1.0
1.899,0.0,0.0,0.0,0.0,0.0,0.0,0.0,0.0,0,0,1.0
1.919,0.0,0.0,0.0,0.0,0.0,0.0,0.0,0.0,0,0,1.0
1.938,0.0,0.0,0.0,0.0,0.0,0.0,0.0,0.0,0,0,1.0
1.958,0.0,0.0,0.0,0.0,0.0,0.0,0.0,0.0,0,0,1.0
1.979,0.0,0.0,0.0,0.0,0.0,0.0,0.0,0.0,0,0,1.0
1.999,0.0,0.0,0.0,0.0,0.0,0.0,0.0,0.0,0,0,1.0
2.019,0.0,0.0,0.0,0.0,0.0,0.0,0.0,0.0,0,0,1.0
2.039,0.0,0.0,0.0,0.0,0.0,0.0,0.0,0.0,0,0,1.0
2.059,0.0,0.0,0.0,0.0,0.0,0.0,0.0,0.0,0,0,1.0
2.078,0.0,0.0,0.0,0.0,0.0,0.0,0.0,0.0,0,0,1.0
2.099,0.0,0.0,0.0,0.0,0.0,0.0,0.0,0.0,0,0,1.0
2.119,0.0,0.0,0.0,0.0,0.0,0.0,0.0,0.0,0,0,1.0
2.139,0.0,0.0,0.0,0.0,0.0,0.0,0.0,0.0,0,0,1.0
2.159,0.0,0.0,0.0,0.0,0.0,0.0,0.0,0.0,0,0,1.0
2.179,0.0,0.0,0.0,0.0,0.0,0.0,0.0,0.0,0,0,1.0
2.2,0.0,0.0,0.0,0.0,0.0,0.0,0.0,0.0,0,0,1.0
2.219,0.0,0.0,0.0,0.0,0.0,0.0,0.0,0.0,0,0,1.0
2.239,0.0,0.0,0.0,0.0,0.0,0.0,0.0,0.0,0,0,1.0
2.259,0.0,0.0,0.0,0.0,0.0,0.0,0.0,0.0,0,0,1.0
2.278,0.0,0.0,0.0,0.0,0.0,0.0,0.0,0.0,0,0,1.0
2.299,0.0,0.0,0.0,0.0,0.0,0.0,0.0,0.0,0,0,1.0
2.318,0.0,0.0,0.0,0.0,0.0,0.0,0.0,0.0,0,0,1.0
2.338,0.0,0.0,0.0,0.0,0.0,0.0,0.0,0.0,0,0,1.0
2.36,0.0,0.0,0.0,0.0,0.0,0.0,0.0,0.0,0,0,1.0
2.38,0.0,0.0,0.0,0.0,0.0,0.0,0.0,0.0,0,0,1.0
2.399,0.0,0.0,0.0,0.0,0.0,0.0,0.0,0.0,0,0,1.0
2.419,0.0,0.0,0.0,0.0,0.0,0.0,0.0,0.0,0,0,1.0
2.439,0.0,0.0,0.0,0.0,0.0,0.0,0.0,0.0,0,0,1.0
2.458,0.0,0.0,0.0,0.0,0.0,0.0,0.0,0.0,0,0,1.0
2.478,0.0,0.0,0.0,0.0,0.0,0.0,0.0,0.0,0,0,1.0
2.498,0.0,0.0,0.0,0.0,0.0,0.0,0.0,0.0,0,0,1.0
2.519,0.0,0.0,0.0,0.0,0.0,0.0,0.0,0.0,0,0,1.0
2.539,0.0,0.0,0.0,0.0,0.0,0.0,0.0,0.0,0,0,1.0
2.559,0.0,0.0,0.0,0.0,0.0,0.0,0.0,0.0,0,0,1.0
2.579,0.0,0.0,0.0,0.0,0.0,0.0,0.0,0.0,0,0,1.0
2.599,0.0,0.0,0.0,0.0,0.0,0.0,0.0,0.0,0,0,1.0
2.619,0.0,0.0,0.0,0.0,0.0,0.0,0.0,0.0,0,0,1.0
2.639,0.0,0.0,0.0,0.0,0.0,0.0,0.0,0.0,0,0,1.0
2.658,0.0,0.0,0.0,0.0,0.0,0.0,0.0,0.0,0,0,1.0
2.679,0.0,0.0,0.0,0.0,0.0,0.0,0.0,0.0,0,0,1.0
2.7,0.0,0.0,0.0,0.0,0.0,0.0,0.0,0.0,0,0,1.0
2.719,0.0,0.0,0.0,0.0,0.0,0.0,0.0,0.0,0,0,1.0
2.739,0.0,0.0,0.0,0.0,0.0,0.0,0.0,0.0,0,0,1.0
2.759,0.0,0.0,0.0,0.0,0.0,0.0,0.0,0.0,0,0,1.0
2.779,0.0,0.0,0.0,0.0,0.0,0.0,0.0,0.0,0,0,1.0
2.798,0.0,0.0,0.0,0.0,0.0,0.0,0.0,0.0,0,0,1.0
2.818,0.0,0.0,0.0,0.0,0.0,0.0,0.0,0.0,0,0,1.0
2.839,0.0,0.0,0.0,0.0,0.0,0.0,0.0,0.0,0,0,1.0
2.859,0.0,0.0,0.0,0.0,0.0,0.0,0.0,0.0,0,0,1.0
2.878,0.0,0.0,0.0,0.0,0.0,0.0,0.0,0.0,0,0,1.0
2.899,0.0,0.0,0.0,0.0,0.0,0.0,0.0,0.0,0,0,1.0
2.919,0.0,0.0,0.0,0.0,0.0,0.0,0.0,0.0,0,0,1.0
2.938,0.0,0.0,0.0,0.0,0.0,0.0,0.0,0.0,0,0,1.0
2.958,0.0,0.0,0.0,0.0,0.0,0.0,0.0,0.0,0,0,1.0
2.979,0.0,0.0,0.0,0.0,0.0,0.0,0.0,0.0,0,0,1.0
3.0,0.0,0.0,0.0,0.0,0.0,0.0,0.0,0.0,0,0,1.0
3.019,0.0,0.0,0.0,0.0,0.0,0.0,0.0,0.0,0,0,1.0
3.039,0.0,0.0,0.0,0.0,0.0,0.0,0.0,0.0,0,0,1.0
3.059,0.0,0.0,0.0,0.0,0.0,0.0,0.0,0.0,0,0,1.0
3.078,0.0,0.0,0.0,0.0,0.0,0.0,0.0,0.0,0,0,1.0
3.099,0.0,0.0,0.0,0.0,0.0,0.0,0.0,0.0,0,0,1.0
3.119,0.0,0.0,0.0,0.0,0.0,0.0,0.0,0.0,0,0,1.0
3.139,0.0,0.0,0.0,0.0,0.0,0.0,0.0,0.0,0,0,1.0
3.159,0.0,0.0,0.0,0.0,0.0,0.0,0.0,0.0,0,0,1.0
3.179,0.0,0.0,0.0,0.0,0.0,0.0,0.0,0.0,0,0,1.0
3.199,0.0,0.0,0.0,0.0,0.0,0.0,0.0,0.0,0,0,1.0
3.219,0.0,0.0,0.0,0.0,0.0,0.0,0.0,0.0,0,0,1.0
3.239,0.0,0.0,0.0,0.0,0.0,0.0,0.0,0.0,0,0,1.0
3.259,0.0,0.0,0.0,0.0,0.0,0.0,0.0,0.0,0,0,1.0
3.279,0.0,0.0,0.0,0.0,0.0,0.0,0.0,0.0,0,0,1.0
3.299,0.0,0.0,0.0,0.0,0.0,0.0,0.0,0.0,0,0,1.0
3.318,0.0,0.0,0.0,0.0,0.0,0.0,0.0,0.0,0,0,1.0
3.339,0.0,0.0,0.0,0.0,0.0,0.0,0.0,0.0,0,0,1.0
3.359,0.0,0.0,0.0,0.0,0.0,0.0,0.0,0.0,0,0,1.0
3.379,0.0,0.0,0.0,0.0,0.0,0.0,0.0,0.0,0,0,1.0
3.399,0.0,0.0,0.0,0.0,0.0,0.0,0.0,0.0,0,0,1.0
3.419,0.0,0.0,0.0,0.0,0.0,0.0,0.0,0.0,0,0,1.0
3.438,0.0,0.0,0.0,0.0,0.0,0.0,0.0,0.0,0,0,1.0
3.459,0.0,0.0,0.0,0.0,0.0,0.0,0.0,0.0,0,0,1.0
3.479,0.0,0.0,0.0,0.0,0.0,0.0,0.0,0.0,0,0,1.0
3.499,0.0,0.0,0.0,0.0,0.0,0.0,0.0,0.0,0,0,1.0
3.519,0.0,0.0,0.0,0.0,0.0,0.0,0.0,0.0,0,0,1.0
3.539,0.0,0.0,0.0,0.0,0.0,0.0,0.0,0.0,0,0,1.0
3.559,0.0,0.0,0.0,0.0,0.0,0.0,0.0,0.0,0,0,1.0
3.58,0.0,0.0,0.0,0.0,0.0,0.0,0.0,0.0,0,0,1.0
3.599,0.0,0.0,0.0,0.0,0.0,0.0,0.0,0.0,0,0,1.0
3.62,0.0,0.0,0.0,0.0,0.0,0.0,0.0,0.0,0,0,1.0
3.638,0.0,0.0,0.0,0.0,0.0,0.0,0.0,0.0,0,0,1.0
3.658,0.0,0.0,0.0,0.0,0.0,0.0,0.0,0.0,0,0,1.0
3.679,0.0,0.0,0.0,0.0,0.0,0.0,0.0,0.0,0,0,1.0
3.699,0.0,0.0,0.0,0.0,0.0,0.0,0.0,0.0,0,0,1.0
3.719,0.0,0.0,0.0,0.0,0.0,0.0,0.0,0.0,0,0,1.0
3.739,0.0,0.0,0.0,0.0,0.0,0.0,0.0,0.0,0,0,1.0
3.758,0.0,0.0,0.0,0.0,0.0,0.0,0.0,0.0,0,0,1.0
3.779,0.0,0.0,0.0,0.0,0.0,0.0,0.0,0.0,0,0,1.0
3.798,0.0,0.0,0.0,0.0,0.0,0.0,0.0,0.0,0,0,1.0
3.818,0.0,0.0,0.0,0.0,0.0,0.0,0.0,0.0,0,0,1.0
3.838,0.0,0.0,0.0,0.0,0.0,0.0,0.0,0.0,0,0,1.0
3.858,0.0,0.0,0.0,0.0,0.0,0.0,0.0,0.0,0,0,1.0
3.878,0.0,0.0,0.0,0.0,0.0,0.0,0.0,0.0,0,0,1.0
3.899,0.0,0.0,0.0,0.0,0.0,0.0,0.0,0.0,0,0,1.0
3.919,0.0,0.0,0.0,0.0,0.0,0.0,0.0,0.0,0,0,1.0
3.939,0.0,0.0,0.0,0.0,0.0,0.0,0.0,0.0,0,0,1.0
3.959,0.0,0.0,0.0,0.0,0.0,0.0,0.0,0.0,0,0,1.0
3.979,0.0,0.0,0.0,0.0,0.0,0.0,0.0,0.0,0,0,1.0
3.999,0.0,0.0,0.0,0.0,0.0,0.0,0.0,0.0,0,0,1.0
4.019,0.0,0.0,0.0,0.0,0.0,0.0,0.0,0.0,0,0,1.0
4.039,0.0,0.0,0.0,0.0,0.0,0.0,0.0,0.0,0,0,1.0
4.058,0.0,0.0,0.0,0.0,0.0,0.0,0.0,0.0,0,0,1.0
4.079,0.0,0.0,0.0,0.0,0.0,0.0,0.0,0.0,0,0,1.0
4.099,0.0,0.0,0.0,0.0,0.0,0.0,0.0,0.0,0,0,1.0
4.119,0.0,0.0,0.0,0.0,0.0,0.0,0.0,0.0,0,0,1.0
4.138,0.0,0.0,0.0,0.0,0.0,0.0,0.0,0.0,0,0,1.0
4.159,0.0,0.0,0.0,0.0,0.0,0.0,0.0,0.0,0,0,1.0
4.178,0.0,0.0,0.0,0.0,0.0,0.0,0.0,0.0,0,0,1.0
4.199,0.0,0.0,0.0,0.0,0.0,0.0,0.0,0.0,0,0,1.0
4.219,0.0,0.0,0.0,0.0,0.0,0.0,0.0,0.0,0,0,1.0
4.238,0.0,0.0,0.0,0.0,0.0,0.0,0.0,0.0,0,0,1.0
4.258,0.0,0.0,0.0,0.0,0.0,0.0,0.0,0.0,0,0,1.0
4.279,0.0,0.0,0.0,0.0,0.0,0.0,0.0,0.0,0,0,1.0
4.299,0.0,0.0,0.0,0.0,0.0,0.0,0.0,0.0,0,0,1.0
4.319,0.0,0.0,0.0,0.0,0.0,0.0,0.0,0.0,0,0,1.0
4.338,0.0,0.0,0.0,0.0,0.0,0.0,0.0,0.0,0,0,1.0
4.359,0.0,0.0,0.0,0.0,0.0,0.0,0.0,0.0,0,0,1.0
4.379,0.0,0.0,0.0,0.0,0.0,0.0,0.0,0.0,0,0,1.0
4.399,0.0,0.0,0.0,0.0,0.0,0.0,0.0,0.0,0,0,1.0
4.419,0.0,0.0,0.0,0.0,0.0,0.0,0.0,0.0,0,0,1.0
4.439,0.0,0.0,0.0,0.0,0.0,0.0,0.0,0.0,0,0,1.0
4.459,0.0,0.0,0.0,0.0,0.0,0.0,0.0,0.0,0,0,1.0
4.479,0.0,0.0,0.0,0.0,0.0,0.0,0.0,0.0,0,0,1.0
4.499,0.0,0.0,0.0,0.0,0.0,0.0,0.0,0.0,0,0,1.0
4.519,0.0,0.0,0.0,0.0,0.0,0.0,0.0,0.0,0,0,1.0
4.539,0.0,0.0,0.0,0.0,0.0,0.0,0.0,0.0,0,0,1.0
4.559,0.0,0.0,0.0,0.0,0.0,0.0,0.0,0.0,0,0,1.0
4.58,0.0,0.0,0.0,0.0,0.0,0.0,0.0,0.0,0,0,1.0
4.598,0.0,0.0,0.0,0.0,0.0,0.0,0.0,0.0,0,0,1.0
4.619,0.0,0.0,0.0,0.0,0.0,0.0,0.0,0.0,0,0,1.0
4.639,0.0,0.0,0.0,0.0,0.0,0.0,0.0,0.0,0,0,1.0
4.659,0.0,0.0,0.0,0.0,0.0,0.0,0.0,0.0,0,0,1.0
4.679,0.0,0.0,0.0,0.0,0.0,0.0,0.0,0.0,0,0,1.0
4.698,0.0,0.0,0.0,0.0,0.0,0.0,0.0,0.0,0,0,1.0
4.718,0.0,0.0,0.0,0.0,0.0,0.0,0.0,0.0,0,0,1.0
4.738,0.0,0.0,0.0,0.0,0.0,0.0,0.0,0.0,0,0,1.0
4.759,0.0,0.0,0.0,0.0,0.0,0.0,0.0,0.0,0,0,1.0
4.778,0.0,0.0,0.0,0.0,0.0,0.0,0.0,0.0,0,0,1.0
4.799,0.0,0.0,0.0,0.0,0.0,0.0,0.0,0.0,0,0,1.0
4.818,0.0,0.0,0.0,0.0,0.0,0.0,0.0,0.0,0,0,1.0
4.839,0.0,0.0,0.0,0.0,0.0,0.0,0.0,0.0,0,0,1.0
4.859,0.0,0.0,0.0,0.0,0.0,0.0,0.0,0.0,0,0,1.0
4.879,0.0,0.0,0.0,0.0,0.0,0.0,0.0,0.0,0,0,1.0
4.899,0.0,0.0,0.0,0.0,0.0,0.0,0.0,0.0,0,0,1.0
4.919,0.0,0.0,0.0,0.0,0.0,0.0,0.0,0.0,0,0,1.0
4.938,0.0,0.0,0.0,0.0,0.0,0.0,0.0,0.0,0,0,1.0
4.959,0.0,0.0,0.0,0.0,0.0,0.0,0.0,0.0,0,0,1.0
4.979,0.0,0.0,0.0,0.0,0.0,0.0,0.0,0.0,0,0,1.0
4.999,0.0,0.0,0.0,0.0,0.0,0.0,0.0,0.0,0,0,1.0
5.018,0.0,0.0,0.0,0.0,0.0,0.0,0.0,0.0,0,0,1.0
5.039,0.0,0.0,0.0,0.0,0.0,0.0,0.0,0.0,0,0,1.0
5.058,0.0,0.0,0.0,0.0,0.0,0.0,0.0,0.0,0,0,1.0
5.079,0.0,0.0,0.0,0.0,0.0,0.0,0.0,0.0,0,0,1.0
5.099,0.0,0.0,0.0,0.0,0.0,0.0,0.0,0.0,0,0,1.0
5.119,0.0,0.0,0.0,0.0,0.0,0.0,0.0,0.0,0,0,1.0
5.138,0.0,0.0,0.0,0.0,0.0,0.0,0.0,0.0,0,0,1.0
5.158,0.0,0.0,0.0,0.0,0.0,0.0,0.0,0.0,0,0,1.0
5.179,0.0,0.0,0.0,0.0,0.0,0.0,0.0,0.0,0,0,1.0
5.199,0.0,0.0,0.0,0.0,0.0,0.0,0.0,0.0,0,0,1.0
5.219,0.0,0.0,0.0,0.0,0.0,0.0,0.0,0.0,0,0,1.0
5.239,0.0,0.0,0.0,0.0,0.0,0.0,0.0,0.0,0,0,1.0
5.259,0.0,0.0,0.0,0.0,0.0,0.0,0.0,0.0,0,0,1.0
5.278,0.0,0.0,0.0,0.0,0.0,0.0,0.0,0.0,0,0,1.0
5.298,0.0,0.0,0.0,0.0,0.0,0.0,0.0,0.0,0,0,1.0
5.319,0.0,0.0,0.0,0.0,0.0,0.0,0.0,0.0,0,0,1.0
5.339,0.0,0.0,0.0,0.0,0.0,0.0,0.0,0.0,0,0,1.0
5.359,0.0,0.0,0.0,0.0,0.0,0.0,0.0,0.0,0,0,1.0
5.378,0.0,0.0,0.0,0.0,0.0,0.0,0.0,0.0,0,0,1.0
5.399,0.0,0.0,0.0,0.0,0.0,0.0,0.0,0.0,0,0,1.0
5.418,0.0,0.0,0.0,0.0,0.0,0.0,0.0,0.0,0,0,1.0
5.441,0.0,0.0,0.0,0.0,0.0,0.0,0.0,0.0,0,0,1.0
5.46,0.0,0.0,0.0,0.0,0.0,0.0,0.0,0.0,0,0,1.0
5.479,0.0,0.0,0.0,0.0,0.0,0.0,0.0,0.0,0,0,1.0
5.499,0.0,0.0,0.0,0.0,0.0,0.0,0.0,0.0,0,0,1.0
5.519,0.0,0.0,0.0,0.0,0.0,0.0,0.0,0.0,0,0,1.0
5.539,0.0,0.0,0.0,0.0,0.0,0.0,0.0,0.0,0,0,1.0
5.559,0.0,0.0,0.0,0.0,0.0,0.0,0.0,0.0,0,0,1.0
5.579,0.0,0.0,0.0,0.0,0.0,0.0,0.0,0.0,0,0,1.0
5.599,0.0,0.0,0.0,0.0,0.0,0.0,0.0,0.0,0,0,1.0
5.618,0.0,0.0,0.0,0.0,0.0,0.0,0.0,0.0,0,0,1.0
5.638,0.0,0.0,0.0,0.0,0.0,0.0,0.0,0.0,0,0,1.0
5.658,0.0,0.0,0.0,0.0,0.0,0.0,0.0,0.0,0,0,1.0
5.679,0.0,0.0,0.0,0.0,0.0,0.0,0.0,0.0,0,0,1.0
5.699,0.0,0.0,0.0,0.0,0.0,0.0,0.0,0.0,0,0,1.0
5.719,0.0,0.0,0.0,0.0,0.0,0.0,0.0,0.0,0,0,1.0
5.738,0.0,0.0,0.0,0.0,0.0,0.0,0.0,0.0,0,0,1.0
5.759,0.0,0.0,0.0,0.0,0.0,0.0,0.0,0.0,0,0,1.0
5.779,0.0,0.0,0.0,0.0,0.0,0.0,0.0,0.0,0,0,1.0
5.799,0.0,0.0,0.0,0.0,0.0,0.0,0.0,0.0,0,0,1.0
5.819,0.0,0.0,0.0,0.0,0.0,0.0,0.0,0.0,0,0,1.0
5.839,0.0,0.0,0.0,0.0,0.0,0.0,0.0,0.0,0,0,1.0
5.86,0.0,0.0,0.0,0.0,0.0,0.0,0.0,0.0,0,0,1.0
5.879,0.0,0.0,0.0,0.0,0.0,0.0,0.0,0.0,0,0,1.0
5.9,0.0,0.0,0.0,0.0,0.0,0.0,0.0,0.0,0,0,1.0
5.919,0.0,0.0,0.0,0.0,0.0,0.0,0.0,0.0,0,0,1.0
5.939,0.0,0.0,0.0,0.0,0.0,0.0,0.0,0.0,0,0,1.0
5.959,0.0,0.0,0.0,0.0,0.0,0.0,0.0,0.0,0,0,1.0
5.979,0.0,0.0,0.0,0.0,0.0,0.0,0.0,0.0,0,0,1.0
5.999,0.0,0.0,0.0,0.0,0.0,0.0,0.0,0.0,0,0,1.0
6.019,0.0,0.0,0.0,0.0,0.0,0.0,0.0,0.0,0,0,1.0
6.039,0.0,0.0,0.0,0.0,0.0,0.0,0.0,0.0,0,0,1.0
6.059,0.0,0.0,0.0,0.0,0.0,0.0,0.0,0.0,0,0,1.0
6.079,0.0,0.0,0.0,0.0,0.0,0.0,0.0,0.0,0,0,1.0
6.1,0.0,0.0,0.0,0.0,0.0,0.0,0.0,0.0,0,0,1.0
6.119,0.0,0.0,0.0,0.0,0.0,0.0,0.0,0.0,0,0,1.0
6.139,0.0,0.0,0.0,0.0,0.0,0.0,0.0,0.0,0,0,1.0
6.159,0.0,0.0,0.0,0.0,0.0,0.0,0.0,0.0,0,0,1.0
6.178,0.0,0.0,0.0,0.0,0.0,0.0,0.0,0.0,0,0,1.0
6.199,0.0,0.0,0.0,0.0,0.0,0.0,0.0,0.0,0,0,1.0
6.219,0.0,0.0,0.0,0.0,0.0,0.0,0.0,0.0,0,0,1.0
6.239,0.0,0.0,0.0,0.0,0.0,0.0,0.0,0.0,0,0,1.0
6.259,0.0,0.0,0.0,0.0,0.0,0.0,0.0,0.0,0,0,1.0
6.278,0.0,0.0,0.0,0.0,0.0,0.0,0.0,0.0,0,0,1.0
6.3,0.0,0.0,0.0,0.0,0.0,0.0,0.0,0.0,0,0,1.0
6.319,0.0,0.0,0.0,0.0,0.0,0.0,0.0,0.0,0,0,1.0
6.339,0.0,0.0,0.0,0.0,0.0,0.0,0.0,0.0,0,0,1.0
6.359,0.0,0.0,0.0,0.0,0.0,0.0,0.0,0.0,0,0,1.0
6.378,0.0,0.0,0.0,0.0,0.0,0.0,0.0,0.0,0,0,1.0
6.399,0.0,0.0,0.0,0.0,0.0,0.0,0.0,0.0,0,0,1.0
6.419,0.0,0.0,0.0,0.0,0.0,0.0,0.0,0.0,0,0,1.0
6.439,0.0,0.0,0.0,0.0,0.0,0.0,0.0,0.0,0,0,1.0
6.46,0.0,0.0,0.0,0.0,0.0,0.0,0.0,0.0,0,0,1.0
6.479,0.0,0.0,0.0,0.0,0.0,0.0,0.0,0.0,0,0,1.0
6.499,0.0,0.0,0.0,0.0,0.0,0.0,0.0,0.0,0,0,1.0
6.519,0.0,0.0,0.0,0.0,0.0,0.0,0.0,0.0,0,0,1.0
6.539,0.0,0.0,0.0,0.0,0.0,0.0,0.0,0.0,0,0,1.0
6.559,0.0,0.0,0.0,0.0,0.0,0.0,0.0,0.0,0,0,1.0
6.578,0.0,0.0,0.0,0.0,0.0,0.0,0.0,0.0,0,0,1.0
6.599,0.0,0.0,0.0,0.0,0.0,0.0,0.0,0.0,0,0,1.0
6.618,0.0,0.0,0.0,0.0,0.0,0.0,0.0,0.0,0,0,1.0
6.639,0.0,0.0,0.0,0.0,0.0,0.0,0.0,0.0,0,0,1.0
6.658,0.0,0.0,0.0,0.0,0.0,0.0,0.0,0.0,0,0,1.0
6.679,0.0,0.0,0.0,0.0,0.0,0.0,0.0,0.0,0,0,1.0
6.699,0.0,0.0,0.0,0.0,0.0,0.0,0.0,0.0,0,0,1.0
6.718,0.0,0.0,0.0,0.0,0.0,0.0,0.0,0.0,0,0,1.0
6.739,0.0,0.0,0.0,0.0,0.0,0.0,0.0,0.0,0,0,1.0
6.758,0.0,0.0,0.0,0.0,0.0,0.0,0.0,0.0,0,0,1.0
6.779,0.0,0.0,0.0,0.0,0.0,0.0,0.0,0.0,0,0,1.0
6.798,0.0,0.0,0.0,0.0,0.0,0.0,0.0,0.0,0,0,1.0
6.819,0.0,0.0,0.0,0.0,0.0,0.0,0.0,0.0,0,0,1.0
6.839,0.0,0.0,0.0,0.0,0.0,0.0,0.0,0.0,0,0,1.0
6.859,0.0,0.0,0.0,0.0,0.0,0.0,0.0,0.0,0,0,1.0
6.879,0.0,0.0,0.0,0.0,0.0,0.0,0.0,0.0,0,0,1.0
6.899,0.0,0.0,0.0,0.0,0.0,0.0,0.0,0.0,0,0,1.0
6.918,0.0,0.0,0.0,0.0,0.0,0.0,0.0,0.0,0,0,1.0
6.939,0.0,0.0,0.0,0.0,0.0,0.0,0.0,0.0,0,0,1.0
6.959,0.0,0.0,0.0,0.0,0.0,0.0,0.0,0.0,0,0,1.0
6.978,0.0,0.0,0.0,0.0,0.0,0.0,0.0,0.0,0,0,1.0
6.999,0.0,0.0,0.0,0.0,0.0,0.0,0.0,0.0,0,0,1.0
7.018,0.0,0.0,0.0,0.0,0.0,0.0,0.0,0.0,0,0,1.0
7.039,0.0,0.0,0.0,0.0,0.0,0.0,0.0,0.0,0,0,1.0
7.059,0.0,0.0,0.0,0.0,0.0,0.0,0.0,0.0,0,0,1.0
7.079,0.0,0.0,0.0,0.0,0.0,0.0,0.0,0.0,0,0,1.0
7.099,0.0,0.0,0.0,0.0,0.0,0.0,0.0,0.0,0,0,1.0
7.119,0.0,0.0,0.0,0.0,0.0,0.0,0.0,0.0,0,0,1.0
7.139,0.0,0.0,0.0,0.0,0.0,0.0,0.0,0.0,0,0,1.0
7.159,0.0,0.0,0.0,0.0,0.0,0.0,0.0,0.0,0,0,1.0
7.179,0.0,0.0,0.0,0.0,0.0,0.0,0.0,0.0,0,0,1.0
7.199,0.0,0.0,0.0,0.0,0.0,0.0,0.0,0.0,0,0,1.0
7.219,0.0,0.0,0.0,0.0,0.0,0.0,0.0,0.0,0,0,1.0
7.238,0.0,0.0,0.0,0.0,0.0,0.0,0.0,0.0,0,0,1.0
7.259,0.0,0.0,0.0,0.0,0.0,0.0,0.0,0.0,0,0,1.0
7.279,0.0,0.0,0.0,0.0,0.0,0.0,0.0,0.0,0,0,1.0
7.299,0.0,0.0,0.0,0.0,0.0,0.0,0.0,0.0,0,0,1.0
7.319,0.0,0.0,0.0,0.0,0.0,0.0,0.0,0.0,0,0,1.0
7.339,0.0,0.0,0.0,0.0,0.0,0.0,0.0,0.0,0,0,1.0
7.358,0.0,0.0,0.0,0.0,0.0,0.0,0.0,0.0,0,0,1.0
7.379,0.0,0.0,0.0,0.0,0.0,0.0,0.0,0.0,0,0,1.0
7.399,0.0,0.0,0.0,0.0,0.0,0.0,0.0,0.0,0,0,1.0
7.419,0.0,0.0,0.0,0.0,0.0,0.0,0.0,0.0,0,0,1.0
7.439,0.0,0.0,0.0,0.0,0.0,0.0,0.0,0.0,0,0,1.0
7.458,0.0,0.0,0.0,0.0,0.0,0.0,0.0,0.0,0,0,1.0
7.479,0.0,0.0,0.0,0.0,0.0,0.0,0.0,0.0,0,0,1.0
7.5,0.0,0.0,0.0,0.0,0.0,0.0,0.0,0.0,0,0,1.0
7.518,0.0,0.0,0.0,0.0,0.0,0.0,0.0,0.0,0,0,1.0
7.539,0.0,0.0,0.0,0.0,0.0,0.0,0.0,0.0,0,0,1.0
7.559,0.0,0.0,0.0,0.0,0.0,0.0,0.0,0.0,0,0,1.0
7.579,0.0,0.0,0.0,0.0,0.0,0.0,0.0,0.0,0,0,1.0
7.599,0.0,0.0,0.0,0.0,0.0,0.0,0.0,0.0,0,0,1.0
7.618,0.0,0.0,0.0,0.0,0.0,0.0,0.0,0.0,0,0,1.0
7.64,0.0,0.0,0.0,0.0,0.0,0.0,0.0,0.0,0,0,1.0
7.658,0.0,0.0,0.0,0.0,0.0,0.0,0.0,0.0,0,0,1.0
7.679,0.0,0.0,0.0,0.0,0.0,0.0,0.0,0.0,0,0,1.0
7.698,0.0,0.0,0.0,0.0,0.0,0.0,0.0,0.0,0,0,1.0
7.718,0.0,0.0,0.0,0.0,0.0,0.0,0.0,0.0,0,0,1.0
7.739,0.0,0.0,0.0,0.0,0.0,0.0,0.0,0.0,0,0,1.0
7.759,0.0,0.0,0.0,0.0,0.0,0.0,0.0,0.0,0,0,1.0
7.779,0.0,0.0,0.0,0.0,0.0,0.0,0.0,0.0,0,0,1.0
7.799,0.0,0.0,0.0,0.0,0.0,0.0,0.0,0.0,0,0,1.0
7.819,0.0,0.0,0.0,0.0,0.0,0.0,0.0,0.0,0,0,1.0
7.839,0.0,0.0,0.0,0.0,0.0,0.0,0.0,0.0,0,0,1.0
7.858,0.0,0.0,0.0,0.0,0.0,0.0,0.0,0.0,0,0,1.0
7.879,0.0,0.0,0.0,0.0,0.0,0.0,0.0,0.0,0,0,1.0
7.899,0.0,0.0,0.0,0.0,0.0,0.0,0.0,0.0,0,0,1.0
7.919,0.0,0.0,0.0,0.0,0.0,0.0,0.0,0.0,0,0,1.0
7.939,0.0,0.0,0.0,0.0,0.0,0.0,0.0,0.0,0,0,1.0
7.959,0.0,0.0,0.0,0.0,0.0,0.0,0.0,0.0,0,0,1.0
7.979,0.0,0.0,0.0,0.0,0.0,0.0,0.0,0.0,0,0,1.0
7.999,0.0,0.0,0.0,0.0,0.0,0.0,0.0,0.0,0,0,1.0
8.018,0.0,0.0,0.0,0.0,0.0,0.0,0.0,0.0,0,0,1.0
8.039,0.0,0.0,0.0,0.0,0.0,0.0,0.0,0.0,0,0,1.0
8.059,0.0,0.0,0.0,0.0,0.0,0.0,0.0,0.0,0,0,1.0
8.079,0.0,0.0,0.0,0.0,0.0,0.0,0.0,0.0,0,0,1.0
8.099,0.0,0.0,0.0,0.0,0.0,0.0,0.0,0.0,0,0,1.0
8.118,0.0,0.0,0.0,0.0,0.0,0.0,0.0,0.0,0,0,1.0
8.138,0.0,0.0,0.0,0.0,0.0,0.0,0.0,0.0,0,0,1.0
8.159,0.0,0.0,0.0,0.0,0.0,0.0,0.0,0.0,0,0,1.0
8.18,0.0,0.0,0.0,0.0,0.0,0.0,0.0,0.0,0,0,1.0
8.199,0.0,0.0,0.0,0.0,0.0,0.0,0.0,0.0,0,0,1.0
8.219,0.0,0.0,0.0,0.0,0.0,0.0,0.0,0.0,0,0,1.0
8.239,0.0,0.0,0.0,0.0,0.0,0.0,0.0,0.0,0,0,1.0
8.259,0.0,0.0,0.0,0.0,0.0,0.0,0.0,0.0,0,0,1.0
8.279,0.0,0.0,0.0,0.0,0.0,0.0,0.0,0.0,0,0,1.0
8.299,0.0,0.0,0.0,0.0,0.0,0.0,0.0,0.0,0,0,1.0
8.319,0.0,0.0,0.0,0.0,0.0,0.0,0.0,0.0,0,0,1.0
8.338,0.0,0.0,0.0,0.0,0.0,0.0,0.0,0.0,0,0,1.0
8.359,0.0,0.0,0.0,0.0,0.0,0.0,0.0,0.0,0,0,1.0
8.379,0.0,0.0,0.0,0.0,0.0,0.0,0.0,0.0,0,0,1.0
8.399,0.0,0.0,0.0,0.0,0.0,0.0,0.0,0.0,0,0,1.0
8.419,0.0,0.0,0.0,0.0,0.0,0.0,0.0,0.0,0,0,1.0
8.439,0.0,0.0,0.0,0.0,0.0,0.0,0.0,0.0,0,0,1.0
8.459,0.0,0.0,0.0,0.0,0.0,0.0,0.0,0.0,0,0,1.0
8.479,0.0,0.0,0.0,0.0,0.0,0.0,0.0,0.0,0,0,1.0
8.499,0.0,0.0,0.0,0.0,0.0,0.0,0.0,0.0,0,0,1.0
8.519,0.0,0.0,0.0,0.0,0.0,0.0,0.0,0.0,0,0,1.0
8.538,0.0,0.0,0.0,0.0,0.0,0.0,0.0,0.0,0,0,1.0
8.559,0.0,0.0,0.0,0.0,0.0,0.0,0.0,0.0,0,0,1.0
8.579,0.0,0.0,0.0,0.0,0.0,0.0,0.0,0.0,0,0,1.0
8.599,0.0,0.0,0.0,0.0,0.0,0.0,0.0,0.0,0,0,1.0
8.619,0.0,0.0,0.0,0.0,0.0,0.0,0.0,0.0,0,0,1.0
8.638,0.0,0.0,0.0,0.0,0.0,0.0,0.0,0.0,0,0,1.0
8.658,0.0,0.0,0.0,0.0,0.0,0.0,0.0,0.0,0,0,1.0
8.679,0.0,0.0,0.0,0.0,0.0,0.0,0.0,0.0,0,0,1.0
8.699,0.0,0.0,0.0,0.0,0.0,0.0,0.0,0.0,0,0,1.0
8.719,0.0,0.0,0.0,0.0,0.0,0.0,0.0,0.0,0,0,1.0
8.739,0.0,0.0,0.0,0.0,0.0,0.0,0.0,0.0,0,0,1.0
8.759,0.0,0.0,0.0,0.0,0.0,0.0,0.0,0.0,0,0,1.0
8.779,0.0,0.0,0.0,0.0,0.0,0.0,0.0,0.0,0,0,1.0
8.799,0.0,0.0,0.0,0.0,0.0,0.0,0.0,0.0,0,0,1.0
8.818,0.0,0.0,0.0,0.0,0.0,0.0,0.0,0.0,0,0,1.0
8.839,0.0,0.0,0.0,0.0,0.0,0.0,0.0,0.0,0,0,1.0
8.859,0.0,0.0,0.0,0.0,0.0,0.0,0.0,0.0,0,0,1.0
8.879,0.0,0.0,0.0,0.0,0.0,0.0,0.0,0.0,0,0,1.0
8.9,0.0,0.0,0.0,0.0,0.0,0.0,0.0,0.0,0,0,1.0
8.919,0.0,0.0,0.0,0.0,0.0,0.0,0.0,0.0,0,0,1.0
8.938,0.0,0.0,0.0,0.0,0.0,0.0,0.0,0.0,0,0,1.0
8.959,0.0,0.0,0.0,0.0,0.0,0.0,0.0,0.0,0,0,1.0
8.979,0.0,0.0,0.0,0.0,0.0,0.0,0.0,0.0,0,0,1.0
8.999,0.0,0.0,0.0,0.0,0.0,0.0,0.0,0.0,0,0,1.0
9.018,0.0,0.0,0.0,0.0,0.0,0.0,0.0,0.0,0,0,1.0
9.039,0.0,0.0,0.0,0.0,0.0,0.0,0.0,0.0,0,0,1.0
9.059,0.0,0.0,0.0,0.0,0.0,0.0,0.0,0.0,0,0,1.0
9.079,0.0,0.0,0.0,0.0,0.0,0.0,0.0,0.0,0,0,1.0
9.099,0.0,0.0,0.0,0.0,0.0,0.0,0.0,0.0,0,0,1.0
9.119,0.0,0.0,0.0,0.0,0.0,0.0,0.0,0.0,0,0,1.0
9.138,0.0,0.0,0.0,0.0,0.0,0.0,0.0,0.0,0,0,1.0
9.159,0.0,0.0,0.0,0.0,0.0,0.0,0.0,0.0,0,0,1.0
9.179,0.0,0.0,0.0,0.0,0.0,0.0,0.0,0.0,0,0,1.0
9.199,0.0,0.0,0.0,0.0,0.0,0.0,0.0,0.0,0,0,1.0
9.219,0.0,0.0,0.0,0.0,0.0,0.0,0.0,0.0,0,0,1.0
9.24,0.0,0.0,0.0,0.0,0.0,0.0,0.0,0.0,0,0,1.0
9.258,0.0,0.0,0.0,0.0,0.0,0.0,0.0,0.0,0,0,1.0
9.279,0.0,0.0,0.0,0.0,0.0,0.0,0.0,0.0,0,0,1.0
9.299,0.0,0.0,0.0,0.0,0.0,0.0,0.0,0.0,0,0,1.0
9.318,0.0,0.0,0.0,0.0,0.0,0.0,0.0,0.0,0,0,1.0
9.339,0.0,0.0,0.0,0.0,0.0,0.0,0.0,0.0,0,0,1.0
9.359,0.0,0.0,0.0,0.0,0.0,0.0,0.0,0.0,0,0,1.0
9.379,0.0,0.0,0.0,0.0,0.0,0.0,0.0,0.0,0,0,1.0
9.398,0.0,0.0,0.0,0.0,0.0,0.0,0.0,0.0,0,0,1.0
9.419,0.0,0.0,0.0,0.0,0.0,0.0,0.0,0.0,0,0,1.0
9.439,0.0,0.0,0.0,0.0,0.0,0.0,0.0,0.0,0,0,1.0
9.459,0.0,0.0,0.0,0.0,0.0,0.0,0.0,0.0,0,0,1.0
9.478,0.0,0.0,0.0,0.0,0.0,0.0,0.0,0.0,0,0,1.0
9.499,0.0,0.0,0.0,0.0,0.0,0.0,0.0,0.0,0,0,1.0
9.519,0.0,0.0,0.0,0.0,0.0,0.0,0.0,0.0,0,0,1.0
9.538,0.0,0.0,0.0,0.0,0.0,0.0,0.0,0.0,0,0,1.0
9.558,0.0,0.0,0.0,0.0,0.0,0.0,0.0,0.0,0,0,1.0
9.579,0.0,0.0,0.0,0.0,0.0,0.0,0.0,0.0,0,0,1.0
9.599,0.0,0.0,0.0,0.0,0.0,0.0,0.0,0.0,0,0,1.0
9.619,0.0,0.0,0.0,0.0,0.0,0.0,0.0,0.0,0,0,1.0
9.639,0.0,0.0,0.0,0.0,0.0,0.0,0.0,0.0,0,0,1.0
9.659,0.0,0.0,0.0,0.0,0.0,0.0,0.0,0.0,0,0,1.0
9.679,0.0,0.0,0.0,0.0,0.0,0.0,0.0,0.0,0,0,1.0
9.699,0.0,0.0,0.0,0.0,0.0,0.0,0.0,0.0,0,0,1.0
9.719,0.0,0.0,0.0,0.0,0.0,0.0,0.0,0.0,0,0,1.0
9.739,0.0,0.0,0.0,0.0,0.0,0.0,0.0,0.0,0,0,1.0
9.759,0.0,0.0,0.0,0.0,0.0,0.0,0.0,0.0,0,0,1.0
9.779,0.0,0.0,0.0,0.0,0.0,0.0,0.0,0.0,0,0,1.0
9.799,0.0,0.0,0.0,0.0,0.0,0.0,0.0,0.0,0,0,1.0
9.819,0.0,0.0,0.0,0.0,0.0,0.0,0.0,0.0,0,0,1.0
9.839,0.0,0.0,0.0,0.0,0.0,0.0,0.0,0.0,0,0,1.0
9.859,0.0,0.0,0.0,0.0,0.0,0.0,0.0,0.0,0,0,1.0
9.878,0.0,0.0,0.0,0.0,0.0,0.0,0.0,0.0,0,0,1.0
9.898,0.0,0.0,0.0,0.0,0.0,0.0,0.0,0.0,0,0,1.0
9.919,0.0,0.0,0.0,0.0,0.0,0.0,0.0,0.0,0,0,1.0
9.939,0.0,0.0,0.0,0.0,0.0,0.0,0.0,0.0,0,0,1.0
9.959,0.0,0.0,0.0,0.0,0.0,0.0,0.0,0.0,0,0,1.0
9.978,0.0,0.0,0.0,0.0,0.0,0.0,0.0,0.0,0,0,1.0
9.999,0.0,0.0,0.0,0.0,0.0,0.0,0.0,0.0,0,0,1.0
10.018,0.0,0.0,0.0,0.0,0.0,0.0,0.0,0.0,0,0,1.0
10.039,0.0,0.0,0.0,0.0,0.0,0.0,0.0,0.0,0,0,1.0
10.059,0.0,0.0,0.0,0.0,0.0,0.0,0.0,0.0,0,0,1.0
10.078,0.0,0.0,0.0,0.0,0.0,0.0,0.0,0.0,0,0,1.0
10.099,0.0,0.0,0.0,0.0,0.0,0.0,0.0,0.0,0,0,1.0
10.119,0.0,0.0,0.0,0.0,0.0,0.0,0.0,0.0,0,0,1.0
10.139,0.0,0.0,0.0,0.0,0.0,0.0,0.0,0.0,0,0,1.0
10.159,0.0,0.0,0.0,0.0,0.0,0.0,0.0,0.0,0,0,1.0
10.178,0.0,0.0,0.0,0.0,0.0,0.0,0.0,0.0,0,0,1.0
10.198,0.0,0.0,0.0,0.0,0.0,0.0,0.0,0.0,0,0,1.0
10.219,0.0,0.0,0.0,0.0,0.0,0.0,0.0,0.0,0,0,1.0
10.239,0.0,0.0,0.0,0.0,0.0,0.0,0.0,0.0,0,0,1.0
10.258,0.0,0.0,0.0,0.0,0.0,0.0,0.0,0.0,0,0,1.0
10.278,0.0,0.0,0.0,0.0,0.0,0.0,0.0,0.0,0,0,1.0
10.299,0.0,0.0,0.0,0.0,0.0,0.0,0.0,0.0,0,0,1.0
10.318,0.0,0.0,0.0,0.0,0.0,0.0,0.0,0.0,0,0,1.0
10.338,0.0,0.0,0.0,0.0,0.0,0.0,0.0,0.0,0,0,1.0
10.359,0.0,0.0,0.0,0.0,0.0,0.0,0.0,0.0,0,0,1.0
10.379,0.0,0.0,0.0,0.0,0.0,0.0,0.0,0.0,0,0,1.0
10.399,0.0,0.0,0.0,0.0,0.0,0.0,0.0,0.0,0,0,1.0
10.418,0.0,0.0,0.0,0.0,0.0,0.0,0.0,0.0,0,0,1.0
10.439,0.0,0.0,0.0,0.0,0.0,0.0,0.0,0.0,0,0,1.0
10.459,0.0,0.0,0.0,0.0,0.0,0.0,0.0,0.0,0,0,1.0
10.479,0.0,0.0,0.0,0.0,0.0,0.0,0.0,0.0,0,0,1.0
10.499,0.0,0.0,0.0,0.0,0.0,0.0,0.0,0.0,0,0,1.0
10.519,0.0,0.0,0.0,0.0,0.0,0.0,0.0,0.0,0,0,1.0
10.539,0.0,0.0,0.0,0.0,0.0,0.0,0.0,0.0,0,0,1.0
10.558,0.0,0.0,0.0,0.0,0.0,0.0,0.0,0.0,0,0,1.0
10.579,0.0,0.0,0.0,0.0,0.0,0.0,0.0,0.0,0,0,1.0
10.599,0.0,0.0,0.0,0.0,0.0,0.0,0.0,0.0,0,0,1.0
10.618,0.0,0.0,0.0,0.0,0.0,0.0,0.0,0.0,0,0,1.0
10.639,0.0,0.0,0.0,0.0,0.0,0.0,0.0,0.0,0,0,1.0
10.659,0.0,0.0,0.0,0.0,0.0,0.0,0.0,0.0,0,0,1.0
10.679,0.0,0.0,0.0,0.0,0.0,0.0,0.0,0.0,0,0,1.0
10.699,0.0,0.0,0.0,0.0,0.0,0.0,0.0,0.0,0,0,1.0
10.719,0.0,0.0,0.0,0.0,0.0,0.0,0.0,0.0,0,0,1.0
10.739,0.0,0.0,0.0,0.0,0.0,0.0,0.0,0.0,0,0,1.0
10.758,0.0,0.0,0.0,0.0,0.0,0.0,0.0,0.0,0,0,1.0
10.779,0.0,0.0,0.0,0.0,0.0,0.0,0.0,0.0,0,0,1.0
10.799,0.0,0.0,0.0,0.0,0.0,0.0,0.0,0.0,0,0,1.0
10.819,0.0,0.0,0.0,0.0,0.0,0.0,0.0,0.0,0,0,1.0
10.839,0.0,0.0,0.0,0.0,0.0,0.0,0.0,0.0,0,0,1.0
10.859,0.0,0.0,0.0,0.0,0.0,0.0,0.0,0.0,0,0,1.0
10.879,0.0,0.0,0.0,0.0,0.0,0.0,0.0,0.0,0,0,1.0
10.899,0.0,0.0,0.0,0.0,0.0,0.0,0.0,0.0,0,0,1.0
10.918,0.0,0.0,0.0,0.0,0.0,0.0,0.0,0.0,0,0,1.0
10.939,0.0,0.0,0.0,0.0,0.0,0.0,0.0,0.0,0,0,1.0
10.959,0.0,0.0,0.0,0.0,0.0,0.0,0.0,0.0,0,0,1.0
10.979,0.0,0.0,0.0,0.0,0.0,0.0,0.0,0.0,0,0,1.0
10.999,0.0,0.0,0.0,0.0,0.0,0.0,0.0,0.0,0,0,1.0
11.019,0.0,0.0,0.0,0.0,0.0,0.0,0.0,0.0,0,0,1.0
11.039,0.0,0.0,0.0,0.0,0.0,0.0,0.0,0.0,0,0,1.0
11.059,0.0,0.0,0.0,0.0,0.0,0.0,0.0,0.0,0,0,1.0
11.079,0.0,0.0,0.0,0.0,0.0,0.0,0.0,0.0,0,0,1.0
11.099,0.0,0.0,0.0,0.0,0.0,0.0,0.0,0.0,0,0,1.0
11.119,0.0,0.0,0.0,0.0,0.0,0.0,0.0,0.0,0,0,1.0
11.139,0.0,0.0,0.0,0.0,0.0,0.0,0.0,0.0,0,0,1.0
11.158,0.0,0.0,0.0,0.0,0.0,0.0,0.0,0.0,0,0,1.0
11.179,0.0,0.0,0.0,0.0,0.0,0.0,0.0,0.0,0,0,1.0
11.199,0.0,0.0,0.0,0.0,0.0,0.0,0.0,0.0,0,0,1.0
11.218,0.0,0.0,0.0,0.0,0.0,0.0,0.0,0.0,0,0,1.0
11.238,0.0,0.0,0.0,0.0,0.0,0.0,0.0,0.0,0,0,1.0
11.259,0.0,0.0,0.0,0.0,0.0,0.0,0.0,0.0,0,0,1.0
11.279,0.0,0.0,0.0,0.0,0.0,0.0,0.0,0.0,0,0,1.0
11.299,0.0,0.0,0.0,0.0,0.0,0.0,0.0,0.0,0,0,1.0
11.318,0.0,0.0,0.0,0.0,0.0,0.0,0.0,0.0,0,0,1.0
11.339,0.0,0.0,0.0,0.0,0.0,0.0,0.0,0.0,0,0,1.0
11.358,0.0,0.0,0.0,0.0,0.0,0.0,0.0,0.0,0,0,1.0
11.379,0.0,0.0,0.0,0.0,0.0,0.0,0.0,0.0,0,0,1.0
11.398,0.0,0.0,0.0,0.0,0.0,0.0,0.0,0.0,0,0,1.0
11.419,0.0,0.0,0.0,0.0,0.0,0.0,0.0,0.0,0,0,1.0
11.439,0.0,0.0,0.0,0.0,0.0,0.0,0.0,0.0,0,0,1.0
11.458,0.0,0.0,0.0,0.0,0.0,0.0,0.0,0.0,0,0,1.0
11.479,0.0,0.0,0.0,0.0,0.0,0.0,0.0,0.0,0,0,1.0
11.499,0.0,0.0,0.0,0.0,0.0,0.0,0.0,0.0,0,0,1.0
11.519,0.0,0.0,0.0,0.0,0.0,0.0,0.0,0.0,0,0,1.0
11.539,0.0,0.0,0.0,0.0,0.0,0.0,0.0,0.0,0,0,1.0
11.558,0.0,0.0,0.0,0.0,0.0,0.0,0.0,0.0,0,0,1.0
11.579,0.0,0.0,0.0,0.0,0.0,0.0,0.0,0.0,0,0,1.0
11.599,0.0,0.0,0.0,0.0,0.0,0.0,0.0,0.0,0,0,1.0
11.618,0.0,0.0,0.0,0.0,0.0,0.0,0.0,0.0,0,0,1.0
11.638,0.0,0.0,0.0,0.0,0.0,0.0,0.0,0.0,0,0,1.0
11.658,0.0,0.0,0.0,0.0,0.0,0.0,0.0,0.0,0,0,1.0
11.679,0.0,0.0,0.0,0.0,0.0,0.0,0.0,0.0,0,0,1.0
11.699,0.0,0.0,0.0,0.0,0.0,0.0,0.0,0.0,0,0,1.0
11.719,0.0,0.0,0.0,0.0,0.0,0.0,0.0,0.0,0,0,1.0
11.739,0.0,0.0,0.0,0.0,0.0,0.0,0.0,0.0,0,0,1.0
11.758,0.0,0.0,0.0,0.0,0.0,0.0,0.0,0.0,0,0,1.0
11.778,0.0,0.0,0.0,0.0,0.0,0.0,0.0,0.0,0,0,1.0
11.799,0.0,0.0,0.0,0.0,0.0,0.0,0.0,0.0,0,0,1.0
11.819,0.0,0.0,0.0,0.0,0.0,0.0,0.0,0.0,0,0,1.0
11.839,0.0,0.0,0.0,0.0,0.0,0.0,0.0,0.0,0,0,1.0
11.858,0.0,0.0,0.0,0.0,0.0,0.0,0.0,0.0,0,0,1.0
11.878,0.0,0.0,0.0,0.0,0.0,0.0,0.0,0.0,0,0,1.0
11.899,0.0,0.0,0.0,0.0,0.0,0.0,0.0,0.0,0,0,1.0
11.918,0.0,0.0,0.0,0.0,0.0,0.0,0.0,0.0,0,0,1.0
11.939,0.0,0.0,0.0,0.0,0.0,0.0,0.0,0.0,0,0,1.0
11.959,0.0,0.0,0.0,0.0,0.0,0.0,0.0,0.0,0,0,1.0
11.978,0.0,0.0,0.0,0.0,0.0,0.0,0.0,0.0,0,0,1.0
11.999,0.0,0.0,0.0,0.0,0.0,0.0,0.0,0.0,0,0,1.0
12.018,0.0,0.0,0.0,0.0,0.0,0.0,0.0,0.0,0,0,1.0
12.039,0.0,0.0,0.0,0.0,0.0,0.0,0.0,0.0,0,0,1.0
12.059,0.0,0.0,0.0,0.0,0.0,0.0,0.0,0.0,0,0,1.0
12.079,0.0,0.0,0.0,0.0,0.0,0.0,0.0,0.0,0,0,1.0
12.099,0.0,0.0,0.0,0.0,0.0,0.0,0.0,0.0,0,0,1.0
12.118,0.0,0.0,0.0,0.0,0.0,0.0,0.0,0.0,0,0,1.0
12.14,0.0,0.0,0.0,0.0,0.0,0.0,0.0,0.0,0,0,1.0
12.16,0.0,0.0,0.0,0.0,0.0,0.0,0.0,0.0,0,0,1.0
12.179,0.0,0.0,0.0,0.0,0.0,0.0,0.0,0.0,0,0,1.0
12.198,0.0,0.0,0.0,0.0,0.0,0.0,0.0,0.0,0,0,1.0
12.219,0.0,0.0,0.0,0.0,0.0,0.0,0.0,0.0,0,0,1.0
12.238,0.0,0.0,0.0,0.0,0.0,0.0,0.0,0.0,0,0,1.0
12.258,0.0,0.0,0.0,0.0,0.0,0.0,0.0,0.0,0,0,1.0
12.279,0.0,0.0,0.0,0.0,0.0,0.0,0.0,0.0,0,0,1.0
12.299,0.0,0.0,0.0,0.0,0.0,0.0,0.0,0.0,0,0,1.0
12.318,0.0,0.0,0.0,0.0,0.0,0.0,0.0,0.0,0,0,1.0
12.339,0.0,0.0,0.0,0.0,0.0,0.0,0.0,0.0,0,0,1.0
12.359,0.0,0.0,0.0,0.0,0.0,0.0,0.0,0.0,0,0,1.0
12.379,0.0,0.0,0.0,0.0,0.0,0.0,0.0,0.0,0,0,1.0
12.399,0.0,0.0,0.0,0.0,0.0,0.0,0.0,0.0,0,0,1.0
12.419,0.0,0.0,0.0,0.0,0.0,0.0,0.0,0.0,0,0,1.0
12.439,0.0,0.0,0.0,0.0,0.0,0.0,0.0,0.0,0,0,1.0
12.459,0.0,0.0,0.0,0.0,0.0,0.0,0.0,0.0,0,0,1.0
12.478,0.0,0.0,0.0,0.0,0.0,0.0,0.0,0.0,0,0,1.0
12.499,0.0,0.0,0.0,0.0,0.0,0.0,0.0,0.0,0,0,1.0
12.518,0.0,0.0,0.0,0.0,0.0,0.0,0.0,0.0,0,0,1.0
12.539,0.0,0.0,0.0,0.0,0.0,0.0,0.0,0.0,0,0,1.0
12.558,0.0,0.0,0.0,0.0,0.0,0.0,0.0,0.0,0,0,1.0
12.579,0.0,0.0,0.0,0.0,0.0,0.0,0.0,0.0,0,0,1.0
12.598,0.0,0.0,0.0,0.0,0.0,0.0,0.0,0.0,0,0,1.0
12.618,0.0,0.0,0.0,0.0,0.0,0.0,0.0,0.0,0,0,1.0
12.638,0.0,0.0,0.0,0.0,0.0,0.0,0.0,0.0,0,0,1.0
12.659,0.0,0.0,0.0,0.0,0.0,0.0,0.0,0.0,0,0,1.0
12.678,0.0,0.0,0.0,0.0,0.0,0.0,0.0,0.0,0,0,1.0
12.698,0.0,0.0,0.0,0.0,0.0,0.0,0.0,0.0,0,0,1.0
12.718,0.0,0.0,0.0,0.0,0.0,0.0,0.0,0.0,0,0,1.0
12.738,0.0,0.0,0.0,0.0,0.0,0.0,0.0,0.0,0,0,1.0
12.758,0.0,0.0,0.0,0.0,0.0,0.0,0.0,0.0,0,0,1.0
12.78,0.0,0.0,0.0,0.0,0.0,0.0,0.0,0.0,0,0,1.0
12.799,0.0,0.0,0.0,0.0,0.0,0.0,0.0,0.0,0,0,1.0
12.818,0.0,0.0,0.0,0.0,0.0,0.0,0.0,0.0,0,0,1.0
12.839,0.0,0.0,0.0,0.0,0.0,0.0,0.0,0.0,0,0,1.0
12.858,0.0,0.0,0.0,0.0,0.0,0.0,0.0,0.0,0,0,1.0
12.878,0.0,0.0,0.0,0.0,0.0,0.0,0.0,0.0,0,0,1.0
12.899,0.0,0.0,0.0,0.0,0.0,0.0,0.0,0.0,0,0,1.0
12.919,0.0,0.0,0.0,0.0,0.0,0.0,0.0,0.0,0,0,1.0
12.939,0.0,0.0,0.0,0.0,0.0,0.0,0.0,0.0,0,0,1.0
12.959,0.0,0.0,0.0,0.0,0.0,0.0,0.0,0.0,0,0,1.0
12.979,0.0,0.0,0.0,0.0,0.0,0.0,0.0,0.0,0,0,1.0
12.999,0.0,0.0,0.0,0.0,0.0,0.0,0.0,0.0,0,0,1.0
13.019,0.0,0.0,0.0,0.0,0.0,0.0,0.0,0.0,0,0,1.0
13.039,0.0,0.0,0.0,0.0,0.0,0.0,0.0,0.0,0,0,1.0
13.059,0.0,0.0,0.0,0.0,0.0,0.0,0.0,0.0,0,0,1.0
13.078,0.0,0.0,0.0,0.0,0.0,0.0,0.0,0.0,0,0,1.0
13.099,0.0,0.0,0.0,0.0,0.0,0.0,0.0,0.0,0,0,1.0
13.119,0.0,0.0,0.0,0.0,0.0,0.0,0.0,0.0,0,0,1.0
13.139,0.0,0.0,0.0,0.0,0.0,0.0,0.0,0.0,0,0,1.0
13.159,0.0,0.0,0.0,0.0,0.0,0.0,0.0,0.0,0,0,1.0
13.179,0.0,0.0,0.0,0.0,0.0,0.0,0.0,0.0,0,0,1.0
13.199,0.0,0.0,0.0,0.0,0.0,0.0,0.0,0.0,0,0,1.0
13.218,0.0,0.0,0.0,0.0,0.0,0.0,0.0,0.0,0,0,1.0
13.239,0.0,0.0,0.0,0.0,0.0,0.0,0.0,0.0,0,0,1.0
13.259,0.0,0.0,0.0,0.0,0.0,0.0,0.0,0.0,0,0,1.0
13.278,0.0,0.0,0.0,0.0,0.0,0.0,0.0,0.0,0,0,1.0
13.299,0.0,0.0,0.0,0.0,0.0,0.0,0.0,0.0,0,0,1.0
13.319,0.0,0.0,0.0,0.0,0.0,0.0,0.0,0.0,0,0,1.0
13.339,0.0,0.0,0.0,0.0,0.0,0.0,0.0,0.0,0,0,1.0
13.358,0.0,0.0,0.0,0.0,0.0,0.0,0.0,0.0,0,0,1.0
13.379,0.0,0.0,0.0,0.0,0.0,0.0,0.0,0.0,0,0,1.0
13.398,0.0,0.0,0.0,0.0,0.0,0.0,0.0,0.0,0,0,1.0
13.418,0.0,0.0,0.0,0.0,0.0,0.0,0.0,0.0,0,0,1.0
13.439,0.0,0.0,0.0,0.0,0.0,0.0,0.0,0.0,0,0,1.0
13.458,0.0,0.0,0.0,0.0,0.0,0.0,0.0,0.0,0,0,1.0
13.478,0.0,0.0,0.0,0.0,0.0,0.0,0.0,0.0,0,0,1.0
13.499,0.0,0.0,0.0,0.0,0.0,0.0,0.0,0.0,0,0,1.0
13.519,0.0,0.0,0.0,0.0,0.0,0.0,0.0,0.0,0,0,1.0
13.538,0.0,0.0,0.0,0.0,0.0,0.0,0.0,0.0,0,0,1.0
13.558,0.0,0.0,0.0,0.0,0.0,0.0,0.0,0.0,0,0,1.0
13.579,0.0,0.0,0.0,0.0,0.0,0.0,0.0,0.0,0,0,1.0
13.599,0.0,0.0,0.0,0.0,0.0,0.0,0.0,0.0,0,0,1.0
13.619,0.0,0.0,0.0,0.0,0.0,0.0,0.0,0.0,0,0,1.0
13.639,0.0,0.0,0.0,0.0,0.0,0.0,0.0,0.0,0,0,1.0
13.658,0.0,0.0,0.0,0.0,0.0,0.0,0.0,0.0,0,0,1.0
13.679,0.0,0.0,0.0,0.0,0.0,0.0,0.0,0.0,0,0,1.0
13.699,0.0,0.0,0.0,0.0,0.0,0.0,0.0,0.0,0,0,1.0
13.72,0.0,0.0,0.0,0.0,0.0,0.0,0.0,0.0,0,0,1.0
13.739,0.0,0.0,0.0,0.0,0.0,0.0,0.0,0.0,0,0,1.0
13.759,0.0,0.0,0.0,0.0,0.0,0.0,0.0,0.0,0,0,1.0
13.779,0.0,0.0,0.0,0.0,0.0,0.0,0.0,0.0,0,0,1.0
13.799,0.0,0.0,0.0,0.0,0.0,0.0,0.0,0.0,0,0,1.0
13.818,0.0,0.0,0.0,0.0,0.0,0.0,0.0,0.0,0,0,1.0
13.839,0.0,0.0,0.0,0.0,0.0,0.0,0.0,0.0,0,0,1.0
13.858,0.0,0.0,0.0,0.0,0.0,0.0,0.0,0.0,0,0,1.0
13.879,0.0,0.0,0.0,0.0,0.0,0.0,0.0,0.0,0,0,1.0
13.899,0.0,0.0,0.0,0.0,0.0,0.0,0.0,0.0,0,0,1.0
13.918,0.0,0.0,0.0,0.0,0.0,0.0,0.0,0.0,0,0,1.0
13.939,0.0,0.0,0.0,0.0,0.0,0.0,0.0,0.0,0,0,1.0
13.958,0.0,0.0,0.0,0.0,0.0,0.0,0.0,0.0,0,0,1.0
13.979,0.0,0.0,0.0,0.0,0.0,0.0,0.0,0.0,0,0,1.0
13.999,0.0,0.0,0.0,0.0,0.0,0.0,0.0,0.0,0,0,1.0
14.019,0.0,0.0,0.0,0.0,0.0,0.0,0.0,0.0,0,0,1.0
14.038,0.0,0.0,0.0,0.0,0.0,0.0,0.0,0.0,0,0,1.0
14.059,0.0,0.0,0.0,0.0,0.0,0.0,0.0,0.0,0,0,1.0
14.079,0.0,0.0,0.0,0.0,0.0,0.0,0.0,0.0,0,0,1.0
14.099,0.0,0.0,0.0,0.0,0.0,0.0,0.0,0.0,0,0,1.0
14.119,0.0,0.0,0.0,0.0,0.0,0.0,0.0,0.0,0,0,1.0
14.139,0.0,0.0,0.0,0.0,0.0,0.0,0.0,0.0,0,0,1.0
14.159,0.0,0.0,0.0,0.0,0.0,0.0,0.0,0.0,0,0,1.0
14.178,0.0,0.0,0.0,0.0,0.0,0.0,0.0,0.0,0,0,1.0
14.199,0.0,0.0,0.0,0.0,0.0,0.0,0.0,0.0,0,0,1.0
14.219,0.0,0.0,0.0,0.0,0.0,0.0,0.0,0.0,0,0,1.0
14.238,0.0,0.0,0.0,0.0,0.0,0.0,0.0,0.0,0,0,1.0
14.259,0.0,0.0,0.0,0.0,0.0,0.0,0.0,0.0,0,0,1.0
14.279,0.0,0.0,0.0,0.0,0.0,0.0,0.0,0.0,0,0,1.0
14.299,0.0,0.0,0.0,0.0,0.0,0.0,0.0,0.0,0,0,1.0
14.319,0.0,0.0,0.0,0.0,0.0,0.0,0.0,0.0,0,0,1.0
14.339,0.0,0.0,0.0,0.0,0.0,0.0,0.0,0.0,0,0,1.0
14.358,0.0,0.0,0.0,0.0,0.0,0.0,0.0,0.0,0,0,1.0
14.378,0.0,0.0,0.0,0.0,0.0,0.0,0.0,0.0,0,0,1.0
14.399,0.0,0.0,0.0,0.0,0.0,0.0,0.0,0.0,0,0,1.0
14.418,0.0,0.0,0.0,0.0,0.0,0.0,0.0,0.0,0,0,1.0
14.439,0.0,0.0,0.0,0.0,0.0,0.0,0.0,0.0,0,0,1.0
14.459,0.0,0.0,0.0,0.0,0.0,0.0,0.0,0.0,0,0,1.0
14.478,0.0,0.0,0.0,0.0,0.0,0.0,0.0,0.0,0,0,1.0
14.499,0.0,0.0,0.0,0.0,0.0,0.0,0.0,0.0,0,0,1.0
14.519,0.0,0.0,0.0,0.0,0.0,0.0,0.0,0.0,0,0,1.0
14.539,0.0,0.0,0.0,0.0,0.0,0.0,0.0,0.0,0,0,1.0
14.559,0.0,0.0,0.0,0.0,0.0,0.0,0.0,0.0,0,0,1.0
14.579,0.0,0.0,0.0,0.0,0.0,0.0,0.0,0.0,0,0,1.0
14.599,0.0,0.0,0.0,0.0,0.0,0.0,0.0,0.0,0,0,1.0
14.618,0.0,0.0,0.0,0.0,0.0,0.0,0.0,0.0,0,0,1.0
14.64,0.0,0.0,0.0,0.0,0.0,0.0,0.0,0.0,0,0,1.0
14.659,0.0,0.0,0.0,0.0,0.0,0.0,0.0,0.0,0,0,1.0
14.679,0.0,0.0,0.0,0.0,0.0,0.0,0.0,0.0,0,0,1.0
14.699,0.0,0.0,0.0,0.0,0.0,0.0,0.0,0.0,0,0,1.0
14.718,0.0,0.0,0.0,0.0,0.0,0.0,0.0,0.0,0,0,1.0
14.739,0.0,0.0,0.0,0.0,0.0,0.0,0.0,0.0,0,0,1.0
14.758,0.0,0.0,0.0,0.0,0.0,0.0,0.0,0.0,0,0,1.0
14.778,0.0,0.0,0.0,0.0,0.0,0.0,0.0,0.0,0,0,1.0
14.799,0.0,0.0,0.0,0.0,0.0,0.0,0.0,0.0,0,0,1.0
14.818,0.0,0.0,0.0,0.0,0.0,0.0,0.0,0.0,0,0,1.0
14.839,0.0,0.0,0.0,0.0,0.0,0.0,0.0,0.0,0,0,1.0
14.859,0.0,0.0,0.0,0.0,0.0,0.0,0.0,0.0,0,0,1.0
14.878,0.0,0.0,0.0,0.0,0.0,0.0,0.0,0.0,0,0,1.0
14.899,0.0,0.0,0.0,0.0,0.0,0.0,0.0,0.0,0,0,1.0
14.919,0.0,0.0,0.0,0.0,0.0,0.0,0.0,0.0,0,0,1.0
14.939,0.0,0.0,0.0,0.0,0.0,0.0,0.0,0.0,0,0,1.0
14.959,0.0,0.0,0.0,0.0,0.0,0.0,0.0,0.0,0,0,1.0
14.979,0.0,0.0,0.0,0.0,0.0,0.0,0.0,0.0,0,0,1.0
14.999,0.0,0.0,0.0,0.0,0.0,0.0,0.0,0.0,0,0,1.0
15.019,0.0,0.0,0.0,0.0,0.0,0.0,0.0,0.0,0,0,1.0
15.039,0.0,0.0,0.0,0.0,0.0,0.0,0.0,0.0,0,0,1.0
15.058,0.0,0.0,0.0,0.0,0.0,0.0,0.0,0.0,0,0,1.0
15.08,0.0,0.0,0.0,0.0,0.0,0.0,0.0,0.0,0,0,1.0
15.098,0.0,0.0,0.0,0.0,0.0,0.0,0.0,0.0,0,0,1.0
15.118,0.0,0.0,0.0,0.0,0.0,0.0,0.0,0.0,0,0,1.0
15.139,0.0,0.0,0.0,0.0,0.0,0.0,0.0,0.0,0,0,1.0
15.158,0.0,0.0,0.0,0.0,0.0,0.0,0.0,0.0,0,0,1.0
15.179,0.0,0.0,0.0,0.0,0.0,0.0,0.0,0.0,0,0,1.0
15.199,0.0,0.0,0.0,0.0,0.0,0.0,0.0,0.0,0,0,1.0
15.219,0.0,0.0,0.0,0.0,0.0,0.0,0.0,0.0,0,0,1.0
15.239,0.0,0.0,0.0,0.0,0.0,0.0,0.0,0.0,0,0,1.0
15.258,0.0,0.0,0.0,0.0,0.0,0.0,0.0,0.0,0,0,1.0
15.278,0.0,0.0,0.0,0.0,0.0,0.0,0.0,0.0,0,0,1.0
15.298,0.0,0.0,0.0,0.0,0.0,0.0,0.0,0.0,0,0,1.0
15.318,0.0,0.0,0.0,0.0,0.0,0.0,0.0,0.0,0,0,1.0
15.339,0.0,0.0,0.0,0.0,0.0,0.0,0.0,0.0,0,0,1.0
15.358,0.0,0.0,0.0,0.0,0.0,0.0,0.0,0.0,0,0,1.0
15.379,0.0,0.0,0.0,0.0,0.0,0.0,0.0,0.0,0,0,1.0
15.399,0.0,0.0,0.0,0.0,0.0,0.0,0.0,0.0,0,0,1.0
15.418,0.0,0.0,0.0,0.0,0.0,0.0,0.0,0.0,0,0,1.0
15.439,0.0,0.0,0.0,0.0,0.0,0.0,0.0,0.0,0,0,1.0
15.459,0.0,0.0,0.0,0.0,0.0,0.0,0.0,0.0,0,0,1.0
15.478,0.0,0.0,0.0,0.0,0.0,0.0,0.0,0.0,0,0,1.0
15.499,0.0,0.0,0.0,0.0,0.0,0.0,0.0,0.0,0,0,1.0
15.518,0.0,0.0,0.0,0.0,0.0,0.0,0.0,0.0,0,0,1.0
15.538,0.0,0.0,0.0,0.0,0.0,0.0,0.0,0.0,0,0,1.0
15.559,0.0,0.0,0.0,0.0,0.0,0.0,0.0,0.0,0,0,1.0
15.578,0.0,0.0,0.0,0.0,0.0,0.0,0.0,0.0,0,0,1.0
15.599,0.0,0.0,0.0,0.0,0.0,0.0,0.0,0.0,0,0,1.0
15.619,0.0,0.0,0.0,0.0,0.0,0.0,0.0,0.0,0,0,1.0
15.639,0.0,0.0,0.0,0.0,0.0,0.0,0.0,0.0,0,0,1.0
15.659,0.0,0.0,0.0,0.0,0.0,0.0,0.0,0.0,0,0,1.0
15.679,0.0,0.0,0.0,0.0,0.0,0.0,0.0,0.0,0,0,1.0
15.699,0.0,0.0,0.0,0.0,0.0,0.0,0.0,0.0,0,0,1.0
15.719,0.0,0.0,0.0,0.0,0.0,0.0,0.0,0.0,0,0,1.0
15.739,0.0,0.0,0.0,0.0,0.0,0.0,0.0,0.0,0,0,1.0
15.759,0.0,0.0,0.0,0.0,0.0,0.0,0.0,0.0,0,0,1.0
15.779,0.0,0.0,0.0,0.0,0.0,0.0,0.0,0.0,0,0,1.0
15.798,0.0,0.0,0.0,0.0,0.0,0.0,0.0,0.0,0,0,1.0
15.819,0.0,0.0,0.0,0.0,0.0,0.0,0.0,0.0,0,0,1.0
15.84,0.0,0.0,0.0,0.0,0.0,0.0,0.0,0.0,0,0,1.0
15.859,0.0,0.0,0.0,0.0,0.0,0.0,0.0,0.0,0,0,1.0
15.879,0.0,0.0,0.0,0.0,0.0,0.0,0.0,0.0,0,0,1.0
15.899,0.0,0.0,0.0,0.0,0.0,0.0,0.0,0.0,0,0,1.0
15.919,0.0,0.0,0.0,0.0,0.0,0.0,0.0,0.0,0,0,1.0
15.938,0.0,0.0,0.0,0.0,0.0,0.0,0.0,0.0,0,0,1.0
15.959,0.0,0.0,0.0,0.0,0.0,0.0,0.0,0.0,0,0,1.0
15.979,0.0,0.0,0.0,0.0,0.0,0.0,0.0,0.0,0,0,1.0
15.999,0.0,0.0,0.0,0.0,0.0,0.0,0.0,0.0,0,0,1.0
16.019,0.0,0.0,0.0,0.0,0.0,0.0,0.0,0.0,0,0,1.0
16.039,0.0,0.0,0.0,0.0,0.0,0.0,0.0,0.0,0,0,1.0
16.059,0.0,0.0,0.0,0.0,0.0,0.0,0.0,0.0,0,0,1.0
16.078,0.0,0.0,0.0,0.0,0.0,0.0,0.0,0.0,0,0,1.0
16.099,0.0,0.0,0.0,0.0,0.0,0.0,0.0,0.0,0,0,1.0
16.119,0.0,0.0,0.0,0.0,0.0,0.0,0.0,0.0,0,0,1.0
16.139,0.0,0.0,0.0,0.0,0.0,0.0,0.0,0.0,0,0,1.0
16.158,0.0,0.0,0.0,0.0,0.0,0.0,0.0,0.0,0,0,1.0
16.178,0.0,0.0,0.0,0.0,0.0,0.0,0.0,0.0,0,0,1.0
16.198,0.0,0.0,0.0,0.0,0.0,0.0,0.0,0.0,0,0,1.0
16.218,0.0,0.0,0.0,0.0,0.0,0.0,0.0,0.0,0,0,1.0
16.239,0.0,0.0,0.0,0.0,0.0,0.0,0.0,0.0,0,0,1.0
16.259,0.0,0.0,0.0,0.0,0.0,0.0,0.0,0.0,0,0,1.0
16.279,0.0,0.0,0.0,0.0,0.0,0.0,0.0,0.0,0,0,1.0
16.299,0.0,0.0,0.0,0.0,0.0,0.0,0.0,0.0,0,0,1.0
16.318,0.0,0.0,0.0,0.0,0.0,0.0,0.0,0.0,0,0,1.0
16.339,0.0,0.0,0.0,0.0,0.0,0.0,0.0,0.0,0,0,1.0
16.359,0.0,0.0,0.0,0.0,0.0,0.0,0.0,0.0,0,0,1.0
16.378,0.0,0.0,0.0,0.0,0.0,0.0,0.0,0.0,0,0,1.0
16.399,0.0,0.0,0.0,0.0,0.0,0.0,0.0,0.0,0,0,1.0
16.418,0.0,0.0,0.0,0.0,0.0,0.0,0.0,0.0,0,0,1.0
16.438,0.0,0.0,0.0,0.0,0.0,0.0,0.0,0.0,0,0,1.0
16.458,0.0,0.0,0.0,0.0,0.0,0.0,0.0,0.0,0,0,1.0
16.478,0.0,0.0,0.0,0.0,0.0,0.0,0.0,0.0,0,0,1.0
16.499,0.0,0.0,0.0,0.0,0.0,0.0,0.0,0.0,0,0,1.0
16.518,0.0,0.0,0.0,0.0,0.0,0.0,0.0,0.0,0,0,1.0
16.539,0.0,0.0,0.0,0.0,0.0,0.0,0.0,0.0,0,0,1.0
16.559,0.0,0.0,0.0,0.0,0.0,0.0,0.0,0.0,0,0,1.0
16.579,0.0,0.0,0.0,0.0,0.0,0.0,0.0,0.0,0,0,1.0
16.599,0.0,0.0,0.0,0.0,0.0,0.0,0.0,0.0,0,0,1.0
16.618,0.0,0.0,0.0,0.0,0.0,0.0,0.0,0.0,0,0,1.0
16.639,0.0,0.0,0.0,0.0,0.0,0.0,0.0,0.0,0,0,1.0
16.658,0.0,0.0,0.0,0.0,0.0,0.0,0.0,0.0,0,0,1.0
16.679,0.0,0.0,0.0,0.0,0.0,0.0,0.0,0.0,0,0,1.0
16.698,0.0,0.0,0.0,0.0,0.0,0.0,0.0,0.0,0,0,1.0
16.718,0.0,0.0,0.0,0.0,0.0,0.0,0.0,0.0,0,0,1.0
16.739,0.0,0.0,0.0,0.0,0.0,0.0,0.0,0.0,0,0,1.0
16.759,0.0,0.0,0.0,0.0,0.0,0.0,0.0,0.0,0,0,1.0
16.779,0.0,0.0,0.0,0.0,0.0,0.0,0.0,0.0,0,0,1.0
16.798,0.0,0.0,0.0,0.0,0.0,0.0,0.0,0.0,0,0,1.0
16.819,0.0,0.0,0.0,0.0,0.0,0.0,0.0,0.0,0,0,1.0
16.839,0.0,0.0,0.0,0.0,0.0,0.0,0.0,0.0,0,0,1.0
16.859,0.0,0.0,0.0,0.0,0.0,0.0,0.0,0.0,0,0,1.0
16.878,0.0,0.0,0.0,0.0,0.0,0.0,0.0,0.0,0,0,1.0
16.899,0.0,0.0,0.0,0.0,0.0,0.0,0.0,0.0,0,0,1.0
16.919,0.0,0.0,0.0,0.0,0.0,0.0,0.0,0.0,0,0,1.0
16.938,0.0,0.0,0.0,0.0,0.0,0.0,0.0,0.0,0,0,1.0
16.958,0.0,0.0,0.0,0.0,0.0,0.0,0.0,0.0,0,0,1.0
16.978,0.0,0.0,0.0,0.0,0.0,0.0,0.0,0.0,0,0,1.0
16.999,0.0,0.0,0.0,0.0,0.0,0.0,0.0,0.0,0,0,1.0
17.018,0.0,0.0,0.0,0.0,0.0,0.0,0.0,0.0,0,0,1.0
17.039,0.0,0.0,0.0,0.0,0.0,0.0,0.0,0.0,0,0,1.0
17.059,0.0,0.0,0.0,0.0,0.0,0.0,0.0,0.0,0,0,1.0
17.079,0.0,0.0,0.0,0.0,0.0,0.0,0.0,0.0,0,0,1.0
17.098,0.0,0.0,0.0,0.0,0.0,0.0,0.0,0.0,0,0,1.0
17.119,0.0,0.0,0.0,0.0,0.0,0.0,0.0,0.0,0,0,1.0
17.139,0.0,0.0,0.0,0.0,0.0,0.0,0.0,0.0,0,0,1.0
17.159,0.0,0.0,0.0,0.0,0.0,0.0,0.0,0.0,0,0,1.0
17.179,0.0,0.0,0.0,0.0,0.0,0.0,0.0,0.0,0,0,1.0
17.199,0.0,0.0,0.0,0.0,0.0,0.0,0.0,0.0,0,0,1.0
17.218,0.0,0.0,0.0,0.0,0.0,0.0,0.0,0.0,0,0,1.0
17.238,0.0,0.0,0.0,0.0,0.0,0.0,0.0,0.0,0,0,1.0
17.259,0.0,0.0,0.0,0.0,0.0,0.0,0.0,0.0,0,0,1.0
17.278,0.0,0.0,0.0,0.0,0.0,0.0,0.0,0.0,0,0,1.0
17.299,0.0,0.0,0.0,0.0,0.0,0.0,0.0,0.0,0,0,1.0
17.319,0.0,0.0,0.0,0.0,0.0,0.0,0.0,0.0,0,0,1.0
17.338,0.0,0.0,0.0,0.0,0.0,0.0,0.0,0.0,0,0,1.0
17.359,0.0,0.0,0.0,0.0,0.0,0.0,0.0,0.0,0,0,1.0
17.379,0.0,0.0,0.0,0.0,0.0,0.0,0.0,0.0,0,0,1.0
17.399,0.0,0.0,0.0,0.0,0.0,0.0,0.0,0.0,0,0,1.0
17.419,0.0,0.0,0.0,0.0,0.0,0.0,0.0,0.0,0,0,1.0
17.438,0.0,0.0,0.0,0.0,0.0,0.0,0.0,0.0,0,0,1.0
17.459,0.0,0.0,0.0,0.0,0.0,0.0,0.0,0.0,0,0,1.0
17.479,0.0,0.0,0.0,0.0,0.0,0.0,0.0,0.0,0,0,1.0
17.499,0.0,0.0,0.0,0.0,0.0,0.0,0.0,0.0,0,0,1.0
17.519,0.0,0.0,0.0,0.0,0.0,0.0,0.0,0.0,0,0,1.0
17.539,0.0,0.0,0.0,0.0,0.0,0.0,0.0,0.0,0,0,1.0
17.558,0.0,0.0,0.0,0.0,0.0,0.0,0.0,0.0,0,0,1.0
17.579,0.0,0.0,0.0,0.0,0.0,0.0,0.0,0.0,0,0,1.0
17.599,0.0,0.0,0.0,0.0,0.0,0.0,0.0,0.0,0,0,1.0
17.618,0.0,0.0,0.0,0.0,0.0,0.0,0.0,0.0,0,0,1.0
17.639,0.0,0.0,0.0,0.0,0.0,0.0,0.0,0.0,0,0,1.0
17.659,0.0,0.0,0.0,0.0,0.0,0.0,0.0,0.0,0,0,1.0
17.678,0.0,0.0,0.0,0.0,0.0,0.0,0.0,0.0,0,0,1.0
17.699,0.0,0.0,0.0,0.0,0.0,0.0,0.0,0.0,0,0,1.0
17.718,0.0,0.0,0.0,0.0,0.0,0.0,0.0,0.0,0,0,1.0
17.739,0.0,0.0,0.0,0.0,0.0,0.0,0.0,0.0,0,0,1.0
17.758,0.0,0.0,0.0,0.0,0.0,0.0,0.0,0.0,0,0,1.0
17.779,0.0,0.0,0.0,0.0,0.0,0.0,0.0,0.0,0,0,1.0
17.798,0.0,0.0,0.0,0.0,0.0,0.0,0.0,0.0,0,0,1.0
17.818,0.0,0.0,0.0,0.0,0.0,0.0,0.0,0.0,0,0,1.0
17.839,0.0,0.0,0.0,0.0,0.0,0.0,0.0,0.0,0,0,1.0
17.859,0.0,0.0,0.0,0.0,0.0,0.0,0.0,0.0,0,0,1.0
17.878,0.0,0.0,0.0,0.0,0.0,0.0,0.0,0.0,0,0,1.0
17.898,0.0,0.0,0.0,0.0,0.0,0.0,0.0,0.0,0,0,1.0
17.919,0.0,0.0,0.0,0.0,0.0,0.0,0.0,0.0,0,0,1.0
17.938,0.0,0.0,0.0,0.0,0.0,0.0,0.0,0.0,0,0,1.0
17.96,0.0,0.0,0.0,0.0,0.0,0.0,0.0,0.0,0,0,1.0
17.979,0.0,0.0,0.0,0.0,0.0,0.0,0.0,0.0,0,0,1.0
17.998,0.0,0.0,0.0,0.0,0.0,0.0,0.0,0.0,0,0,1.0
18.019,0.0,0.0,0.0,0.0,0.0,0.0,0.0,0.0,0,0,1.0
18.041,0.0,0.0,0.0,0.0,0.0,0.0,0.0,0.0,0,0,1.0
18.059,0.0,0.0,0.0,0.0,0.0,0.0,0.0,0.0,0,0,1.0
18.078,0.0,0.0,0.0,0.0,0.0,0.0,0.0,0.0,0,0,1.0
18.099,0.0,0.0,0.0,0.0,0.0,0.0,0.0,0.0,0,0,1.0
18.12,0.0,0.0,0.0,0.0,0.0,0.0,0.0,0.0,0,0,1.0
18.138,0.0,0.0,0.0,0.0,0.0,0.0,0.0,0.0,0,0,1.0
18.159,0.0,0.0,0.0,0.0,0.0,0.0,0.0,0.0,0,0,1.0
18.179,0.0,0.0,0.0,0.0,0.0,0.0,0.0,0.0,0,0,1.0
18.199,0.0,0.0,0.0,0.0,0.0,0.0,0.0,0.0,0,0,1.0
18.218,0.0,0.0,0.0,0.0,0.0,0.0,0.0,0.0,0,0,1.0
18.239,0.0,0.0,0.0,0.0,0.0,0.0,0.0,0.0,0,0,1.0
18.259,0.0,0.0,0.0,0.0,0.0,0.0,0.0,0.0,0,0,1.0
18.279,0.0,0.0,0.0,0.0,0.0,0.0,0.0,0.0,0,0,1.0
18.298,0.0,0.0,0.0,0.0,0.0,0.0,0.0,0.0,0,0,1.0
18.319,0.0,0.0,0.0,0.0,0.0,0.0,0.0,0.0,0,0,1.0
18.339,0.0,0.0,0.0,0.0,0.0,0.0,0.0,0.0,0,0,1.0
18.358,0.0,0.0,0.0,0.0,0.0,0.0,0.0,0.0,0,0,1.0
18.378,0.0,0.0,0.0,0.0,0.0,0.0,0.0,0.0,0,0,1.0
18.398,0.0,0.0,0.0,0.0,0.0,0.0,0.0,0.0,0,0,1.0
18.418,0.0,0.0,0.0,0.0,0.0,0.0,0.0,0.0,0,0,1.0
18.438,0.0,0.0,0.0,0.0,0.0,0.0,0.0,0.0,0,0,1.0
18.46,0.0,0.0,0.0,0.0,0.0,0.0,0.0,0.0,0,0,1.0
18.479,0.0,0.0,0.0,0.0,0.0,0.0,0.0,0.0,0,0,1.0
18.498,0.0,0.0,0.0,0.0,0.0,0.0,0.0,0.0,0,0,1.0
18.519,0.0,0.0,0.0,0.0,0.0,0.0,0.0,0.0,0,0,1.0
18.539,0.0,0.0,0.0,0.0,0.0,0.0,0.0,0.0,0,0,1.0
18.558,0.0,0.0,0.0,0.0,0.0,0.0,0.0,0.0,0,0,1.0
18.579,0.0,0.0,0.0,0.0,0.0,0.0,0.0,0.0,0,0,1.0
18.598,0.0,0.0,0.0,0.0,0.0,0.0,0.0,0.0,0,0,1.0
18.619,0.0,0.0,0.0,0.0,0.0,0.0,0.0,0.0,0,0,1.0
18.638,0.0,0.0,0.0,0.0,0.0,0.0,0.0,0.0,0,0,1.0
18.659,0.0,0.0,0.0,0.0,0.0,0.0,0.0,0.0,0,0,1.0
18.679,0.0,0.0,0.0,0.0,0.0,0.0,0.0,0.0,0,0,1.0
18.699,0.0,0.0,0.0,0.0,0.0,0.0,0.0,0.0,0,0,1.0
18.718,0.0,0.0,0.0,0.0,0.0,0.0,0.0,0.0,0,0,1.0
18.739,0.0,0.0,0.0,0.0,0.0,0.0,0.0,0.0,0,0,1.0
18.759,0.0,0.0,0.0,0.0,0.0,0.0,0.0,0.0,0,0,1.0
18.779,0.0,0.0,0.0,0.0,0.0,0.0,0.0,0.0,0,0,1.0
18.799,0.0,0.0,0.0,0.0,0.0,0.0,0.0,0.0,0,0,1.0
18.819,0.0,0.0,0.0,0.0,0.0,0.0,0.0,0.0,0,0,1.0
18.838,0.0,0.0,0.0,0.0,0.0,0.0,0.0,0.0,0,0,1.0
18.859,0.0,0.0,0.0,0.0,0.0,0.0,0.0,0.0,0,0,1.0
18.878,0.0,0.0,0.0,0.0,0.0,0.0,0.0,0.0,0,0,1.0
18.899,0.0,0.0,0.0,0.0,0.0,0.0,0.0,0.0,0,0,1.0
18.919,0.00225,0.0,0.0,0.0,0.0709,0.0,0.00528,0.0,12,0,1.768
18.938,0.00372,0.00375,0.0,0.0,0.0834,0.0344,0.00801,0.00809,26,26,2.417
18.959,0.00496,0.00454,1.0,1.0,0.0428,0.0292,0.01155,0.01037,166,166,2.374
18.979,0.00518,0.00521,0.0,1.0,0.0302,0.024,0.01035,0.01033,71,236,2.332
18.999,0.01027,0.01035,1.0,1.0,0.0396,0.0146,0.02424,0.0244,211,237,2.289
19.018,0.00816,0.00725,0.0,0.0,0.0313,0.0292,0.01858,0.01611,98,97,2.859
19.039,0.01094,0.01062,0.679,0.757,0.0355,0.0271,0.02175,0.02109,232,232,2.808
19.059,0.01299,0.01288,0.628,0.668,0.0188,0.0063,0.0303,0.03016,237,237,2.762
19.078,0.0,0.00385,0.0,0.0,0.0,0.0688,0.0,0.0085,97,97,3.259
19.098,0.00467,0.00501,0.0,0.0,0.0615,0.0501,0.01163,0.01201,54,60,3.68
19.119,0.00477,0.00475,0.0,0.0,0.0782,0.0407,0.00932,0.00909,54,54,4.036
19.139,0.00606,0.00566,0.0,0.0,0.0574,0.0302,0.01267,0.01209,73,70,4.338
19.159,0.00905,0.00914,0.584,0.653,0.0542,0.0302,0.0195,0.01966,213,210,4.237
19.178,0.00809,0.00735,0.0,0.0,0.0365,0.0313,0.01378,0.01253,117,111,4.508
19.199,0.00912,0.00874,0.0,0.285,0.0365,0.0188,0.02011,0.01909,114,232,4.455
19.218,0.01386,0.01346,1.0,1.0,0.0063,0.0063,0.0241,0.02303,232,237,4.329
19.24,0.01831,0.01788,1.0,1.0,0.0115,0.0031,0.04096,0.04011,237,237,4.206
19.258,0.00859,0.00849,0.0,0.0,0.0302,0.0073,0.01948,0.01915,133,132,4.481
19.278,0.00476,0.00468,0.0,0.0,0.0386,0.0334,0.00751,0.00773,71,71,4.714
19.299,0.01338,0.0128,1.0,1.0,0.0219,0.0073,0.02662,0.02577,211,211,4.578
19.318,0.01756,0.01738,0.83,0.979,0.0355,0.0271,0.0344,0.03386,237,237,4.446
19.339,0.01103,0.01083,0.0,0.0,0.0302,0.0313,0.0194,0.019,147,145,4.685
19.359,0.01559,0.01478,0.783,0.72,0.0198,0.0136,0.0291,0.02807,234,234,4.558
19.378,0.01041,0.01029,0.0,0.0,0.0386,0.0302,0.02793,0.02686,166,163,4.78
19.398,0.01205,0.01184,0.0,0.0,0.0219,0.0115,0.02692,0.02679,162,160,4.947
19.419,0.00809,0.00796,0.0,0.0,0.049,0.0302,0.01552,0.0151,119,117,5.108
19.438,0.00691,0.00655,0.0,0.0,0.0574,0.0594,0.01889,0.01791,117,112,5.245
19.458,0.01286,0.01249,0.763,0.809,0.0282,0.0136,0.02367,0.02323,232,232,5.097
19.479,0.01582,0.0151,0.555,0.518,0.0198,0.0115,0.03192,0.03063,237,237,4.969
19.499,0.0075,0.00746,0.0,0.0,0.0261,0.0136,0.01959,0.0187,142,139,5.127
19.519,0.00347,0.0034,0.0,0.0,0.0907,0.0928,0.01011,0.00981,79,77,5.261
19.539,0.00584,0.00571,0.0,0.0,0.0667,0.0501,0.01248,0.0122,89,88,5.374
19.558,0.0,0.0,0.0,0.0,0.0,0.0,0.0,0.0,17,17,5.203
19.579,0.0,0.0,0.0,0.0,0.0,0.0,0.0,0.0,3,3,5.038
19.599,0.00346,0.00338,0.0,0.0,0.0375,0.0136,0.00731,0.00716,51,50,5.186
19.618,0.0,0.0,0.0,0.0,0.0,0.0,0.0,0.0,10,9,5.022
19.639,0.0,0.0,0.0,0.0,0.0,0.0,0.0,0.0,2,2,4.864
19.659,0.00351,0.00348,0.0,0.0,0.0636,0.0282,0.00692,0.00693,48,48,5.038
19.678,0.0,0.0,0.0,0.0,0.0,0.0,0.0,0.0,9,9,4.88
19.699,0.0,0.0,0.0,0.0,0.0,0.0,0.0,0.0,2,2,4.728
19.718,0.00363,0.0,0.0,0.0,0.0761,0.0,0.00782,0.0,51,0,4.923
19.738,0.00345,0.00327,0.0,0.0,0.049,0.0428,0.00811,0.00772,54,50,5.088
19.758,0.0,0.0,0.0,0.0,0.0,0.0,0.0,0.0,10,9,4.928
19.778,0.0,0.0,0.0,0.0,0.0,0.0,0.0,0.0,2,2,4.774
19.799,0.00226,0.00223,0.0,0.0,0.0803,0.0375,0.00645,0.00644,38,38,4.962
19.819,0.00285,0.00276,0.0,0.0,0.0761,0.0688,0.00737,0.007,48,46,5.122
19.839,0.00441,0.00421,0.0,0.0,0.1074,0.098,0.01025,0.00959,70,66,5.256
19.858,0.00391,0.00509,0.0,0.0,0.097,0.0407,0.00994,0.01177,68,82,5.371
19.878,0.00443,0.00531,0.0,0.0,0.0886,0.0417,0.00893,0.01054,69,81,5.467
19.899,0.00388,0.00299,0.0,0.0,0.0553,0.0761,0.00799,0.00835,63,62,5.549
19.918,0.00421,0.00526,0.0,0.0,0.0865,0.0615,0.00832,0.00788,66,72,5.618
19.939,0.00629,0.00626,0.0,0.0,0.0574,0.0459,0.0113,0.01147,92,93,5.677
19.959,0.00848,0.00758,0.0,0.0,0.0313,0.0344,0.01524,0.01405,122,113,5.726
19.978,0.00542,0.00641,0.0,0.0,0.0845,0.0949,0.01157,0.01209,96,101,5.768
19.998,0.00241,0.00293,0.0,0.0,0.0949,0.0761,0.00659,0.00691,57,62,5.804
20.019,0.00532,0.00549,0.0,0.0,0.048,0.0459,0.01132,0.01231,88,93,5.834
20.039,0.00583,0.00651,0.0,0.0,0.0626,0.0459,0.01416,0.01581,104,115,5.86
20.059,0.00613,0.00792,0.0,0.0,0.0761,0.0824,0.0102,0.01234,94,113,5.881
20.079,0.00661,0.00634,0.0,0.0,0.0636,0.0657,0.01636,0.01581,118,115,5.899
20.099,0.00579,0.00591,0.0,0.0,0.0949,0.0886,0.01143,0.01175,99,100,5.915
20.119,0.00721,0.00687,0.0,0.0,0.1157,0.1157,0.01455,0.01392,116,111,5.928
20.139,0.00323,0.00359,0.0,0.0,0.0897,0.0938,0.01119,0.0118,83,86,5.939
20.159,0.00481,0.00508,0.0,0.0,0.0907,0.0845,0.00937,0.00989,80,84,5.948
20.178,0.00994,0.01012,0.496,0.553,0.1064,0.0918,0.01733,0.01766,220,224,5.794
20.199,0.01057,0.01025,0.0,0.0,0.024,0.0365,0.01927,0.01875,169,165,5.826
20.219,0.00944,0.0094,0.0,0.0,0.0501,0.0501,0.01909,0.01887,151,150,5.852
20.239,0.00598,0.00609,0.0,0.0,0.0636,0.0574,0.01469,0.01493,116,117,5.875
20.258,0.00492,0.00529,0.0,0.0,0.1335,0.1376,0.00959,0.01009,87,91,5.894
20.279,0.01038,0.01015,0.55,0.545,0.0396,0.048,0.02289,0.02242,227,231,5.741
20.299,0.00686,0.00707,0.0,0.0,0.0407,0.0428,0.01586,0.01637,138,141,5.78
20.318,0.01762,0.01754,1.0,1.0,0.025,0.0167,0.03655,0.03606,233,233,5.601
20.339,0.01948,0.01941,0.263,0.27,0.0229,0.0229,0.03835,0.03862,237,237,5.478
20.359,0.01337,0.01341,0.0,0.0,0.0229,0.0209,0.02616,0.02625,194,195,5.513
20.379,0.00893,0.0089,0.0,0.0,0.0667,0.0605,0.01821,0.01786,145,144,5.588
20.399,0.00329,0.0034,0.0,0.0,0.097,0.097,0.01021,0.01064,83,84,5.651
20.419,0.00803,0.00789,0.206,0.199,0.0605,0.048,0.01713,0.01692,223,224,5.584
20.439,0.00325,0.00337,0.0,0.0,0.1272,0.1356,0.00689,0.00742,88,90,5.647
20.459,0.00341,0.00342,0.0,0.0,0.1616,0.1418,0.00767,0.00744,64,64,5.702
20.479,0.0,0.0,0.0,0.0,0.0,0.0,0.0,0.0,12,12,5.517
20.499,0.0,0.0,0.0,0.0,0.0,0.0,0.0,0.0,2,2,5.34
20.519,0.0,0.0,0.0,0.0,0.0,0.0,0.0,0.0,0,0,5.17
20.538,0.0,0.0,0.0,0.0,0.0,0.0,0.0,0.0,0,0,5.006
20.559,0.0,0.0,0.0,0.0,0.0,0.0,0.0,0.0,0,0,4.849
20.579,0.0,0.0,0.0,0.0,0.0,0.0,0.0,0.0,0,0,4.698
20.599,0.0,0.0,0.0,0.0,0.0,0.0,0.0,0.0,0,0,4.553
20.618,0.0,0.0,0.0,0.0,0.0,0.0,0.0,0.0,0,0,4.414
20.639,0.0,0.0,0.0,0.0,0.0,0.0,0.0,0.0,0,0,4.28
20.659,0.0,0.0,0.0,0.0,0.0,0.0,0.0,0.0,0,0,4.152
20.679,0.00166,0.00304,0.0,0.0,0.1867,0.1554,0.00334,0.00476,21,33,4.435
20.698,0.0,0.0,0.0,0.0,0.0,0.0,0.0,0.0,4,6,4.301
20.718,0.0,0.0,0.0,0.0,0.0,0.0,0.0,0.0,1,1,4.171
20.739,0.00685,0.00514,0.0,0.0,0.0302,0.049,0.01192,0.00687,75,52,4.452
20.76,0.00461,0.00637,0.0,0.0,0.048,0.024,0.0097,0.01252,65,80,4.69
20.778,0.00551,0.00573,0.0,0.0,0.0219,0.0302,0.0087,0.00935,67,72,4.891
20.799,0.0072,0.00709,0.0,0.0,0.024,0.0177,0.00976,0.00922,83,81,5.061
20.82,0.0,0.0,0.0,0.0,0.0,0.0,0.0,0.0,16,15,4.902
20.838,0.0,0.0,0.0,0.0,0.0,0.0,0.0,0.0,3,3,4.749
20.859,0.0,0.0,0.0,0.0,0.0,0.0,0.0,0.0,1,1,4.602
20.879,0.0,0.00386,0.0,0.0,0.0,0.1064,0.0,0.00435,0,40,4.816
20.898,0.0,0.00397,0.0,0.0,0.0,0.0834,0.0,0.0063,0,50,4.998
20.918,0.0,0.0,0.0,0.0,0.0,0.0,0.0,0.0,0,9,4.841
20.94,0.0,0.0,0.0,0.0,0.0,0.0,0.0,0.0,0,2,4.691
20.958,0.0,0.0,0.0,0.0,0.0,0.0,0.0,0.0,0,0,4.546
20.978,0.0,0.0,0.0,0.0,0.0,0.0,0.0,0.0,0,0,4.407
21.001,0.0,0.0,0.0,0.0,0.0,0.0,0.0,0.0,0,0,4.273
21.018,0.0,0.0,0.0,0.0,0.0,0.0,0.0,0.0,0,0,4.145
21.038,0.0,0.0,0.0,0.0,0.0,0.0,0.0,0.0,0,0,4.022
21.058,0.0,0.0,0.0,0.0,0.0,0.0,0.0,0.0,0,0,3.903
21.079,0.0,0.0,0.0,0.0,0.0,0.0,0.0,0.0,0,0,3.789
21.099,0.0,0.0,0.0,0.0,0.0,0.0,0.0,0.0,0,0,3.68
21.12,0.0,0.0,0.0,0.0,0.0,0.0,0.0,0.0,0,0,3.575
21.139,0.0,0.0,0.0,0.0,0.0,0.0,0.0,0.0,0,0,3.474
21.159,0.0,0.0,0.0,0.0,0.0,0.0,0.0,0.0,0,0,3.377
21.18,0.0,0.0,0.0,0.0,0.0,0.0,0.0,0.0,0,0,3.284
21.198,0.0,0.0,0.0,0.0,0.0,0.0,0.0,0.0,0,0,3.194
21.218,0.0,0.0,0.0,0.0,0.0,0.0,0.0,0.0,0,0,3.108
21.239,0.0,0.0,0.0,0.0,0.0,0.0,0.0,0.0,0,0,3.026
21.258,0.0,0.0,0.0,0.0,0.0,0.0,0.0,0.0,0,0,2.946
21.279,0.0,0.0,0.0,0.0,0.0,0.0,0.0,0.0,0,0,2.87
21.3,0.0,0.0,0.0,0.0,0.0,0.0,0.0,0.0,0,0,2.796
21.318,0.0,0.0,0.0,0.0,0.0,0.0,0.0,0.0,0,0,2.726
21.338,0.0,0.0,0.0,0.0,0.0,0.0,0.0,0.0,0,0,2.658
21.36,0.0,0.0,0.0,0.0,0.0,0.0,0.0,0.0,0,0,2.593
21.379,0.0,0.0,0.0,0.0,0.0,0.0,0.0,0.0,0,0,2.531
21.399,0.0,0.0,0.0,0.0,0.0,0.0,0.0,0.0,0,0,2.471
21.42,0.0,0.0,0.0,0.0,0.0,0.0,0.0,0.0,0,0,2.413
21.438,0.0,0.0,0.0,0.0,0.0,0.0,0.0,0.0,0,0,2.358
21.458,0.00128,0.00227,0.0,0.0,0.1908,0.1522,0.00283,0.00346,11,16,2.917
21.481,0.0,0.0,0.0,0.0,0.0,0.0,0.0,0.0,2,3,2.842
21.499,0.00361,0.0,0.0,0.0,0.0511,0.0,0.00809,0.0,35,1,3.327
21.519,0.00697,0.00525,0.137,0.051,0.0469,0.0438,0.01163,0.0073,126,68,3.647
21.538,0.00404,0.0058,0.0,0.0,0.0459,0.024,0.00874,0.01151,62,65,4.008
21.558,0.00628,0.00667,0.089,0.043,0.0282,0.0323,0.01014,0.0102,116,93,4.314
21.579,0.00724,0.00704,0.051,0.0,0.0355,0.0386,0.009,0.009,106,76,4.573
21.598,0.0,0.0,0.0,0.0,0.0,0.0,0.0,0.0,20,14,4.433
21.618,0.0,0.0,0.0,0.0,0.0,0.0,0.0,0.0,4,3,4.298
21.638,0.0,0.0,0.0,0.0,0.0,0.0,0.0,0.0,1,1,4.169
21.658,0.0,0.00367,0.0,0.0,0.0,0.0876,0.0,0.00411,0,35,4.45
21.678,0.0,0.00384,0.0,0.0,0.0,0.0657,0.0,0.00621,0,46,4.688
21.699,0.0,0.0,0.0,0.0,0.0,0.0,0.0,0.0,0,9,4.543
21.718,0.0,0.0,0.0,0.0,0.0,0.0,0.0,0.0,0,2,4.404
21.739,0.0,0.0,0.0,0.0,0.0,0.0,0.0,0.0,0,0,4.271
21.759,0.0,0.0,0.0,0.0,0.0,0.0,0.0,0.0,0,0,4.143
21.778,0.0,0.0,0.0,0.0,0.0,0.0,0.0,0.0,0,0,4.019
21.798,0.0,0.0,0.0,0.0,0.0,0.0,0.0,0.0,0,0,3.901
21.819,0.0,0.0,0.0,0.0,0.0,0.0,0.0,0.0,0,0,3.787
21.839,0.0,0.00361,0.0,0.0,0.0,0.0261,0.0,0.00568,0,37,4.127
21.858,0.0,0.0,0.0,0.0,0.0,0.0,0.0,0.0,0,7,4.004
21.879,0.0,0.00171,0.0,0.0,0.0,0.0688,0.0,0.00436,0,24,4.311
21.899,0.0,0.0,0.0,0.0,0.0,0.0,0.0,0.0,0,5,4.181
21.918,0.0,0.0,0.0,0.0,0.0,0.0,0.0,0.0,0,1,4.056
21.939,0.00392,0.00351,0.0,0.0,0.1032,0.0959,0.00901,0.00802,50,45,4.355
21.958,0.00407,0.00542,0.0,0.068,0.1376,0.1324,0.00949,0.01038,57,107,4.607
21.979,0.00602,0.00725,0.077,0.093,0.0719,0.0834,0.01372,0.01594,131,155,4.801
21.999,0.00623,0.00707,0.0,0.0,0.0334,0.0459,0.01216,0.01246,93,103,4.985
22.019,0.00607,0.00662,0.0,0.0,0.0501,0.0542,0.01571,0.01699,98,106,5.141
22.039,0.00272,0.0034,0.0,0.0,0.0563,0.0792,0.00682,0.0084,56,66,5.273
22.059,0.00539,0.00691,0.085,0.145,0.0772,0.0542,0.01077,0.01247,135,190,5.269
22.078,0.00565,0.00644,0.0,0.0,0.1178,0.1053,0.01336,0.01552,100,121,5.381
22.098,0.00383,0.00407,0.0,0.0,0.1324,0.1262,0.0096,0.01011,73,80,5.476
22.119,0.00349,0.00345,0.0,0.0,0.098,0.1147,0.00668,0.00674,58,59,5.557
22.139,0.00351,0.00337,0.0,0.0,0.0928,0.0824,0.00865,0.00841,63,61,5.625
22.158,0.00432,0.00425,0.0,0.0,0.0813,0.0813,0.0098,0.00971,74,73,5.682
22.179,0.00483,0.00496,0.0,0.0,0.0636,0.0699,0.01224,0.01266,87,90,5.731
22.199,0.00735,0.00753,0.121,0.13,0.0407,0.0365,0.01728,0.01771,206,212,5.7
22.218,0.0048,0.00531,0.0,0.0,0.1157,0.1011,0.01198,0.0132,109,117,5.746
22.238,0.00652,0.00711,0.077,0.091,0.1001,0.0834,0.01631,0.01768,170,189,5.746
22.258,0.00175,0.0016,0.0,0.0,0.171,0.1522,0.00422,0.00412,59,61,5.785
22.279,0.00343,0.00357,0.0,0.0,0.1283,0.1053,0.00789,0.00839,61,64,5.818
22.298,0.00264,0.00304,0.0,0.0,0.1356,0.123,0.0068,0.00759,53,59,5.846
22.319,0.00466,0.00491,0.059,0.061,0.0699,0.0782,0.00975,0.01021,122,127,5.87
22.339,0.00286,0.00282,0.0,0.0,0.1168,0.1137,0.00819,0.00806,71,71,5.89
22.358,0.00478,0.00469,0.059,0.0,0.0594,0.0584,0.00994,0.00981,125,79,5.907
22.378,0.00405,0.00432,0.0,0.0,0.0302,0.0407,0.01107,0.01135,89,83,5.921
22.399,0.00918,0.00935,0.274,0.282,0.048,0.0501,0.01851,0.01864,229,223,5.813
22.419,0.00565,0.00535,0.0,0.0,0.0365,0.0417,0.01333,0.01273,125,121,5.842
22.438,0.00251,0.0023,0.0,0.0,0.0918,0.0907,0.00542,0.00498,60,56,5.866
22.458,0.00161,0.0016,0.0,0.0,0.1345,0.1324,0.00354,0.00293,35,32,5.886
22.478,0.00266,0.0026,0.0,0.0,0.0761,0.0813,0.00658,0.00658,50,50,5.904
22.499,0.00153,0.00204,0.0,0.0,0.0949,0.1053,0.0035,0.00445,33,39,5.919
22.518,0.00241,0.00286,0.0,0.0,0.0949,0.0865,0.00438,0.00587,39,49,5.931
22.538,0.00292,0.00291,0.0,0.0,0.0574,0.048,0.00699,0.00688,54,54,5.942
22.559,0.00575,0.00587,0.1,0.107,0.0584,0.0667,0.01324,0.01366,175,183,5.951
22.578,0.00287,0.00323,0.0,0.0,0.0782,0.0574,0.0063,0.00728,75,82,5.958
22.598,0.00189,0.00199,0.0,0.0,0.0521,0.0271,0.00612,0.00651,49,53,5.965
22.619,0.00298,0.00274,0.0,0.0,0.0824,0.0719,0.0057,0.00508,50,47,5.97
22.638,0.00342,0.00354,0.0,0.0,0.048,0.0542,0.00905,0.00939,67,69,5.975
22.659,0.0041,0.00403,0.0,0.0,0.0386,0.0469,0.00955,0.00927,75,73,5.979
22.679,0.00456,0.00446,0.0,0.0,0.0375,0.0396,0.01007,0.01002,81,80,5.982
22.699,0.0,0.0,0.0,0.0,0.0,0.0,0.0,0.0,15,15,5.787
22.719,0.00214,0.00199,0.0,0.0,0.0532,0.0532,0.00594,0.00561,42,40,5.819
22.739,0.0,0.0,0.0,0.0,0.0,0.0,0.0,0.0,8,8,5.63
22.759,0.0,0.00249,0.0,0.0,0.0,0.0553,0.0,0.00558,2,42,5.687
22.779,0.0,0.0,0.0,0.0,0.0,0.0,0.0,0.0,0,8,5.503
22.798,0.0039,0.00396,0.0,0.0,0.049,0.0448,0.00924,0.00942,65,66,5.58
22.819,0.0,0.00212,0.0,0.0,0.0,0.0605,0.0,0.00494,12,43,5.644
22.838,0.00345,0.00352,0.0,0.0,0.0261,0.0344,0.00922,0.00935,64,66,5.699
22.858,0.00324,0.00324,0.0,0.0,0.0344,0.0282,0.00761,0.00767,59,60,5.745
22.878,0.0,0.0,0.0,0.0,0.0,0.0,0.0,0.0,11,11,5.559
22.899,0.0,0.0,0.0,0.0,0.0,0.0,0.0,0.0,2,2,5.38
22.919,0.00276,0.00277,0.0,0.0,0.0501,0.0365,0.00682,0.00705,47,48,5.475
22.939,0.00358,0.00348,0.0,0.0,0.0532,0.0521,0.00788,0.00766,59,58,5.556
22.959,0.00406,0.00433,0.0,0.0,0.0428,0.0615,0.0093,0.0101,69,74,5.624
22.978,0.00215,0.00229,0.0,0.0,0.0782,0.0761,0.00542,0.00563,46,48,5.682
22.998,0.00222,0.00226,0.0,0.0,0.0803,0.074,0.00527,0.00541,41,43,5.731
23.018,0.00268,0.00277,0.0,0.0,0.0709,0.0688,0.00573,0.00585,46,47,5.772
23.038,0.0,0.0016,0.0,0.0,0.0,0.0532,0.0,0.00508,9,38,5.807
23.059,0.0025,0.00253,0.0,0.0,0.0761,0.0667,0.00623,0.00628,46,48,5.837
23.078,0.00224,0.00238,0.0,0.0,0.0584,0.0657,0.00556,0.00602,43,46,5.862
23.098,0.0,0.00191,0.0,0.0,0.0,0.0584,0.0,0.00508,8,40,5.883
23.119,0.00154,0.00141,0.0,0.0,0.0657,0.0615,0.00397,0.00385,30,31,5.901
23.138,0.0,0.0,0.0,0.0,0.0,0.0,0.0,0.0,6,6,5.709
23.159,0.0,0.0,0.0,0.0,0.0,0.0,0.0,0.0,1,1,5.524
23.178,0.0,0.0,0.0,0.0,0.0,0.0,0.0,0.0,0,0,5.347
23.199,0.0,0.0,0.0,0.0,0.0,0.0,0.0,0.0,0,0,5.176
23.218,0.0033,0.00281,0.0,0.0,0.0574,0.0615,0.00701,0.00615,50,43,5.303
23.239,0.0,0.00209,0.0,0.0,0.0,0.0615,0.0,0.00628,9,42,5.41
23.259,0.00218,0.0,0.0,0.0,0.0511,0.0,0.0049,0.0,36,8,5.5
23.278,0.00194,0.0,0.0,0.0,0.073,0.0,0.00498,0.0,37,1,5.577
23.299,0.0,0.0,0.0,0.0,0.0,0.0,0.0,0.0,7,0,5.398
23.318,0.00264,0.00278,0.0,0.0,0.0375,0.0386,0.00692,0.00724,47,49,5.49
23.339,0.00158,0.00146,0.0,0.0,0.0501,0.0511,0.00415,0.00366,33,31,5.568
23.36,0.00219,0.00233,0.0,0.0,0.0407,0.0302,0.00603,0.00615,42,44,5.635
23.378,0.00327,0.00321,0.0,0.0,0.0282,0.0355,0.00715,0.00672,55,53,5.691
23.399,0.00321,0.00341,0.0,0.0,0.0438,0.0407,0.00803,0.00849,59,62,5.738
23.418,0.0,0.0,0.0,0.0,0.0,0.0,0.0,0.0,11,12,5.552
23.438,0.0,0.0,0.0,0.0,0.0,0.0,0.0,0.0,2,2,5.374
23.458,0.00358,0.00332,0.0,0.0,0.0553,0.0448,0.00802,0.0073,57,53,5.47
23.478,0.00177,0.0,0.0,0.0,0.0594,0.0,0.00514,0.0,39,10,5.551
23.499,0.00249,0.00242,0.0,0.0,0.0553,0.0448,0.00591,0.00582,44,42,5.62
23.518,0.0,0.0,0.0,0.0,0.0,0.0,0.0,0.0,8,8,5.439
23.539,0.00281,0.00315,0.0,0.0,0.0511,0.049,0.0067,0.00736,48,52,5.525
23.559,0.0,0.0,0.0,0.0,0.0,0.0,0.0,0.0,9,10,5.348
23.578,0.0,0.0,0.0,0.0,0.0,0.0,0.0,0.0,2,2,5.177
23.598,0.0,0.00163,0.0,0.0,0.0,0.0448,0.0,0.00457,0,29,5.304
23.619,0.0033,0.0,0.0,0.0,0.0302,0.0,0.0068,0.0,50,6,5.411
23.638,0.0,0.0,0.0,0.0,0.0,0.0,0.0,0.0,9,1,5.238
23.658,0.0,0.0,0.0,0.0,0.0,0.0,0.0,0.0,2,0,5.071
23.679,0.0,0.0,0.0,0.0,0.0,0.0,0.0,0.0,0,0,4.912
23.698,0.0,0.0,0.0,0.0,0.0,0.0,0.0,0.0,0,0,4.758
23.718,0.0,0.0,0.0,0.0,0.0,0.0,0.0,0.0,0,0,4.611
23.739,0.0,0.00199,0.0,0.0,0.0,0.0355,0.0,0.00507,0,31,4.824
23.759,0.0,0.0,0.0,0.0,0.0,0.0,0.0,0.0,0,6,4.674
23.779,0.0,0.0,0.0,0.0,0.0,0.0,0.0,0.0,0,1,4.53
23.798,0.0,0.0,0.0,0.0,0.0,0.0,0.0,0.0,0,0,4.392
23.818,0.0,0.0,0.0,0.0,0.0,0.0,0.0,0.0,0,0,4.259
23.839,0.0,0.0,0.0,0.0,0.0,0.0,0.0,0.0,0,0,4.131
23.858,0.0,0.0,0.0,0.0,0.0,0.0,0.0,0.0,0,0,4.008
23.878,0.0,0.0,0.0,0.0,0.0,0.0,0.0,0.0,0,0,3.89
23.9,0.0,0.0,0.0,0.0,0.0,0.0,0.0,0.0,0,0,3.777
23.918,0.0,0.0,0.0,0.0,0.0,0.0,0.0,0.0,0,0,3.668
23.939,0.0,0.0,0.0,0.0,0.0,0.0,0.0,0.0,0,0,3.563
23.958,0.0,0.0,0.0,0.0,0.0,0.0,0.0,0.0,0,0,3.463
23.978,0.0,0.0,0.0,0.0,0.0,0.0,0.0,0.0,0,0,3.366
23.998,0.0,0.0,0.0,0.0,0.0,0.0,0.0,0.0,0,0,3.274
24.018,0.0,0.0,0.0,0.0,0.0,0.0,0.0,0.0,0,0,3.184
24.039,0.0,0.0,0.0,0.0,0.0,0.0,0.0,0.0,0,0,3.099
24.058,0.0,0.0,0.0,0.0,0.0,0.0,0.0,0.0,0,0,3.016
24.079,0.0,0.0,0.0,0.0,0.0,0.0,0.0,0.0,0,0,2.937
24.099,0.0,0.0,0.0,0.0,0.0,0.0,0.0,0.0,0,0,2.861
24.118,0.0,0.0,0.0,0.0,0.0,0.0,0.0,0.0,0,0,2.788
24.139,0.0,0.0,0.0,0.0,0.0,0.0,0.0,0.0,0,0,2.718
24.158,0.0,0.0,0.0,0.0,0.0,0.0,0.0,0.0,0,0,2.651
24.178,0.0,0.0,0.0,0.0,0.0,0.0,0.0,0.0,0,0,2.586
24.2,0.0,0.0,0.0,0.0,0.0,0.0,0.0,0.0,0,0,2.524
24.219,0.0,0.0,0.0,0.0,0.0,0.0,0.0,0.0,0,0,2.464
24.239,0.0,0.0,0.0,0.0,0.0,0.0,0.0,0.0,0,0,2.407
24.26,0.0,0.0,0.0,0.0,0.0,0.0,0.0,0.0,0,0,2.352
24.278,0.0,0.0,0.0,0.0,0.0,0.0,0.0,0.0,0,0,2.299
24.298,0.0,0.0,0.0,0.0,0.0,0.0,0.0,0.0,0,0,2.248
24.319,0.0,0.0,0.0,0.0,0.0,0.0,0.0,0.0,0,0,2.199
24.338,0.0,0.0,0.0,0.0,0.0,0.0,0.0,0.0,0,0,2.152
24.358,0.0,0.0,0.0,0.0,0.0,0.0,0.0,0.0,0,0,2.107
24.379,0.0,0.0,0.0,0.0,0.0,0.0,0.0,0.0,0,0,2.063
24.399,0.0,0.0,0.0,0.0,0.0,0.0,0.0,0.0,0,0,2.022
24.419,0.0,0.0,0.0,0.0,0.0,0.0,0.0,0.0,0,0,1.982
24.439,0.0,0.0,0.0,0.0,0.0,0.0,0.0,0.0,0,0,1.943
24.458,0.0,0.0,0.0,0.0,0.0,0.0,0.0,0.0,0,0,1.906
24.478,0.0,0.0,0.0,0.0,0.0,0.0,0.0,0.0,0,0,1.871
24.499,0.0,0.0,0.0,0.0,0.0,0.0,0.0,0.0,0,0,1.836
24.518,0.0,0.0,0.0,0.0,0.0,0.0,0.0,0.0,0,0,1.804
24.538,0.0,0.0,0.0,0.0,0.0,0.0,0.0,0.0,0,0,1.772
24.558,0.0,0.0,0.0,0.0,0.0,0.0,0.0,0.0,0,0,1.742
24.578,0.0,0.0,0.0,0.0,0.0,0.0,0.0,0.0,0,0,1.713
24.598,0.0,0.00049,0.0,0.0,0.0,0.0448,0.0,0.00181,0,5,2.371
24.618,0.0,0.0,0.0,0.0,0.0,0.0,0.0,0.0,0,1,2.317
24.638,0.0,0.0,0.0,0.0,0.0,0.0,0.0,0.0,0,0,2.266
24.658,0.0,0.0,0.0,0.0,0.0,0.0,0.0,0.0,0,0,2.216
24.679,0.0,0.0,0.0,0.0,0.0,0.0,0.0,0.0,0,0,2.168
24.699,0.0,0.00105,0.0,0.0,0.0,0.0396,0.0,0.00292,0,10,2.756
24.719,0.0,0.0,0.0,0.0,0.0,0.0,0.0,0.0,0,2,2.688
24.738,0.0,0.0,0.0,0.0,0.0,0.0,0.0,0.0,0,0,2.621
24.759,0.0,0.0,0.0,0.0,0.0,0.0,0.0,0.0,0,0,2.558
24.779,0.0,0.0,0.0,0.0,0.0,0.0,0.0,0.0,0,0,2.497
24.798,0.0,0.0007,0.0,0.0,0.0,0.0386,0.0,0.002,0,7,3.035
24.819,0.0,0.0,0.0,0.0,0.0,0.0,0.0,0.0,0,1,2.955
24.839,0.0,0.0,0.0,0.0,0.0,0.0,0.0,0.0,0,0,2.878
24.858,0.0,0.0,0.0,0.0,0.0,0.0,0.0,0.0,0,0,2.805
24.88,0.0,0.0,0.0,0.0,0.0,0.0,0.0,0.0,0,0,2.734
24.899,0.0,0.0,0.0,0.0,0.0,0.0,0.0,0.0,0,0,2.666
24.918,0.0,0.0,0.0,0.0,0.0,0.0,0.0,0.0,0,0,2.6
24.938,0.0,0.0,0.0,0.0,0.0,0.0,0.0,0.0,0,0,2.538
24.959,0.0,0.0,0.0,0.0,0.0,0.0,0.0,0.0,0,0,2.477
24.979,0.0,0.0,0.0,0.0,0.0,0.0,0.0,0.0,0,0,2.419
24.998,0.0,0.0,0.0,0.0,0.0,0.0,0.0,0.0,0,0,2.364
25.018,0.0,0.0,0.0,0.0,0.0,0.0,0.0,0.0,0,0,2.31
25.038,0.00113,0.00089,0.0,0.0,0.0428,0.0448,0.00275,0.00244,10,9,2.877
25.059,0.0,0.00059,0.0,0.0,0.0,0.0323,0.0,0.00198,2,8,3.356
25.078,0.0,0.00118,0.0,0.0,0.0,0.0407,0.0,0.00243,0,13,3.762
25.098,0.0,0.00122,0.0,0.0,0.0,0.0428,0.0,0.00303,0,16,4.106
25.119,0.0,0.0,0.0,0.0,0.0,0.0,0.0,0.0,0,3,3.984
25.138,0.0,0.0,0.0,0.0,0.0,0.0,0.0,0.0,0,1,3.867
25.159,0.0,0.0,0.0,0.0,0.0,0.0,0.0,0.0,0,0,3.754
25.179,0.00056,0.00077,0.0,0.0,0.0386,0.0344,0.00227,0.00244,10,12,4.099
25.199,0.0012,0.00134,0.0,0.0,0.0584,0.0438,0.00275,0.00317,16,19,4.391
25.219,0.0,0.00121,0.0,0.0,0.0,0.049,0.0,0.0025,3,17,4.638
25.239,0.0,0.00135,0.0,0.0,0.0,0.049,0.0,0.00346,1,22,4.847
25.259,0.0,0.00127,0.0,0.0,0.0,0.048,0.0,0.00362,0,23,5.024
25.279,0.0,0.0013,0.0,0.0,0.0,0.0448,0.0,0.00307,0,22,5.174
25.299,0.0,0.0,0.0,0.0,0.0,0.0,0.0,0.0,0,4,5.01
25.318,0.0,0.0,0.0,0.0,0.0,0.0,0.0,0.0,0,1,4.853
25.338,0.0,0.0,0.0,0.0,0.0,0.0,0.0,0.0,0,0,4.702
25.359,0.0,0.0,0.0,0.0,0.0,0.0,0.0,0.0,0,0,4.557
25.378,0.0,0.00071,0.0,0.0,0.0,0.0313,0.0,0.0027,0,14,4.778
25.398,0.0,0.00102,0.0,0.0,0.0,0.0448,0.0,0.00298,0,18,4.966
25.418,0.0,0.00121,0.0,0.0,0.0,0.0428,0.0,0.00298,0,20,5.125
25.438,0.0,0.0,0.0,0.0,0.0,0.0,0.0,0.0,0,4,4.963
25.458,0.0,0.0,0.0,0.0,0.0,0.0,0.0,0.0,0,1,4.808
25.479,0.0,0.0,0.0,0.0,0.0,0.0,0.0,0.0,0,0,4.658
25.499,0.0,0.0,0.0,0.0,0.0,0.0,0.0,0.0,0,0,4.515
25.518,0.00177,0.0018,0.0,0.0,0.0574,0.0396,0.00487,0.00465,28,28,4.743
25.539,0.00182,0.0,0.0,0.0,0.049,0.0,0.00567,0.0,34,5,4.936
25.558,0.00201,0.0,0.0,0.0,0.0459,0.0,0.00444,0.0,32,1,5.099
25.579,0.0,0.00175,0.0,0.0,0.0,0.0375,0.0,0.00456,6,30,5.237
25.6,0.0,0.00157,0.0,0.0,0.0,0.0396,0.0,0.00372,1,28,5.355
25.618,0.0,0.0,0.0,0.0,0.0,0.0,0.0,0.0,0,5,5.184
25.638,0.00074,0.0,0.0,0.0,0.0365,0.0,0.00228,0.0,14,1,5.309
25.658,0.00138,0.0,0.0,0.0,0.0563,0.0,0.00345,0.0,24,0,5.415
25.678,0.0,0.0,0.0,0.0,0.0,0.0,0.0,0.0,5,0,5.242
25.699,0.00083,0.0,0.0,0.0,0.0563,0.0,0.00283,0.0,17,0,5.358
25.718,0.0,0.0,0.0,0.0,0.0,0.0,0.0,0.0,3,0,5.188
25.738,0.0,0.0,0.0,0.0,0.0,0.0,0.0,0.0,1,0,5.023
25.759,0.0,0.0,0.0,0.0,0.0,0.0,0.0,0.0,0,0,4.866
25.779,0.0,0.0,0.0,0.0,0.0,0.0,0.0,0.0,0,0,4.714
25.798,0.0,0.0,0.0,0.0,0.0,0.0,0.0,0.0,0,0,4.568
25.818,0.0,0.0,0.0,0.0,0.0,0.0,0.0,0.0,0,0,4.428
25.838,0.0,0.0,0.0,0.0,0.0,0.0,0.0,0.0,0,0,4.294
25.858,0.0,0.0,0.0,0.0,0.0,0.0,0.0,0.0,0,0,4.165
25.878,0.0,0.00117,0.0,0.0,0.0,0.0563,0.0,0.00287,0,17,4.447
25.898,0.0,0.00117,0.0,0.0,0.0,0.0636,0.0,0.00321,0,19,4.685
25.918,0.0,0.0,0.0,0.0,0.0,0.0,0.0,0.0,0,4,4.541
25.939,0.0,0.0,0.0,0.0,0.0,0.0,0.0,0.0,0,1,4.402
25.959,0.0,0.0005,0.0,0.0,0.0,0.0459,0.0,0.00195,0,10,4.647
25.978,0.0,0.00064,0.0,0.0,0.0,0.0469,0.0,0.00211,0,12,4.855
25.999,0.0,0.0,0.0,0.0,0.0,0.0,0.0,0.0,0,2,4.704
26.019,0.00104,0.00099,0.0,0.0,0.0459,0.048,0.00298,0.00269,18,17,4.903
26.039,0.00061,0.00058,0.0,0.0,0.0553,0.0615,0.00222,0.00226,14,14,5.071
26.059,0.00129,0.00136,0.0,0.0,0.0386,0.0386,0.00371,0.00379,24,25,5.214
26.079,0.00072,0.00101,0.0,0.0,0.0365,0.0532,0.00234,0.00288,17,20,5.334
26.099,0.00077,0.00096,0.0,0.0,0.049,0.0448,0.00242,0.00274,16,19,5.437
26.118,0.0,0.0,0.0,0.0,0.0,0.0,0.0,0.0,3,4,5.263
26.14,0.00102,0.0,0.0,0.0,0.0521,0.0,0.00282,0.0,19,1,5.376
26.158,0.00081,0.0,0.0,0.0,0.0532,0.0,0.00308,0.0,19,0,5.472
26.179,0.0,0.0,0.0,0.0,0.0,0.0,0.0,0.0,4,0,5.296
26.198,0.00084,0.0,0.0,0.0,0.049,0.0,0.00245,0.0,16,0,5.404
26.219,0.0,0.0,0.0,0.0,0.0,0.0,0.0,0.0,3,0,5.232
26.239,0.0,0.0,0.0,0.0,0.0,0.0,0.0,0.0,1,0,5.066
26.259,0.00112,0.00112,0.0,0.0,0.0584,0.0615,0.00303,0.00299,20,20,5.209
26.278,0.0,0.0,0.0,0.0,0.0,0.0,0.0,0.0,4,4,5.044
26.299,0.0,0.0,0.0,0.0,0.0,0.0,0.0,0.0,1,1,4.886
26.319,0.0,0.0,0.0,0.0,0.0,0.0,0.0,0.0,0,0,4.733
26.338,0.0,0.0,0.0,0.0,0.0,0.0,0.0,0.0,0,0,4.587
26.358,0.0024,0.0,0.0,0.0,0.0448,0.0,0.00618,0.0,37,0,4.804
26.379,0.0,0.0,0.0,0.0,0.0,0.0,0.0,0.0,7,0,4.655
26.398,0.0,0.0,0.0,0.0,0.0,0.0,0.0,0.0,1,0,4.511
26.419,0.0,0.00216,0.0,0.0,0.0,0.0323,0.0,0.00555,0,33,4.74
26.439,0.00236,0.00182,0.0,0.0,0.0334,0.0344,0.00577,0.0048,36,31,4.933
26.459,0.0,0.0,0.0,0.0,0.0,0.0,0.0,0.0,7,6,4.779
26.478,0.0,0.0,0.0,0.0,0.0,0.0,0.0,0.0,1,1,4.631
26.499,0.0,0.00161,0.0,0.0,0.0,0.0344,0.0,0.00321,0,22,4.841
26.519,0.0,0.0,0.0,0.0,0.0,0.0,0.0,0.0,0,4,4.69
26.539,0.0,0.0,0.0,0.0,0.0,0.0,0.0,0.0,0,1,4.546
26.558,0.0,0.00252,0.0,0.0,0.0,0.0261,0.0,0.00606,0,37,4.769
26.578,0.0,0.00205,0.0,0.0,0.0,0.0365,0.0,0.00488,0,33,4.958
26.598,0.0,0.0,0.0,0.0,0.0,0.0,0.0,0.0,0,6,4.803
26.618,0.0,0.0,0.0,0.0,0.0,0.0,0.0,0.0,0,1,4.654
26.638,0.0,0.0,0.0,0.0,0.0,0.0,0.0,0.0,0,0,4.51
26.659,0.0,0.0,0.0,0.0,0.0,0.0,0.0,0.0,0,0,4.373
26.678,0.0,0.00234,0.0,0.0,0.0,0.0365,0.0,0.00539,0,33,4.623
26.699,0.0,0.00262,0.0,0.0,0.0,0.0261,0.0,0.0063,0,40,4.834
26.718,0.0,0.00258,0.0,0.0,0.0,0.0386,0.0,0.00615,0,41,5.013
26.738,0.0,0.00267,0.0,0.0,0.0,0.0344,0.0,0.00637,0,44,5.165
26.758,0.0,0.00224,0.0,0.0,0.0,0.0428,0.0,0.00567,0,40,5.293
26.779,0.0,0.00243,0.0,0.0,0.0,0.0469,0.0,0.00586,0,42,5.401
26.798,0.0,0.00207,0.0,0.0,0.0,0.0355,0.0,0.00527,0,39,5.493
26.818,0.0,0.0,0.0,0.0,0.0,0.0,0.0,0.0,0,7,5.317
26.839,0.0,0.0,0.0,0.0,0.0,0.0,0.0,0.0,0,1,5.148
26.859,0.0,0.0,0.0,0.0,0.0,0.0,0.0,0.0,0,0,4.985
26.879,0.0,0.0,0.0,0.0,0.0,0.0,0.0,0.0,0,0,4.829
26.9,0.0,0.00189,0.0,0.0,0.0,0.0302,0.0,0.00464,0,30,5.009
26.919,0.0,0.00193,0.0,0.0,0.0,0.0407,0.0,0.0046,0,32,5.161
26.938,0.0,0.0,0.0,0.0,0.0,0.0,0.0,0.0,0,6,4.998
26.959,0.0,0.0,0.0,0.0,0.0,0.0,0.0,0.0,0,1,4.841
26.978,0.0,0.0,0.0,0.0,0.0,0.0,0.0,0.0,0,0,4.69
26.998,0.0,0.0,0.0,0.0,0.0,0.0,0.0,0.0,0,0,4.546
27.019,0.0,0.00198,0.0,0.0,0.0,0.0396,0.0,0.00458,0,29,4.769
27.039,0.0,0.0,0.0,0.0,0.0,0.0,0.0,0.0,0,5,4.621
27.058,0.0,0.0,0.0,0.0,0.0,0.0,0.0,0.0,0,1,4.479
27.079,0.0,0.0,0.0,0.0,0.0,0.0,0.0,0.0,0,0,4.343
27.099,0.0,0.0,0.0,0.0,0.0,0.0,0.0,0.0,0,0,4.212
27.118,0.0,0.0,0.0,0.0,0.0,0.0,0.0,0.0,0,0,4.086
27.139,0.0,0.0,0.0,0.0,0.0,0.0,0.0,0.0,0,0,3.965
27.158,0.0,0.0,0.0,0.0,0.0,0.0,0.0,0.0,0,0,3.849
27.178,0.0,0.0,0.0,0.0,0.0,0.0,0.0,0.0,0,0,3.737
27.199,0.0,0.0,0.0,0.0,0.0,0.0,0.0,0.0,0,0,3.629
27.218,0.0,0.0,0.0,0.0,0.0,0.0,0.0,0.0,0,0,3.526
27.238,0.0,0.0,0.0,0.0,0.0,0.0,0.0,0.0,0,0,3.427
27.259,0.0,0.0,0.0,0.0,0.0,0.0,0.0,0.0,0,0,3.332
27.279,0.0,0.0,0.0,0.0,0.0,0.0,0.0,0.0,0,0,3.241
27.298,0.0,0.0,0.0,0.0,0.0,0.0,0.0,0.0,0,0,3.153
27.32,0.0,0.0,0.0,0.0,0.0,0.0,0.0,0.0,0,0,3.068
27.338,0.0,0.0,0.0,0.0,0.0,0.0,0.0,0.0,0,0,2.987
27.359,0.0,0.0,0.0,0.0,0.0,0.0,0.0,0.0,0,0,2.909
27.379,0.0,0.0,0.0,0.0,0.0,0.0,0.0,0.0,0,0,2.835
27.399,0.0,0.0,0.0,0.0,0.0,0.0,0.0,0.0,0,0,2.763
27.418,0.0,0.0,0.0,0.0,0.0,0.0,0.0,0.0,0,0,2.693
27.439,0.0,0.0,0.0,0.0,0.0,0.0,0.0,0.0,0,0,2.627
27.459,0.0,0.0,0.0,0.0,0.0,0.0,0.0,0.0,0,0,2.563
27.478,0.0,0.0,0.0,0.0,0.0,0.0,0.0,0.0,0,0,2.502
27.499,0.0,0.0,0.0,0.0,0.0,0.0,0.0,0.0,0,0,2.443
27.518,0.0,0.0,0.0,0.0,0.0,0.0,0.0,0.0,0,0,2.387
27.538,0.0,0.0,0.0,0.0,0.0,0.0,0.0,0.0,0,0,2.332
27.558,0.0,0.0,0.0,0.0,0.0,0.0,0.0,0.0,0,0,2.28
27.579,0.0,0.0,0.0,0.0,0.0,0.0,0.0,0.0,0,0,2.23
27.599,0.0,0.0,0.0,0.0,0.0,0.0,0.0,0.0,0,0,2.182
27.619,0.0,0.0,0.0,0.0,0.0,0.0,0.0,0.0,0,0,2.135
27.639,0.0,0.0,0.0,0.0,0.0,0.0,0.0,0.0,0,0,2.091
27.66,0.0,0.0,0.0,0.0,0.0,0.0,0.0,0.0,0,0,2.048
27.678,0.0,0.0,0.0,0.0,0.0,0.0,0.0,0.0,0,0,2.007
27.699,0.0,0.0,0.0,0.0,0.0,0.0,0.0,0.0,0,0,1.967
27.72,0.0,0.0,0.0,0.0,0.0,0.0,0.0,0.0,0,0,1.929
27.738,0.0,0.0,0.0,0.0,0.0,0.0,0.0,0.0,0,0,1.893
27.758,0.0,0.0,0.0,0.0,0.0,0.0,0.0,0.0,0,0,1.858
27.78,0.0,0.0,0.0,0.0,0.0,0.0,0.0,0.0,0,0,1.824
27.799,0.0,0.0,0.0,0.0,0.0,0.0,0.0,0.0,0,0,1.792
27.819,0.0,0.0,0.0,0.0,0.0,0.0,0.0,0.0,0,0,1.761
27.84,0.0,0.0,0.0,0.0,0.0,0.0,0.0,0.0,0,0,1.731
27.858,0.0,0.0,0.0,0.0,0.0,0.0,0.0,0.0,0,0,1.702
27.879,0.0,0.0,0.0,0.0,0.0,0.0,0.0,0.0,0,0,1.675
27.899,0.0,0.0,0.0,0.0,0.0,0.0,0.0,0.0,0,0,1.648
27.919,0.0,0.0,0.0,0.0,0.0,0.0,0.0,0.0,0,0,1.623
27.939,0.0,0.0,0.0,0.0,0.0,0.0,0.0,0.0,0,0,1.599
27.96,0.0,0.0,0.0,0.0,0.0,0.0,0.0,0.0,0,0,1.575
27.978,0.0,0.0,0.0,0.0,0.0,0.0,0.0,0.0,0,0,1.553
27.998,0.0,0.0,0.0,0.0,0.0,0.0,0.0,0.0,0,0,1.531
28.019,0.0,0.0,0.0,0.0,0.0,0.0,0.0,0.0,0,0,1.51
28.038,0.0,0.0,0.0,0.0,0.0,0.0,0.0,0.0,0,0,1.49
28.059,0.0,0.0,0.0,0.0,0.0,0.0,0.0,0.0,0,0,1.471
28.08,0.0,0.0,0.0,0.0,0.0,0.0,0.0,0.0,0,0,1.452
28.099,0.0,0.0,0.0,0.0,0.0,0.0,0.0,0.0,0,0,1.435
28.119,0.0,0.0,0.0,0.0,0.0,0.0,0.0,0.0,0,0,1.418
28.141,0.0,0.0,0.0,0.0,0.0,0.0,0.0,0.0,0,0,1.401
28.159,0.0,0.0,0.0,0.0,0.0,0.0,0.0,0.0,0,0,1.386
28.179,0.0,0.0,0.0,0.0,0.0,0.0,0.0,0.0,0,0,1.37
28.198,0.0,0.0,0.0,0.0,0.0,0.0,0.0,0.0,0,0,1.356
28.219,0.0,0.0,0.0,0.0,0.0,0.0,0.0,0.0,0,0,1.342
28.238,0.0,0.0,0.0,0.0,0.0,0.0,0.0,0.0,0,0,1.329
28.259,0.0,0.0,0.0,0.0,0.0,0.0,0.0,0.0,0,0,1.316
28.278,0.0,0.0,0.0,0.0,0.0,0.0,0.0,0.0,0,0,1.303
28.299,0.0,0.0,0.0,0.0,0.0,0.0,0.0,0.0,0,0,1.291
28.318,0.0,0.0,0.0,0.0,0.0,0.0,0.0,0.0,0,0,1.28
28.338,0.0,0.00069,0.0,0.0,0.0,0.0584,0.0,0.00205,0,5,2.005
28.358,0.00063,0.00056,0.0,0.0,0.0469,0.0563,0.00211,0.00208,6,6,2.618
28.378,0.0,0.0,0.0,0.0,0.0,0.0,0.0,0.0,1,1,2.554
28.398,0.0,0.0,0.0,0.0,0.0,0.0,0.0,0.0,0,0,2.494
28.418,0.0,0.0,0.0,0.0,0.0,0.0,0.0,0.0,0,0,2.435
28.438,0.0,0.0,0.0,0.0,0.0,0.0,0.0,0.0,0,0,2.379
28.459,0.00387,0.00333,0.0,0.0,0.1533,0.1595,0.0057,0.00564,27,25,2.935
28.479,0.00572,0.00644,0.072,0.126,0.1721,0.1314,0.00754,0.008,76,103,3.405
28.499,0.00435,0.0056,0.0,0.0,0.2179,0.2179,0.01164,0.0149,59,75,3.804
28.519,0.007,0.00681,0.123,0.062,0.2284,0.2586,0.01078,0.01104,133,102,4.109
28.538,0.00634,0.00413,0.0,0.0,0.122,0.1199,0.0135,0.01054,89,67,4.399
28.559,0.00455,0.00344,0.0,0.0,0.1721,0.1908,0.00892,0.0062,65,48,4.645
28.579,0.00532,0.0031,0.031,0.0,0.2075,0.1554,0.00931,0.00543,87,42,4.853
28.599,0.0048,0.00402,0.0,0.0,0.1481,0.1637,0.00906,0.00681,70,53,5.029
28.619,0.00436,0.00553,0.0,0.061,0.1095,0.074,0.01143,0.01403,73,128,5.178
28.639,0.0063,0.00719,0.086,0.089,0.1116,0.1157,0.01222,0.0138,147,161,5.304
28.659,0.00804,0.00876,0.103,0.106,0.1032,0.0636,0.01659,0.01882,185,198,5.295
28.678,0.0,0.00295,0.0,0.0,0.0,0.1439,0.0,0.00843,45,83,5.404
28.698,0.00357,0.00461,0.0,0.054,0.1752,0.1251,0.00643,0.00807,53,105,5.495
28.719,0.0,0.0,0.0,0.0,0.0,0.0,0.0,0.0,10,20,5.319
28.738,0.0,0.0,0.0,0.0,0.0,0.0,0.0,0.0,2,4,5.15
28.759,0.0,0.0,0.0,0.0,0.0,0.0,0.0,0.0,0,1,4.987
28.778,0.0,0.0,0.0,0.0,0.0,0.0,0.0,0.0,0,0,4.83
28.798,0.0,0.0,0.0,0.0,0.0,0.0,0.0,0.0,0,0,4.68
28.818,0.0,0.0,0.0,0.0,0.0,0.0,0.0,0.0,0,0,4.536
28.839,0.0,0.0,0.0,0.0,0.0,0.0,0.0,0.0,0,0,4.397
28.858,0.0,0.0,0.0,0.0,0.0,0.0,0.0,0.0,0,0,4.264
28.878,0.0,0.0,0.0,0.0,0.0,0.0,0.0,0.0,0,0,4.136
28.899,0.0,0.0,0.0,0.0,0.0,0.0,0.0,0.0,0,0,4.013
28.919,0.0,0.0,0.0,0.0,0.0,0.0,0.0,0.0,0,0,3.895
28.939,0.0,0.0,0.0,0.0,0.0,0.0,0.0,0.0,0,0,3.782
28.958,0.0,0.0,0.0,0.0,0.0,0.0,0.0,0.0,0,0,3.672
28.978,0.0,0.0,0.0,0.0,0.0,0.0,0.0,0.0,0,0,3.568
29.0,0.0,0.0,0.0,0.0,0.0,0.0,0.0,0.0,0,0,3.467
29.019,0.0,0.0,0.0,0.0,0.0,0.0,0.0,0.0,0,0,3.37
29.038,0.0,0.0,0.0,0.0,0.0,0.0,0.0,0.0,0,0,3.277
29.059,0.0,0.0,0.0,0.0,0.0,0.0,0.0,0.0,0,0,3.188
29.078,0.0,0.0,0.0,0.0,0.0,0.0,0.0,0.0,0,0,3.102
29.099,0.0,0.0,0.0,0.0,0.0,0.0,0.0,0.0,0,0,3.02
29.118,0.0,0.0,0.0,0.0,0.0,0.0,0.0,0.0,0,0,2.941
29.139,0.0,0.0,0.0,0.0,0.0,0.0,0.0,0.0,0,0,2.865
29.158,0.0,0.0,0.0,0.0,0.0,0.0,0.0,0.0,0,0,2.791
29.179,0.0,0.0,0.0,0.0,0.0,0.0,0.0,0.0,0,0,2.721
29.199,0.0,0.0,0.0,0.0,0.0,0.0,0.0,0.0,0,0,2.654
29.218,0.0,0.0,0.0,0.0,0.0,0.0,0.0,0.0,0,0,2.589
29.239,0.0,0.0,0.0,0.0,0.0,0.0,0.0,0.0,0,0,2.527
29.259,0.0,0.0,0.0,0.0,0.0,0.0,0.0,0.0,0,0,2.467
29.279,0.0,0.0,0.0,0.0,0.0,0.0,0.0,0.0,0,0,2.409
29.299,0.0,0.0,0.0,0.0,0.0,0.0,0.0,0.0,0,0,2.354
29.318,0.0,0.0,0.0,0.0,0.0,0.0,0.0,0.0,0,0,2.301
29.339,0.0,0.0,0.0,0.0,0.0,0.0,0.0,0.0,0,0,2.25
29.359,0.0,0.0,0.0,0.0,0.0,0.0,0.0,0.0,0,0,2.201
29.378,0.0,0.0,0.0,0.0,0.0,0.0,0.0,0.0,0,0,2.154
29.399,0.0,0.0,0.0,0.0,0.0,0.0,0.0,0.0,0,0,2.108
29.422,0.0,0.0,0.0,0.0,0.0,0.0,0.0,0.0,0,0,2.065
29.439,0.0,0.0,0.0,0.0,0.0,0.0,0.0,0.0,0,0,2.023
29.459,0.0,0.0,0.0,0.0,0.0,0.0,0.0,0.0,0,0,1.983
29.479,0.0,0.0,0.0,0.0,0.0,0.0,0.0,0.0,0,0,1.945
29.499,0.0,0.0,0.0,0.0,0.0,0.0,0.0,0.0,0,0,1.908
29.518,0.0,0.0,0.0,0.0,0.0,0.0,0.0,0.0,0,0,1.872
29.54,0.0,0.0,0.0,0.0,0.0,0.0,0.0,0.0,0,0,1.838
29.558,0.0,0.0,0.0,0.0,0.0,0.0,0.0,0.0,0,0,1.805
29.578,0.0,0.0,0.0,0.0,0.0,0.0,0.0,0.0,0,0,1.773
29.599,0.0,0.0,0.0,0.0,0.0,0.0,0.0,0.0,0,0,1.743
29.619,0.0,0.0,0.0,0.0,0.0,0.0,0.0,0.0,0,0,1.714
29.638,0.0,0.0,0.0,0.0,0.0,0.0,0.0,0.0,0,0,1.686
29.658,0.0,0.0,0.0,0.0,0.0,0.0,0.0,0.0,0,0,1.659
29.679,0.0,0.0,0.0,0.0,0.0,0.0,0.0,0.0,0,0,1.633
29.698,0.0,0.0,0.0,0.0,0.0,0.0,0.0,0.0,0,0,1.608
29.718,0.0,0.0,0.0,0.0,0.0,0.0,0.0,0.0,0,0,1.584
29.739,0.0,0.0,0.0,0.0,0.0,0.0,0.0,0.0,0,0,1.562
29.758,0.0,0.0,0.0,0.0,0.0,0.0,0.0,0.0,0,0,1.54
29.778,0.00307,0.00383,0.0,0.0,0.1011,0.0761,0.00578,0.00743,18,23,2.224
29.798,0.0,0.0,0.0,0.0,0.0,0.0,0.0,0.0,3,4,2.176
29.818,0.00579,0.00302,0.091,0.0,0.048,0.0876,0.0103,0.00642,72,24,2.763
29.838,0.00551,0.00655,0.0,0.145,0.0344,0.0219,0.01042,0.00991,52,108,3.182
29.858,0.0,0.0,0.0,0.0,0.0,0.0,0.0,0.0,10,20,3.096
29.879,0.0,0.0,0.0,0.0,0.0,0.0,0.0,0.0,2,4,3.014
29.899,0.00245,0.0,0.0,0.0,0.097,0.0,0.00477,0.0,24,1,3.472
29.918,0.0,0.0,0.0,0.0,0.0,0.0,0.0,0.0,4,0,3.376
29.938,0.00671,0.00371,0.112,0.0,0.0313,0.0667,0.01355,0.0079,119,39,3.747
29.958,0.00662,0.00755,0.0,0.186,0.0282,0.0229,0.0101,0.01133,73,159,3.868
29.978,0.00573,0.00539,0.0,0.0,0.0313,0.0396,0.00698,0.00783,57,74,4.195
29.999,0.00745,0.00749,0.096,0.116,0.0428,0.0386,0.01302,0.01293,136,148,4.413
30.018,0.0,0.0,0.0,0.0,0.0,0.0,0.0,0.0,26,28,4.279
30.039,0.0,0.0,0.0,0.0,0.0,0.0,0.0,0.0,5,5,4.151
30.059,0.0,0.0,0.0,0.0,0.0,0.0,0.0,0.0,1,1,4.027
30.078,0.0,0.00315,0.0,0.0,0.0,0.0824,0.0,0.00457,0,33,4.33
30.099,0.0,0.00438,0.0,0.0,0.0,0.0469,0.0,0.00585,0,47,4.587
30.119,0.0,0.0,0.0,0.0,0.0,0.0,0.0,0.0,0,9,4.446
30.138,0.0,0.0,0.0,0.0,0.0,0.0,0.0,0.0,0,2,4.311
30.16,0.0,0.0,0.0,0.0,0.0,0.0,0.0,0.0,0,0,4.181
30.179,0.0,0.0,0.0,0.0,0.0,0.0,0.0,0.0,0,0,4.056
30.199,0.0,0.0,0.0,0.0,0.0,0.0,0.0,0.0,0,0,3.936
30.219,0.0,0.0,0.0,0.0,0.0,0.0,0.0,0.0,0,0,3.821
30.239,0.0,0.0,0.0,0.0,0.0,0.0,0.0,0.0,0,0,3.711
30.259,0.0,0.0,0.0,0.0,0.0,0.0,0.0,0.0,0,0,3.604
30.278,0.0,0.0,0.0,0.0,0.0,0.0,0.0,0.0,0,0,3.502
30.299,0.0,0.0,0.0,0.0,0.0,0.0,0.0,0.0,0,0,3.404
30.318,0.0,0.0,0.0,0.0,0.0,0.0,0.0,0.0,0,0,3.31
30.339,0.0,0.0,0.0,0.0,0.0,0.0,0.0,0.0,0,0,3.219
30.358,0.0,0.0,0.0,0.0,0.0,0.0,0.0,0.0,0,0,3.132
30.378,0.0,0.0,0.0,0.0,0.0,0.0,0.0,0.0,0,0,3.049
30.399,0.0,0.0,0.0,0.0,0.0,0.0,0.0,0.0,0,0,2.968
30.418,0.0,0.0,0.0,0.0,0.0,0.0,0.0,0.0,0,0,2.891
30.439,0.0,0.0,0.0,0.0,0.0,0.0,0.0,0.0,0,0,2.817
30.459,0.0,0.0,0.0,0.0,0.0,0.0,0.0,0.0,0,0,2.746
30.479,0.0,0.0,0.0,0.0,0.0,0.0,0.0,0.0,0,0,2.677
30.499,0.0,0.00327,0.0,0.0,0.0,0.1387,0.0,0.00621,0,28,3.187
30.519,0.00552,0.00687,0.067,0.158,0.0375,0.0334,0.00888,0.01117,76,128,3.475
30.538,0.00549,0.00677,0.0,0.0,0.0271,0.0271,0.0113,0.01316,63,81,3.863
30.559,0.00481,0.00475,0.0,0.0,0.0897,0.0813,0.01234,0.0126,64,68,4.191
30.579,0.00281,0.00259,0.0,0.0,0.1376,0.1585,0.00691,0.00678,45,44,4.469
30.599,0.00465,0.00595,0.058,0.125,0.0501,0.0396,0.01213,0.01411,103,155,4.641
30.619,0.00857,0.00836,0.222,0.151,0.0271,0.0188,0.01828,0.01777,224,193,4.603
30.639,0.00602,0.00611,0.0,0.0,0.0438,0.0584,0.01523,0.01542,116,111,4.818
30.659,0.00455,0.00436,0.0,0.0,0.0845,0.0803,0.01007,0.00969,77,74,4.999
30.679,0.00574,0.00588,0.053,0.0,0.0886,0.0845,0.00993,0.01014,111,78,5.153
30.699,0.00511,0.00525,0.0,0.0,0.1064,0.1064,0.01384,0.01431,93,91,5.283
30.719,0.00384,0.00403,0.0,0.0,0.1199,0.1199,0.00946,0.00987,71,73,5.393
30.738,0.00305,0.00304,0.0,0.0,0.1147,0.123,0.00724,0.00725,56,56,5.486
30.759,0.0032,0.00325,0.0,0.0,0.0949,0.1157,0.00776,0.0078,57,57,5.565
30.778,0.0039,0.00433,0.0,0.0,0.097,0.0824,0.00931,0.01031,68,75,5.632
30.799,0.00633,0.00647,0.107,0.102,0.0553,0.0469,0.01448,0.01485,180,179,5.669
30.818,0.0077,0.0077,0.084,0.077,0.0292,0.0271,0.01784,0.01774,188,183,5.684
30.839,0.0042,0.00465,0.0,0.0,0.1272,0.1147,0.01168,0.01257,101,106,5.733
30.859,0.00587,0.00648,0.074,0.09,0.1043,0.0938,0.01492,0.01646,159,181,5.774
30.879,0.00222,0.00224,0.0,0.0,0.1345,0.1512,0.00562,0.00556,65,69,5.809
30.899,0.0033,0.00329,0.0,0.0,0.097,0.1011,0.00854,0.00862,64,64,5.838
30.919,0.00427,0.00426,0.0,0.0,0.1074,0.1137,0.00936,0.00932,74,74,5.863
30.938,0.00391,0.00385,0.0,0.0,0.1022,0.1043,0.00963,0.00945,73,72,5.884
30.958,0.00258,0.00265,0.0,0.0,0.1397,0.123,0.00678,0.00707,55,56,5.902
30.978,0.00453,0.00434,0.061,0.0,0.0574,0.0574,0.00906,0.00876,121,72,5.917
30.998,0.00448,0.00472,0.0,0.0,0.049,0.0407,0.01229,0.01218,95,89,5.93
31.019,0.0082,0.00825,0.208,0.204,0.048,0.0688,0.01624,0.01646,232,229,5.852
31.038,0.00586,0.00569,0.0,0.0,0.0448,0.0365,0.01382,0.0135,128,126,5.874
31.059,0.00269,0.00262,0.0,0.0,0.1137,0.1032,0.00564,0.00558,62,61,5.894
31.078,0.00171,0.00158,0.0,0.0,0.1251,0.1293,0.00387,0.00323,37,34,5.91
31.099,0.00268,0.00248,0.0,0.0,0.0865,0.0918,0.00623,0.00608,49,47,5.924
31.118,0.00216,0.0025,0.0,0.0,0.074,0.0719,0.00494,0.00573,42,46,5.935
31.139,0.00197,0.0022,0.0,0.0,0.0845,0.0782,0.00398,0.00491,36,41,5.945
31.158,0.00311,0.00307,0.0,0.0,0.0574,0.0615,0.00738,0.00739,57,57,5.954
31.179,0.00556,0.00577,0.094,0.107,0.0532,0.0532,0.013,0.0136,169,183,5.961
31.198,0.00311,0.00352,0.0,0.0,0.0501,0.0542,0.00739,0.00849,79,88,5.967
31.219,0.00308,0.00293,0.0,0.0,0.0574,0.0407,0.00708,0.00676,61,61,5.972
31.239,0.00299,0.00296,0.0,0.0,0.0647,0.0501,0.006,0.00584,53,53,5.976
31.259,0.00328,0.00344,0.0,0.0,0.0615,0.0615,0.00818,0.00852,63,65,5.98
31.279,0.00305,0.00315,0.0,0.0,0.0417,0.049,0.00788,0.00809,61,62,5.983
31.298,0.00442,0.0044,0.0,0.0,0.0407,0.0469,0.00926,0.00913,76,75,5.986
31.318,0.0,0.0,0.0,0.0,0.0,0.0,0.0,0.0,14,14,5.79
31.338,0.00224,0.0,0.0,0.0,0.0584,0.0,0.00571,0.0,42,3,5.822
31.359,0.0,0.0,0.0,0.0,0.0,0.0,0.0,0.0,8,1,5.633
31.379,0.0,0.00246,0.0,0.0,0.0,0.0657,0.0,0.00599,2,43,5.69
31.398,0.0,0.0,0.0,0.0,0.0,0.0,0.0,0.0,0,8,5.506
31.419,0.00378,0.00382,0.0,0.0,0.0313,0.0438,0.00914,0.00932,64,65,5.582
31.438,0.00262,0.00259,0.0,0.0,0.049,0.049,0.00576,0.00567,48,48,5.646
31.458,0.00326,0.00319,0.0,0.0,0.0323,0.0365,0.00923,0.00923,64,63,5.7
31.479,0.00327,0.00329,0.0,0.0,0.024,0.024,0.00814,0.00816,61,61,5.746
31.499,0.0,0.0,0.0,0.0,0.0,0.0,0.0,0.0,12,12,5.56
31.519,0.0,0.0,0.0,0.0,0.0,0.0,0.0,0.0,2,2,5.381
31.539,0.00337,0.0033,0.0,0.0,0.0365,0.0386,0.00799,0.00792,56,55,5.476
31.558,0.00347,0.0035,0.0,0.0,0.0501,0.0459,0.00721,0.0073,58,57,5.557
31.578,0.00476,0.00503,0.0,0.0,0.0615,0.0574,0.01167,0.01227,83,87,5.625
31.598,0.0,0.00206,0.0,0.0,0.0,0.0709,0.0,0.00576,16,50,5.682
31.619,0.0,0.0,0.0,0.0,0.0,0.0,0.0,0.0,3,9,5.499
31.639,0.00244,0.00251,0.0,0.0,0.0511,0.0574,0.00592,0.00621,42,44,5.576
31.658,0.0,0.0,0.0,0.0,0.0,0.0,0.0,0.0,8,8,5.396
31.679,0.00347,0.00342,0.0,0.0,0.0594,0.0553,0.00837,0.00816,58,57,5.489
31.7,0.00214,0.00228,0.0,0.0,0.073,0.073,0.00498,0.00548,41,44,5.567
31.718,0.00208,0.00215,0.0,0.0,0.0615,0.0532,0.0055,0.00576,40,42,5.634
31.739,0.00144,0.00138,0.0,0.0,0.0594,0.0574,0.00422,0.00426,32,32,5.69
31.759,0.0,0.0,0.0,0.0,0.0,0.0,0.0,0.0,6,6,5.506
31.779,0.0,0.0,0.0,0.0,0.0,0.0,0.0,0.0,1,1,5.329
31.799,0.0,0.0,0.0,0.0,0.0,0.0,0.0,0.0,0,0,5.16
31.82,0.0,0.0,0.0,0.0,0.0,0.0,0.0,0.0,0,0,4.997
31.838,0.0033,0.0028,0.0,0.0,0.0532,0.0448,0.008,0.00714,52,46,5.151
31.858,0.00245,0.00256,0.0,0.0,0.0501,0.0521,0.00612,0.00628,44,44,5.281
31.88,0.0,0.0,0.0,0.0,0.0,0.0,0.0,0.0,8,8,5.113
31.898,0.0,0.0,0.0,0.0,0.0,0.0,0.0,0.0,2,2,4.952
31.918,0.0,0.00263,0.0,0.0,0.0,0.0428,0.0,0.00606,0,40,5.113
31.939,0.00239,0.00257,0.0,0.0,0.0365,0.0386,0.00666,0.00698,42,46,5.249
31.958,0.0,0.0,0.0,0.0,0.0,0.0,0.0,0.0,8,9,5.082
31.978,0.0021,0.00205,0.0,0.0,0.0407,0.0469,0.00559,0.00536,36,35,5.223
31.999,0.00333,0.00343,0.0,0.0,0.0271,0.0334,0.00703,0.00703,52,52,5.343
32.019,0.00324,0.00337,0.0,0.0,0.0323,0.0428,0.00832,0.00866,58,60,5.443
32.038,0.0,0.0,0.0,0.0,0.0,0.0,0.0,0.0,11,11,5.269
32.059,0.0,0.0,0.0,0.0,0.0,0.0,0.0,0.0,2,2,5.102
32.079,0.00329,0.00295,0.0,0.0,0.0428,0.0459,0.00788,0.00709,52,47,5.24
32.099,0.0,0.0,0.0,0.0,0.0,0.0,0.0,0.0,10,9,5.073
32.12,0.00336,0.0033,0.0,0.0,0.0511,0.0417,0.00577,0.00518,45,43,5.216
32.138,0.0,0.00376,0.0,0.0,0.0,0.0501,0.0,0.00779,9,58,5.336
32.159,0.0033,0.00362,0.0,0.0,0.048,0.0501,0.00705,0.00769,52,58,5.438
32.179,0.0,0.0,0.0,0.0,0.0,0.0,0.0,0.0,10,11,5.264
32.199,0.0,0.0,0.0,0.0,0.0,0.0,0.0,0.0,2,2,5.097
32.218,0.00256,0.00255,0.0,0.0,0.0334,0.0271,0.0067,0.00668,43,43,5.235
32.24,0.0037,0.00379,0.0,0.0,0.0323,0.0261,0.00786,0.00814,58,59,5.353
32.258,0.0,0.0,0.0,0.0,0.0,0.0,0.0,0.0,11,11,5.182
32.278,0.0,0.0,0.0,0.0,0.0,0.0,0.0,0.0,2,2,5.018
32.299,0.0,0.0,0.0,0.0,0.0,0.0,0.0,0.0,0,0,4.861
32.318,0.0,0.0,0.0,0.0,0.0,0.0,0.0,0.0,0,0,4.709
32.338,0.0,0.0,0.0,0.0,0.0,0.0,0.0,0.0,0,0,4.564
32.359,0.00277,0.0028,0.0,0.0,0.0282,0.0302,0.00657,0.00659,40,41,4.784
32.379,0.0,0.0,0.0,0.0,0.0,0.0,0.0,0.0,8,8,4.636
32.399,0.0,0.0,0.0,0.0,0.0,0.0,0.0,0.0,1,1,4.493
32.418,0.0,0.0,0.0,0.0,0.0,0.0,0.0,0.0,0,0,4.356
32.439,0.0,0.0,0.0,0.0,0.0,0.0,0.0,0.0,0,0,4.225
32.458,0.0,0.0,0.0,0.0,0.0,0.0,0.0,0.0,0,0,4.098
32.479,0.0,0.0,0.0,0.0,0.0,0.0,0.0,0.0,0,0,3.977
32.499,0.0,0.0,0.0,0.0,0.0,0.0,0.0,0.0,0,0,3.86
32.519,0.0,0.0,0.0,0.0,0.0,0.0,0.0,0.0,0,0,3.748
32.538,0.0,0.0,0.0,0.0,0.0,0.0,0.0,0.0,0,0,3.64
32.558,0.0,0.0,0.0,0.0,0.0,0.0,0.0,0.0,0,0,3.537
32.578,0.0,0.0,0.0,0.0,0.0,0.0,0.0,0.0,0,0,3.437
32.599,0.0,0.0,0.0,0.0,0.0,0.0,0.0,0.0,0,0,3.342
32.619,0.0,0.0,0.0,0.0,0.0,0.0,0.0,0.0,0,0,3.25
32.638,0.00278,0.00262,0.0,0.0,0.0438,0.0563,0.00629,0.00594,30,29,3.672
32.658,0.0,0.0,0.0,0.0,0.0,0.0,0.0,0.0,6,5,3.567
32.678,0.0,0.0,0.0,0.0,0.0,0.0,0.0,0.0,1,1,3.467
32.699,0.0,0.0,0.0,0.0,0.0,0.0,0.0,0.0,0,0,3.37
32.719,0.0,0.0,0.0,0.0,0.0,0.0,0.0,0.0,0,0,3.277
32.738,0.0,0.0,0.0,0.0,0.0,0.0,0.0,0.0,0,0,3.188
32.759,0.0,0.0,0.0,0.0,0.0,0.0,0.0,0.0,0,0,3.102
32.779,0.0,0.0,0.0,0.0,0.0,0.0,0.0,0.0,0,0,3.019
32.799,0.0,0.0,0.0,0.0,0.0,0.0,0.0,0.0,0,0,2.94
32.819,0.0,0.0,0.0,0.0,0.0,0.0,0.0,0.0,0,0,2.864
32.838,0.0,0.0,0.0,0.0,0.0,0.0,0.0,0.0,0,0,2.791
32.858,0.0,0.0,0.0,0.0,0.0,0.0,0.0,0.0,0,0,2.721
32.879,0.0,0.0,0.0,0.0,0.0,0.0,0.0,0.0,0,0,2.653
32.899,0.0,0.0,0.0,0.0,0.0,0.0,0.0,0.0,0,0,2.589
32.918,0.0,0.0,0.0,0.0,0.0,0.0,0.0,0.0,0,0,2.526
32.939,0.0,0.0,0.0,0.0,0.0,0.0,0.0,0.0,0,0,2.466
32.959,0.0,0.0,0.0,0.0,0.0,0.0,0.0,0.0,0,0,2.409
32.978,0.0,0.0,0.0,0.0,0.0,0.0,0.0,0.0,0,0,2.354
32.998,0.0,0.0,0.0,0.0,0.0,0.0,0.0,0.0,0,0,2.301
33.019,0.0,0.0,0.0,0.0,0.0,0.0,0.0,0.0,0,0,2.25
33.038,0.0,0.0,0.0,0.0,0.0,0.0,0.0,0.0,0,0,2.201
33.058,0.0,0.0,0.0,0.0,0.0,0.0,0.0,0.0,0,0,2.154
33.078,0.0,0.0,0.0,0.0,0.0,0.0,0.0,0.0,0,0,2.108
33.099,0.0,0.0,0.0,0.0,0.0,0.0,0.0,0.0,0,0,2.065
33.118,0.0,0.0,0.0,0.0,0.0,0.0,0.0,0.0,0,0,2.023
33.138,0.0,0.0,0.0,0.0,0.0,0.0,0.0,0.0,0,0,1.983
33.159,0.0,0.0,0.0,0.0,0.0,0.0,0.0,0.0,0,0,1.944
33.179,0.0,0.0,0.0,0.0,0.0,0.0,0.0,0.0,0,0,1.907
33.198,0.0,0.0,0.0,0.0,0.0,0.0,0.0,0.0,0,0,1.872
33.218,0.0,0.0,0.0,0.0,0.0,0.0,0.0,0.0,0,0,1.838
33.239,0.0,0.0,0.0,0.0,0.0,0.0,0.0,0.0,0,0,1.805
33.259,0.0,0.0,0.0,0.0,0.0,0.0,0.0,0.0,0,0,1.773
33.278,0.0,0.0,0.0,0.0,0.0,0.0,0.0,0.0,0,0,1.743
33.299,0.0,0.0,0.0,0.0,0.0,0.0,0.0,0.0,0,0,1.714
33.319,0.00463,0.00484,0.024,0.033,0.0136,0.0177,0.00858,0.00879,36,40,2.372
33.339,0.00387,0.00406,0.0,0.0,0.0271,0.025,0.00805,0.00856,33,36,2.929
33.358,0.00479,0.00502,0.036,0.039,0.0229,0.0292,0.00765,0.00768,56,59,3.4
33.378,0.00418,0.00456,0.0,0.0,0.0282,0.0136,0.00826,0.00906,47,51,3.799
33.398,0.0,0.0,0.0,0.0,0.0,0.0,0.0,0.0,9,10,3.69
33.418,0.00418,0.0043,0.0,0.0,0.0209,0.0292,0.00741,0.00773,44,45,4.044
33.438,0.00365,0.00393,0.0,0.0,0.0156,0.0115,0.00757,0.00784,46,48,4.345
33.458,0.00385,0.00402,0.0,0.0,0.025,0.025,0.00715,0.00765,48,51,4.599
33.479,0.0,0.0,0.0,0.0,0.0,0.0,0.0,0.0,9,10,4.458
33.499,0.00386,0.00403,0.0,0.0,0.025,0.0219,0.00803,0.00835,51,53,4.694
33.519,0.0,0.0,0.0,0.0,0.0,0.0,0.0,0.0,10,10,4.55
33.54,0.0041,0.00423,0.0,0.0,0.0177,0.0198,0.00744,0.00769,51,53,4.772
33.558,0.0,0.00373,0.0,0.0,0.0,0.0292,0.0,0.00783,10,54,4.961
33.578,0.0,0.0,0.0,0.0,0.0,0.0,0.0,0.0,2,10,4.805
33.6,0.00383,0.00395,0.0,0.0,0.024,0.0261,0.00707,0.00704,50,51,4.989
33.619,0.0,0.0,0.0,0.0,0.0,0.0,0.0,0.0,10,10,4.832
33.638,0.0,0.0,0.0,0.0,0.0,0.0,0.0,0.0,2,2,4.682
33.659,0.00333,0.00335,0.0,0.0,0.0386,0.049,0.00693,0.00688,46,46,4.884
33.678,0.0037,0.00357,0.0,0.0,0.0334,0.048,0.00715,0.00691,52,51,5.056
33.699,0.0,0.0,0.0,0.0,0.0,0.0,0.0,0.0,10,10,4.897
33.718,0.00359,0.00379,0.0,0.0,0.0313,0.0355,0.00757,0.00792,52,54,5.066
33.738,0.0,0.0,0.0,0.0,0.0,0.0,0.0,0.0,10,10,4.907
33.759,0.00383,0.00372,0.0,0.0,0.0229,0.0584,0.00647,0.00634,49,48,5.074
33.778,0.00319,0.00294,0.0,0.0,0.0386,0.0407,0.00731,0.00685,51,48,5.217
33.799,0.00424,0.00406,0.0,0.0,0.0438,0.0334,0.00749,0.00716,60,57,5.337
33.818,0.00356,0.00318,0.0,0.0,0.0334,0.0396,0.00605,0.00571,53,49,5.439
33.838,0.00301,0.00299,0.0,0.0,0.0469,0.0678,0.00646,0.00625,50,49,5.525
33.859,0.0,0.0,0.0,0.0,0.0,0.0,0.0,0.0,9,9,5.347
33.878,0.0,0.00325,0.0,0.0,0.0,0.073,0.0,0.00692,2,51,5.448
33.899,0.0,0.0,0.0,0.0,0.0,0.0,0.0,0.0,0,10,5.273
33.918,0.00372,0.0,0.0,0.0,0.0417,0.0,0.00667,0.0,52,2,5.385
33.938,0.00254,0.00239,0.0,0.0,0.0532,0.0448,0.0062,0.00579,46,41,5.479
33.958,0.0,0.0,0.0,0.0,0.0,0.0,0.0,0.0,9,8,5.304
33.978,0.0,0.0,0.0,0.0,0.0,0.0,0.0,0.0,2,1,5.135
33.999,0.00316,0.0,0.0,0.0,0.0282,0.0,0.007,0.0,49,0,5.268
34.019,0.0,0.0,0.0,0.0,0.0,0.0,0.0,0.0,9,0,5.1
34.038,0.0,0.0,0.0,0.0,0.0,0.0,0.0,0.0,2,0,4.94
34.058,0.0,0.0,0.0,0.0,0.0,0.0,0.0,0.0,0,0,4.785
34.079,0.0,0.0,0.0,0.0,0.0,0.0,0.0,0.0,0,0,4.637
34.099,0.0,0.0,0.0,0.0,0.0,0.0,0.0,0.0,0,0,4.494
34.12,0.0,0.0,0.0,0.0,0.0,0.0,0.0,0.0,0,0,4.357
34.138,0.00372,0.0,0.0,0.0,0.0313,0.0,0.00677,0.0,45,0,4.609
34.158,0.00343,0.0,0.0,0.0,0.049,0.0,0.0074,0.0,49,0,4.823
34.178,0.00296,0.0,0.0,0.0,0.0563,0.0,0.00427,0.0,39,0,5.004
34.199,0.00453,0.00511,0.053,0.032,0.1293,0.146,0.00885,0.01027,99,92,5.156
34.219,0.00569,0.00718,0.053,0.117,0.1606,0.1251,0.00849,0.01139,109,170,5.259
34.239,0.00341,0.00441,0.0,0.0,0.2471,0.2325,0.00995,0.01322,73,100,5.373
34.259,0.00793,0.00692,0.233,0.131,0.2158,0.2482,0.01419,0.0116,213,180,5.311
34.278,0.00681,0.00484,0.0,0.0,0.1272,0.1512,0.01329,0.01028,124,95,5.417
34.299,0.00524,0.00311,0.0,0.0,0.1178,0.1554,0.01121,0.00734,91,62,5.506
34.318,0.00581,0.00459,0.0,0.053,0.1616,0.0991,0.00869,0.00771,81,104,5.582
34.339,0.00604,0.0045,0.0,0.0,0.1418,0.1303,0.01137,0.00755,91,73,5.646
34.359,0.00479,0.00502,0.0,0.0,0.1418,0.0761,0.00996,0.01187,81,87,5.701
34.379,0.00507,0.00619,0.0,0.061,0.1064,0.0855,0.01127,0.01256,86,142,5.747
34.399,0.00686,0.00752,0.098,0.085,0.0855,0.049,0.01479,0.01767,181,188,5.755
34.418,0.0,0.00386,0.0,0.0,0.0,0.1084,0.0,0.00831,41,89,5.793
34.439,0.00386,0.00518,0.0,0.056,0.1835,0.1126,0.00678,0.00941,59,122,5.824
34.458,0.0,0.0,0.0,0.0,0.0,0.0,0.0,0.0,11,23,5.635
34.479,0.0,0.0,0.0,0.0,0.0,0.0,0.0,0.0,2,4,5.454
34.498,0.0,0.0,0.0,0.0,0.0,0.0,0.0,0.0,0,1,5.279
34.518,0.0,0.0,0.0,0.0,0.0,0.0,0.0,0.0,0,0,5.111
34.539,0.0,0.0,0.0,0.0,0.0,0.0,0.0,0.0,0,0,4.95
34.558,0.0,0.0,0.0,0.0,0.0,0.0,0.0,0.0,0,0,4.795
34.578,0.0,0.0,0.0,0.0,0.0,0.0,0.0,0.0,0,0,4.646
34.598,0.0,0.0,0.0,0.0,0.0,0.0,0.0,0.0,0,0,4.503
34.618,0.0,0.0,0.0,0.0,0.0,0.0,0.0,0.0,0,0,4.366
34.638,0.0,0.0,0.0,0.0,0.0,0.0,0.0,0.0,0,0,4.234
34.659,0.0,0.0,0.0,0.0,0.0,0.0,0.0,0.0,0,0,4.107
34.678,0.0,0.0,0.0,0.0,0.0,0.0,0.0,0.0,0,0,3.985
34.698,0.0,0.0,0.0,0.0,0.0,0.0,0.0,0.0,0,0,3.868
34.718,0.0,0.0,0.0,0.0,0.0,0.0,0.0,0.0,0,0,3.756
34.739,0.0,0.0,0.0,0.0,0.0,0.0,0.0,0.0,0,0,3.648
34.758,0.0,0.0,0.0,0.0,0.0,0.0,0.0,0.0,0,0,3.544
34.779,0.0,0.0,0.0,0.0,0.0,0.0,0.0,0.0,0,0,3.444
34.799,0.0,0.0,0.0,0.0,0.0,0.0,0.0,0.0,0,0,3.348
34.818,0.0,0.0,0.0,0.0,0.0,0.0,0.0,0.0,0,0,3.256
34.838,0.0,0.0,0.0,0.0,0.0,0.0,0.0,0.0,0,0,3.168
34.858,0.0,0.0,0.0,0.0,0.0,0.0,0.0,0.0,0,0,3.083
34.878,0.0,0.0,0.0,0.0,0.0,0.0,0.0,0.0,0,0,3.001
34.899,0.0,0.0,0.0,0.0,0.0,0.0,0.0,0.0,0,0,2.923
34.919,0.0,0.0,0.0,0.0,0.0,0.0,0.0,0.0,0,0,2.847
34.939,0.0,0.0,0.0,0.0,0.0,0.0,0.0,0.0,0,0,2.775
34.959,0.0,0.0,0.0,0.0,0.0,0.0,0.0,0.0,0,0,2.705
34.978,0.0,0.0,0.0,0.0,0.0,0.0,0.0,0.0,0,0,2.638
34.998,0.0,0.0,0.0,0.0,0.0,0.0,0.0,0.0,0,0,2.574
35.019,0.0,0.0,0.0,0.0,0.0,0.0,0.0,0.0,0,0,2.512
35.039,0.0,0.0,0.0,0.0,0.0,0.0,0.0,0.0,0,0,2.453
35.058,0.0,0.0,0.0,0.0,0.0,0.0,0.0,0.0,0,0,2.396
35.079,0.0,0.0,0.0,0.0,0.0,0.0,0.0,0.0,0,0,2.341
35.099,0.0,0.0,0.0,0.0,0.0,0.0,0.0,0.0,0,0,2.289
35.118,0.0,0.0,0.0,0.0,0.0,0.0,0.0,0.0,0,0,2.238
35.139,0.0,0.0,0.0,0.0,0.0,0.0,0.0,0.0,0,0,2.19
35.158,0.0,0.0,0.0,0.0,0.0,0.0,0.0,0.0,0,0,2.143
35.179,0.0,0.0,0.0,0.0,0.0,0.0,0.0,0.0,0,0,2.098
35.199,0.0,0.0,0.0,0.0,0.0,0.0,0.0,0.0,0,0,2.055
35.219,0.0,0.0,0.0,0.0,0.0,0.0,0.0,0.0,0,0,2.014
35.238,0.0,0.0,0.0,0.0,0.0,0.0,0.0,0.0,0,0,1.974
35.259,0.0,0.0,0.0,0.0,0.0,0.0,0.0,0.0,0,0,1.936
35.278,0.0,0.0,0.0,0.0,0.0,0.0,0.0,0.0,0,0,1.899
35.298,0.0,0.0,0.0,0.0,0.0,0.0,0.0,0.0,0,0,1.864
35.319,0.0,0.0,0.0,0.0,0.0,0.0,0.0,0.0,0,0,1.83
35.339,0.0,0.0,0.0,0.0,0.0,0.0,0.0,0.0,0,0,1.797
35.359,0.0,0.0,0.0,0.0,0.0,0.0,0.0,0.0,0,0,1.766
35.379,0.0,0.0,0.0,0.0,0.0,0.0,0.0,0.0,0,0,1.736
35.398,0.0,0.0,0.0,0.0,0.0,0.0,0.0,0.0,0,0,1.707
35.418,0.0,0.0,0.0,0.0,0.0,0.0,0.0,0.0,0,0,1.68
35.439,0.0,0.0,0.0,0.0,0.0,0.0,0.0,0.0,0,0,1.653
35.458,0.0,0.0,0.0,0.0,0.0,0.0,0.0,0.0,0,0,1.627
35.479,0.0,0.0,0.0,0.0,0.0,0.0,0.0,0.0,0,0,1.603
35.5,0.0,0.0,0.0,0.0,0.0,0.0,0.0,0.0,0,0,1.579
35.518,0.0,0.0,0.0,0.0,0.0,0.0,0.0,0.0,0,0,1.556
35.538,0.0,0.0,0.0,0.0,0.0,0.0,0.0,0.0,0,0,1.535
35.559,0.0,0.0,0.0,0.0,0.0,0.0,0.0,0.0,0,0,1.514
35.578,0.0,0.0,0.0,0.0,0.0,0.0,0.0,0.0,0,0,1.493
35.598,0.0,0.0,0.0,0.0,0.0,0.0,0.0,0.0,0,0,1.474
35.619,0.0,0.0,0.0,0.0,0.0,0.0,0.0,0.0,0,0,1.456
35.638,0.0,0.0,0.0,0.0,0.0,0.0,0.0,0.0,0,0,1.438
35.658,0.0,0.0,0.0,0.0,0.0,0.0,0.0,0.0,0,0,1.421
35.679,0.0,0.0,0.0,0.0,0.0,0.0,0.0,0.0,0,0,1.404
35.699,0.0,0.0,0.0,0.0,0.0,0.0,0.0,0.0,0,0,1.388
35.719,0.0,0.0,0.0,0.0,0.0,0.0,0.0,0.0,0,0,1.373
35.739,0.0,0.0,0.0,0.0,0.0,0.0,0.0,0.0,0,0,1.358
35.758,0.0,0.0,0.0,0.0,0.0,0.0,0.0,0.0,0,0,1.344
35.779,0.0,0.0,0.0,0.0,0.0,0.0,0.0,0.0,0,0,1.331
35.799,0.0,0.0,0.0,0.0,0.0,0.0,0.0,0.0,0,0,1.318
35.819,0.0,0.0,0.0,0.0,0.0,0.0,0.0,0.0,0,0,1.305
35.838,0.0,0.0,0.0,0.0,0.0,0.0,0.0,0.0,0,0,1.293
35.859,0.0,0.0,0.0,0.0,0.0,0.0,0.0,0.0,0,0,1.282
35.879,0.0,0.0,0.0,0.0,0.0,0.0,0.0,0.0,0,0,1.271
35.899,0.0,0.0,0.0,0.0,0.0,0.0,0.0,0.0,0,0,1.26
35.919,0.0,0.0,0.0,0.0,0.0,0.0,0.0,0.0,0,0,1.25
35.938,0.0,0.0,0.0,0.0,0.0,0.0,0.0,0.0,0,0,1.24
35.958,0.0,0.0,0.0,0.0,0.0,0.0,0.0,0.0,0,0,1.231
35.978,0.0,0.0,0.0,0.0,0.0,0.0,0.0,0.0,0,0,1.222
35.999,0.0,0.0,0.0,0.0,0.0,0.0,0.0,0.0,0,0,1.213
36.019,0.0,0.0,0.0,0.0,0.0,0.0,0.0,0.0,0,0,1.205
36.039,0.0,0.0,0.0,0.0,0.0,0.0,0.0,0.0,0,0,1.197
36.058,0.0,0.0,0.0,0.0,0.0,0.0,0.0,0.0,0,0,1.189
36.079,0.0,0.0,0.0,0.0,0.0,0.0,0.0,0.0,0,0,1.182
36.099,0.0,0.0,0.0,0.0,0.0,0.0,0.0,0.0,0,0,1.174
36.118,0.0,0.0,0.0,0.0,0.0,0.0,0.0,0.0,0,0,1.168
36.138,0.0,0.0,0.0,0.0,0.0,0.0,0.0,0.0,0,0,1.161
36.159,0.0,0.0,0.0,0.0,0.0,0.0,0.0,0.0,0,0,1.155
36.179,0.0,0.0,0.0,0.0,0.0,0.0,0.0,0.0,0,0,1.149
36.199,0.0,0.0,0.0,0.0,0.0,0.0,0.0,0.0,0,0,1.143
36.218,0.0,0.0,0.0,0.0,0.0,0.0,0.0,0.0,0,0,1.137
36.238,0.0,0.0,0.0,0.0,0.0,0.0,0.0,0.0,0,0,1.132
36.259,0.0,0.0,0.0,0.0,0.0,0.0,0.0,0.0,0,0,1.127
36.278,0.0,0.0,0.0,0.0,0.0,0.0,0.0,0.0,0,0,1.122
36.298,0.0,0.0,0.0,0.0,0.0,0.0,0.0,0.0,0,0,1.117
36.318,0.0,0.0,0.0,0.0,0.0,0.0,0.0,0.0,0,0,1.112
36.338,0.0,0.0,0.0,0.0,0.0,0.0,0.0,0.0,0,0,1.108
36.358,0.0,0.0,0.0,0.0,0.0,0.0,0.0,0.0,0,0,1.104
36.378,0.0,0.0,0.0,0.0,0.0,0.0,0.0,0.0,0,0,1.1
36.398,0.0,0.0,0.0,0.0,0.0,0.0,0.0,0.0,0,0,1.096
36.418,0.0,0.0,0.0,0.0,0.0,0.0,0.0,0.0,0,0,1.092
36.438,0.0,0.0,0.0,0.0,0.0,0.0,0.0,0.0,0,0,1.088
36.458,0.0,0.0,0.0,0.0,0.0,0.0,0.0,0.0,0,0,1.085
36.478,0.0,0.0,0.0,0.0,0.0,0.0,0.0,0.0,0,0,1.082
36.498,0.0,0.0,0.0,0.0,0.0,0.0,0.0,0.0,0,0,1.078
36.519,0.0,0.0,0.0,0.0,0.0,0.0,0.0,0.0,0,0,1.075
36.538,0.0,0.0,0.0,0.0,0.0,0.0,0.0,0.0,0,0,1.072
36.559,0.0,0.0,0.0,0.0,0.0,0.0,0.0,0.0,0,0,1.07
36.578,0.0,0.0,0.0,0.0,0.0,0.0,0.0,0.0,0,0,1.067
36.599,0.0,0.0,0.0,0.0,0.0,0.0,0.0,0.0,0,0,1.064
36.619,0.0,0.0,0.0,0.0,0.0,0.0,0.0,0.0,0,0,1.062
36.638,0.0,0.00263,0.0,0.0,0.0,0.1408,0.0,0.0043,0,12,1.82
36.658,0.0,0.0,0.0,0.0,0.0,0.0,0.0,0.0,0,2,1.788
36.678,0.00354,0.0,0.0,0.0,0.0407,0.0,0.00875,0.0,27,0,2.434
36.699,0.00699,0.00524,0.167,0.08,0.048,0.0438,0.01054,0.00762,106,63,2.82
36.719,0.00404,0.00569,0.0,0.023,0.0365,0.0365,0.00878,0.01096,52,62,3.308
36.738,0.00733,0.00761,0.173,0.122,0.0219,0.0219,0.0108,0.01083,138,117,3.536
36.758,0.00574,0.00538,0.0,0.0,0.0344,0.0365,0.00704,0.00756,67,63,3.914
36.779,0.0,0.0,0.0,0.0,0.0,0.0,0.0,0.0,13,12,3.8
36.799,0.0,0.0,0.0,0.0,0.0,0.0,0.0,0.0,2,2,3.69
36.819,0.0,0.0,0.0,0.0,0.0,0.0,0.0,0.0,0,0,3.585
36.839,0.0,0.00444,0.0,0.0,0.0,0.0855,0.0,0.00613,0,40,3.956
36.858,0.0,0.0,0.0,0.0,0.0,0.0,0.0,0.0,0,8,3.84
36.879,0.0,0.0,0.0,0.0,0.0,0.0,0.0,0.0,0,1,3.728
36.899,0.0,0.0,0.0,0.0,0.0,0.0,0.0,0.0,0,0,3.621
36.918,0.0,0.0,0.0,0.0,0.0,0.0,0.0,0.0,0,0,3.519
36.938,0.0,0.0,0.0,0.0,0.0,0.0,0.0,0.0,0,0,3.42
36.958,0.0,0.0,0.0,0.0,0.0,0.0,0.0,0.0,0,0,3.325
36.978,0.0,0.0,0.0,0.0,0.0,0.0,0.0,0.0,0,0,3.234
36.998,0.0,0.0,0.0,0.0,0.0,0.0,0.0,0.0,0,0,3.146
37.018,0.0,0.00399,0.0,0.0,0.0,0.0031,0.0,0.00685,0,36,3.584
37.039,0.0,0.0,0.0,0.0,0.0,0.0,0.0,0.0,0,7,3.483
37.058,0.0,0.0,0.0,0.0,0.0,0.0,0.0,0.0,0,1,3.386
37.078,0.0,0.0,0.0,0.0,0.0,0.0,0.0,0.0,0,0,3.292
37.098,0.0,0.0,0.0,0.0,0.0,0.0,0.0,0.0,0,0,3.202
37.118,0.0,0.0,0.0,0.0,0.0,0.0,0.0,0.0,0,0,3.116
37.138,0.0,0.0,0.0,0.0,0.0,0.0,0.0,0.0,0,0,3.033
37.158,0.0,0.0,0.0,0.0,0.0,0.0,0.0,0.0,0,0,2.953
37.178,0.0,0.0,0.0,0.0,0.0,0.0,0.0,0.0,0,0,2.877
37.199,0.0,0.0,0.0,0.0,0.0,0.0,0.0,0.0,0,0,2.803
37.218,0.0,0.0,0.0,0.0,0.0,0.0,0.0,0.0,0,0,2.732
37.239,0.0,0.0,0.0,0.0,0.0,0.0,0.0,0.0,0,0,2.664
37.259,0.0,0.0,0.0,0.0,0.0,0.0,0.0,0.0,0,0,2.599
37.278,0.00337,0.00357,0.0,0.0,0.0501,0.0459,0.00801,0.00852,32,34,3.121
37.298,0.00417,0.00433,0.0,0.0,0.0959,0.0938,0.01028,0.01065,46,48,3.563
37.318,0.00298,0.00304,0.0,0.0,0.1199,0.1283,0.00804,0.00823,41,42,3.937
37.339,0.00551,0.00573,0.1,0.113,0.0428,0.0448,0.01416,0.01457,126,135,4.23
37.358,0.00936,0.00955,0.267,0.281,0.0104,0.0104,0.02125,0.02179,231,233,4.185
37.378,0.00426,0.00432,0.0,0.0,0.049,0.0469,0.01112,0.01104,94,94,4.464
37.399,0.00584,0.00592,0.075,0.079,0.0761,0.074,0.01244,0.01265,123,127,4.7
37.421,0.00747,0.00771,0.102,0.119,0.0719,0.0719,0.01569,0.01637,161,174,4.777
37.438,0.00396,0.00409,0.0,0.0,0.1262,0.1178,0.01052,0.01084,83,87,4.965
37.459,0.00378,0.0042,0.0,0.0,0.121,0.098,0.00949,0.01037,66,72,5.124
37.478,0.00298,0.00299,0.0,0.0,0.0928,0.0991,0.0087,0.0089,57,59,5.258
37.499,0.00424,0.00427,0.0,0.0,0.0897,0.0813,0.00686,0.00693,58,59,5.372
37.518,0.00218,0.00228,0.0,0.0,0.1064,0.121,0.0076,0.00759,50,50,5.469
37.54,0.00749,0.00752,0.243,0.251,0.0282,0.0302,0.01768,0.0177,190,190,5.392
37.558,0.00636,0.00655,0.0,0.0,0.049,0.0459,0.01605,0.01661,131,134,5.486
37.578,0.00496,0.00553,0.0,0.0,0.1053,0.0897,0.0121,0.01345,94,102,5.565
37.598,0.0043,0.00478,0.0,0.0,0.1491,0.147,0.01038,0.01154,79,87,5.631
37.618,0.00202,0.00275,0.0,0.0,0.1418,0.1397,0.00478,0.00627,45,56,5.688
37.639,0.00273,0.00317,0.0,0.0,0.1283,0.1116,0.00681,0.00789,51,58,5.736
37.659,0.00348,0.00433,0.0,0.0,0.0918,0.0907,0.00792,0.00903,61,72,5.776
37.678,0.00432,0.00384,0.0,0.0,0.1137,0.0938,0.01009,0.00929,76,70,5.811
37.699,0.00474,0.00436,0.0,0.0,0.0897,0.098,0.00963,0.00853,78,71,5.84
37.719,0.00407,0.00272,0.0,0.0,0.0647,0.0647,0.00948,0.00743,74,58,5.864
37.738,0.00745,0.00873,0.185,0.338,0.0177,0.0219,0.01636,0.01884,214,198,5.746
37.758,0.00506,0.0046,0.0,0.0,0.0344,0.0563,0.01237,0.01137,117,111,5.785
37.779,0.00366,0.00325,0.0,0.0,0.073,0.0719,0.00794,0.00762,73,69,5.818
37.799,0.0,0.00319,0.0,0.0,0.0,0.1126,0.0,0.00593,14,55,5.846
37.819,0.00247,0.0032,0.0,0.0,0.1168,0.1126,0.00531,0.00697,43,56,5.87
37.838,0.00271,0.0022,0.0,0.0,0.0709,0.0667,0.00608,0.00491,49,43,5.89
37.858,0.00241,0.00211,0.0,0.0,0.0667,0.0657,0.00599,0.00558,47,42,5.907
37.88,0.00277,0.00203,0.0,0.0,0.0845,0.0886,0.00571,0.0045,48,38,5.921
37.899,0.00456,0.00456,0.0,0.0,0.073,0.0782,0.00988,0.00994,78,78,5.933
37.919,0.00242,0.00345,0.0,0.0,0.0991,0.0719,0.00728,0.00947,57,71,5.943
37.94,0.00233,0.00297,0.0,0.0,0.0605,0.0605,0.00547,0.00709,46,59,5.952
37.958,0.00246,0.00277,0.0,0.0,0.0438,0.0553,0.00608,0.00676,48,54,5.959
37.978,0.00284,0.00331,0.0,0.0,0.0574,0.0667,0.0061,0.00672,51,57,5.966
38.0,0.0027,0.00261,0.0,0.0,0.0636,0.0553,0.00675,0.00653,52,52,5.971
38.018,0.0031,0.00329,0.0,0.0,0.0521,0.0542,0.00803,0.00825,61,63,5.975
38.039,0.00364,0.00307,0.0,0.0,0.0334,0.0417,0.00774,0.00653,64,56,5.979
38.058,0.0,0.0,0.0,0.0,0.0,0.0,0.0,0.0,12,11,5.784
38.078,0.0,0.0,0.0,0.0,0.0,0.0,0.0,0.0,2,2,5.596
38.098,0.0,0.0,0.0,0.0,0.0,0.0,0.0,0.0,0,0,5.416
38.118,0.0,0.00219,0.0,0.0,0.0,0.0855,0.0,0.00553,0,38,5.506
38.138,0.00281,0.00287,0.0,0.0,0.0615,0.0699,0.00736,0.00759,50,53,5.582
38.159,0.00337,0.00353,0.0,0.0,0.0417,0.048,0.00792,0.00833,59,62,5.646
38.179,0.00421,0.00427,0.0,0.0,0.0229,0.025,0.01045,0.0107,75,77,5.7
38.199,0.00307,0.00301,0.0,0.0,0.0375,0.025,0.00805,0.00803,62,62,5.746
38.219,0.00368,0.00391,0.0,0.0,0.0355,0.0355,0.0085,0.00896,65,69,5.785
38.238,0.0,0.0,0.0,0.0,0.0,0.0,0.0,0.0,12,13,5.598
38.258,0.0,0.00238,0.0,0.0,0.0,0.0574,0.0,0.00608,2,43,5.659
38.278,0.00357,0.00378,0.0,0.0,0.048,0.0438,0.00793,0.00852,59,65,5.712
38.299,0.00471,0.00476,0.0,0.0,0.0365,0.0407,0.00991,0.0099,77,78,5.756
38.318,0.00219,0.00254,0.0,0.0,0.0667,0.0626,0.00708,0.00781,54,59,5.793
38.339,0.0,0.00263,0.0,0.0,0.0,0.1032,0.0,0.00682,10,52,5.825
38.358,0.00241,0.00243,0.0,0.0,0.0636,0.0688,0.00521,0.00501,41,44,5.852
38.379,0.00297,0.00281,0.0,0.0,0.0469,0.0469,0.00729,0.00722,55,54,5.875
38.399,0.00231,0.00246,0.0,0.0,0.0636,0.0699,0.00458,0.00488,42,44,5.894
38.418,0.00325,0.00312,0.0,0.0,0.0647,0.0563,0.00861,0.0084,63,61,5.91
38.439,0.0,0.0,0.0,0.0,0.0,0.0,0.0,0.0,12,12,5.718
38.458,0.00263,0.00245,0.0,0.0,0.0323,0.0365,0.00681,0.00627,49,45,5.761
38.479,0.0,0.0,0.0,0.0,0.0,0.0,0.0,0.0,9,9,5.574
38.499,0.0,0.0,0.0,0.0,0.0,0.0,0.0,0.0,2,2,5.395
38.518,0.0,0.0,0.0,0.0,0.0,0.0,0.0,0.0,0,0,5.223
38.538,0.0,0.0,0.0,0.0,0.0,0.0,0.0,0.0,0,0,5.057
38.558,0.0,0.0,0.0,0.0,0.0,0.0,0.0,0.0,0,0,4.898
38.578,0.00225,0.00231,0.0,0.0,0.0594,0.0626,0.00631,0.00629,38,39,5.067
38.599,0.0,0.0021,0.0,0.0,0.0,0.0469,0.0,0.00569,7,38,5.21
38.618,0.0,0.0,0.0,0.0,0.0,0.0,0.0,0.0,1,7,5.045
38.639,0.00299,0.0,0.0,0.0,0.0344,0.0,0.00663,0.0,45,1,5.192
38.659,0.0,0.00207,0.0,0.0,0.0,0.0521,0.0,0.006,9,38,5.316
38.679,0.0,0.0,0.0,0.0,0.0,0.0,0.0,0.0,2,7,5.147
38.698,0.00156,0.0017,0.0,0.0,0.0334,0.0501,0.00438,0.005,28,32,5.278
38.718,0.00257,0.00222,0.0,0.0,0.0459,0.0396,0.00692,0.00604,46,41,5.389
38.739,0.00388,0.00386,0.0,0.0,0.0407,0.0407,0.00798,0.00795,61,60,5.482
38.758,0.0,0.0,0.0,0.0,0.0,0.0,0.0,0.0,11,11,5.307
38.778,0.0,0.0,0.0,0.0,0.0,0.0,0.0,0.0,2,2,5.138
38.799,0.00308,0.00281,0.0,0.0,0.0469,0.0448,0.00606,0.00544,45,41,5.27
38.818,0.0,0.0,0.0,0.0,0.0,0.0,0.0,0.0,8,8,5.103
38.838,0.0,0.0,0.0,0.0,0.0,0.0,0.0,0.0,2,1,4.942
38.858,0.0,0.0,0.0,0.0,0.0,0.0,0.0,0.0,0,0,4.787
38.878,0.0,0.00215,0.0,0.0,0.0,0.049,0.0,0.00597,0,36,4.973
38.898,0.0,0.0,0.0,0.0,0.0,0.0,0.0,0.0,0,7,4.818
38.918,0.0,0.0,0.0,0.0,0.0,0.0,0.0,0.0,0,1,4.668
38.939,0.0,0.0,0.0,0.0,0.0,0.0,0.0,0.0,0,0,4.524
38.958,0.0,0.0,0.0,0.0,0.0,0.0,0.0,0.0,0,0,4.386
38.979,0.0,0.0,0.0,0.0,0.0,0.0,0.0,0.0,0,0,4.253
38.999,0.0,0.0,0.0,0.0,0.0,0.0,0.0,0.0,0,0,4.126
39.018,0.0,0.0,0.0,0.0,0.0,0.0,0.0,0.0,0,0,4.003
39.038,0.0,0.0,0.0,0.0,0.0,0.0,0.0,0.0,0,0,3.885
39.059,0.0,0.0,0.0,0.0,0.0,0.0,0.0,0.0,0,0,3.772
39.078,0.0,0.0,0.0,0.0,0.0,0.0,0.0,0.0,0,0,3.664
39.099,0.0,0.00228,0.0,0.0,0.0,0.0282,0.0,0.00578,0,29,4.022
39.118,0.0,0.0,0.0,0.0,0.0,0.0,0.0,0.0,0,6,3.904
39.138,0.0,0.0,0.0,0.0,0.0,0.0,0.0,0.0,0,1,3.79
39.158,0.0,0.0,0.0,0.0,0.0,0.0,0.0,0.0,0,0,3.68
39.178,0.0,0.0,0.0,0.0,0.0,0.0,0.0,0.0,0,0,3.575
39.198,0.0,0.0,0.0,0.0,0.0,0.0,0.0,0.0,0,0,3.474
39.219,0.0,0.0,0.0,0.0,0.0,0.0,0.0,0.0,0,0,3.377
39.239,0.0,0.0,0.0,0.0,0.0,0.0,0.0,0.0,0,0,3.284
39.258,0.0,0.0,0.0,0.0,0.0,0.0,0.0,0.0,0,0,3.195
39.278,0.0,0.0,0.0,0.0,0.0,0.0,0.0,0.0,0,0,3.109
39.299,0.0,0.0,0.0,0.0,0.0,0.0,0.0,0.0,0,0,3.026
39.318,0.0,0.0,0.0,0.0,0.0,0.0,0.0,0.0,0,0,2.946
39.338,0.0,0.0,0.0,0.0,0.0,0.0,0.0,0.0,0,0,2.87
39.358,0.0,0.0,0.0,0.0,0.0,0.0,0.0,0.0,0,0,2.797
39.378,0.0,0.0,0.0,0.0,0.0,0.0,0.0,0.0,0,0,2.726
39.399,0.0,0.0,0.0,0.0,0.0,0.0,0.0,0.0,0,0,2.659
39.418,0.0,0.0,0.0,0.0,0.0,0.0,0.0,0.0,0,0,2.594
39.439,0.0,0.0,0.0,0.0,0.0,0.0,0.0,0.0,0,0,2.531
39.458,0.0,0.0,0.0,0.0,0.0,0.0,0.0,0.0,0,0,2.471
39.481,0.0,0.0,0.0,0.0,0.0,0.0,0.0,0.0,0,0,2.413
39.498,0.0,0.0,0.0,0.0,0.0,0.0,0.0,0.0,0,0,2.358
39.519,0.0,0.0,0.0,0.0,0.0,0.0,0.0,0.0,0,0,2.305
39.54,0.0,0.0,0.0,0.0,0.0,0.0,0.0,0.0,0,0,2.254
39.558,0.0,0.0,0.0,0.0,0.0,0.0,0.0,0.0,0,0,2.204
39.578,0.0,0.0,0.0,0.0,0.0,0.0,0.0,0.0,0,0,2.157
39.599,0.0,0.0,0.0,0.0,0.0,0.0,0.0,0.0,0,0,2.112
39.618,0.0,0.0,0.0,0.0,0.0,0.0,0.0,0.0,0,0,2.068
39.638,0.0,0.0,0.0,0.0,0.0,0.0,0.0,0.0,0,0,2.026
39.66,0.0,0.0,0.0,0.0,0.0,0.0,0.0,0.0,0,0,1.986
39.679,0.0,0.0,0.0,0.0,0.0,0.0,0.0,0.0,0,0,1.947
39.699,0.0,0.0,0.0,0.0,0.0,0.0,0.0,0.0,0,0,1.91
39.72,0.0,0.0,0.0,0.0,0.0,0.0,0.0,0.0,0,0,1.875
39.738,0.0,0.0,0.0,0.0,0.0,0.0,0.0,0.0,0,0,1.84
39.758,0.0,0.0,0.0,0.0,0.0,0.0,0.0,0.0,0,0,1.807
39.778,0.0,0.0,0.0,0.0,0.0,0.0,0.0,0.0,0,0,1.776
39.799,0.0,0.0,0.0,0.0,0.0,0.0,0.0,0.0,0,0,1.745
39.818,0.0,0.0,0.0,0.0,0.0,0.0,0.0,0.0,0,0,1.716
39.838,0.0,0.0,0.0,0.0,0.0,0.0,0.0,0.0,0,0,1.688
39.858,0.0,0.0,0.0,0.0,0.0,0.0,0.0,0.0,0,0,1.661
39.878,0.0,0.0,0.0,0.0,0.0,0.0,0.0,0.0,0,0,1.635
39.899,0.0,0.0,0.0,0.0,0.0,0.0,0.0,0.0,0,0,1.61
39.918,0.0,0.0,0.0,0.0,0.0,0.0,0.0,0.0,0,0,1.586
39.939,0.0,0.0,0.0,0.0,0.0,0.0,0.0,0.0,0,0,1.563
39.959,0.0,0.0,0.0,0.0,0.0,0.0,0.0,0.0,0,0,1.541
39.978,0.0,0.0,0.0,0.0,0.0,0.0,0.0,0.0,0,0,1.52
39.999,0.0,0.0,0.0,0.0,0.0,0.0,0.0,0.0,0,0,1.5
40.018,0.0,0.0,0.0,0.0,0.0,0.0,0.0,0.0,0,0,1.48
40.038,0.0,0.0,0.0,0.0,0.0,0.0,0.0,0.0,0,0,1.461
40.058,0.0,0.0,0.0,0.0,0.0,0.0,0.0,0.0,0,0,1.443
40.079,0.0,0.0,0.0,0.0,0.0,0.0,0.0,0.0,0,0,1.426
40.098,0.0,0.0,0.0,0.0,0.0,0.0,0.0,0.0,0,0,1.409
40.118,0.0,0.0,0.0,0.0,0.0,0.0,0.0,0.0,0,0,1.393
40.139,0.0,0.0,0.0,0.0,0.0,0.0,0.0,0.0,0,0,1.378
40.159,0.0,0.0,0.0,0.0,0.0,0.0,0.0,0.0,0,0,1.363
40.178,0.0,0.0,0.0,0.0,0.0,0.0,0.0,0.0,0,0,1.349
40.2,0.0,0.0,0.0,0.0,0.0,0.0,0.0,0.0,0,0,1.335
40.219,0.0,0.0,0.0,0.0,0.0,0.0,0.0,0.0,0,0,1.322
40.238,0.0,0.0,0.0,0.0,0.0,0.0,0.0,0.0,0,0,1.309
40.259,0.0,0.0,0.0,0.0,0.0,0.0,0.0,0.0,0,0,1.297
40.279,0.0,0.0,0.0,0.0,0.0,0.0,0.0,0.0,0,0,1.285
40.299,0.0,0.0,0.0,0.0,0.0,0.0,0.0,0.0,0,0,1.274
40.318,0.0,0.0,0.0,0.0,0.0,0.0,0.0,0.0,0,0,1.263
40.338,0.0,0.0,0.0,0.0,0.0,0.0,0.0,0.0,0,0,1.253
40.358,0.0,0.0,0.0,0.0,0.0,0.0,0.0,0.0,0,0,1.243
40.379,0.0,0.0,0.0,0.0,0.0,0.0,0.0,0.0,0,0,1.234
40.399,0.0,0.0,0.0,0.0,0.0,0.0,0.0,0.0,0,0,1.224
40.418,0.0,0.0,0.0,0.0,0.0,0.0,0.0,0.0,0,0,1.216
40.438,0.0,0.0,0.0,0.0,0.0,0.0,0.0,0.0,0,0,1.207
40.458,0.0,0.0,0.0,0.0,0.0,0.0,0.0,0.0,0,0,1.199
40.479,0.0,0.0,0.0,0.0,0.0,0.0,0.0,0.0,0,0,1.191
40.499,0.0,0.0,0.0,0.0,0.0,0.0,0.0,0.0,0,0,1.184
40.518,0.0,0.0,0.0,0.0,0.0,0.0,0.0,0.0,0,0,1.177
40.538,0.00182,0.00189,0.0,0.0,0.049,0.0396,0.00427,0.00456,11,11,1.917
40.558,0.0,0.0,0.0,0.0,0.0,0.0,0.0,0.0,2,2,1.881
40.578,0.0,0.0,0.0,0.0,0.0,0.0,0.0,0.0,0,0,1.847
40.598,0.0,0.0,0.0,0.0,0.0,0.0,0.0,0.0,0,0,1.813
40.618,0.0,0.0,0.0,0.0,0.0,0.0,0.0,0.0,0,0,1.781
40.638,0.0,0.0,0.0,0.0,0.0,0.0,0.0,0.0,0,0,1.751
40.658,0.0,0.0,0.0,0.0,0.0,0.0,0.0,0.0,0,0,1.721
40.679,0.0,0.0,0.0,0.0,0.0,0.0,0.0,0.0,0,0,1.693
40.698,0.0,0.0,0.0,0.0,0.0,0.0,0.0,0.0,0,0,1.666
40.718,0.0,0.0,0.0,0.0,0.0,0.0,0.0,0.0,0,0,1.64
40.738,0.0,0.0,0.0,0.0,0.0,0.0,0.0,0.0,0,0,1.615
40.759,0.0,0.0,0.0,0.0,0.0,0.0,0.0,0.0,0,0,1.591
40.778,0.0,0.0,0.0,0.0,0.0,0.0,0.0,0.0,0,0,1.567
40.799,0.0,0.0,0.0,0.0,0.0,0.0,0.0,0.0,0,0,1.545
40.818,0.0,0.0,0.0,0.0,0.0,0.0,0.0,0.0,0,0,1.524
40.839,0.0,0.0,0.0,0.0,0.0,0.0,0.0,0.0,0,0,1.503
40.858,0.0,0.0,0.0,0.0,0.0,0.0,0.0,0.0,0,0,1.484
40.878,0.0,0.0,0.0,0.0,0.0,0.0,0.0,0.0,0,0,1.465
40.898,0.0,0.0,0.0,0.0,0.0,0.0,0.0,0.0,0,0,1.446
40.92,0.0,0.0,0.0,0.0,0.0,0.0,0.0,0.0,0,0,1.429
40.938,0.0,0.0,0.0,0.0,0.0,0.0,0.0,0.0,0,0,1.412
40.959,0.0,0.0,0.0,0.0,0.0,0.0,0.0,0.0,0,0,1.396
40.978,0.00297,0.0027,0.0,0.0,0.0751,0.0813,0.00609,0.00557,18,16,2.103
40.999,0.0041,0.00406,0.0,0.0,0.1908,0.2075,0.00647,0.00712,28,29,2.701
41.018,0.0056,0.00617,0.07,0.107,0.1887,0.1283,0.00873,0.01031,72,93,3.207
41.039,0.00738,0.00817,0.111,0.142,0.2096,0.2148,0.01394,0.01566,115,136,3.453
41.058,0.00569,0.00351,0.0,0.0,0.2617,0.2722,0.01014,0.00603,68,55,3.844
41.079,0.00556,0.00499,0.0,0.063,0.0772,0.1178,0.01153,0.01,66,92,4.175
41.098,0.0064,0.00282,0.049,0.0,0.1616,0.2023,0.00997,0.00627,97,48,4.455
41.119,0.00418,0.00374,0.0,0.0,0.17,0.1345,0.0079,0.00639,62,47,4.693
41.14,0.0031,0.00301,0.0,0.0,0.1648,0.123,0.0092,0.00786,56,49,4.893
41.158,0.00526,0.0056,0.087,0.112,0.1898,0.1293,0.01083,0.01182,131,151,5.063
41.178,0.00644,0.00799,0.067,0.164,0.0542,0.0459,0.01439,0.0172,138,213,5.038
41.198,0.00686,0.00715,0.0,0.0,0.1512,0.097,0.01403,0.01541,106,125,5.186
41.219,0.0,0.00393,0.0,0.0,0.0,0.1157,0.0,0.00594,20,66,5.311
41.24,0.00395,0.00525,0.0,0.062,0.1178,0.0845,0.00784,0.01016,59,120,5.416
41.258,0.0,0.0,0.0,0.0,0.0,0.0,0.0,0.0,11,23,5.243
41.279,0.0,0.0,0.0,0.0,0.0,0.0,0.0,0.0,2,4,5.077
41.299,0.0,0.0,0.0,0.0,0.0,0.0,0.0,0.0,0,1,4.917
41.318,0.0,0.0,0.0,0.0,0.0,0.0,0.0,0.0,0,0,4.763
41.338,0.0,0.0,0.0,0.0,0.0,0.0,0.0,0.0,0,0,4.616
41.359,0.0,0.0,0.0,0.0,0.0,0.0,0.0,0.0,0,0,4.474
41.378,0.0,0.0,0.0,0.0,0.0,0.0,0.0,0.0,0,0,4.338
41.398,0.0,0.0,0.0,0.0,0.0,0.0,0.0,0.0,0,0,4.207
41.418,0.0,0.0,0.0,0.0,0.0,0.0,0.0,0.0,0,0,4.081
41.438,0.0,0.0,0.0,0.0,0.0,0.0,0.0,0.0,0,0,3.96
41.459,0.0,0.0,0.0,0.0,0.0,0.0,0.0,0.0,0,0,3.844
41.478,0.0,0.0,0.0,0.0,0.0,0.0,0.0,0.0,0,0,3.733
41.499,0.0,0.0,0.0,0.0,0.0,0.0,0.0,0.0,0,0,3.626
41.518,0.0,0.0,0.0,0.0,0.0,0.0,0.0,0.0,0,0,3.523
41.538,0.0,0.0,0.0,0.0,0.0,0.0,0.0,0.0,0,0,3.424
41.558,0.0,0.0,0.0,0.0,0.0,0.0,0.0,0.0,0,0,3.329
41.579,0.0,0.0,0.0,0.0,0.0,0.0,0.0,0.0,0,0,3.237
41.599,0.0,0.0,0.0,0.0,0.0,0.0,0.0,0.0,0,0,3.15
41.618,0.0,0.0,0.0,0.0,0.0,0.0,0.0,0.0,0,0,3.065
41.639,0.0,0.0,0.0,0.0,0.0,0.0,0.0,0.0,0,0,2.984
41.658,0.0,0.0,0.0,0.0,0.0,0.0,0.0,0.0,0,0,2.907
41.679,0.0,0.0,0.0,0.0,0.0,0.0,0.0,0.0,0,0,2.832
41.699,0.0,0.0,0.0,0.0,0.0,0.0,0.0,0.0,0,0,2.76
41.719,0.0,0.0,0.0,0.0,0.0,0.0,0.0,0.0,0,0,2.691
41.738,0.0,0.0,0.0,0.0,0.0,0.0,0.0,0.0,0,0,2.625
41.758,0.0,0.0,0.0,0.0,0.0,0.0,0.0,0.0,0,0,2.561
41.778,0.0,0.0,0.0,0.0,0.0,0.0,0.0,0.0,0,0,2.5
41.799,0.0,0.0,0.0,0.0,0.0,0.0,0.0,0.0,0,0,2.441
41.819,0.0,0.0,0.0,0.0,0.0,0.0,0.0,0.0,0,0,2.384
41.839,0.0,0.0,0.0,0.0,0.0,0.0,0.0,0.0,0,0,2.33
41.859,0.0,0.0,0.0,0.0,0.0,0.0,0.0,0.0,0,0,2.278
41.879,0.0,0.0,0.0,0.0,0.0,0.0,0.0,0.0,0,0,2.228
41.899,0.0,0.0,0.0,0.0,0.0,0.0,0.0,0.0,0,0,2.18
41.918,0.0,0.0,0.0,0.0,0.0,0.0,0.0,0.0,0,0,2.134
41.938,0.0,0.0,0.0,0.0,0.0,0.0,0.0,0.0,0,0,2.089
41.958,0.0,0.0,0.0,0.0,0.0,0.0,0.0,0.0,0,0,2.046
41.979,0.0,0.0,0.0,0.0,0.0,0.0,0.0,0.0,0,0,2.005
41.998,0.0,0.0,0.0,0.0,0.0,0.0,0.0,0.0,0,0,1.966
42.018,0.0,0.0,0.0,0.0,0.0,0.0,0.0,0.0,0,0,1.928
42.038,0.0,0.0,0.0,0.0,0.0,0.0,0.0,0.0,0,0,1.892
42.058,0.0,0.0,0.0,0.0,0.0,0.0,0.0,0.0,0,0,1.857
42.078,0.0,0.0,0.0,0.0,0.0,0.0,0.0,0.0,0,0,1.823
42.099,0.0,0.0,0.0,0.0,0.0,0.0,0.0,0.0,0,0,1.791
42.118,0.0,0.0,0.0,0.0,0.0,0.0,0.0,0.0,0,0,1.76
42.138,0.0,0.0,0.0,0.0,0.0,0.0,0.0,0.0,0,0,1.73
42.158,0.0,0.0,0.0,0.0,0.0,0.0,0.0,0.0,0,0,1.701
42.178,0.0,0.0,0.0,0.0,0.0,0.0,0.0,0.0,0,0,1.674
42.199,0.0,0.0,0.0,0.0,0.0,0.0,0.0,0.0,0,0,1.647
42.219,0.0,0.0,0.0,0.0,0.0,0.0,0.0,0.0,0,0,1.622
42.238,0.0,0.0,0.0,0.0,0.0,0.0,0.0,0.0,0,0,1.598
42.258,0.0,0.0,0.0,0.0,0.0,0.0,0.0,0.0,0,0,1.574
42.278,0.0,0.0,0.0,0.0,0.0,0.0,0.0,0.0,0,0,1.552
42.299,0.0,0.0,0.0,0.0,0.0,0.0,0.0,0.0,0,0,1.53
42.318,0.0,0.0,0.0,0.0,0.0,0.0,0.0,0.0,0,0,1.509
42.338,0.0,0.0,0.0,0.0,0.0,0.0,0.0,0.0,0,0,1.489
42.358,0.0,0.0,0.0,0.0,0.0,0.0,0.0,0.0,0,0,1.47
42.378,0.0,0.0,0.0,0.0,0.0,0.0,0.0,0.0,0,0,1.452
42.399,0.0,0.0,0.0,0.0,0.0,0.0,0.0,0.0,0,0,1.434
42.418,0.0,0.0,0.0,0.0,0.0,0.0,0.0,0.0,0,0,1.417
42.438,0.0,0.0,0.0,0.0,0.0,0.0,0.0,0.0,0,0,1.401
42.458,0.0,0.0,0.0,0.0,0.0,0.0,0.0,0.0,0,0,1.385
42.479,0.0,0.0,0.0,0.0,0.0,0.0,0.0,0.0,0,0,1.37
42.498,0.0,0.0,0.0,0.0,0.0,0.0,0.0,0.0,0,0,1.355
42.519,0.0,0.0,0.0,0.0,0.0,0.0,0.0,0.0,0,0,1.341
42.539,0.0,0.0,0.0,0.0,0.0,0.0,0.0,0.0,0,0,1.328
42.559,0.0,0.0,0.0,0.0,0.0,0.0,0.0,0.0,0,0,1.315
42.579,0.0,0.0,0.0,0.0,0.0,0.0,0.0,0.0,0,0,1.303
42.598,0.0,0.0,0.0,0.0,0.0,0.0,0.0,0.0,0,0,1.291
42.619,0.0,0.0,0.0,0.0,0.0,0.0,0.0,0.0,0,0,1.28
42.639,0.0,0.0,0.0,0.0,0.0,0.0,0.0,0.0,0,0,1.269
42.658,0.0,0.0,0.0,0.0,0.0,0.0,0.0,0.0,0,0,1.258
42.678,0.0,0.0,0.0,0.0,0.0,0.0,0.0,0.0,0,0,1.248
42.698,0.0,0.0,0.0,0.0,0.0,0.0,0.0,0.0,0,0,1.238
42.718,0.0,0.0,0.0,0.0,0.0,0.0,0.0,0.0,0,0,1.229
42.738,0.0,0.0,0.0,0.0,0.0,0.0,0.0,0.0,0,0,1.22
42.758,0.0,0.0,0.0,0.0,0.0,0.0,0.0,0.0,0,0,1.211
42.778,0.0,0.0,0.0,0.0,0.0,0.0,0.0,0.0,0,0,1.203
42.799,0.0,0.0,0.0,0.0,0.0,0.0,0.0,0.0,0,0,1.195
42.819,0.0,0.0,0.0,0.0,0.0,0.0,0.0,0.0,0,0,1.187
42.838,0.0,0.0,0.0,0.0,0.0,0.0,0.0,0.0,0,0,1.18
42.858,0.0,0.0,0.0,0.0,0.0,0.0,0.0,0.0,0,0,1.173
42.879,0.0,0.0,0.0,0.0,0.0,0.0,0.0,0.0,0,0,1.166
42.899,0.0,0.0,0.0,0.0,0.0,0.0,0.0,0.0,0,0,1.16
42.918,0.0,0.0,0.0,0.0,0.0,0.0,0.0,0.0,0,0,1.153
42.939,0.0,0.0,0.0,0.0,0.0,0.0,0.0,0.0,0,0,1.147
42.958,0.0,0.0,0.0,0.0,0.0,0.0,0.0,0.0,0,0,1.142
42.979,0.0,0.0,0.0,0.0,0.0,0.0,0.0,0.0,0,0,1.136
42.999,0.0,0.0,0.0,0.0,0.0,0.0,0.0,0.0,0,0,1.131
43.018,0.0,0.0,0.0,0.0,0.0,0.0,0.0,0.0,0,0,1.126
43.039,0.0,0.0,0.0,0.0,0.0,0.0,0.0,0.0,0,0,1.121
43.058,0.0,0.0,0.0,0.0,0.0,0.0,0.0,0.0,0,0,1.116
43.078,0.0,0.0,0.0,0.0,0.0,0.0,0.0,0.0,0,0,1.111
43.098,0.0,0.0,0.0,0.0,0.0,0.0,0.0,0.0,0,0,1.107
43.118,0.0,0.0,0.0,0.0,0.0,0.0,0.0,0.0,0,0,1.103
43.139,0.0,0.0,0.0,0.0,0.0,0.0,0.0,0.0,0,0,1.099
43.158,0.0,0.0,0.0,0.0,0.0,0.0,0.0,0.0,0,0,1.095
43.178,0.0,0.0,0.0,0.0,0.0,0.0,0.0,0.0,0,0,1.091
43.198,0.0,0.0,0.0,0.0,0.0,0.0,0.0,0.0,0,0,1.088
43.219,0.0,0.0,0.0,0.0,0.0,0.0,0.0,0.0,0,0,1.084
43.238,0.0,0.0,0.0,0.0,0.0,0.0,0.0,0.0,0,0,1.081
43.258,0.0,0.0,0.0,0.0,0.0,0.0,0.0,0.0,0,0,1.078
43.278,0.0,0.0,0.0,0.0,0.0,0.0,0.0,0.0,0,0,1.075
43.299,0.0,0.0,0.0,0.0,0.0,0.0,0.0,0.0,0,0,1.072
43.318,0.0,0.0,0.0,0.0,0.0,0.0,0.0,0.0,0,0,1.069
43.338,0.0,0.0,0.0,0.0,0.0,0.0,0.0,0.0,0,0,1.066
43.358,0.0,0.0,0.0,0.0,0.0,0.0,0.0,0.0,0,0,1.064
43.378,0.0,0.0,0.0,0.0,0.0,0.0,0.0,0.0,0,0,1.061
43.399,0.0,0.0,0.0,0.0,0.0,0.0,0.0,0.0,0,0,1.059
43.418,0.0,0.0,0.0,0.0,0.0,0.0,0.0,0.0,0,0,1.056
43.438,0.0,0.0,0.0,0.0,0.0,0.0,0.0,0.0,0,0,1.054
43.459,0.0,0.0,0.0,0.0,0.0,0.0,0.0,0.0,0,0,1.052
43.478,0.0,0.0,0.0,0.0,0.0,0.0,0.0,0.0,0,0,1.05
43.499,0.0,0.0,0.0,0.0,0.0,0.0,0.0,0.0,0,0,1.048
43.518,0.0,0.0,0.0,0.0,0.0,0.0,0.0,0.0,0,0,1.046
43.538,0.0,0.0,0.0,0.0,0.0,0.0,0.0,0.0,0,0,1.044
43.558,0.0,0.0,0.0,0.0,0.0,0.0,0.0,0.0,0,0,1.043
43.578,0.0,0.0,0.0,0.0,0.0,0.0,0.0,0.0,0,0,1.041
43.599,0.0,0.0,0.0,0.0,0.0,0.0,0.0,0.0,0,0,1.039
43.618,0.0,0.0,0.0,0.0,0.0,0.0,0.0,0.0,0,0,1.038
43.638,0.0,0.0,0.0,0.0,0.0,0.0,0.0,0.0,0,0,1.036
43.658,0.0,0.0,0.0,0.0,0.0,0.0,0.0,0.0,0,0,1.035
43.678,0.0,0.0,0.0,0.0,0.0,0.0,0.0,0.0,0,0,1.034
43.698,0.0,0.0,0.0,0.0,0.0,0.0,0.0,0.0,0,0,1.032
43.718,0.0,0.0,0.0,0.0,0.0,0.0,0.0,0.0,0,0,1.031
43.738,0.0,0.0,0.0,0.0,0.0,0.0,0.0,0.0,0,0,1.03
43.758,0.0,0.0,0.0,0.0,0.0,0.0,0.0,0.0,0,0,1.029
43.779,0.0,0.0,0.0,0.0,0.0,0.0,0.0,0.0,0,0,1.027
43.799,0.0,0.0,0.0,0.0,0.0,0.0,0.0,0.0,0,0,1.026
43.818,0.0,0.0,0.0,0.0,0.0,0.0,0.0,0.0,0,0,1.025
43.838,0.0,0.0,0.0,0.0,0.0,0.0,0.0,0.0,0,0,1.024
43.858,0.0,0.0,0.0,0.0,0.0,0.0,0.0,0.0,0,0,1.023
43.879,0.0,0.0,0.0,0.0,0.0,0.0,0.0,0.0,0,0,1.022
43.899,0.0,0.0,0.0,0.0,0.0,0.0,0.0,0.0,0,0,1.022
43.919,0.0,0.0,0.0,0.0,0.0,0.0,0.0,0.0,0,0,1.021
43.938,0.0,0.0,0.0,0.0,0.0,0.0,0.0,0.0,0,0,1.02
43.958,0.0,0.0,0.0,0.0,0.0,0.0,0.0,0.0,0,0,1.019
43.979,0.0,0.0,0.0,0.0,0.0,0.0,0.0,0.0,0,0,1.018
43.999,0.00187,0.0,0.0,0.0,0.1908,0.0,0.00362,0.0,9,0,1.783
44.019,0.0,0.0,0.0,0.0,0.0,0.0,0.0,0.0,2,0,1.752
44.038,0.0,0.0,0.0,0.0,0.0,0.0,0.0,0.0,0,0,1.723
44.059,0.00713,0.0036,0.173,0.0,0.0292,0.0709,0.0121,0.00672,85,21,2.183
44.079,0.00713,0.00799,0.0,0.259,0.0198,0.0177,0.01402,0.01292,54,124,2.401
44.099,0.00651,0.00649,0.0,0.0,0.024,0.0323,0.00778,0.00847,44,59,2.953
44.118,0.00791,0.00782,0.099,0.097,0.0355,0.0271,0.01345,0.01395,109,109,3.4
44.139,0.0,0.0,0.0,0.0,0.0,0.0,0.0,0.0,21,21,3.306
44.158,0.0,0.0,0.0,0.0,0.0,0.0,0.0,0.0,4,4,3.215
44.179,0.0,0.0,0.0,0.0,0.0,0.0,0.0,0.0,1,1,3.128
44.199,0.0,0.0,0.0,0.0,0.0,0.0,0.0,0.0,0,0,3.045
44.219,0.0,0.00366,0.0,0.0,0.0,0.0615,0.0,0.00475,0,29,3.499
44.238,0.0,0.0,0.0,0.0,0.0,0.0,0.0,0.0,0,5,3.401
44.259,0.0,0.0,0.0,0.0,0.0,0.0,0.0,0.0,0,1,3.306
44.278,0.0,0.0,0.0,0.0,0.0,0.0,0.0,0.0,0,0,3.216
44.298,0.0,0.0,0.0,0.0,0.0,0.0,0.0,0.0,0,0,3.129
44.318,0.0,0.0,0.0,0.0,0.0,0.0,0.0,0.0,0,0,3.046
44.338,0.0,0.0,0.0,0.0,0.0,0.0,0.0,0.0,0,0,2.965
44.358,0.0035,0.00327,0.0,0.0,0.0115,0.0156,0.00713,0.00647,33,31,3.431
44.378,0.00504,0.00475,0.065,0.061,0.0125,0.0125,0.00699,0.00651,77,73,3.826
44.399,0.0,0.0,0.0,0.0,0.0,0.0,0.0,0.0,15,14,3.715
44.419,0.0,0.0,0.0,0.0,0.0,0.0,0.0,0.0,3,3,3.608
44.439,0.0,0.0,0.0,0.0,0.0,0.0,0.0,0.0,1,0,3.506
44.458,0.0,0.0,0.0,0.0,0.0,0.0,0.0,0.0,0,0,3.408
44.478,0.0,0.0,0.0,0.0,0.0,0.0,0.0,0.0,0,0,3.313
44.499,0.0,0.0,0.0,0.0,0.0,0.0,0.0,0.0,0,0,3.223
44.519,0.0,0.0,0.0,0.0,0.0,0.0,0.0,0.0,0,0,3.136
44.538,0.0,0.0,0.0,0.0,0.0,0.0,0.0,0.0,0,0,3.052
44.558,0.0,0.0,0.0,0.0,0.0,0.0,0.0,0.0,0,0,2.971
44.579,0.0,0.0,0.0,0.0,0.0,0.0,0.0,0.0,0,0,2.894
44.599,0.0,0.0,0.0,0.0,0.0,0.0,0.0,0.0,0,0,2.82
44.618,0.0,0.0,0.0,0.0,0.0,0.0,0.0,0.0,0,0,2.748
44.639,0.0,0.0,0.0,0.0,0.0,0.0,0.0,0.0,0,0,2.68
44.658,0.0,0.0,0.0,0.0,0.0,0.0,0.0,0.0,0,0,2.614
44.678,0.0,0.0,0.0,0.0,0.0,0.0,0.0,0.0,0,0,2.551
44.699,0.0,0.0,0.0,0.0,0.0,0.0,0.0,0.0,0,0,2.49
44.718,0.0,0.0,0.0,0.0,0.0,0.0,0.0,0.0,0,0,2.432
44.739,0.0,0.0,0.0,0.0,0.0,0.0,0.0,0.0,0,0,2.375
44.758,0.0,0.0,0.0,0.0,0.0,0.0,0.0,0.0,0,0,2.321
44.778,0.00323,0.00344,0.0,0.0,0.074,0.0803,0.00749,0.00779,28,29,2.886
44.799,0.00339,0.00336,0.0,0.0,0.0938,0.1105,0.00908,0.00907,38,38,3.364
44.819,0.00377,0.00381,0.0,0.0,0.1001,0.1147,0.00896,0.009,44,44,3.769
44.838,0.00588,0.00597,0.101,0.109,0.0219,0.0365,0.01443,0.01449,125,130,4.095
44.858,0.00796,0.00823,0.144,0.167,0.0375,0.024,0.01961,0.02034,171,186,4.109
44.879,0.00389,0.00405,0.0,0.0,0.0563,0.0469,0.00717,0.0069,70,73,4.399
44.898,0.00435,0.00451,0.0,0.0,0.0772,0.0699,0.01049,0.01087,64,66,4.645
44.918,0.00726,0.00745,0.17,0.184,0.0542,0.0688,0.0158,0.01632,192,201,4.63
44.938,0.00428,0.00442,0.0,0.0,0.1241,0.1241,0.01122,0.01157,91,94,4.84
44.959,0.0046,0.00489,0.0,0.0,0.0918,0.0918,0.00994,0.01061,72,76,5.018
44.978,0.00404,0.00398,0.0,0.0,0.1053,0.1116,0.00974,0.00965,67,67,5.169
44.999,0.00289,0.00305,0.0,0.0,0.0845,0.0886,0.00727,0.0077,53,55,5.297
45.018,0.00358,0.00369,0.0,0.0,0.0886,0.0949,0.00827,0.0085,59,61,5.405
45.039,0.00834,0.00855,0.286,0.312,0.0156,0.0365,0.01888,0.01925,199,201,5.31
45.059,0.00721,0.00733,0.0,0.0,0.0792,0.0845,0.01649,0.01684,136,137,5.416
45.079,0.00451,0.00492,0.0,0.0,0.0876,0.1283,0.01309,0.01405,95,100,5.506
45.099,0.0053,0.00558,0.0,0.0,0.1022,0.1251,0.01089,0.01155,86,90,5.582
45.119,0.00274,0.00273,0.0,0.0,0.1429,0.1491,0.00464,0.00501,50,52,5.646
45.139,0.00378,0.00352,0.0,0.0,0.1064,0.1105,0.00951,0.00905,68,65,5.7
45.159,0.00412,0.00442,0.0,0.0,0.0949,0.0938,0.00805,0.00825,67,69,5.746
45.179,0.00376,0.00367,0.0,0.0,0.123,0.0991,0.01014,0.01034,72,73,5.785
45.199,0.00295,0.00295,0.0,0.0,0.097,0.0845,0.00687,0.00665,57,56,5.818
45.218,0.0054,0.00514,0.104,0.094,0.0501,0.0407,0.01045,0.01,163,152,5.846
45.238,0.00974,0.01018,0.335,0.409,0.0198,0.024,0.02023,0.02107,234,234,5.713
45.259,0.00591,0.00578,0.0,0.0,0.0386,0.0584,0.01397,0.01399,127,127,5.757
45.278,0.0031,0.003,0.0,0.0,0.0782,0.0761,0.0083,0.00811,73,72,5.794
45.299,0.00365,0.00326,0.0,0.0,0.0824,0.0991,0.00649,0.00574,60,55,5.826
45.319,0.00283,0.00285,0.0,0.0,0.1022,0.1011,0.00575,0.00584,50,50,5.852
45.338,0.00309,0.00317,0.0,0.0,0.0876,0.0886,0.00643,0.00659,53,54,5.875
45.358,0.00193,0.00221,0.0,0.0,0.0657,0.0751,0.00556,0.00648,43,48,5.894
45.379,0.00285,0.0029,0.0,0.0,0.073,0.0772,0.006,0.00613,50,51,5.911
45.4,0.00429,0.00461,0.0,0.0,0.0594,0.0615,0.01046,0.01148,79,85,5.924
45.418,0.00428,0.00453,0.0,0.0,0.0532,0.0626,0.00979,0.01047,77,82,5.936
45.439,0.00204,0.00191,0.0,0.0,0.0469,0.0542,0.00586,0.00549,50,48,5.946
45.458,0.00259,0.00249,0.0,0.0,0.0417,0.0459,0.00655,0.0065,50,50,5.954
45.478,0.00357,0.00348,0.0,0.0,0.0751,0.0667,0.00791,0.00744,64,61,5.961
45.498,0.00343,0.0035,0.0,0.0,0.0365,0.0511,0.00703,0.00731,60,61,5.967
45.519,0.00462,0.00481,0.0,0.0,0.0334,0.0313,0.01135,0.01187,85,89,5.972
45.539,0.00245,0.00227,0.0,0.0,0.0574,0.0563,0.00499,0.0045,51,49,5.976
45.559,0.00181,0.00191,0.0,0.0,0.0459,0.0501,0.00475,0.00493,39,40,5.98
45.579,0.0,0.0,0.0,0.0,0.0,0.0,0.0,0.0,7,8,5.785
45.599,0.0,0.00167,0.0,0.0,0.0,0.0626,0.0,0.0043,1,32,5.818
45.618,0.00277,0.0027,0.0,0.0,0.0584,0.0813,0.00605,0.00562,47,46,5.846
45.639,0.00298,0.00281,0.0,0.0,0.0584,0.0511,0.00763,0.00729,57,54,5.869
45.659,0.00359,0.00368,0.0,0.0,0.0469,0.0375,0.00784,0.00799,63,64,5.889
45.678,0.00373,0.00359,0.0,0.0,0.0209,0.0355,0.00927,0.00915,70,69,5.906
45.7,0.0027,0.00261,0.0,0.0,0.0282,0.0365,0.00735,0.00705,57,56,5.921
45.719,0.00232,0.00235,0.0,0.0,0.0355,0.0302,0.00597,0.00618,48,49,5.933
45.739,0.0,0.0,0.0,0.0,0.0,0.0,0.0,0.0,9,9,5.74
45.76,0.00211,0.00209,0.0,0.0,0.0469,0.0678,0.00541,0.00537,39,39,5.78
45.779,0.00331,0.00346,0.0,0.0,0.0688,0.0667,0.00724,0.00758,57,59,5.813
45.799,0.00366,0.00352,0.0,0.0,0.0365,0.048,0.00876,0.00835,67,64,5.842
45.818,0.00279,0.0029,0.0,0.0,0.0667,0.0448,0.0069,0.007,55,56,5.866
45.838,0.00219,0.00234,0.0,0.0,0.0907,0.0563,0.0048,0.00563,42,46,5.887
45.858,0.0033,0.00306,0.0,0.0,0.0553,0.0657,0.00648,0.00611,55,52,5.904
45.879,0.00278,0.00296,0.0,0.0,0.0574,0.0511,0.00708,0.00749,54,57,5.919
45.898,0.0035,0.00355,0.0,0.0,0.0407,0.0344,0.00729,0.00752,60,62,5.931
45.918,0.00268,0.00258,0.0,0.0,0.0667,0.048,0.0071,0.00686,55,54,5.942
45.939,0.00152,0.00159,0.0,0.0,0.0365,0.0407,0.00397,0.00431,35,37,5.951
45.958,0.00261,0.00264,0.0,0.0,0.0396,0.0417,0.00657,0.00672,50,51,5.958
45.978,0.0019,0.0,0.0,0.0,0.0574,0.0,0.00482,0.0,40,10,5.965
45.998,0.00205,0.00207,0.0,0.0,0.0501,0.0584,0.0049,0.0049,39,38,5.97
46.018,0.00209,0.0,0.0,0.0,0.0667,0.0,0.00384,0.0,36,7,5.975
46.038,0.0,0.0,0.0,0.0,0.0,0.0,0.0,0.0,7,1,5.78
46.059,0.00222,0.0,0.0,0.0,0.0678,0.0,0.00485,0.0,38,0,5.814
46.079,0.00205,0.00203,0.0,0.0,0.0407,0.0501,0.00601,0.00567,43,40,5.842
46.098,0.00212,0.00236,0.0,0.0,0.0594,0.0459,0.00574,0.00632,43,47,5.866
46.118,0.0,0.0,0.0,0.0,0.0,0.0,0.0,0.0,8,9,5.676
46.138,0.00181,0.00154,0.0,0.0,0.0448,0.0501,0.0047,0.00418,34,30,5.725
46.159,0.00211,0.00252,0.0,0.0,0.0407,0.0344,0.00542,0.00644,40,47,5.768
46.178,0.00186,0.0,0.0,0.0,0.0501,0.0,0.00433,0.0,35,9,5.803
46.198,0.00202,0.0019,0.0,0.0,0.0313,0.0334,0.00549,0.00524,40,38,5.833
46.218,0.00234,0.00251,0.0,0.0,0.0334,0.0438,0.0057,0.00565,44,45,5.859
46.238,0.00426,0.0045,0.0,0.074,0.025,0.0292,0.00932,0.01027,73,134,5.881
46.258,0.0,0.0,0.0,0.0,0.0,0.0,0.0,0.0,14,25,5.689
46.278,0.0,0.00144,0.0,0.0,0.0,0.0428,0.0,0.00373,3,28,5.737
46.299,0.00296,0.00301,0.0,0.0,0.0448,0.0407,0.00658,0.00683,50,53,5.777
46.318,0.00316,0.0,0.0,0.0,0.0386,0.0,0.00768,0.0,58,10,5.812
46.339,0.0,0.00148,0.0,0.0,0.0,0.0511,0.0,0.00367,11,28,5.84
46.359,0.00309,0.0035,0.0,0.0,0.0542,0.0396,0.00641,0.00714,52,58,5.865
46.378,0.0,0.0,0.0,0.0,0.0,0.0,0.0,0.0,10,11,5.674
46.399,0.0,0.0,0.0,0.0,0.0,0.0,0.0,0.0,2,2,5.491
46.419,0.0,0.0,0.0,0.0,0.0,0.0,0.0,0.0,0,0,5.315
46.438,0.0,0.0,0.0,0.0,0.0,0.0,0.0,0.0,0,0,5.146
46.458,0.0,0.0,0.0,0.0,0.0,0.0,0.0,0.0,0,0,4.983
46.478,0.0,0.0,0.0,0.0,0.0,0.0,0.0,0.0,0,0,4.827
46.499,0.0,0.0,0.0,0.0,0.0,0.0,0.0,0.0,0,0,4.677
46.519,0.0,0.00205,0.0,0.0,0.0,0.049,0.0,0.00404,0,28,4.88
46.538,0.0,0.0,0.0,0.0,0.0,0.0,0.0,0.0,0,5,4.728
46.558,0.0,0.00227,0.0,0.0,0.0,0.0302,0.0,0.00528,0,34,4.923
46.579,0.0,0.0,0.0,0.0,0.0,0.0,0.0,0.0,0,6,4.769
46.598,0.0,0.0,0.0,0.0,0.0,0.0,0.0,0.0,0,1,4.622
46.62,0.0,0.0,0.0,0.0,0.0,0.0,0.0,0.0,0,0,4.48
46.638,0.0,0.0,0.0,0.0,0.0,0.0,0.0,0.0,0,0,4.343
46.658,0.0,0.0,0.0,0.0,0.0,0.0,0.0,0.0,0,0,4.212
46.679,0.0,0.0,0.0,0.0,0.0,0.0,0.0,0.0,0,0,4.086
46.699,0.0,0.0,0.0,0.0,0.0,0.0,0.0,0.0,0,0,3.965
46.718,0.0,0.0,0.0,0.0,0.0,0.0,0.0,0.0,0,0,3.849
46.738,0.0,0.0,0.0,0.0,0.0,0.0,0.0,0.0,0,0,3.737
46.759,0.0,0.0,0.0,0.0,0.0,0.0,0.0,0.0,0,0,3.63
46.779,0.0,0.0,0.0,0.0,0.0,0.0,0.0,0.0,0,0,3.527
46.799,0.0,0.0,0.0,0.0,0.0,0.0,0.0,0.0,0,0,3.428
46.818,0.0,0.0,0.0,0.0,0.0,0.0,0.0,0.0,0,0,3.332
46.838,0.0,0.0,0.0,0.0,0.0,0.0,0.0,0.0,0,0,3.241
46.858,0.0,0.0,0.0,0.0,0.0,0.0,0.0,0.0,0,0,3.153
46.878,0.0,0.0,0.0,0.0,0.0,0.0,0.0,0.0,0,0,3.069
46.899,0.0,0.0,0.0,0.0,0.0,0.0,0.0,0.0,0,0,2.988
46.918,0.0,0.0,0.0,0.0,0.0,0.0,0.0,0.0,0,0,2.91
46.938,0.0,0.0,0.0,0.0,0.0,0.0,0.0,0.0,0,0,2.835
46.958,0.0,0.0,0.0,0.0,0.0,0.0,0.0,0.0,0,0,2.763
46.978,0.0,0.0,0.0,0.0,0.0,0.0,0.0,0.0,0,0,2.694
46.999,0.0,0.0,0.0,0.0,0.0,0.0,0.0,0.0,0,0,2.627
47.018,0.0,0.0,0.0,0.0,0.0,0.0,0.0,0.0,0,0,2.563
47.038,0.0,0.0,0.0,0.0,0.0,0.0,0.0,0.0,0,0,2.502
47.058,0.0,0.0,0.0,0.0,0.0,0.0,0.0,0.0,0,0,2.443
47.078,0.0,0.0,0.0,0.0,0.0,0.0,0.0,0.0,0,0,2.387
47.099,0.0,0.0,0.0,0.0,0.0,0.0,0.0,0.0,0,0,2.332
47.118,0.0,0.0,0.0,0.0,0.0,0.0,0.0,0.0,0,0,2.28
47.139,0.0,0.0,0.0,0.0,0.0,0.0,0.0,0.0,0,0,2.23
47.158,0.0,0.0,0.0,0.0,0.0,0.0,0.0,0.0,0,0,2.182
47.178,0.0,0.0,0.0,0.0,0.0,0.0,0.0,0.0,0,0,2.135
47.198,0.0,0.0,0.0,0.0,0.0,0.0,0.0,0.0,0,0,2.091
47.218,0.0,0.0,0.0,0.0,0.0,0.0,0.0,0.0,0,0,2.048
47.238,0.0,0.0,0.0,0.0,0.0,0.0,0.0,0.0,0,0,2.007
47.258,0.0,0.0,0.0,0.0,0.0,0.0,0.0,0.0,0,0,1.967
47.279,0.0,0.0,0.0,0.0,0.0,0.0,0.0,0.0,0,0,1.93
47.298,0.0,0.0,0.0,0.0,0.0,0.0,0.0,0.0,0,0,1.893
47.319,0.0,0.0,0.0,0.0,0.0,0.0,0.0,0.0,0,0,1.858
47.338,0.0,0.0,0.0,0.0,0.0,0.0,0.0,0.0,0,0,1.824
47.36,0.0,0.0,0.0,0.0,0.0,0.0,0.0,0.0,0,0,1.792
47.379,0.0,0.0,0.0,0.0,0.0,0.0,0.0,0.0,0,0,1.761
47.399,0.0,0.0,0.0,0.0,0.0,0.0,0.0,0.0,0,0,1.731
47.419,0.0,0.0,0.0,0.0,0.0,0.0,0.0,0.0,0,0,1.703
47.438,0.0,0.0,0.0,0.0,0.0,0.0,0.0,0.0,0,0,1.675
47.459,0.0,0.0,0.0,0.0,0.0,0.0,0.0,0.0,0,0,1.648
47.48,0.0,0.0,0.0,0.0,0.0,0.0,0.0,0.0,0,0,1.623
47.499,0.0,0.0,0.0,0.0,0.0,0.0,0.0,0.0,0,0,1.599
47.518,0.0,0.0,0.0,0.0,0.0,0.0,0.0,0.0,0,0,1.575
47.538,0.0,0.0,0.0,0.0,0.0,0.0,0.0,0.0,0,0,1.553
47.558,0.0,0.0,0.0,0.0,0.0,0.0,0.0,0.0,0,0,1.531
47.579,0.0,0.0,0.0,0.0,0.0,0.0,0.0,0.0,0,0,1.51
47.599,0.0,0.0,0.0,0.0,0.0,0.0,0.0,0.0,0,0,1.49
47.618,0.0,0.0,0.0,0.0,0.0,0.0,0.0,0.0,0,0,1.471
47.638,0.0,0.0,0.0,0.0,0.0,0.0,0.0,0.0,0,0,1.452
47.658,0.0,0.0,0.0,0.0,0.0,0.0,0.0,0.0,0,0,1.435
47.678,0.0,0.0,0.0,0.0,0.0,0.0,0.0,0.0,0,0,1.418
47.698,0.0,0.0,0.0,0.0,0.0,0.0,0.0,0.0,0,0,1.401
47.718,0.0,0.0,0.0,0.0,0.0,0.0,0.0,0.0,0,0,1.386
47.738,0.0,0.0,0.0,0.0,0.0,0.0,0.0,0.0,0,0,1.37
47.758,0.0,0.0,0.0,0.0,0.0,0.0,0.0,0.0,0,0,1.356
47.779,0.0,0.0,0.0,0.0,0.0,0.0,0.0,0.0,0,0,1.342
47.798,0.0,0.0,0.0,0.0,0.0,0.0,0.0,0.0,0,0,1.329
47.818,0.0,0.0,0.0,0.0,0.0,0.0,0.0,0.0,0,0,1.316
47.838,0.0,0.0,0.0,0.0,0.0,0.0,0.0,0.0,0,0,1.303
47.858,0.0,0.0,0.0,0.0,0.0,0.0,0.0,0.0,0,0,1.291
47.879,0.0,0.0,0.0,0.0,0.0,0.0,0.0,0.0,0,0,1.28
47.898,0.0,0.0,0.0,0.0,0.0,0.0,0.0,0.0,0,0,1.269
47.918,0.0,0.0,0.0,0.0,0.0,0.0,0.0,0.0,0,0,1.258
47.939,0.0,0.0,0.0,0.0,0.0,0.0,0.0,0.0,0,0,1.248
47.958,0.0,0.0,0.0,0.0,0.0,0.0,0.0,0.0,0,0,1.239
47.979,0.0,0.0,0.0,0.0,0.0,0.0,0.0,0.0,0,0,1.229
47.999,0.0,0.0,0.0,0.0,0.0,0.0,0.0,0.0,0,0,1.22
48.019,0.0,0.0,0.0,0.0,0.0,0.0,0.0,0.0,0,0,1.212
48.038,0.0,0.0,0.0,0.0,0.0,0.0,0.0,0.0,0,0,1.203
48.059,0.0,0.0,0.0,0.0,0.0,0.0,0.0,0.0,0,0,1.195
48.079,0.0,0.0,0.0,0.0,0.0,0.0,0.0,0.0,0,0,1.188
48.099,0.0,0.0,0.0,0.0,0.0,0.0,0.0,0.0,0,0,1.18
48.118,0.0,0.0,0.0,0.0,0.0,0.0,0.0,0.0,0,0,1.173
48.138,0.0,0.0,0.0,0.0,0.0,0.0,0.0,0.0,0,0,1.166
48.159,0.0,0.0,0.0,0.0,0.0,0.0,0.0,0.0,0,0,1.16
48.179,0.0,0.0,0.0,0.0,0.0,0.0,0.0,0.0,0,0,1.154
48.199,0.0,0.0,0.0,0.0,0.0,0.0,0.0,0.0,0,0,1.148
48.218,0.0,0.0,0.0,0.0,0.0,0.0,0.0,0.0,0,0,1.142
48.238,0.0,0.0,0.0,0.0,0.0,0.0,0.0,0.0,0,0,1.136
48.259,0.0,0.0,0.0,0.0,0.0,0.0,0.0,0.0,0,0,1.131
48.278,0.0,0.0,0.0,0.0,0.0,0.0,0.0,0.0,0,0,1.126
48.299,0.0,0.0,0.0,0.0,0.0,0.0,0.0,0.0,0,0,1.121
48.318,0.0,0.0,0.0,0.0,0.0,0.0,0.0,0.0,0,0,1.116
48.338,0.0,0.0,0.0,0.0,0.0,0.0,0.0,0.0,0,0,1.112
48.358,0.0,0.0,0.0,0.0,0.0,0.0,0.0,0.0,0,0,1.107
48.379,0.0,0.0,0.0,0.0,0.0,0.0,0.0,0.0,0,0,1.103
48.399,0.0,0.0,0.0,0.0,0.0,0.0,0.0,0.0,0,0,1.099
48.419,0.0,0.0,0.0,0.0,0.0,0.0,0.0,0.0,0,0,1.095
48.438,0.0,0.0,0.0,0.0,0.0,0.0,0.0,0.0,0,0,1.091
48.458,0.0,0.0,0.0,0.0,0.0,0.0,0.0,0.0,0,0,1.088
48.478,0.0,0.0,0.0,0.0,0.0,0.0,0.0,0.0,0,0,1.084
48.498,0.0,0.0,0.0,0.0,0.0,0.0,0.0,0.0,0,0,1.081
48.518,0.0,0.0,0.0,0.0,0.0,0.0,0.0,0.0,0,0,1.078
48.538,0.0,0.0,0.0,0.0,0.0,0.0,0.0,0.0,0,0,1.075
48.559,0.0,0.0,0.0,0.0,0.0,0.0,0.0,0.0,0,0,1.072
48.578,0.0,0.0,0.0,0.0,0.0,0.0,0.0,0.0,0,0,1.069
48.599,0.0,0.0,0.0,0.0,0.0,0.0,0.0,0.0,0,0,1.066
48.618,0.0,0.0,0.0,0.0,0.0,0.0,0.0,0.0,0,0,1.064
48.639,0.0,0.0,0.0,0.0,0.0,0.0,0.0,0.0,0,0,1.061
48.659,0.0,0.0,0.0,0.0,0.0,0.0,0.0,0.0,0,0,1.059
48.679,0.0,0.0,0.0,0.0,0.0,0.0,0.0,0.0,0,0,1.057
48.699,0.0,0.0,0.0,0.0,0.0,0.0,0.0,0.0,0,0,1.054
48.718,0.0,0.0,0.0,0.0,0.0,0.0,0.0,0.0,0,0,1.052
48.739,0.0,0.0,0.0,0.0,0.0,0.0,0.0,0.0,0,0,1.05
48.758,0.0,0.0,0.0,0.0,0.0,0.0,0.0,0.0,0,0,1.048
48.778,0.0,0.0,0.0,0.0,0.0,0.0,0.0,0.0,0,0,1.046
48.799,0.0,0.0,0.0,0.0,0.0,0.0,0.0,0.0,0,0,1.044
48.819,0.0,0.0,0.0,0.0,0.0,0.0,0.0,0.0,0,0,1.043
48.838,0.0,0.0,0.0,0.0,0.0,0.0,0.0,0.0,0,0,1.041
48.859,0.0,0.0,0.0,0.0,0.0,0.0,0.0,0.0,0,0,1.039
48.879,0.0,0.0,0.0,0.0,0.0,0.0,0.0,0.0,0,0,1.038
48.899,0.0,0.0,0.0,0.0,0.0,0.0,0.0,0.0,0,0,1.036
48.918,0.0,0.0,0.0,0.0,0.0,0.0,0.0,0.0,0,0,1.035
48.938,0.0,0.0,0.0,0.0,0.0,0.0,0.0,0.0,0,0,1.034
48.958,0.0,0.0,0.0,0.0,0.0,0.0,0.0,0.0,0,0,1.032
48.979,0.0,0.0,0.0,0.0,0.0,0.0,0.0,0.0,0,0,1.031
48.999,0.0,0.0,0.0,0.0,0.0,0.0,0.0,0.0,0,0,1.03
49.018,0.0,0.0,0.0,0.0,0.0,0.0,0.0,0.0,0,0,1.029
49.038,0.0,0.0,0.0,0.0,0.0,0.0,0.0,0.0,0,0,1.028
49.059,0.0,0.0,0.0,0.0,0.0,0.0,0.0,0.0,0,0,1.026
49.078,0.0,0.0,0.0,0.0,0.0,0.0,0.0,0.0,0,0,1.025
49.098,0.0,0.0,0.0,0.0,0.0,0.0,0.0,0.0,0,0,1.024
49.118,0.0,0.0,0.0,0.0,0.0,0.0,0.0,0.0,0,0,1.023
49.138,0.0,0.0,0.0,0.0,0.0,0.0,0.0,0.0,0,0,1.023
49.159,0.0,0.0,0.0,0.0,0.0,0.0,0.0,0.0,0,0,1.022
49.179,0.0,0.0,0.0,0.0,0.0,0.0,0.0,0.0,0,0,1.021
49.198,0.0,0.0,0.0,0.0,0.0,0.0,0.0,0.0,0,0,1.02
49.218,0.0,0.0,0.0,0.0,0.0,0.0,0.0,0.0,0,0,1.019
49.239,0.0,0.0,0.0,0.0,0.0,0.0,0.0,0.0,0,0,1.018
49.26,0.0,0.0,0.0,0.0,0.0,0.0,0.0,0.0,0,0,1.018
49.278,0.0,0.0,0.0,0.0,0.0,0.0,0.0,0.0,0,0,1.017
49.299,0.0,0.0,0.0,0.0,0.0,0.0,0.0,0.0,0,0,1.016
49.319,0.0,0.0,0.0,0.0,0.0,0.0,0.0,0.0,0,0,1.016
49.338,0.0,0.0,0.0,0.0,0.0,0.0,0.0,0.0,0,0,1.015
49.358,0.0,0.0,0.0,0.0,0.0,0.0,0.0,0.0,0,0,1.015
49.378,0.0,0.0,0.0,0.0,0.0,0.0,0.0,0.0,0,0,1.014
49.398,0.0,0.0,0.0,0.0,0.0,0.0,0.0,0.0,0,0,1.013
49.418,0.0,0.0,0.0,0.0,0.0,0.0,0.0,0.0,0,0,1.013
49.439,0.0,0.0,0.0,0.0,0.0,0.0,0.0,0.0,0,0,1.012
49.458,0.0,0.0,0.0,0.0,0.0,0.0,0.0,0.0,0,0,1.012
49.479,0.0,0.0,0.0,0.0,0.0,0.0,0.0,0.0,0,0,1.011
49.498,0.0,0.0,0.0,0.0,0.0,0.0,0.0,0.0,0,0,1.011
49.518,0.0,0.0,0.0,0.0,0.0,0.0,0.0,0.0,0,0,1.011
49.538,0.0,0.0,0.0,0.0,0.0,0.0,0.0,0.0,0,0,1.01
49.558,0.0,0.0,0.0,0.0,0.0,0.0,0.0,0.0,0,0,1.01
49.578,0.0,0.0,0.0,0.0,0.0,0.0,0.0,0.0,0,0,1.009
49.599,0.0,0.0,0.0,0.0,0.0,0.0,0.0,0.0,0,0,1.009
49.62,0.0,0.0,0.0,0.0,0.0,0.0,0.0,0.0,0,0,1.009
49.638,0.0,0.0,0.0,0.0,0.0,0.0,0.0,0.0,0,0,1.008
49.658,0.0,0.0,0.0,0.0,0.0,0.0,0.0,0.0,0,0,1.008
49.679,0.0,0.0,0.0,0.0,0.0,0.0,0.0,0.0,0,0,1.008
49.699,0.0,0.0,0.0,0.0,0.0,0.0,0.0,0.0,0,0,1.007
49.718,0.0,0.0,0.0,0.0,0.0,0.0,0.0,0.0,0,0,1.007
49.739,0.0,0.0,0.0,0.0,0.0,0.0,0.0,0.0,0,0,1.007
49.758,0.0,0.0,0.0,0.0,0.0,0.0,0.0,0.0,0,0,1.007
49.778,0.0,0.0,0.0,0.0,0.0,0.0,0.0,0.0,0,0,1.006
49.799,0.0,0.0,0.0,0.0,0.0,0.0,0.0,0.0,0,0,1.006
49.819,0.0,0.0,0.0,0.0,0.0,0.0,0.0,0.0,0,0,1.006
49.838,0.0,0.0,0.0,0.0,0.0,0.0,0.0,0.0,0,0,1.006
49.859,0.0,0.0,0.0,0.0,0.0,0.0,0.0,0.0,0,0,1.005
49.878,0.0,0.0,0.0,0.0,0.0,0.0,0.0,0.0,0,0,1.005
49.898,0.0,0.0,0.0,0.0,0.0,0.0,0.0,0.0,0,0,1.005
49.919,0.0,0.0,0.0,0.0,0.0,0.0,0.0,0.0,0,0,1.005
49.938,0.0,0.0,0.0,0.0,0.0,0.0,0.0,0.0,0,0,1.005
49.958,0.0,0.0,0.0,0.0,0.0,0.0,0.0,0.0,0,0,1.004
49.979,0.0,0.0,0.0,0.0,0.0,0.0,0.0,0.0,0,0,1.004
49.999,0.0,0.0,0.0,0.0,0.0,0.0,0.0,0.0,0,0,1.004
50.018,0.0,0.0,0.0,0.0,0.0,0.0,0.0,0.0,0,0,1.004
50.04,0.0,0.0,0.0,0.0,0.0,0.0,0.0,0.0,0,0,1.004
50.059,0.0,0.0,0.0,0.0,0.0,0.0,0.0,0.0,0,0,1.004
50.079,0.0,0.0,0.0,0.0,0.0,0.0,0.0,0.0,0,0,1.003
50.099,0.0,0.0,0.0,0.0,0.0,0.0,0.0,0.0,0,0,1.003
50.118,0.0,0.0,0.0,0.0,0.0,0.0,0.0,0.0,0,0,1.003
50.138,0.0,0.0,0.0,0.0,0.0,0.0,0.0,0.0,0,0,1.003
50.159,0.0,0.0,0.0,0.0,0.0,0.0,0.0,0.0,0,0,1.003
50.178,0.0,0.0,0.0,0.0,0.0,0.0,0.0,0.0,0,0,1.003
50.199,0.0,0.0,0.0,0.0,0.0,0.0,0.0,0.0,0,0,1.003
50.218,0.0,0.0,0.0,0.0,0.0,0.0,0.0,0.0,0,0,1.003
50.239,0.0,0.0,0.0,0.0,0.0,0.0,0.0,0.0,0,0,1.002
50.258,0.0,0.0,0.0,0.0,0.0,0.0,0.0,0.0,0,0,1.002
50.279,0.0,0.0,0.0,0.0,0.0,0.0,0.0,0.0,0,0,1.002
50.299,0.0,0.0,0.0,0.0,0.0,0.0,0.0,0.0,0,0,1.002
50.319,0.0,0.0,0.0,0.0,0.0,0.0,0.0,0.0,0,0,1.002
50.339,0.0,0.0,0.0,0.0,0.0,0.0,0.0,0.0,0,0,1.002
50.358,0.0,0.0,0.0,0.0,0.0,0.0,0.0,0.0,0,0,1.002
50.378,0.0,0.0,0.0,0.0,0.0,0.0,0.0,0.0,0,0,1.002
50.399,0.0,0.0,0.0,0.0,0.0,0.0,0.0,0.0,0,0,1.002
50.418,0.0,0.0,0.0,0.0,0.0,0.0,0.0,0.0,0,0,1.002
50.438,0.0,0.0,0.0,0.0,0.0,0.0,0.0,0.0,0,0,1.002
50.458,0.0,0.0,0.0,0.0,0.0,0.0,0.0,0.0,0,0,1.002
50.478,0.0,0.0,0.0,0.0,0.0,0.0,0.0,0.0,0,0,1.002
50.499,0.0,0.0,0.0,0.0,0.0,0.0,0.0,0.0,0,0,1.001
50.518,0.0,0.0,0.0,0.0,0.0,0.0,0.0,0.0,0,0,1.001
50.539,0.0,0.0,0.0,0.0,0.0,0.0,0.0,0.0,0,0,1.001
50.558,0.0,0.0,0.0,0.0,0.0,0.0,0.0,0.0,0,0,1.001
50.579,0.0,0.0,0.0,0.0,0.0,0.0,0.0,0.0,0,0,1.001
50.598,0.0,0.0,0.0,0.0,0.0,0.0,0.0,0.0,0,0,1.001
50.618,0.0,0.0,0.0,0.0,0.0,0.0,0.0,0.0,0,0,1.001
50.639,0.0,0.0,0.0,0.0,0.0,0.0,0.0,0.0,0,0,1.001
50.658,0.0,0.0,0.0,0.0,0.0,0.0,0.0,0.0,0,0,1.001
50.678,0.0,0.0,0.0,0.0,0.0,0.0,0.0,0.0,0,0,1.001
50.699,0.0,0.0,0.0,0.0,0.0,0.0,0.0,0.0,0,0,1.001
50.718,0.0,0.0,0.0,0.0,0.0,0.0,0.0,0.0,0,0,1.001
50.739,0.0,0.0,0.0,0.0,0.0,0.0,0.0,0.0,0,0,1.001
50.758,0.0,0.0,0.0,0.0,0.0,0.0,0.0,0.0,0,0,1.001
50.778,0.0,0.0,0.0,0.0,0.0,0.0,0.0,0.0,0,0,1.001
50.799,0.0,0.0,0.0,0.0,0.0,0.0,0.0,0.0,0,0,1.001
50.818,0.0,0.0,0.0,0.0,0.0,0.0,0.0,0.0,0,0,1.001
50.838,0.0,0.0,0.0,0.0,0.0,0.0,0.0,0.0,0,0,1.001
50.858,0.0,0.0,0.0,0.0,0.0,0.0,0.0,0.0,0,0,1.001
50.878,0.0,0.0,0.0,0.0,0.0,0.0,0.0,0.0,0,0,1.001
50.899,0.0,0.0,0.0,0.0,0.0,0.0,0.0,0.0,0,0,1.001
50.918,0.0,0.0,0.0,0.0,0.0,0.0,0.0,0.0,0,0,1.001
50.938,0.0,0.0,0.0,0.0,0.0,0.0,0.0,0.0,0,0,1.001
50.959,0.0,0.0,0.0,0.0,0.0,0.0,0.0,0.0,0,0,1.001
50.978,0.0,0.0,0.0,0.0,0.0,0.0,0.0,0.0,0,0,1.001
50.999,0.0,0.0,0.0,0.0,0.0,0.0,0.0,0.0,0,0,1.001
51.018,0.0,0.0,0.0,0.0,0.0,0.0,0.0,0.0,0,0,1.001
51.038,0.0,0.0,0.0,0.0,0.0,0.0,0.0,0.0,0,0,1.001
51.058,0.0,0.0,0.0,0.0,0.0,0.0,0.0,0.0,0,0,1.0
51.078,0.0,0.0,0.0,0.0,0.0,0.0,0.0,0.0,0,0,1.0
51.099,0.0,0.0,0.0,0.0,0.0,0.0,0.0,0.0,0,0,1.0
51.119,0.0,0.0,0.0,0.0,0.0,0.0,0.0,0.0,0,0,1.0
51.138,0.0,0.0,0.0,0.0,0.0,0.0,0.0,0.0,0,0,1.0
51.158,0.0,0.0,0.0,0.0,0.0,0.0,0.0,0.0,0,0,1.0
51.178,0.0,0.0,0.0,0.0,0.0,0.0,0.0,0.0,0,0,1.0
51.199,0.0,0.0,0.0,0.0,0.0,0.0,0.0,0.0,0,0,1.0
51.218,0.0,0.0,0.0,0.0,0.0,0.0,0.0,0.0,0,0,1.0
51.238,0.0,0.0,0.0,0.0,0.0,0.0,0.0,0.0,0,0,1.0
51.258,0.0,0.0,0.0,0.0,0.0,0.0,0.0,0.0,0,0,1.0
51.279,0.0,0.0,0.0,0.0,0.0,0.0,0.0,0.0,0,0,1.0
51.299,0.00413,0.00397,0.0,0.0,0.1846,0.1741,0.00695,0.00725,18,18,1.768
51.319,0.00608,0.00679,0.102,0.162,0.1783,0.1491,0.00878,0.00991,62,83,2.281
51.339,0.00601,0.00683,0.0,0.0,0.1721,0.1835,0.01448,0.01738,54,65,2.852
51.358,0.00707,0.00642,0.071,0.0,0.2784,0.2972,0.01122,0.00791,88,51,3.335
51.378,0.00598,0.00458,0.0,0.0,0.0824,0.0938,0.01254,0.00997,68,50,3.744
51.399,0.00579,0.00279,0.0,0.0,0.1314,0.2065,0.00932,0.0063,61,38,4.091
51.419,0.00471,0.0035,0.0,0.0,0.1449,0.1303,0.0094,0.00722,58,44,4.384
51.438,0.00457,0.00373,0.0,0.0,0.1679,0.1241,0.00873,0.00599,58,45,4.632
51.459,0.00526,0.00599,0.035,0.118,0.097,0.0605,0.01084,0.0134,93,154,4.812
51.479,0.00624,0.00766,0.058,0.123,0.1168,0.0918,0.01164,0.01359,118,173,4.899
51.498,0.00716,0.0074,0.064,0.0,0.0834,0.0594,0.01742,0.01896,150,126,5.068
51.519,0.0,0.00331,0.0,0.0,0.0,0.0845,0.0,0.00609,28,62,5.211
51.539,0.0,0.00427,0.0,0.0,0.0,0.1272,0.0,0.0087,5,65,5.332
51.559,0.0,0.0,0.0,0.0,0.0,0.0,0.0,0.0,1,12,5.163
51.58,0.0,0.0,0.0,0.0,0.0,0.0,0.0,0.0,0,2,4.999
51.598,0.0,0.0,0.0,0.0,0.0,0.0,0.0,0.0,0,0,4.843
51.618,0.0,0.0,0.0,0.0,0.0,0.0,0.0,0.0,0,0,4.692
51.639,0.0,0.0,0.0,0.0,0.0,0.0,0.0,0.0,0,0,4.547
51.658,0.0,0.0,0.0,0.0,0.0,0.0,0.0,0.0,0,0,4.408
51.678,0.0,0.0,0.0,0.0,0.0,0.0,0.0,0.0,0,0,4.274
51.699,0.0,0.0,0.0,0.0,0.0,0.0,0.0,0.0,0,0,4.146
51.718,0.0,0.0,0.0,0.0,0.0,0.0,0.0,0.0,0,0,4.023
51.738,0.0,0.0,0.0,0.0,0.0,0.0,0.0,0.0,0,0,3.904
51.759,0.0,0.0,0.0,0.0,0.0,0.0,0.0,0.0,0,0,3.79
51.779,0.0,0.0,0.0,0.0,0.0,0.0,0.0,0.0,0,0,3.681
51.799,0.0,0.0,0.0,0.0,0.0,0.0,0.0,0.0,0,0,3.576
51.819,0.0,0.0,0.0,0.0,0.0,0.0,0.0,0.0,0,0,3.475
51.838,0.0,0.0,0.0,0.0,0.0,0.0,0.0,0.0,0,0,3.378
51.858,0.0,0.0,0.0,0.0,0.0,0.0,0.0,0.0,0,0,3.284
51.879,0.0,0.0,0.0,0.0,0.0,0.0,0.0,0.0,0,0,3.195
51.898,0.0,0.0,0.0,0.0,0.0,0.0,0.0,0.0,0,0,3.109
51.918,0.0,0.0,0.0,0.0,0.0,0.0,0.0,0.0,0,0,3.026
51.939,0.0,0.0,0.0,0.0,0.0,0.0,0.0,0.0,0,0,2.947
51.958,0.0,0.0,0.0,0.0,0.0,0.0,0.0,0.0,0,0,2.87
51.979,0.0,0.0,0.0,0.0,0.0,0.0,0.0,0.0,0,0,2.797
51.998,0.0,0.0,0.0,0.0,0.0,0.0,0.0,0.0,0,0,2.727
52.018,0.0,0.0,0.0,0.0,0.0,0.0,0.0,0.0,0,0,2.659
52.038,0.0,0.0,0.0,0.0,0.0,0.0,0.0,0.0,0,0,2.594
52.059,0.0,0.0,0.0,0.0,0.0,0.0,0.0,0.0,0,0,2.531
52.078,0.0,0.0,0.0,0.0,0.0,0.0,0.0,0.0,0,0,2.471
52.098,0.0,0.0,0.0,0.0,0.0,0.0,0.0,0.0,0,0,2.414
52.118,0.0,0.0,0.0,0.0,0.0,0.0,0.0,0.0,0,0,2.358
52.139,0.0,0.0,0.0,0.0,0.0,0.0,0.0,0.0,0,0,2.305
52.158,0.0,0.0,0.0,0.0,0.0,0.0,0.0,0.0,0,0,2.254
52.178,0.0,0.0,0.0,0.0,0.0,0.0,0.0,0.0,0,0,2.205
52.199,0.0,0.0,0.0,0.0,0.0,0.0,0.0,0.0,0,0,2.157
52.219,0.0,0.0,0.0,0.0,0.0,0.0,0.0,0.0,0,0,2.112
52.238,0.0,0.0,0.0,0.0,0.0,0.0,0.0,0.0,0,0,2.068
52.259,0.0,0.0,0.0,0.0,0.0,0.0,0.0,0.0,0,0,2.026
52.278,0.0,0.0,0.0,0.0,0.0,0.0,0.0,0.0,0,0,1.986
52.299,0.0,0.0,0.0,0.0,0.0,0.0,0.0,0.0,0,0,1.948
52.318,0.0,0.0,0.0,0.0,0.0,0.0,0.0,0.0,0,0,1.91
52.339,0.0,0.0,0.0,0.0,0.0,0.0,0.0,0.0,0,0,1.875
52.359,0.0,0.0,0.0,0.0,0.0,0.0,0.0,0.0,0,0,1.84
52.378,0.0,0.0,0.0,0.0,0.0,0.0,0.0,0.0,0,0,1.807
52.398,0.0,0.0,0.0,0.0,0.0,0.0,0.0,0.0,0,0,1.776
52.418,0.0,0.0,0.0,0.0,0.0,0.0,0.0,0.0,0,0,1.745
52.439,0.0,0.0,0.0,0.0,0.0,0.0,0.0,0.0,0,0,1.716
52.459,0.0,0.0,0.0,0.0,0.0,0.0,0.0,0.0,0,0,1.688
52.479,0.0,0.0,0.0,0.0,0.0,0.0,0.0,0.0,0,0,1.661
52.499,0.0,0.0,0.0,0.0,0.0,0.0,0.0,0.0,0,0,1.635
52.519,0.0,0.0,0.0,0.0,0.0,0.0,0.0,0.0,0,0,1.61
52.539,0.0,0.0,0.0,0.0,0.0,0.0,0.0,0.0,0,0,1.586
52.558,0.0,0.0,0.0,0.0,0.0,0.0,0.0,0.0,0,0,1.563
52.578,0.0,0.0,0.0,0.0,0.0,0.0,0.0,0.0,0,0,1.541
52.599,0.0,0.0,0.0,0.0,0.0,0.0,0.0,0.0,0,0,1.52
52.619,0.0,0.0,0.0,0.0,0.0,0.0,0.0,0.0,0,0,1.5
52.638,0.0,0.0,0.0,0.0,0.0,0.0,0.0,0.0,0,0,1.48
52.659,0.0,0.0,0.0,0.0,0.0,0.0,0.0,0.0,0,0,1.461
52.679,0.0,0.0,0.0,0.0,0.0,0.0,0.0,0.0,0,0,1.443
52.699,0.0,0.0,0.0,0.0,0.0,0.0,0.0,0.0,0,0,1.426
52.718,0.0,0.0,0.0,0.0,0.0,0.0,0.0,0.0,0,0,1.409
52.738,0.0,0.0,0.0,0.0,0.0,0.0,0.0,0.0,0,0,1.393
52.759,0.0,0.0,0.0,0.0,0.0,0.0,0.0,0.0,0,0,1.378
52.779,0.0,0.0,0.0,0.0,0.0,0.0,0.0,0.0,0,0,1.363
52.798,0.0,0.0,0.0,0.0,0.0,0.0,0.0,0.0,0,0,1.349
52.819,0.0,0.0,0.0,0.0,0.0,0.0,0.0,0.0,0,0,1.335
52.838,0.0,0.0,0.0,0.0,0.0,0.0,0.0,0.0,0,0,1.322
52.858,0.0,0.0,0.0,0.0,0.0,0.0,0.0,0.0,0,0,1.309
52.879,0.0,0.0,0.0,0.0,0.0,0.0,0.0,0.0,0,0,1.297
52.899,0.0,0.0,0.0,0.0,0.0,0.0,0.0,0.0,0,0,1.285
52.918,0.0,0.0,0.0,0.0,0.0,0.0,0.0,0.0,0,0,1.274
52.94,0.0,0.0,0.0,0.0,0.0,0.0,0.0,0.0,0,0,1.263
52.958,0.0,0.0,0.0,0.0,0.0,0.0,0.0,0.0,0,0,1.253
52.979,0.0,0.0,0.0,0.0,0.0,0.0,0.0,0.0,0,0,1.243
52.999,0.0,0.0,0.0,0.0,0.0,0.0,0.0,0.0,0,0,1.234
53.018,0.0,0.0,0.0,0.0,0.0,0.0,0.0,0.0,0,0,1.225
53.038,0.0,0.0,0.0,0.0,0.0,0.0,0.0,0.0,0,0,1.216
53.059,0.0,0.0,0.0,0.0,0.0,0.0,0.0,0.0,0,0,1.207
53.078,0.0,0.0,0.0,0.0,0.0,0.0,0.0,0.0,0,0,1.199
53.098,0.0,0.0,0.0,0.0,0.0,0.0,0.0,0.0,0,0,1.191
53.119,0.0,0.0,0.0,0.0,0.0,0.0,0.0,0.0,0,0,1.184
53.139,0.0,0.0,0.0,0.0,0.0,0.0,0.0,0.0,0,0,1.177
53.158,0.0,0.0,0.0,0.0,0.0,0.0,0.0,0.0,0,0,1.17
53.178,0.00244,0.0,0.0,0.0,0.122,0.0,0.0055,0.0,14,0,1.911
53.198,0.00328,0.0,0.0,0.0,0.0615,0.0,0.0054,0.0,21,0,2.539
53.219,0.00752,0.00567,0.241,0.112,0.0219,0.024,0.01321,0.00812,134,75,2.732
53.238,0.00444,0.00602,0.0,0.022,0.0563,0.0334,0.00955,0.012,59,65,3.234
53.259,0.00645,0.00643,0.116,0.028,0.0177,0.0073,0.01135,0.01114,114,74,3.658
53.279,0.00732,0.00732,0.063,0.068,0.0365,0.0219,0.00931,0.00939,102,101,4.018
53.299,0.0,0.0,0.0,0.0,0.0,0.0,0.0,0.0,19,19,3.899
53.318,0.0,0.0,0.0,0.0,0.0,0.0,0.0,0.0,4,4,3.786
53.338,0.0,0.0,0.0,0.0,0.0,0.0,0.0,0.0,1,1,3.677
53.359,0.0,0.0,0.0,0.0,0.0,0.0,0.0,0.0,0,0,3.572
53.378,0.0,0.0,0.0,0.0,0.0,0.0,0.0,0.0,0,0,3.471
53.399,0.0,0.0,0.0,0.0,0.0,0.0,0.0,0.0,0,0,3.374
53.418,0.0,0.0,0.0,0.0,0.0,0.0,0.0,0.0,0,0,3.281
53.438,0.0,0.0,0.0,0.0,0.0,0.0,0.0,0.0,0,0,3.191
53.458,0.0,0.0,0.0,0.0,0.0,0.0,0.0,0.0,0,0,3.105
53.478,0.0,0.0,0.0,0.0,0.0,0.0,0.0,0.0,0,0,3.023
53.499,0.0,0.0,0.0,0.0,0.0,0.0,0.0,0.0,0,0,2.944
53.518,0.0,0.0,0.0,0.0,0.0,0.0,0.0,0.0,0,0,2.867
53.539,0.0,0.0,0.0,0.0,0.0,0.0,0.0,0.0,0,0,2.794
53.558,0.0,0.0,0.0,0.0,0.0,0.0,0.0,0.0,0,0,2.724
53.578,0.0,0.0,0.0,0.0,0.0,0.0,0.0,0.0,0,0,2.656
53.599,0.0,0.0,0.0,0.0,0.0,0.0,0.0,0.0,0,0,2.591
53.618,0.0,0.0,0.0,0.0,0.0,0.0,0.0,0.0,0,0,2.529
53.639,0.0,0.0,0.0,0.0,0.0,0.0,0.0,0.0,0,0,2.469
53.658,0.0,0.0,0.0,0.0,0.0,0.0,0.0,0.0,0,0,2.411
53.678,0.0,0.0,0.0,0.0,0.0,0.0,0.0,0.0,0,0,2.356
53.699,0.0,0.0,0.0,0.0,0.0,0.0,0.0,0.0,0,0,2.303
53.718,0.0,0.0,0.0,0.0,0.0,0.0,0.0,0.0,0,0,2.252
53.738,0.0,0.0,0.0,0.0,0.0,0.0,0.0,0.0,0,0,2.203
53.759,0.0,0.0,0.0,0.0,0.0,0.0,0.0,0.0,0,0,2.155
53.778,0.0,0.0,0.0,0.0,0.0,0.0,0.0,0.0,0,0,2.11
53.799,0.0,0.0,0.0,0.0,0.0,0.0,0.0,0.0,0,0,2.067
53.819,0.0,0.002,0.0,0.0,0.0,0.0678,0.0,0.00493,0,17,2.67
53.839,0.0,0.0,0.0,0.0,0.0,0.0,0.0,0.0,0,3,2.605
53.859,0.0,0.0,0.0,0.0,0.0,0.0,0.0,0.0,0,1,2.542
53.878,0.0,0.00312,0.0,0.0,0.0,0.0792,0.0,0.00701,0,28,3.073
53.898,0.00431,0.00519,0.0,0.095,0.0678,0.0886,0.00726,0.00879,38,90,3.522
53.918,0.00467,0.00592,0.0,0.045,0.0709,0.0584,0.00944,0.0111,51,86,3.903
53.939,0.00453,0.00535,0.0,0.0,0.0313,0.0605,0.00994,0.01149,56,69,4.225
53.958,0.0,0.0,0.0,0.0,0.0,0.0,0.0,0.0,11,13,4.098
53.979,0.0,0.0,0.0,0.0,0.0,0.0,0.0,0.0,2,2,3.977
53.999,0.00326,0.00409,0.0,0.0,0.0824,0.0928,0.00869,0.00958,45,52,4.287
54.018,0.00357,0.00322,0.0,0.0,0.1189,0.121,0.00833,0.00783,50,48,4.55
54.039,0.00375,0.00395,0.0,0.0,0.1199,0.1137,0.00993,0.01049,59,62,4.773
54.058,0.00683,0.00701,0.174,0.187,0.0229,0.0271,0.01713,0.01743,199,202,4.751
54.079,0.00806,0.00822,0.099,0.104,0.0428,0.049,0.01715,0.01762,175,181,4.834
54.099,0.00522,0.00521,0.0,0.0,0.0448,0.0469,0.01028,0.01023,92,93,5.013
54.119,0.00453,0.00463,0.0,0.0,0.0928,0.097,0.01024,0.01043,74,75,5.165
54.139,0.00775,0.008,0.213,0.24,0.0667,0.0594,0.01643,0.01704,214,215,5.104
54.159,0.003,0.00284,0.0,0.0,0.1502,0.1481,0.00755,0.00718,85,83,5.241
54.178,0.00378,0.00412,0.0,0.0,0.1001,0.098,0.00706,0.00787,61,65,5.358
54.199,0.00414,0.00417,0.0,0.0,0.0803,0.0761,0.01094,0.01106,74,74,5.456
54.218,0.00412,0.00439,0.0,0.0,0.0813,0.0792,0.00855,0.00914,67,71,5.54
54.238,0.00345,0.00361,0.0,0.0,0.0865,0.0803,0.0067,0.00699,57,60,5.611
54.259,0.00735,0.00748,0.228,0.244,0.0407,0.0302,0.01837,0.01866,197,200,5.53
54.278,0.00611,0.00632,0.0,0.0,0.1137,0.1137,0.01489,0.01536,128,131,5.602
54.299,0.00624,0.00682,0.0,0.0,0.0792,0.0761,0.01577,0.01705,113,121,5.663
54.319,0.0035,0.00358,0.0,0.0,0.1741,0.17,0.00759,0.00828,70,74,5.715
54.339,0.00328,0.00319,0.0,0.0,0.1126,0.1126,0.00756,0.00744,60,60,5.759
54.358,0.00317,0.00328,0.0,0.0,0.1032,0.1116,0.00664,0.00691,55,57,5.796
54.379,0.00419,0.00442,0.0,0.0,0.0959,0.0876,0.00958,0.01019,73,77,5.827
54.399,0.00328,0.00324,0.0,0.0,0.1011,0.0949,0.00871,0.00867,66,66,5.854
54.419,0.0044,0.00426,0.0,0.0,0.0834,0.0792,0.00984,0.00948,77,74,5.876
54.438,0.00379,0.0037,0.0,0.0,0.049,0.049,0.00772,0.00722,67,64,5.895
54.459,0.00857,0.00885,0.322,0.369,0.0417,0.0375,0.01876,0.01927,207,204,5.769
54.478,0.00545,0.00554,0.0,0.0,0.0469,0.0469,0.01344,0.01365,123,124,5.804
54.499,0.00218,0.00213,0.0,0.0,0.0949,0.0886,0.00502,0.00501,56,55,5.834
54.518,0.0,0.0,0.0,0.0,0.0,0.0,0.0,0.0,10,10,5.645
54.539,0.0027,0.00287,0.0,0.0,0.0813,0.0876,0.0061,0.00671,46,50,5.699
54.559,0.00279,0.00292,0.0,0.0,0.1189,0.1064,0.00666,0.00685,51,52,5.746
54.579,0.00176,0.00198,0.0,0.0,0.0824,0.074,0.00413,0.00491,36,40,5.785
54.599,0.00255,0.00255,0.0,0.0,0.0803,0.0657,0.00616,0.00611,47,47,5.818
54.618,0.00624,0.00642,0.178,0.199,0.0511,0.0574,0.01367,0.01425,187,187,5.758
54.638,0.00389,0.00408,0.0,0.0,0.0574,0.0584,0.0091,0.00943,98,102,5.795
54.659,0.00357,0.0034,0.0,0.0,0.0511,0.0323,0.00838,0.00813,71,70,5.827
54.679,0.00328,0.00329,0.0,0.0,0.0428,0.0584,0.00647,0.00635,58,57,5.853
54.699,0.00355,0.00359,0.0,0.0,0.0709,0.0792,0.00843,0.00849,65,65,5.876
54.718,0.00285,0.00287,0.0,0.0,0.073,0.0605,0.00711,0.00722,56,57,5.895
54.739,0.00469,0.00472,0.0,0.0,0.0469,0.0386,0.00933,0.00931,77,77,5.911
54.759,0.0,0.0,0.0,0.0,0.0,0.0,0.0,0.0,15,15,5.718
54.778,0.0,0.0,0.0,0.0,0.0,0.0,0.0,0.0,3,3,5.533
54.799,0.00257,0.00259,0.0,0.0,0.0751,0.0678,0.00633,0.00627,45,45,5.605
54.818,0.00199,0.00218,0.0,0.0,0.074,0.0709,0.00517,0.00561,39,42,5.666
54.838,0.00322,0.00313,0.0,0.0,0.0845,0.0553,0.00688,0.00667,54,53,5.717
54.858,0.00463,0.00466,0.0,0.0,0.0448,0.0323,0.01017,0.01038,78,79,5.76
54.878,0.0,0.0,0.0,0.0,0.0,0.0,0.0,0.0,15,15,5.574
54.899,0.0039,0.00388,0.0,0.0,0.0334,0.0271,0.00968,0.00981,68,68,5.639
54.918,0.00396,0.00397,0.0,0.0,0.0229,0.0292,0.00868,0.00862,67,67,5.695
54.938,0.0,0.0,0.0,0.0,0.0,0.0,0.0,0.0,13,13,5.511
54.958,0.0,0.0,0.0,0.0,0.0,0.0,0.0,0.0,2,2,5.334
54.979,0.0,0.0,0.0,0.0,0.0,0.0,0.0,0.0,0,0,5.164
54.999,0.00329,0.00337,0.0,0.0,0.0626,0.0647,0.00682,0.0071,49,51,5.292
55.018,0.00476,0.00477,0.0,0.0,0.0407,0.0407,0.01118,0.0113,77,78,5.401
55.04,0.00213,0.00235,0.0,0.0,0.0688,0.0772,0.00585,0.00621,47,50,5.493
55.058,0.0,0.0,0.0,0.0,0.0,0.0,0.0,0.0,9,9,5.317
55.078,0.00332,0.00327,0.0,0.0,0.0501,0.0438,0.00728,0.00729,52,52,5.422
55.098,0.00271,0.00294,0.0,0.0,0.0699,0.0636,0.00663,0.00738,49,54,5.51
55.118,0.00308,0.0031,0.0,0.0,0.0626,0.0636,0.00709,0.00717,53,54,5.586
55.139,0.00313,0.00325,0.0,0.0,0.0532,0.0594,0.00746,0.00784,56,58,5.649
55.159,0.00194,0.00197,0.0,0.0,0.0751,0.0751,0.00477,0.005,40,41,5.703
55.179,0.00172,0.00155,0.0,0.0,0.0469,0.0605,0.00498,0.00465,36,34,5.749
55.199,0.0,0.0,0.0,0.0,0.0,0.0,0.0,0.0,7,6,5.562
55.218,0.0,0.0,0.0,0.0,0.0,0.0,0.0,0.0,1,1,5.384
55.239,0.0,0.0,0.0,0.0,0.0,0.0,0.0,0.0,0,0,5.212
55.258,0.0,0.0,0.0,0.0,0.0,0.0,0.0,0.0,0,0,5.046
55.279,0.00276,0.00236,0.0,0.0,0.049,0.0574,0.00699,0.0061,45,39,5.193
55.299,0.00276,0.00277,0.0,0.0,0.0521,0.0428,0.00685,0.00724,47,49,5.317
55.319,0.0,0.0,0.0,0.0,0.0,0.0,0.0,0.0,9,9,5.148
55.34,0.00288,0.00286,0.0,0.0,0.0459,0.0365,0.00655,0.00651,45,45,5.278
55.358,0.0,0.0,0.0,0.0,0.0,0.0,0.0,0.0,9,9,5.111
55.379,0.00296,0.00318,0.0,0.0,0.0428,0.0323,0.0069,0.00756,47,51,5.247
55.398,0.00191,0.0,0.0,0.0,0.0521,0.0,0.00475,0.0,36,10,5.363
55.418,0.00169,0.00168,0.0,0.0,0.048,0.0521,0.0051,0.00506,34,33,5.461
55.439,0.00292,0.00281,0.0,0.0,0.0365,0.0313,0.00749,0.00714,53,50,5.543
55.458,0.0,0.00363,0.0,0.0,0.0,0.0469,0.0,0.00762,10,59,5.613
55.478,0.0,0.0,0.0,0.0,0.0,0.0,0.0,0.0,2,11,5.433
55.499,0.0,0.0,0.0,0.0,0.0,0.0,0.0,0.0,0,2,5.259
55.519,0.00381,0.00368,0.0,0.0,0.0417,0.0501,0.00881,0.00834,61,58,5.373
55.538,0.0,0.0,0.0,0.0,0.0,0.0,0.0,0.0,11,11,5.201
55.559,0.0,0.00239,0.0,0.0,0.0,0.0417,0.0,0.00479,2,36,5.324
55.58,0.0,0.0,0.0,0.0,0.0,0.0,0.0,0.0,0,7,5.154
55.599,0.0,0.00287,0.0,0.0,0.0,0.0386,0.0,0.00664,0,46,5.284
55.618,0.0,0.0,0.0,0.0,0.0,0.0,0.0,0.0,0,9,5.116
55.639,0.0,0.0,0.0,0.0,0.0,0.0,0.0,0.0,0,2,4.955
55.658,0.0,0.0,0.0,0.0,0.0,0.0,0.0,0.0,0,0,4.8
55.679,0.0,0.0,0.0,0.0,0.0,0.0,0.0,0.0,0,0,4.651
55.698,0.0,0.0,0.0,0.0,0.0,0.0,0.0,0.0,0,0,4.507
55.719,0.0,0.0,0.0,0.0,0.0,0.0,0.0,0.0,0,0,4.37
55.739,0.0,0.0,0.0,0.0,0.0,0.0,0.0,0.0,0,0,4.238
55.758,0.0,0.0,0.0,0.0,0.0,0.0,0.0,0.0,0,0,4.111
55.778,0.0,0.0,0.0,0.0,0.0,0.0,0.0,0.0,0,0,3.989
55.798,0.0,0.0,0.0,0.0,0.0,0.0,0.0,0.0,0,0,3.872
55.818,0.0,0.0,0.0,0.0,0.0,0.0,0.0,0.0,0,0,3.759
55.839,0.00251,0.0,0.0,0.0,0.0417,0.0,0.00617,0.0,32,0,4.103
55.859,0.0,0.0,0.0,0.0,0.0,0.0,0.0,0.0,6,0,3.981
55.879,0.0,0.0,0.0,0.0,0.0,0.0,0.0,0.0,1,0,3.865
55.899,0.0,0.0,0.0,0.0,0.0,0.0,0.0,0.0,0,0,3.752
55.919,0.0,0.0,0.0,0.0,0.0,0.0,0.0,0.0,0,0,3.644
55.938,0.0,0.0,0.0,0.0,0.0,0.0,0.0,0.0,0,0,3.541
55.958,0.0,0.0,0.0,0.0,0.0,0.0,0.0,0.0,0,0,3.441
55.979,0.0,0.0,0.0,0.0,0.0,0.0,0.0,0.0,0,0,3.345
55.998,0.0,0.0,0.0,0.0,0.0,0.0,0.0,0.0,0,0,3.253
56.018,0.0,0.0,0.0,0.0,0.0,0.0,0.0,0.0,0,0,3.165
56.038,0.0,0.0,0.0,0.0,0.0,0.0,0.0,0.0,0,0,3.08
56.06,0.0,0.0,0.0,0.0,0.0,0.0,0.0,0.0,0,0,2.999
56.078,0.0,0.0,0.0,0.0,0.0,0.0,0.0,0.0,0,0,2.92
56.099,0.0,0.0,0.0,0.0,0.0,0.0,0.0,0.0,0,0,2.845
56.12,0.0,0.0,0.0,0.0,0.0,0.0,0.0,0.0,0,0,2.773
56.138,0.0,0.0,0.0,0.0,0.0,0.0,0.0,0.0,0,0,2.703
56.158,0.0,0.0,0.0,0.0,0.0,0.0,0.0,0.0,0,0,2.636
56.179,0.0,0.0,0.0,0.0,0.0,0.0,0.0,0.0,0,0,2.572
56.199,0.0,0.0,0.0,0.0,0.0,0.0,0.0,0.0,0,0,2.51
56.218,0.0,0.0,0.0,0.0,0.0,0.0,0.0,0.0,0,0,2.451
56.239,0.0,0.0,0.0,0.0,0.0,0.0,0.0,0.0,0,0,2.394
56.258,0.0,0.0,0.0,0.0,0.0,0.0,0.0,0.0,0,0,2.34
56.279,0.0,0.0,0.0,0.0,0.0,0.0,0.0,0.0,0,0,2.287
56.299,0.0,0.0,0.0,0.0,0.0,0.0,0.0,0.0,0,0,2.237
56.319,0.0,0.0,0.0,0.0,0.0,0.0,0.0,0.0,0,0,2.188
56.338,0.0,0.0,0.0,0.0,0.0,0.0,0.0,0.0,0,0,2.142
56.358,0.0,0.0,0.0,0.0,0.0,0.0,0.0,0.0,0,0,2.097
56.379,0.0,0.0,0.0,0.0,0.0,0.0,0.0,0.0,0,0,2.054
56.399,0.0,0.0,0.0,0.0,0.0,0.0,0.0,0.0,0,0,2.012
56.418,0.0,0.0,0.0,0.0,0.0,0.0,0.0,0.0,0,0,1.973
56.439,0.0,0.0,0.0,0.0,0.0,0.0,0.0,0.0,0,0,1.935
56.458,0.0,0.0,0.0,0.0,0.0,0.0,0.0,0.0,0,0,1.898
56.479,0.0,0.0,0.0,0.0,0.0,0.0,0.0,0.0,0,0,1.863
56.499,0.0,0.0,0.0,0.0,0.0,0.0,0.0,0.0,0,0,1.829
56.519,0.0,0.0,0.0,0.0,0.0,0.0,0.0,0.0,0,0,1.796
56.539,0.0,0.0,0.0,0.0,0.0,0.0,0.0,0.0,0,0,1.765
56.558,0.0,0.0,0.0,0.0,0.0,0.0,0.0,0.0,0,0,1.735
56.578,0.0,0.0,0.0,0.0,0.0,0.0,0.0,0.0,0,0,1.706
56.599,0.0,0.0,0.0,0.0,0.0,0.0,0.0,0.0,0,0,1.679
56.618,0.0,0.0,0.0,0.0,0.0,0.0,0.0,0.0,0,0,1.652
56.638,0.0,0.0,0.0,0.0,0.0,0.0,0.0,0.0,0,0,1.627
56.659,0.0,0.0,0.0,0.0,0.0,0.0,0.0,0.0,0,0,1.602
56.678,0.0,0.0,0.0,0.0,0.0,0.0,0.0,0.0,0,0,1.578
56.698,0.0,0.0,0.0,0.0,0.0,0.0,0.0,0.0,0,0,1.556
56.719,0.0,0.0,0.0,0.0,0.0,0.0,0.0,0.0,0,0,1.534
56.739,0.0,0.0,0.0,0.0,0.0,0.0,0.0,0.0,0,0,1.513
56.758,0.0,0.0,0.0,0.0,0.0,0.0,0.0,0.0,0,0,1.493
56.778,0.0,0.0,0.0,0.0,0.0,0.0,0.0,0.0,0,0,1.474
56.799,0.0,0.0,0.0,0.0,0.0,0.0,0.0,0.0,0,0,1.455
56.818,0.0,0.0,0.0,0.0,0.0,0.0,0.0,0.0,0,0,1.437
56.838,0.0,0.0,0.0,0.0,0.0,0.0,0.0,0.0,0,0,1.42
56.858,0.0,0.0,0.0,0.0,0.0,0.0,0.0,0.0,0,0,1.403
56.879,0.0,0.0,0.0,0.0,0.0,0.0,0.0,0.0,0,0,1.388
56.898,0.0,0.0,0.0,0.0,0.0,0.0,0.0,0.0,0,0,1.372
56.919,0.0,0.0,0.0,0.0,0.0,0.0,0.0,0.0,0,0,1.358
56.939,0.0,0.0,0.0,0.0,0.0,0.0,0.0,0.0,0,0,1.344
56.958,0.0,0.0,0.0,0.0,0.0,0.0,0.0,0.0,0,0,1.33
56.979,0.0,0.0,0.0,0.0,0.0,0.0,0.0,0.0,0,0,1.317
56.999,0.0,0.0,0.0,0.0,0.0,0.0,0.0,0.0,0,0,1.305
57.018,0.0,0.0,0.0,0.0,0.0,0.0,0.0,0.0,0,0,1.293
57.039,0.0,0.0,0.0,0.0,0.0,0.0,0.0,0.0,0,0,1.282
57.058,0.0,0.0,0.0,0.0,0.0,0.0,0.0,0.0,0,0,1.27
57.079,0.0,0.0,0.0,0.0,0.0,0.0,0.0,0.0,0,0,1.26
57.098,0.0,0.0,0.0,0.0,0.0,0.0,0.0,0.0,0,0,1.25
57.119,0.0,0.0,0.0,0.0,0.0,0.0,0.0,0.0,0,0,1.24
57.139,0.0,0.0,0.0,0.0,0.0,0.0,0.0,0.0,0,0,1.23
57.159,0.0,0.0,0.0,0.0,0.0,0.0,0.0,0.0,0,0,1.221
57.179,0.0,0.0,0.0,0.0,0.0,0.0,0.0,0.0,0,0,1.213
57.199,0.0,0.0,0.0,0.0,0.0,0.0,0.0,0.0,0,0,1.204
57.218,0.0,0.0,0.0,0.0,0.0,0.0,0.0,0.0,0,0,1.196
57.238,0.0,0.0,0.0,0.0,0.0,0.0,0.0,0.0,0,0,1.189
57.258,0.00283,0.00307,0.0,0.0,0.0511,0.0469,0.00419,0.00468,13,14,1.927
57.279,0.00285,0.00287,0.0,0.0,0.0511,0.0469,0.00536,0.00543,20,20,2.553
57.299,0.0,0.0,0.0,0.0,0.0,0.0,0.0,0.0,4,4,2.492
57.318,0.0,0.0,0.0,0.0,0.0,0.0,0.0,0.0,1,1,2.433
57.338,0.0,0.0,0.0,0.0,0.0,0.0,0.0,0.0,0,0,2.377
57.359,0.0,0.0,0.0,0.0,0.0,0.0,0.0,0.0,0,0,2.323
57.378,0.0,0.0,0.0,0.0,0.0,0.0,0.0,0.0,0,0,2.271
57.399,0.0,0.0,0.0,0.0,0.0,0.0,0.0,0.0,0,0,2.221
57.418,0.0,0.0,0.0,0.0,0.0,0.0,0.0,0.0,0,0,2.173
57.438,0.0,0.0,0.0,0.0,0.0,0.0,0.0,0.0,0,0,2.127
57.458,0.0,0.0,0.0,0.0,0.0,0.0,0.0,0.0,0,0,2.083
57.479,0.0,0.0,0.0,0.0,0.0,0.0,0.0,0.0,0,0,2.041
57.499,0.0,0.0,0.0,0.0,0.0,0.0,0.0,0.0,0,0,2.0
57.518,0.0,0.0,0.0,0.0,0.0,0.0,0.0,0.0,0,0,1.961
57.538,0.0,0.0,0.0,0.0,0.0,0.0,0.0,0.0,0,0,1.923
57.559,0.0,0.0,0.0,0.0,0.0,0.0,0.0,0.0,0,0,1.887
57.578,0.0,0.0,0.0,0.0,0.0,0.0,0.0,0.0,0,0,1.852
57.599,0.0,0.0,0.0,0.0,0.0,0.0,0.0,0.0,0,0,1.819
57.619,0.00237,0.0,0.0,0.0,0.0615,0.0,0.00486,0.0,17,0,2.461
57.639,0.0,0.00254,0.0,0.0,0.0,0.0188,0.0,0.00656,3,24,3.004
57.658,0.0,0.0,0.0,0.0,0.0,0.0,0.0,0.0,1,5,2.925
57.679,0.0,0.0,0.0,0.0,0.0,0.0,0.0,0.0,0,1,2.85
57.698,0.0,0.00235,0.0,0.0,0.0,0.0209,0.0,0.00604,0,25,3.333
57.718,0.0,0.0,0.0,0.0,0.0,0.0,0.0,0.0,0,5,3.242
57.739,0.0,0.0,0.0,0.0,0.0,0.0,0.0,0.0,0,1,3.154
57.758,0.0,0.0,0.0,0.0,0.0,0.0,0.0,0.0,0,0,3.07
57.779,0.0,0.0,0.0,0.0,0.0,0.0,0.0,0.0,0,0,2.988
57.799,0.0,0.0,0.0,0.0,0.0,0.0,0.0,0.0,0,0,2.91
57.818,0.0,0.0,0.0,0.0,0.0,0.0,0.0,0.0,0,0,2.836
57.839,0.0,0.0,0.0,0.0,0.0,0.0,0.0,0.0,0,0,2.764
57.859,0.0,0.0,0.0,0.0,0.0,0.0,0.0,0.0,0,0,2.694
57.878,0.0,0.0,0.0,0.0,0.0,0.0,0.0,0.0,0,0,2.628
57.899,0.0,0.0,0.0,0.0,0.0,0.0,0.0,0.0,0,0,2.564
57.919,0.0,0.0,0.0,0.0,0.0,0.0,0.0,0.0,0,0,2.503
57.938,0.0,0.0,0.0,0.0,0.0,0.0,0.0,0.0,0,0,2.444
57.958,0.0,0.0,0.0,0.0,0.0,0.0,0.0,0.0,0,0,2.387
57.978,0.0,0.0,0.0,0.0,0.0,0.0,0.0,0.0,0,0,2.333
57.999,0.0,0.0,0.0,0.0,0.0,0.0,0.0,0.0,0,0,2.281
58.018,0.0,0.0,0.0,0.0,0.0,0.0,0.0,0.0,0,0,2.23
58.039,0.0,0.0,0.0,0.0,0.0,0.0,0.0,0.0,0,0,2.182
58.059,0.0,0.00195,0.0,0.0,0.0,0.0407,0.0,0.00409,0,16,2.768
58.079,0.0026,0.00244,0.0,0.0,0.0417,0.0396,0.00486,0.00446,23,22,3.264
58.098,0.0,0.0022,0.0,0.0,0.0,0.0448,0.0,0.00546,4,26,3.684
58.118,0.0,0.0,0.0,0.0,0.0,0.0,0.0,0.0,1,5,3.579
58.138,0.0,0.0,0.0,0.0,0.0,0.0,0.0,0.0,0,1,3.478
58.159,0.0,0.0,0.0,0.0,0.0,0.0,0.0,0.0,0,0,3.381
58.179,0.0,0.0,0.0,0.0,0.0,0.0,0.0,0.0,0,0,3.287
58.198,0.0,0.0,0.0,0.0,0.0,0.0,0.0,0.0,0,0,3.198
58.219,0.0,0.0,0.0,0.0,0.0,0.0,0.0,0.0,0,0,3.112
58.239,0.0,0.0,0.0,0.0,0.0,0.0,0.0,0.0,0,0,3.029
58.258,0.0,0.0,0.0,0.0,0.0,0.0,0.0,0.0,0,0,2.949
58.278,0.0,0.0,0.0,0.0,0.0,0.0,0.0,0.0,0,0,2.873
58.298,0.0,0.0,0.0,0.0,0.0,0.0,0.0,0.0,0,0,2.799
58.319,0.0,0.0,0.0,0.0,0.0,0.0,0.0,0.0,0,0,2.729
58.339,0.0,0.0,0.0,0.0,0.0,0.0,0.0,0.0,0,0,2.661
58.358,0.0,0.0,0.0,0.0,0.0,0.0,0.0,0.0,0,0,2.596
58.379,0.0,0.0,0.0,0.0,0.0,0.0,0.0,0.0,0,0,2.533
58.399,0.0,0.0,0.0,0.0,0.0,0.0,0.0,0.0,0,0,2.473
58.418,0.0,0.0,0.0,0.0,0.0,0.0,0.0,0.0,0,0,2.415
58.438,0.0,0.0,0.0,0.0,0.0,0.0,0.0,0.0,0,0,2.36
58.46,0.0,0.0,0.0,0.0,0.0,0.0,0.0,0.0,0,0,2.307
58.478,0.0,0.0,0.0,0.0,0.0,0.0,0.0,0.0,0,0,2.255
58.499,0.0,0.0,0.0,0.0,0.0,0.0,0.0,0.0,0,0,2.206
58.519,0.0,0.0,0.0,0.0,0.0,0.0,0.0,0.0,0,0,2.159
58.539,0.0,0.0,0.0,0.0,0.0,0.0,0.0,0.0,0,0,2.113
58.558,0.0,0.0,0.0,0.0,0.0,0.0,0.0,0.0,0,0,2.07
58.579,0.0,0.0,0.0,0.0,0.0,0.0,0.0,0.0,0,0,2.028
58.598,0.0,0.0,0.0,0.0,0.0,0.0,0.0,0.0,0,0,1.988
58.619,0.0,0.0,0.0,0.0,0.0,0.0,0.0,0.0,0,0,1.949
58.639,0.0,0.0,0.0,0.0,0.0,0.0,0.0,0.0,0,0,1.912
58.659,0.0,0.0,0.0,0.0,0.0,0.0,0.0,0.0,0,0,1.876
58.678,0.0,0.0,0.0,0.0,0.0,0.0,0.0,0.0,0,0,1.842
58.699,0.0,0.0,0.0,0.0,0.0,0.0,0.0,0.0,0,0,1.809
58.718,0.0,0.0,0.0,0.0,0.0,0.0,0.0,0.0,0,0,1.777
58.738,0.0,0.0,0.0,0.0,0.0,0.0,0.0,0.0,0,0,1.746
58.759,0.0,0.0,0.0,0.0,0.0,0.0,0.0,0.0,0,0,1.717
58.778,0.0,0.0,0.0,0.0,0.0,0.0,0.0,0.0,0,0,1.689
58.799,0.0,0.0,0.0,0.0,0.0,0.0,0.0,0.0,0,0,1.662
58.818,0.0,0.0,0.0,0.0,0.0,0.0,0.0,0.0,0,0,1.636
58.838,0.0,0.0,0.0,0.0,0.0,0.0,0.0,0.0,0,0,1.611
58.859,0.0,0.0,0.0,0.0,0.0,0.0,0.0,0.0,0,0,1.587
58.878,0.0,0.0,0.0,0.0,0.0,0.0,0.0,0.0,0,0,1.564
58.899,0.0,0.0,0.0,0.0,0.0,0.0,0.0,0.0,0,0,1.542
58.918,0.0,0.0,0.0,0.0,0.0,0.0,0.0,0.0,0,0,1.521
58.938,0.0,0.0,0.0,0.0,0.0,0.0,0.0,0.0,0,0,1.5
58.959,0.0,0.0,0.0,0.0,0.0,0.0,0.0,0.0,0,0,1.481
58.979,0.0,0.0,0.0,0.0,0.0,0.0,0.0,0.0,0,0,1.462
58.999,0.0,0.0,0.0,0.0,0.0,0.0,0.0,0.0,0,0,1.444
59.019,0.0,0.0,0.0,0.0,0.0,0.0,0.0,0.0,0,0,1.426
59.038,0.0,0.0,0.0,0.0,0.0,0.0,0.0,0.0,0,0,1.41
59.058,0.0,0.0,0.0,0.0,0.0,0.0,0.0,0.0,0,0,1.394
59.079,0.0,0.0,0.0,0.0,0.0,0.0,0.0,0.0,0,0,1.378
59.099,0.0,0.0,0.0,0.0,0.0,0.0,0.0,0.0,0,0,1.363
59.118,0.0,0.0,0.0,0.0,0.0,0.0,0.0,0.0,0,0,1.349
59.139,0.0,0.0,0.0,0.0,0.0,0.0,0.0,0.0,0,0,1.335
59.16,0.0,0.0,0.0,0.0,0.0,0.0,0.0,0.0,0,0,1.322
59.178,0.0,0.0,0.0,0.0,0.0,0.0,0.0,0.0,0,0,1.31
59.198,0.0,0.0,0.0,0.0,0.0,0.0,0.0,0.0,0,0,1.297
59.218,0.0,0.0,0.0,0.0,0.0,0.0,0.0,0.0,0,0,1.286
59.238,0.0,0.0,0.0,0.0,0.0,0.0,0.0,0.0,0,0,1.275
59.259,0.0,0.0,0.0,0.0,0.0,0.0,0.0,0.0,0,0,1.264
59.279,0.0,0.0,0.0,0.0,0.0,0.0,0.0,0.0,0,0,1.253
59.299,0.0,0.0,0.0,0.0,0.0,0.0,0.0,0.0,0,0,1.244
59.319,0.0,0.0,0.0,0.0,0.0,0.0,0.0,0.0,0,0,1.234
59.338,0.0,0.0,0.0,0.0,0.0,0.0,0.0,0.0,0,0,1.225
59.359,0.0,0.0,0.0,0.0,0.0,0.0,0.0,0.0,0,0,1.216
59.379,0.0,0.0,0.0,0.0,0.0,0.0,0.0,0.0,0,0,1.208
59.398,0.0,0.0,0.0,0.0,0.0,0.0,0.0,0.0,0,0,1.199
59.419,0.0,0.0,0.0,0.0,0.0,0.0,0.0,0.0,0,0,1.192
59.439,0.0,0.0,0.0,0.0,0.0,0.0,0.0,0.0,0,0,1.184
59.459,0.0,0.0,0.0,0.0,0.0,0.0,0.0,0.0,0,0,1.177
59.479,0.0,0.0,0.0,0.0,0.0,0.0,0.0,0.0,0,0,1.17
59.499,0.0,0.0,0.0,0.0,0.0,0.0,0.0,0.0,0,0,1.163
59.518,0.0,0.0,0.0,0.0,0.0,0.0,0.0,0.0,0,0,1.157
59.538,0.0,0.0,0.0,0.0,0.0,0.0,0.0,0.0,0,0,1.151
59.558,0.0,0.0,0.0,0.0,0.0,0.0,0.0,0.0,0,0,1.145
59.579,0.0,0.0,0.0,0.0,0.0,0.0,0.0,0.0,0,0,1.139
59.599,0.0,0.0,0.0,0.0,0.0,0.0,0.0,0.0,0,0,1.134
59.618,0.0,0.0,0.0,0.0,0.0,0.0,0.0,0.0,0,0,1.128
59.639,0.0,0.0,0.0,0.0,0.0,0.0,0.0,0.0,0,0,1.123
59.659,0.00354,0.00359,0.0,0.0,0.0167,0.0156,0.00613,0.0062,17,17,1.872
59.678,0.0,0.0,0.0,0.0,0.0,0.0,0.0,0.0,3,3,1.838
59.698,0.0,0.0,0.0,0.0,0.0,0.0,0.0,0.0,1,1,1.805
59.718,0.0,0.0,0.0,0.0,0.0,0.0,0.0,0.0,0,0,1.773
59.739,0.0,0.0,0.0,0.0,0.0,0.0,0.0,0.0,0,0,1.743
59.759,0.0,0.0,0.0,0.0,0.0,0.0,0.0,0.0,0,0,1.714
59.779,0.0,0.0,0.0,0.0,0.0,0.0,0.0,0.0,0,0,1.686
59.799,0.0,0.0,0.0,0.0,0.0,0.0,0.0,0.0,0,0,1.659
59.818,0.0,0.0,0.0,0.0,0.0,0.0,0.0,0.0,0,0,1.633
59.838,0.0,0.0,0.0,0.0,0.0,0.0,0.0,0.0,0,0,1.608
59.859,0.0,0.0,0.0,0.0,0.0,0.0,0.0,0.0,0,0,1.585
59.878,0.0,0.0,0.0,0.0,0.0,0.0,0.0,0.0,0,0,1.562
59.899,0.0,0.0,0.0,0.0,0.0,0.0,0.0,0.0,0,0,1.54
59.919,0.0,0.0,0.0,0.0,0.0,0.0,0.0,0.0,0,0,1.518
59.938,0.0,0.0,0.0,0.0,0.0,0.0,0.0,0.0,0,0,1.498
59.958,0.0,0.0,0.0,0.0,0.0,0.0,0.0,0.0,0,0,1.479
59.979,0.0,0.0,0.0,0.0,0.0,0.0,0.0,0.0,0,0,1.46
59.999,0.0,0.0,0.0,0.0,0.0,0.0,0.0,0.0,0,0,1.442
60.019,0.0,0.0,0.0,0.0,0.0,0.0,0.0,0.0,0,0,1.424
60.04,0.0,0.0,0.0,0.0,0.0,0.0,0.0,0.0,0,0,1.408
60.058,0.00225,0.00252,0.0,0.0,0.0678,0.0584,0.00527,0.00615,14,17,2.113
60.078,0.0,0.0,0.0,0.0,0.0,0.0,0.0,0.0,3,3,2.069
60.099,0.00299,0.0,0.0,0.0,0.0365,0.0,0.0066,0.0,23,1,2.673
60.119,0.0,0.0,0.0,0.0,0.0,0.0,0.0,0.0,4,0,2.607
60.139,0.0,0.0,0.0,0.0,0.0,0.0,0.0,0.0,1,0,2.544
60.158,0.0,0.0,0.0,0.0,0.0,0.0,0.0,0.0,0,0,2.483
60.179,0.00382,0.00401,0.0,0.0,0.0365,0.0219,0.00764,0.00776,32,33,3.023
60.199,0.0,0.0,0.0,0.0,0.0,0.0,0.0,0.0,6,6,2.944
60.218,0.0,0.0,0.0,0.0,0.0,0.0,0.0,0.0,1,1,2.868
60.238,0.0,0.0,0.0,0.0,0.0,0.0,0.0,0.0,0,0,2.795
60.258,0.0,0.0,0.0,0.0,0.0,0.0,0.0,0.0,0,0,2.724
60.279,0.0,0.0,0.0,0.0,0.0,0.0,0.0,0.0,0,0,2.657
60.299,0.0,0.0,0.0,0.0,0.0,0.0,0.0,0.0,0,0,2.592
60.319,0.0,0.0,0.0,0.0,0.0,0.0,0.0,0.0,0,0,2.529
60.339,0.0,0.0,0.0,0.0,0.0,0.0,0.0,0.0,0,0,2.469
60.358,0.0,0.0,0.0,0.0,0.0,0.0,0.0,0.0,0,0,2.412
60.378,0.0,0.0,0.0,0.0,0.0,0.0,0.0,0.0,0,0,2.356
60.399,0.00109,0.0,0.0,0.0,0.0626,0.0,0.00314,0.0,11,0,2.916
60.419,0.00123,0.00118,0.0,0.0,0.048,0.0438,0.00342,0.00324,15,14,3.389
60.439,0.0,0.0,0.0,0.0,0.0,0.0,0.0,0.0,3,3,3.295
60.459,0.00317,0.00279,0.0,0.0,0.1022,0.0949,0.00781,0.00705,36,33,3.711
60.479,0.00517,0.00403,0.092,0.0,0.1668,0.1689,0.00861,0.00758,101,45,4.062
60.499,0.00621,0.00609,0.066,0.12,0.1981,0.1564,0.0109,0.00957,108,131,4.36
60.518,0.00683,0.00752,0.044,0.113,0.22,0.2638,0.0122,0.0137,107,154,4.552
60.539,0.00671,0.0044,0.0,0.0,0.2179,0.2242,0.00979,0.00667,82,71,4.774
60.558,0.00415,0.00398,0.0,0.0,0.1283,0.0949,0.01112,0.01001,71,65,4.962
60.58,0.00639,0.00404,0.132,0.0,0.1502,0.1303,0.01163,0.00831,169,60,5.063
60.599,0.00506,0.00474,0.0,0.0,0.0949,0.0918,0.00924,0.00848,89,65,5.207
60.619,0.00437,0.00605,0.0,0.082,0.1637,0.073,0.00857,0.0093,70,134,5.328
60.64,0.00471,0.00492,0.0,0.0,0.0991,0.049,0.01205,0.01428,81,99,5.431
60.659,0.00824,0.00974,0.256,0.414,0.0428,0.0282,0.0168,0.02002,221,232,5.314
60.679,0.0064,0.00698,0.0,0.0,0.1147,0.0813,0.01489,0.01691,127,136,5.42
60.699,0.00359,0.00444,0.0,0.0,0.1397,0.1397,0.00598,0.0075,66,77,5.509
60.718,0.00439,0.00542,0.0,0.0,0.1564,0.1168,0.00885,0.01044,69,83,5.584
60.739,0.00324,0.00323,0.0,0.0,0.1783,0.1303,0.00696,0.00735,57,61,5.648
60.759,0.0,0.0,0.0,0.0,0.0,0.0,0.0,0.0,11,12,5.466
60.778,0.0,0.0,0.0,0.0,0.0,0.0,0.0,0.0,2,2,5.291
60.799,0.0,0.0,0.0,0.0,0.0,0.0,0.0,0.0,0,0,5.122
60.819,0.0,0.0,0.0,0.0,0.0,0.0,0.0,0.0,0,0,4.961
60.838,0.0,0.0,0.0,0.0,0.0,0.0,0.0,0.0,0,0,4.805
60.858,0.0,0.0,0.0,0.0,0.0,0.0,0.0,0.0,0,0,4.656
60.879,0.0,0.0,0.0,0.0,0.0,0.0,0.0,0.0,0,0,4.513
60.899,0.0,0.0,0.0,0.0,0.0,0.0,0.0,0.0,0,0,4.375
60.918,0.0,0.0,0.0,0.0,0.0,0.0,0.0,0.0,0,0,4.243
60.939,0.0,0.0,0.0,0.0,0.0,0.0,0.0,0.0,0,0,4.116
60.958,0.0,0.0,0.0,0.0,0.0,0.0,0.0,0.0,0,0,3.993
60.978,0.0,0.0,0.0,0.0,0.0,0.0,0.0,0.0,0,0,3.876
60.999,0.0,0.0,0.0,0.0,0.0,0.0,0.0,0.0,0,0,3.763
61.019,0.0,0.0,0.0,0.0,0.0,0.0,0.0,0.0,0,0,3.655
61.039,0.0,0.0,0.0,0.0,0.0,0.0,0.0,0.0,0,0,3.551
61.058,0.0,0.0,0.0,0.0,0.0,0.0,0.0,0.0,0,0,3.451
61.079,0.0,0.0,0.0,0.0,0.0,0.0,0.0,0.0,0,0,3.355
61.098,0.0,0.0,0.0,0.0,0.0,0.0,0.0,0.0,0,0,3.262
61.119,0.0,0.0,0.0,0.0,0.0,0.0,0.0,0.0,0,0,3.174
61.138,0.0,0.0,0.0,0.0,0.0,0.0,0.0,0.0,0,0,3.088
61.158,0.0,0.0,0.0,0.0,0.0,0.0,0.0,0.0,0,0,3.007
61.179,0.0,0.0,0.0,0.0,0.0,0.0,0.0,0.0,0,0,2.928
61.199,0.0,0.0,0.0,0.0,0.0,0.0,0.0,0.0,0,0,2.852
61.219,0.0,0.0,0.0,0.0,0.0,0.0,0.0,0.0,0,0,2.78
61.239,0.0,0.0,0.0,0.0,0.0,0.0,0.0,0.0,0,0,2.71
61.259,0.0,0.0,0.0,0.0,0.0,0.0,0.0,0.0,0,0,2.643
61.279,0.0,0.0,0.0,0.0,0.0,0.0,0.0,0.0,0,0,2.578
61.299,0.0,0.0,0.0,0.0,0.0,0.0,0.0,0.0,0,0,2.517
61.318,0.0,0.0,0.0,0.0,0.0,0.0,0.0,0.0,0,0,2.457
61.339,0.0,0.0,0.0,0.0,0.0,0.0,0.0,0.0,0,0,2.4
61.358,0.0,0.0,0.0,0.0,0.0,0.0,0.0,0.0,0,0,2.345
61.379,0.0,0.0,0.0,0.0,0.0,0.0,0.0,0.0,0,0,2.292
61.398,0.0,0.0,0.0,0.0,0.0,0.0,0.0,0.0,0,0,2.242
61.418,0.0,0.0,0.0,0.0,0.0,0.0,0.0,0.0,0,0,2.193
61.438,0.0,0.0,0.0,0.0,0.0,0.0,0.0,0.0,0,0,2.146
61.459,0.0,0.0,0.0,0.0,0.0,0.0,0.0,0.0,0,0,2.101
61.478,0.0,0.0,0.0,0.0,0.0,0.0,0.0,0.0,0,0,2.058
61.498,0.0,0.0,0.0,0.0,0.0,0.0,0.0,0.0,0,0,2.017
61.518,0.0,0.0,0.0,0.0,0.0,0.0,0.0,0.0,0,0,1.977
61.539,0.0,0.0,0.0,0.0,0.0,0.0,0.0,0.0,0,0,1.938
61.558,0.0,0.0,0.0,0.0,0.0,0.0,0.0,0.0,0,0,1.902
61.579,0.0,0.0,0.0,0.0,0.0,0.0,0.0,0.0,0,0,1.866
61.599,0.0,0.0,0.0,0.0,0.0,0.0,0.0,0.0,0,0,1.832
61.619,0.0,0.0,0.0,0.0,0.0,0.0,0.0,0.0,0,0,1.8
61.639,0.0,0.0,0.0,0.0,0.0,0.0,0.0,0.0,0,0,1.768
61.659,0.0,0.0,0.0,0.0,0.0,0.0,0.0,0.0,0,0,1.738
61.678,0.0,0.0,0.0,0.0,0.0,0.0,0.0,0.0,0,0,1.709
61.699,0.0,0.0,0.0,0.0,0.0,0.0,0.0,0.0,0,0,1.681
61.718,0.0,0.0,0.0,0.0,0.0,0.0,0.0,0.0,0,0,1.655
61.738,0.0,0.0,0.0,0.0,0.0,0.0,0.0,0.0,0,0,1.629
61.76,0.0,0.0,0.0,0.0,0.0,0.0,0.0,0.0,0,0,1.604
61.778,0.0,0.0,0.0,0.0,0.0,0.0,0.0,0.0,0,0,1.581
61.799,0.0,0.0,0.0,0.0,0.0,0.0,0.0,0.0,0,0,1.558
61.818,0.0,0.0,0.0,0.0,0.0,0.0,0.0,0.0,0,0,1.536
61.839,0.0,0.0,0.0,0.0,0.0,0.0,0.0,0.0,0,0,1.515
61.858,0.0,0.0,0.0,0.0,0.0,0.0,0.0,0.0,0,0,1.495
61.878,0.0,0.0,0.0,0.0,0.0,0.0,0.0,0.0,0,0,1.475
61.899,0.0,0.0,0.0,0.0,0.0,0.0,0.0,0.0,0,0,1.457
61.919,0.0,0.0,0.0,0.0,0.0,0.0,0.0,0.0,0,0,1.439
61.939,0.0,0.0,0.0,0.0,0.0,0.0,0.0,0.0,0,0,1.422
61.959,0.0,0.0,0.0,0.0,0.0,0.0,0.0,0.0,0,0,1.405
61.978,0.0,0.0,0.0,0.0,0.0,0.0,0.0,0.0,0,0,1.389
61.999,0.0,0.0,0.0,0.0,0.0,0.0,0.0,0.0,0,0,1.374
62.019,0.0,0.0,0.0,0.0,0.0,0.0,0.0,0.0,0,0,1.359
62.038,0.0,0.0,0.0,0.0,0.0,0.0,0.0,0.0,0,0,1.345
62.059,0.0,0.0,0.0,0.0,0.0,0.0,0.0,0.0,0,0,1.332
62.079,0.0,0.0,0.0,0.0,0.0,0.0,0.0,0.0,0,0,1.319
62.099,0.0,0.0,0.0,0.0,0.0,0.0,0.0,0.0,0,0,1.306
62.119,0.0,0.0,0.0,0.0,0.0,0.0,0.0,0.0,0,0,1.294
62.138,0.0,0.0,0.0,0.0,0.0,0.0,0.0,0.0,0,0,1.283
62.158,0.0,0.0,0.0,0.0,0.0,0.0,0.0,0.0,0,0,1.272
62.178,0.0,0.0,0.0,0.0,0.0,0.0,0.0,0.0,0,0,1.261
62.199,0.0,0.0,0.0,0.0,0.0,0.0,0.0,0.0,0,0,1.251
62.219,0.0,0.0,0.0,0.0,0.0,0.0,0.0,0.0,0,0,1.241
62.238,0.0,0.0,0.0,0.0,0.0,0.0,0.0,0.0,0,0,1.231
62.258,0.0,0.0,0.0,0.0,0.0,0.0,0.0,0.0,0,0,1.222
62.279,0.0,0.0,0.0,0.0,0.0,0.0,0.0,0.0,0,0,1.214
62.299,0.0,0.0,0.0,0.0,0.0,0.0,0.0,0.0,0,0,1.205
62.319,0.0,0.0,0.0,0.0,0.0,0.0,0.0,0.0,0,0,1.197
62.339,0.0,0.0,0.0,0.0,0.0,0.0,0.0,0.0,0,0,1.189
62.359,0.0,0.0,0.0,0.0,0.0,0.0,0.0,0.0,0,0,1.182
62.378,0.0,0.0,0.0,0.0,0.0,0.0,0.0,0.0,0,0,1.175
62.399,0.0,0.0,0.0,0.0,0.0,0.0,0.0,0.0,0,0,1.168
62.418,0.0,0.0,0.0,0.0,0.0,0.0,0.0,0.0,0,0,1.161
62.438,0.0,0.0,0.0,0.0,0.0,0.0,0.0,0.0,0,0,1.155
62.458,0.0,0.0,0.0,0.0,0.0,0.0,0.0,0.0,0,0,1.149
62.479,0.0,0.0,0.0,0.0,0.0,0.0,0.0,0.0,0,0,1.143
62.499,0.0,0.0,0.0,0.0,0.0,0.0,0.0,0.0,0,0,1.138
62.518,0.0,0.0,0.0,0.0,0.0,0.0,0.0,0.0,0,0,1.132
62.538,0.0,0.0,0.0,0.0,0.0,0.0,0.0,0.0,0,0,1.127
62.558,0.0,0.0,0.0,0.0,0.0,0.0,0.0,0.0,0,0,1.122
62.579,0.0,0.0,0.0,0.0,0.0,0.0,0.0,0.0,0,0,1.117
62.599,0.0,0.0,0.0,0.0,0.0,0.0,0.0,0.0,0,0,1.113
62.619,0.0,0.0,0.0,0.0,0.0,0.0,0.0,0.0,0,0,1.108
62.638,0.0,0.0,0.0,0.0,0.0,0.0,0.0,0.0,0,0,1.104
62.659,0.0,0.0,0.0,0.0,0.0,0.0,0.0,0.0,0,0,1.1
62.678,0.0,0.0,0.0,0.0,0.0,0.0,0.0,0.0,0,0,1.096
62.699,0.0,0.0,0.0,0.0,0.0,0.0,0.0,0.0,0,0,1.092
62.718,0.0,0.0,0.0,0.0,0.0,0.0,0.0,0.0,0,0,1.089
62.738,0.0,0.0,0.0,0.0,0.0,0.0,0.0,0.0,0,0,1.085
62.759,0.0,0.0,0.0,0.0,0.0,0.0,0.0,0.0,0,0,1.082
62.778,0.0,0.0,0.0,0.0,0.0,0.0,0.0,0.0,0,0,1.079
62.799,0.0,0.0,0.0,0.0,0.0,0.0,0.0,0.0,0,0,1.076
62.818,0.0,0.0,0.0,0.0,0.0,0.0,0.0,0.0,0,0,1.073
62.838,0.0,0.0,0.0,0.0,0.0,0.0,0.0,0.0,0,0,1.07
62.858,0.0,0.0,0.0,0.0,0.0,0.0,0.0,0.0,0,0,1.067
62.88,0.0,0.0,0.0,0.0,0.0,0.0,0.0,0.0,0,0,1.064
62.899,0.0,0.0,0.0,0.0,0.0,0.0,0.0,0.0,0,0,1.062
62.918,0.0,0.0,0.0,0.0,0.0,0.0,0.0,0.0,0,0,1.059
62.938,0.0,0.0,0.0,0.0,0.0,0.0,0.0,0.0,0,0,1.057
62.958,0.0,0.0,0.0,0.0,0.0,0.0,0.0,0.0,0,0,1.055
62.978,0.0,0.0,0.0,0.0,0.0,0.0,0.0,0.0,0,0,1.053
62.999,0.0,0.0,0.0,0.0,0.0,0.0,0.0,0.0,0,0,1.051
63.019,0.0,0.0,0.0,0.0,0.0,0.0,0.0,0.0,0,0,1.049
63.038,0.0,0.0,0.0,0.0,0.0,0.0,0.0,0.0,0,0,1.047
63.058,0.0,0.0,0.0,0.0,0.0,0.0,0.0,0.0,0,0,1.045
63.078,0.0,0.0,0.0,0.0,0.0,0.0,0.0,0.0,0,0,1.043
63.098,0.0,0.0,0.0,0.0,0.0,0.0,0.0,0.0,0,0,1.041
63.119,0.0,0.0,0.0,0.0,0.0,0.0,0.0,0.0,0,0,1.04
63.139,0.0,0.0,0.0,0.0,0.0,0.0,0.0,0.0,0,0,1.038
63.158,0.0,0.0,0.0,0.0,0.0,0.0,0.0,0.0,0,0,1.037
63.179,0.0,0.0,0.0,0.0,0.0,0.0,0.0,0.0,0,0,1.035
63.199,0.0,0.0,0.0,0.0,0.0,0.0,0.0,0.0,0,0,1.034
63.219,0.0,0.0,0.0,0.0,0.0,0.0,0.0,0.0,0,0,1.033
63.239,0.0,0.0,0.0,0.0,0.0,0.0,0.0,0.0,0,0,1.031
63.258,0.0,0.0,0.0,0.0,0.0,0.0,0.0,0.0,0,0,1.03
63.279,0.0,0.0,0.0,0.0,0.0,0.0,0.0,0.0,0,0,1.029
63.299,0.0,0.0,0.0,0.0,0.0,0.0,0.0,0.0,0,0,1.028
63.319,0.0,0.0,0.0,0.0,0.0,0.0,0.0,0.0,0,0,1.027
63.338,0.0,0.0,0.0,0.0,0.0,0.0,0.0,0.0,0,0,1.026
63.358,0.0,0.0,0.0,0.0,0.0,0.0,0.0,0.0,0,0,1.025
63.379,0.0,0.0,0.0,0.0,0.0,0.0,0.0,0.0,0,0,1.024
63.399,0.0,0.0,0.0,0.0,0.0,0.0,0.0,0.0,0,0,1.023
63.419,0.0,0.0,0.0,0.0,0.0,0.0,0.0,0.0,0,0,1.022
63.438,0.0,0.0,0.0,0.0,0.0,0.0,0.0,0.0,0,0,1.021
63.459,0.0,0.0,0.0,0.0,0.0,0.0,0.0,0.0,0,0,1.02
63.478,0.0,0.0,0.0,0.0,0.0,0.0,0.0,0.0,0,0,1.019
63.499,0.0,0.0,0.0,0.0,0.0,0.0,0.0,0.0,0,0,1.019
63.518,0.0,0.0,0.0,0.0,0.0,0.0,0.0,0.0,0,0,1.018
63.538,0.0,0.0,0.0,0.0,0.0,0.0,0.0,0.0,0,0,1.017
63.559,0.0,0.0,0.0,0.0,0.0,0.0,0.0,0.0,0,0,1.017
63.579,0.0,0.0,0.0,0.0,0.0,0.0,0.0,0.0,0,0,1.016
63.599,0.0,0.0,0.0,0.0,0.0,0.0,0.0,0.0,0,0,1.015
63.618,0.0,0.0,0.0,0.0,0.0,0.0,0.0,0.0,0,0,1.015
63.638,0.0,0.0,0.0,0.0,0.0,0.0,0.0,0.0,0,0,1.014
63.659,0.0,0.0,0.0,0.0,0.0,0.0,0.0,0.0,0,0,1.014
63.679,0.0,0.0,0.0,0.0,0.0,0.0,0.0,0.0,0,0,1.013
63.698,0.0,0.0,0.0,0.0,0.0,0.0,0.0,0.0,0,0,1.012
63.719,0.0,0.0,0.0,0.0,0.0,0.0,0.0,0.0,0,0,1.012
63.739,0.0,0.0,0.0,0.0,0.0,0.0,0.0,0.0,0,0,1.012
63.759,0.0,0.0,0.0,0.0,0.0,0.0,0.0,0.0,0,0,1.011
63.778,0.0,0.0,0.0,0.0,0.0,0.0,0.0,0.0,0,0,1.011
63.798,0.0,0.0,0.0,0.0,0.0,0.0,0.0,0.0,0,0,1.01
63.818,0.0,0.0,0.0,0.0,0.0,0.0,0.0,0.0,0,0,1.01
63.838,0.0,0.0,0.0,0.0,0.0,0.0,0.0,0.0,0,0,1.009
63.859,0.0,0.0,0.0,0.0,0.0,0.0,0.0,0.0,0,0,1.009
63.879,0.0,0.0,0.0,0.0,0.0,0.0,0.0,0.0,0,0,1.009
63.899,0.0,0.0,0.0,0.0,0.0,0.0,0.0,0.0,0,0,1.008
63.918,0.0,0.0,0.0,0.0,0.0,0.0,0.0,0.0,0,0,1.008
63.939,0.0,0.0,0.0,0.0,0.0,0.0,0.0,0.0,0,0,1.008
63.959,0.0,0.0,0.0,0.0,0.0,0.0,0.0,0.0,0,0,1.007
63.978,0.0,0.0,0.0,0.0,0.0,0.0,0.0,0.0,0,0,1.007
63.999,0.0,0.0,0.0,0.0,0.0,0.0,0.0,0.0,0,0,1.007
64.019,0.0,0.0,0.0,0.0,0.0,0.0,0.0,0.0,0,0,1.007
64.038,0.0,0.0,0.0,0.0,0.0,0.0,0.0,0.0,0,0,1.006
64.059,0.0,0.0,0.0,0.0,0.0,0.0,0.0,0.0,0,0,1.006
64.079,0.0,0.0,0.0,0.0,0.0,0.0,0.0,0.0,0,0,1.006
64.099,0.0,0.0,0.0,0.0,0.0,0.0,0.0,0.0,0,0,1.006
64.119,0.0,0.0,0.0,0.0,0.0,0.0,0.0,0.0,0,0,1.005
64.138,0.0,0.0,0.0,0.0,0.0,0.0,0.0,0.0,0,0,1.005
64.159,0.0,0.0,0.0,0.0,0.0,0.0,0.0,0.0,0,0,1.005
64.178,0.0,0.0,0.0,0.0,0.0,0.0,0.0,0.0,0,0,1.005
64.199,0.0,0.0,0.0,0.0,0.0,0.0,0.0,0.0,0,0,1.005
64.22,0.0,0.0,0.0,0.0,0.0,0.0,0.0,0.0,0,0,1.004
64.238,0.0,0.0,0.0,0.0,0.0,0.0,0.0,0.0,0,0,1.004
64.258,0.0,0.0,0.0,0.0,0.0,0.0,0.0,0.0,0,0,1.004
64.279,0.0,0.0,0.0,0.0,0.0,0.0,0.0,0.0,0,0,1.004
64.299,0.0,0.0,0.0,0.0,0.0,0.0,0.0,0.0,0,0,1.004
64.318,0.0,0.0,0.0,0.0,0.0,0.0,0.0,0.0,0,0,1.004
64.338,0.0,0.0,0.0,0.0,0.0,0.0,0.0,0.0,0,0,1.003
64.359,0.0,0.0,0.0,0.0,0.0,0.0,0.0,0.0,0,0,1.003
64.378,0.0,0.0,0.0,0.0,0.0,0.0,0.0,0.0,0,0,1.003
64.399,0.0,0.0,0.0,0.0,0.0,0.0,0.0,0.0,0,0,1.003
64.419,0.0,0.0,0.0,0.0,0.0,0.0,0.0,0.0,0,0,1.003
64.438,0.0,0.0,0.0,0.0,0.0,0.0,0.0,0.0,0,0,1.003
64.459,0.0,0.0,0.0,0.0,0.0,0.0,0.0,0.0,0,0,1.003
64.479,0.0,0.0,0.0,0.0,0.0,0.0,0.0,0.0,0,0,1.003
64.499,0.0,0.0,0.0,0.0,0.0,0.0,0.0,0.0,0,0,1.003
64.518,0.0,0.0,0.0,0.0,0.0,0.0,0.0,0.0,0,0,1.002
64.538,0.0,0.0,0.0,0.0,0.0,0.0,0.0,0.0,0,0,1.002
64.558,0.00198,0.0,0.0,0.0,0.0219,0.0,0.00545,0.0,12,0,1.77
64.578,0.0,0.0,0.0,0.0,0.0,0.0,0.0,0.0,2,0,1.739
64.599,0.00274,0.0,0.0,0.0,0.0156,0.0,0.00611,0.0,19,0,2.393
64.618,0.0,0.0,0.0,0.0,0.0,0.0,0.0,0.0,4,0,2.339
64.638,0.0,0.0,0.0,0.0,0.0,0.0,0.0,0.0,1,0,2.286
64.659,0.0,0.0,0.0,0.0,0.0,0.0,0.0,0.0,0,0,2.236
64.678,0.0,0.0,0.0,0.0,0.0,0.0,0.0,0.0,0,0,2.187
64.698,0.0,0.0,0.0,0.0,0.0,0.0,0.0,0.0,0,0,2.141
64.719,0.0,0.0,0.0,0.0,0.0,0.0,0.0,0.0,0,0,2.096
64.739,0.00182,0.0,0.0,0.0,0.024,0.0,0.00481,0.0,16,0,2.695
64.759,0.0,0.0,0.0,0.0,0.0,0.0,0.0,0.0,3,0,2.629
64.779,0.0,0.0,0.0,0.0,0.0,0.0,0.0,0.0,1,0,2.565
64.799,0.0,0.0,0.0,0.0,0.0,0.0,0.0,0.0,0,0,2.504
64.818,0.0,0.0,0.0,0.0,0.0,0.0,0.0,0.0,0,0,2.445
64.838,0.0,0.0,0.0,0.0,0.0,0.0,0.0,0.0,0,0,2.388
64.859,0.00213,0.0,0.0,0.0,0.0271,0.0,0.00571,0.0,21,0,2.943
64.879,0.00193,0.0,0.0,0.0,0.0428,0.0,0.00515,0.0,22,0,3.412
64.899,0.00132,0.0,0.0,0.0,0.0344,0.0,0.00362,0.0,19,0,3.809
64.919,0.00171,0.0,0.0,0.0,0.0428,0.0,0.00481,0.0,25,0,4.146
64.938,0.00154,0.0,0.0,0.0,0.0282,0.0,0.00433,0.0,24,0,4.43
64.959,0.0,0.0,0.0,0.0,0.0,0.0,0.0,0.0,5,0,4.296
64.978,0.0017,0.0,0.0,0.0,0.0386,0.0,0.00454,0.0,26,0,4.557
64.999,0.00155,0.0,0.0,0.0,0.0261,0.0,0.0043,0.0,27,0,4.779
65.018,0.0,0.0,0.0,0.0,0.0,0.0,0.0,0.0,5,0,4.631
65.038,0.0,0.0,0.0,0.0,0.0,0.0,0.0,0.0,1,0,4.488
65.059,0.0,0.0,0.0,0.0,0.0,0.0,0.0,0.0,0,0,4.352
65.079,0.0,0.0,0.0,0.0,0.0,0.0,0.0,0.0,0,0,4.22
65.098,0.00112,0.0,0.0,0.0,0.0323,0.0,0.00334,0.0,18,0,4.493
65.119,0.0,0.0,0.0,0.0,0.0,0.0,0.0,0.0,3,0,4.356
65.139,0.0,0.0,0.0,0.0,0.0,0.0,0.0,0.0,1,0,4.225
65.158,0.0,0.0,0.0,0.0,0.0,0.0,0.0,0.0,0,0,4.098
65.179,0.0,0.0,0.0,0.0,0.0,0.0,0.0,0.0,0,0,3.977
65.199,0.0,0.0,0.0,0.0,0.0,0.0,0.0,0.0,0,0,3.86
65.219,0.0,0.0,0.0,0.0,0.0,0.0,0.0,0.0,0,0,3.748
65.238,0.0,0.0,0.0,0.0,0.0,0.0,0.0,0.0,0,0,3.64
65.258,0.0,0.0,0.0,0.0,0.0,0.0,0.0,0.0,0,0,3.537
65.279,0.0,0.0,0.0,0.0,0.0,0.0,0.0,0.0,0,0,3.437
65.299,0.0,0.0,0.0,0.0,0.0,0.0,0.0,0.0,0,0,3.342
65.319,0.0,0.0,0.0,0.0,0.0,0.0,0.0,0.0,0,0,3.25
65.339,0.0,0.0,0.0,0.0,0.0,0.0,0.0,0.0,0,0,3.162
65.358,0.0,0.0,0.0,0.0,0.0,0.0,0.0,0.0,0,0,3.077
65.379,0.0,0.0,0.0,0.0,0.0,0.0,0.0,0.0,0,0,2.995
65.399,0.0,0.0,0.0,0.0,0.0,0.0,0.0,0.0,0,0,2.917
65.419,0.0,0.0,0.0,0.0,0.0,0.0,0.0,0.0,0,0,2.842
